Date,Stock,Action,Qty,Price,Total_Amount,Cash_In_Hand,Profit_Loss,Gain_Loss_Pct,Portfolio_Value,Reason
31-Jan-2021,ADBL,SELL,24.0,445.0,10680.0,283803.0,3672.0,52.40%,411179.0,Trailing Stop (7% drop)
15-Feb-2021,ADBL,BUY,49.0,456.0,-22344.0,2508.0,0.0,0.00%,449390.0,Trend Entry (Str:0.01)
02-Mar-2021,ADBL,SELL,49.0,435.0,21315.0,357213.0,-1029.0,-4.61%,436552.0,Trailing Stop (7% drop)
30-May-2021,ADBL,BUY,63.0,448.0,-28224.0,262.0,0.0,0.00%,608263.0,Trend Entry (Str:0.05)
31-Aug-2021,ADBL,SELL,63.0,544.0,34272.0,212066.2,6048.0,21.43%,814869.8,Trailing Stop (7% drop)
01-Nov-2021,ADBL,BUY,72.0,521.0,-37512.0,452409.1,0.0,0.00%,760369.4,Trend Entry (Str:0.01)
21-Nov-2021,ADBL,SELL,72.0,504.0,36288.0,70099.2,-1224.0,-3.26%,716045.4,Trailing Stop (7% drop)
29-Dec-2021,ADBL,BUY,68.0,492.0,-33456.0,607645.0,0.0,0.00%,677728.5,Trend Entry (Str:0.04)
02-Jan-2022,ADBL,SELL,68.0,411.0,27948.0,635593.0,-5508.0,-16.46%,672721.0,Trailing Stop (7% drop)
07-Jul-2022,ADBL,BUY,82.0,330.0,-27060.0,219531.6,0.0,0.00%,542682.8,Trend Entry (Str:0.01)
20-Sep-2022,ADBL,SELL,82.0,305.1,25018.2,525949.26,-2041.8,-7.55%,553302.06,Trailing Stop (7% drop)
20-Oct-2022,ADBL,BUY,87.0,316.0,-27492.0,444166.06,0.0,0.00%,552793.06,Trend Entry (Str:0.00)
23-Jan-2023,ADBL,SELL,87.0,312.1,27152.7,27233.06,-339.3,-1.23%,627703.76,Trailing Stop (7% drop)
27-Jun-2023,ADBL,BUY,129.0,237.4,-30624.6,69982.66,0.0,0.00%,614848.36,Trend Entry (Str:0.03)
30-Jul-2023,ADBL,SELL,129.0,246.8,31837.2,346689.06,1212.6,3.96%,588291.96,Trailing Stop (7% drop)
06-Aug-2023,ADBL,BUY,110.0,265.0,-29150.0,371191.76,0.0,0.00%,587490.06,Trend Entry (Str:0.10)
12-Oct-2023,ADBL,SELL,110.0,248.3,27313.0,300432.26,-1837.0,-6.30%,540374.06,Trailing Stop (7% drop)
24-Dec-2023,ADBL,BUY,112.0,253.5,-28392.0,26557.76,0.0,0.00%,571627.76,Trend Entry (Str:0.03)
13-Feb-2024,ADBL,SELL,112.0,231.3,25905.6,159065.06,-2486.4,-8.76%,574107.46,Trailing Stop (7% drop)
18-Mar-2024,ADBL,BUY,119.0,235.0,-27965.0,226981.16,0.0,0.00%,562334.86,Trend Entry (Str:0.01)
09-Jun-2024,ADBL,SELL,119.0,255.0,30345.0,87334.46,2380.0,8.51%,548819.06,Trailing Stop (7% drop)
13-Jun-2024,ADBL,BUY,106.0,266.0,-28196.0,88096.06,0.0,0.00%,568426.36,Trend Entry (Str:0.04)
27-Aug-2024,ADBL,SELL,106.0,382.0,40492.0,109054.26,12296.0,43.61%,739188.26,Trailing Stop (7% drop)
09-Oct-2024,ADBL,BUY,91.0,383.5,-34898.5,459040.06,0.0,0.00%,701004.66,Trend Entry (Str:0.04)
23-Oct-2024,ADBL,SELL,91.0,367.0,33397.0,307977.16,-1501.5,-4.30%,686928.06,Trailing Stop (7% drop)
17-Feb-2025,ADBL,BUY,125.0,295.0,-36875.0,54799.26,0.0,0.00%,738829.36,Trend Entry (Str:0.01)
19-Mar-2025,ADBL,SELL,125.0,286.1,35762.5,370622.36,-1112.5,-3.02%,725082.36,Trailing Stop (7% drop)
17-Apr-2025,ADBL,BUY,123.0,291.96,-35911.08,500830.93,0.0,0.00%,718753.64,Trend Entry (Str:0.00)
18-Sep-2025,ADBL,SELL,123.0,298.7,36740.1,655895.47,829.02,2.31%,729852.07,Trailing Stop (7% drop)
18-Nov-2025,ADBL,BUY,115.0,314.5,-36167.5,326543.17,0.0,0.00%,723832.57,Trend Entry (Str:0.00)
01-Dec-2025,ADBL,SELL,115.0,303.9,34948.5,36221.17,-1219.0,-3.37%,722718.47,Trailing Stop (7% drop)
13-Jan-2026,ADBL,BUY,120.0,298.0,-35760.0,231717.27,0.0,0.00%,718050.07,Trend Entry (Str:0.01)
25-Jan-2021,AHPC,SELL,44.0,252.0,11088.0,14992.0,7128.0,180.00%,420140.0,Take Profit (100% gain)
03-Feb-2021,AHPC,BUY,82.0,253.0,-20746.0,164913.0,0.0,0.00%,417552.0,Trend Entry (Str:0.10)
25-Feb-2021,AHPC,SELL,82.0,335.0,27470.0,50940.0,6724.0,32.41%,450420.0,Trailing Stop (7% drop)
04-Mar-2021,AHPC,BUY,64.0,338.0,-21632.0,392629.0,0.0,0.00%,435651.0,Trend Entry (Str:0.15)
15-Mar-2021,AHPC,SELL,64.0,335.0,21440.0,325994.0,-192.0,-0.89%,436066.0,Trailing Stop (7% drop)
02-May-2021,AHPC,BUY,71.0,303.0,-21513.0,346988.0,0.0,0.00%,433681.0,Trend Entry (Str:0.13)
31-May-2021,AHPC,SELL,71.0,430.0,30530.0,30792.0,9017.0,41.91%,587776.0,Trailing Stop (7% drop)
16-Jun-2021,AHPC,BUY,69.0,514.0,-35466.0,275558.0,0.0,0.00%,710921.0,Trend Entry (Str:0.25)
21-Jun-2021,AHPC,SELL,69.0,473.0,32637.0,435951.0,-2829.0,-7.98%,684836.0,Trailing Stop (7% drop)
16-Aug-2021,AHPC,BUY,69.0,603.0,-41607.0,41386.9,0.0,0.00%,841731.8,Trend Entry (Str:0.15)
02-Sep-2021,AHPC,SELL,69.0,694.0,47886.0,356423.3,6279.0,15.09%,798736.9,Trailing Stop (7% drop)
06-Sep-2021,AHPC,BUY,56.0,705.6,-39513.6,682533.7,0.0,0.00%,797337.3,Trend Entry (Str:0.14)
15-Sep-2021,AHPC,SELL,56.0,675.3,37816.8,513315.3,-1696.8,-4.29%,780011.9,Trailing Stop (7% drop)
08-Nov-2021,AHPC,BUY,56.0,518.0,-29008.0,424.5,0.0,0.00%,767790.2,Trend Entry (Str:0.08)
14-Nov-2021,AHPC,SELL,56.0,475.0,26600.0,500048.2,-2408.0,-8.30%,720520.0,Trailing Stop (7% drop)
04-Jan-2022,AHPC,BUY,75.0,445.0,-33375.0,435020.8,0.0,0.00%,673174.7,Trend Entry (Str:0.03)
24-Jan-2022,AHPC,SELL,75.0,514.0,38550.0,71158.9,5175.0,15.51%,642547.6,Trailing Stop (7% drop)
30-Jan-2022,AHPC,BUY,58.0,545.0,-31610.0,495712.7,0.0,0.00%,639154.7,Trend Entry (Str:0.14)
13-Feb-2022,AHPC,SELL,58.0,543.0,31494.0,129049.4,-116.0,-0.37%,591759.7,Trailing Stop (7% drop)
15-Aug-2022,AHPC,BUY,78.0,370.0,-28860.0,322936.16,0.0,0.00%,581103.76,Trend Entry (Str:0.01)
28-Aug-2022,AHPC,SELL,78.0,341.0,26598.0,368587.06,-2262.0,-7.84%,557640.06,Trailing Stop (7% drop)
28-Nov-2022,AHPC,BUY,84.0,276.0,-23184.0,149.36,0.0,0.00%,581008.16,Trend Entry (Str:0.01)
18-Dec-2022,AHPC,SELL,84.0,254.0,21336.0,467390.66,-1848.0,-7.97%,548182.66,Trailing Stop (7% drop)
02-Jan-2023,AHPC,BUY,94.0,299.0,-28106.0,162504.76,0.0,0.00%,562288.26,Trend Entry (Str:0.09)
01-Feb-2023,AHPC,SELL,94.0,302.0,28388.0,302432.76,282.0,1.00%,609912.46,Trailing Stop (7% drop)
05-Jun-2023,AHPC,BUY,96.0,289.0,-27744.0,85406.16,0.0,0.00%,555376.06,Trend Entry (Str:0.01)
26-Jun-2023,AHPC,SELL,96.0,288.1,27657.6,161124.26,-86.4,-0.31%,603160.56,Trailing Stop (7% drop)
26-Sep-2023,AHPC,BUY,123.0,236.0,-29028.0,226305.86,0.0,0.00%,581105.06,Trend Entry (Str:0.11)
08-Oct-2023,AHPC,SELL,123.0,219.0,26937.0,193880.56,-2091.0,-7.20%,552116.96,Trailing Stop (7% drop)
11-Dec-2023,AHPC,BUY,122.0,219.9,-26827.8,102145.36,0.0,0.00%,537469.16,Trend Entry (Str:0.05)
28-Dec-2023,AHPC,SELL,122.0,230.6,28133.2,224571.46,1305.4,4.87%,556992.86,Trailing Stop (7% drop)
04-Jan-2024,AHPC,BUY,116.0,236.6,-27445.6,303672.06,0.0,0.00%,552429.46,Trend Entry (Str:0.07)
29-Jan-2024,AHPC,SELL,116.0,209.1,24255.6,280439.86,-3190.0,-11.62%,574402.96,Trailing Stop (7% drop)
16-Jul-2024,AHPC,BUY,117.0,195.6,-22885.2,154.26,0.0,0.00%,607579.96,Trend Entry (Str:0.24)
27-Aug-2024,AHPC,SELL,117.0,306.0,35802.0,144856.26,12916.8,56.44%,739188.26,Trailing Stop (7% drop)
02-Sep-2024,AHPC,BUY,113.0,322.6,-36453.8,507065.06,0.0,0.00%,732804.26,Trend Entry (Str:0.22)
08-Sep-2024,AHPC,SELL,113.0,291.0,32883.0,425158.56,-3570.8,-9.80%,711035.56,Trailing Stop (7% drop)
28-Oct-2024,AHPC,BUY,124.0,277.0,-34348.0,234435.56,0.0,0.00%,688315.56,Trend Entry (Str:0.02)
21-Nov-2024,AHPC,SELL,124.0,276.0,34224.0,99655.26,-124.0,-0.36%,700937.66,Trailing Stop (7% drop)
26-Nov-2024,AHPC,BUY,123.0,285.0,-35055.0,198441.26,0.0,0.00%,702025.26,Trend Entry (Str:0.02)
08-Dec-2024,AHPC,SELL,123.0,266.8,32816.4,283544.86,-2238.6,-6.39%,726198.16,Trailing Stop (7% drop)
27-Jan-2025,AHPC,BUY,134.0,265.0,-35510.0,526103.96,0.0,0.00%,714962.96,Trend Entry (Str:0.05)
09-Mar-2025,AHPC,SELL,134.0,267.0,35778.0,36272.56,268.0,0.75%,744715.86,Trailing Stop (7% drop)
21-Apr-2025,AHPC,BUY,130.0,275.14,-35768.2,533705.8,0.0,0.00%,715431.95,Trend Entry (Str:0.06)
14-May-2025,AHPC,SELL,130.0,284.73,37014.9,391348.61,1246.7,3.49%,706495.76,Trailing Stop (7% drop)
28-May-2025,AHPC,BUY,122.0,290.73,-35469.06,103305.43,0.0,0.00%,710518.6,Trend Entry (Str:0.02)
22-Jun-2025,AHPC,SELL,122.0,285.44,34823.68,130444.71,-645.38,-1.82%,677270.87,Trailing Stop (7% drop)
26-Nov-2025,AHPC,BUY,128.0,285.9,-36595.2,72305.37,0.0,0.00%,733769.37,Trend Entry (Str:0.02)
04-Jan-2026,AHPC,SELL,128.0,259.0,33152.0,269729.97,-3443.2,-9.41%,708420.47,Trailing Stop (7% drop)
25-Jan-2021,AKJCL,SELL,71.0,143.0,10153.0,25145.0,6745.0,197.92%,420140.0,Take Profit (100% gain)
04-Feb-2021,AKJCL,BUY,150.0,140.0,-21000.0,102053.0,0.0,0.00%,421846.0,Trend Entry (Str:0.08)
25-Feb-2021,AKJCL,SELL,150.0,150.0,22500.0,73440.0,1500.0,7.14%,450420.0,Trailing Stop (7% drop)
14-Mar-2021,AKJCL,BUY,151.0,144.0,-21744.0,304554.0,0.0,0.00%,435888.0,Trend Entry (Str:0.00)
21-Mar-2021,AKJCL,SELL,151.0,145.0,21895.0,324519.0,151.0,0.69%,431608.0,Trailing Stop (7% drop)
01-Apr-2021,AKJCL,BUY,144.0,150.0,-21600.0,193735.0,0.0,0.00%,433437.0,Trend Entry (Str:0.01)
26-Apr-2021,AKJCL,SELL,144.0,145.0,20880.0,344689.0,-720.0,-3.33%,432660.0,Trailing Stop (7% drop)
02-May-2021,AKJCL,BUY,139.0,155.0,-21545.0,153272.0,0.0,0.00%,433681.0,Trend Entry (Str:0.02)
01-Jun-2021,AKJCL,SELL,139.0,256.0,35584.0,119236.0,14039.0,65.16%,587955.0,Trailing Stop (7% drop)
07-Jun-2021,AKJCL,BUY,59.0,260.0,-15340.0,144.0,0.0,0.00%,627806.0,Trend Entry (Str:0.27)
16-Jun-2021,AKJCL,SELL,59.0,293.0,17287.0,273705.0,1947.0,12.69%,710921.0,Trailing Stop (7% drop)
16-Aug-2021,AKJCL,BUY,103.0,407.0,-41921.0,82993.9,0.0,0.00%,841731.8,Trend Entry (Str:0.23)
24-Aug-2021,AKJCL,SELL,103.0,409.5,42178.5,229656.3,257.5,0.61%,840402.9,Trailing Stop (7% drop)
29-Aug-2021,AKJCL,BUY,96.0,434.0,-41664.0,343617.0,0.0,0.00%,837345.8,Trend Entry (Str:0.17)
02-Sep-2021,AKJCL,SELL,96.0,398.0,38208.0,509195.3,-3456.0,-8.29%,798736.9,Trailing Stop (7% drop)
07-Sep-2021,AKJCL,BUY,96.0,410.0,-39360.0,603500.7,0.0,0.00%,792775.2,Trend Entry (Str:0.04)
16-Sep-2021,AKJCL,SELL,96.0,386.1,37065.6,587561.0,-2294.4,-5.83%,769525.8,Trailing Stop (7% drop)
02-Nov-2021,AKJCL,BUY,104.0,364.0,-37856.0,224641.1,0.0,0.00%,763496.3,Trend Entry (Str:0.10)
09-Nov-2021,AKJCL,SELL,104.0,326.8,33987.2,334728.0,-3868.8,-10.22%,731046.0,Trailing Stop (7% drop)
16-Nov-2021,AKJCL,BUY,104.0,347.9,-36181.6,139668.6,0.0,0.00%,728754.7,Trend Entry (Str:0.08)
28-Nov-2021,AKJCL,SELL,104.0,321.0,33384.0,554204.0,-2797.6,-7.73%,683581.0,Trailing Stop (7% drop)
11-Jan-2022,AKJCL,BUY,106.0,323.2,-34259.2,164476.1,0.0,0.00%,690840.1,Trend Entry (Str:0.12)
26-Jan-2022,AKJCL,SELL,106.0,306.9,32531.4,466505.9,-1727.8,-5.04%,636236.7,Trailing Stop (7% drop)
30-Jan-2022,AKJCL,BUY,97.0,329.0,-31913.0,305176.7,0.0,0.00%,639154.7,Trend Entry (Str:0.09)
13-Feb-2022,AKJCL,SELL,97.0,301.0,29197.0,303636.4,-2716.0,-8.51%,591759.7,Trailing Stop (7% drop)
13-Jul-2022,AKJCL,BUY,135.0,202.0,-27270.0,384650.0,0.0,0.00%,549324.63,Trend Entry (Str:0.01)
09-Aug-2022,AKJCL,SELL,135.0,218.0,29430.0,330894.46,2160.0,7.92%,582235.96,Trailing Stop (7% drop)
15-Aug-2022,AKJCL,BUY,130.0,222.0,-28860.0,380797.76,0.0,0.00%,581103.76,Trend Entry (Str:0.04)
28-Aug-2022,AKJCL,SELL,130.0,207.0,26910.0,314917.06,-1950.0,-6.76%,557640.06,Trailing Stop (7% drop)
17-Nov-2022,AKJCL,BUY,153.0,178.0,-27234.0,53814.86,0.0,0.00%,547946.86,Trend Entry (Str:0.02)
15-Dec-2022,AKJCL,SELL,153.0,168.0,25704.0,420594.66,-1530.0,-5.62%,550512.56,Trailing Stop (7% drop)
01-Jan-2023,AKJCL,BUY,140.0,198.0,-27720.0,301925.76,0.0,0.00%,557954.46,Trend Entry (Str:0.13)
05-Feb-2023,AKJCL,SELL,140.0,235.0,32900.0,423215.56,5180.0,18.69%,605481.66,Trailing Stop (7% drop)
09-Feb-2023,AKJCL,BUY,122.0,254.0,-30988.0,84620.66,0.0,0.00%,621515.56,Trend Entry (Str:0.12)
15-Feb-2023,AKJCL,SELL,122.0,233.5,28487.0,260122.96,-2501.0,-8.07%,586491.46,Trailing Stop (7% drop)
24-Apr-2023,AKJCL,BUY,124.0,229.9,-28507.6,429430.76,0.0,0.00%,571940.36,Trend Entry (Str:0.03)
02-May-2023,AKJCL,SELL,124.0,216.6,26858.4,370634.16,-1649.2,-5.79%,568121.66,Trailing Stop (7% drop)
07-Jun-2023,AKJCL,BUY,129.0,218.0,-28122.0,1271.16,0.0,0.00%,564232.46,Trend Entry (Str:0.02)
22-Jun-2023,AKJCL,SELL,129.0,205.2,26470.8,113692.96,-1651.2,-5.87%,578853.26,Trailing Stop (7% drop)
01-Oct-2023,AKJCL,BUY,172.0,162.4,-27932.8,84880.66,0.0,0.00%,560718.36,Trend Entry (Str:0.02)
12-Oct-2023,AKJCL,SELL,172.0,150.0,25800.0,379649.16,-2132.8,-7.64%,540374.06,Trailing Stop (7% drop)
11-Dec-2023,AKJCL,BUY,169.0,159.0,-26871.0,128973.16,0.0,0.00%,537469.16,Trend Entry (Str:0.06)
24-Dec-2023,AKJCL,SELL,169.0,208.0,35152.0,64811.96,8281.0,30.82%,571627.76,Trailing Stop (7% drop)
08-Jan-2024,AKJCL,BUY,137.0,203.0,-27811.0,304768.86,0.0,0.00%,557629.46,Trend Entry (Str:0.13)
22-Feb-2024,AKJCL,SELL,137.0,224.7,30783.9,246214.16,2972.9,10.69%,575468.66,Trailing Stop (7% drop)
02-Jul-2024,AKJCL,BUY,133.0,211.0,-28063.0,35472.26,0.0,0.00%,563865.16,Trend Entry (Str:0.02)
16-Jul-2024,AKJCL,SELL,133.0,162.8,21652.4,23039.46,-6410.6,-22.84%,607579.96,Trailing Stop (7% drop)
21-Aug-2024,AKJCL,BUY,155.0,248.0,-38440.0,6135.46,0.0,0.00%,769922.76,Trend Entry (Str:0.16)
27-Aug-2024,AKJCL,SELL,155.0,219.0,33945.0,392833.96,-4495.0,-11.69%,739188.26,Trailing Stop (7% drop)
03-Sep-2024,AKJCL,BUY,153.0,238.0,-36414.0,325287.96,0.0,0.00%,731478.56,Trend Entry (Str:0.08)
08-Sep-2024,AKJCL,SELL,153.0,221.0,33813.0,561023.56,-2601.0,-7.14%,711035.56,Trailing Stop (7% drop)
29-Oct-2024,AKJCL,BUY,160.0,216.5,-34640.0,165271.56,0.0,0.00%,694642.06,Trend Entry (Str:0.04)
24-Nov-2024,AKJCL,SELL,160.0,207.1,33136.0,201696.26,-1504.0,-4.34%,690306.46,Trailing Stop (7% drop)
11-Dec-2024,AKJCL,BUY,166.0,215.0,-35690.0,497911.36,0.0,0.00%,717367.16,Trend Entry (Str:0.01)
22-Dec-2024,AKJCL,SELL,166.0,198.2,32901.2,565811.56,-2788.8,-7.81%,702489.36,Trailing Stop (7% drop)
04-Feb-2025,AKJCL,BUY,178.0,203.8,-36276.4,309903.26,0.0,0.00%,727802.06,Trend Entry (Str:0.03)
11-Mar-2025,AKJCL,SELL,178.0,207.9,37006.2,155689.86,729.8,2.01%,736074.06,Trailing Stop (7% drop)
28-Apr-2025,AKJCL,BUY,172.0,206.88,-35583.36,355871.12,0.0,0.00%,713952.54,Trend Entry (Str:0.01)
03-Aug-2025,AKJCL,SELL,172.0,211.92,36450.24,79212.19,866.88,2.44%,749691.13,Trailing Stop (7% drop)
26-Nov-2025,AKJCL,BUY,192.0,191.0,-36672.0,35633.37,0.0,0.00%,733769.37,Trend Entry (Str:0.01)
25-Jan-2021,BARUN,SELL,50.0,235.0,11750.0,36895.0,7950.0,209.21%,420140.0,Take Profit (100% gain)
04-Feb-2021,BARUN,BUY,84.0,251.0,-21084.0,123053.0,0.0,0.00%,421846.0,Trend Entry (Str:0.21)
11-Feb-2021,BARUN,SELL,84.0,243.0,20412.0,20506.0,-672.0,-3.19%,436881.0,Trailing Stop (7% drop)
15-Feb-2021,BARUN,BUY,83.0,270.0,-22410.0,47262.0,0.0,0.00%,449390.0,Trend Entry (Str:0.20)
21-Feb-2021,BARUN,SELL,83.0,246.0,20418.0,20686.0,-1992.0,-8.89%,463359.0,Trailing Stop (7% drop)
01-Apr-2021,BARUN,BUY,87.0,248.0,-21576.0,236825.0,0.0,0.00%,433437.0,Trend Entry (Str:0.05)
26-Apr-2021,BARUN,SELL,87.0,225.0,19575.0,303159.0,-2001.0,-9.27%,432660.0,Trailing Stop (7% drop)
06-May-2021,BARUN,BUY,80.0,279.0,-22320.0,66493.0,0.0,0.00%,447730.0,Trend Entry (Str:0.15)
31-May-2021,BARUN,SELL,80.0,425.0,34000.0,86008.0,11680.0,52.33%,587776.0,Trailing Stop (7% drop)
08-Jun-2021,BARUN,BUY,67.0,489.0,-32763.0,12006.0,0.0,0.00%,659509.0,Trend Entry (Str:0.39)
16-Jun-2021,BARUN,SELL,67.0,557.0,37319.0,311024.0,4556.0,13.91%,710921.0,Trailing Stop (7% drop)
22-Jun-2021,BARUN,BUY,60.0,572.0,-34320.0,433327.0,0.0,0.00%,692490.0,Trend Entry (Str:0.25)
28-Jun-2021,BARUN,SELL,60.0,528.0,31680.0,396396.0,-2640.0,-7.69%,690121.0,Trailing Stop (7% drop)
16-Aug-2021,BARUN,BUY,62.0,664.1,-41174.2,212.7,0.0,0.00%,841731.8,Trend Entry (Str:0.12)
24-Aug-2021,BARUN,SELL,62.0,645.0,39990.0,269646.3,-1184.2,-2.88%,840402.9,Trailing Stop (7% drop)
03-Nov-2021,BARUN,BUY,73.0,520.0,-37960.0,72774.5,0.0,0.00%,768512.7,Trend Entry (Str:0.12)
09-Nov-2021,BARUN,SELL,73.0,482.0,35186.0,369914.0,-2774.0,-7.31%,731046.0,Trailing Stop (7% drop)
16-Nov-2021,BARUN,BUY,72.0,506.0,-36432.0,320649.2,0.0,0.00%,728754.7,Trend Entry (Str:0.12)
28-Nov-2021,BARUN,SELL,72.0,479.0,34488.0,420476.0,-1944.0,-5.34%,683581.0,Trailing Stop (7% drop)
04-Jan-2022,BARUN,BUY,71.0,470.0,-33370.0,468395.8,0.0,0.00%,673174.7,Trend Entry (Str:0.04)
26-Jan-2022,BARUN,SELL,71.0,520.6,36962.6,402328.4,3592.6,10.77%,636236.7,Trailing Stop (7% drop)
30-Jan-2022,BARUN,BUY,57.0,558.0,-31806.0,432406.7,0.0,0.00%,639154.7,Trend Entry (Str:0.13)
13-Feb-2022,BARUN,SELL,57.0,505.0,28785.0,187054.4,-3021.0,-9.50%,591759.7,Trailing Stop (7% drop)
17-May-2022,BARUN,BUY,61.0,468.0,-28548.0,521648.1,0.0,0.00%,578871.1,Trend Entry (Str:0.10)
03-Jun-2022,BARUN,SELL,61.0,445.0,27145.0,545602.6,-1403.0,-4.91%,573493.1,Trailing Stop (7% drop)
08-Jun-2022,BARUN,BUY,60.0,474.0,-28440.0,517162.6,0.0,0.00%,573408.4,Trend Entry (Str:0.06)
15-Jun-2022,BARUN,SELL,60.0,435.9,26154.0,543316.6,-2286.0,-8.04%,543316.6,Trailing Stop (7% drop)
04-Jul-2022,BARUN,BUY,59.0,459.0,-27081.0,489793.6,0.0,0.00%,542866.6,Trend Entry (Str:0.03)
11-Jul-2022,BARUN,SELL,59.0,412.0,24308.0,269309.6,-2773.0,-10.24%,549751.76,Trailing Stop (7% drop)
17-Jul-2022,BARUN,BUY,61.0,443.0,-27023.0,111511.3,0.0,0.00%,548521.5,Trend Entry (Str:0.01)
21-Jul-2022,BARUN,SELL,61.0,289.0,17629.0,21000.3,-9394.0,-34.76%,546076.85,Trailing Stop (7% drop)
30-Nov-2022,BARUN,BUY,118.0,216.2,-25511.6,71.76,0.0,0.00%,580310.16,Trend Entry (Str:0.02)
11-Dec-2022,BARUN,SELL,118.0,198.9,23470.2,315111.66,-2041.4,-8.00%,552117.86,Trailing Stop (7% drop)
03-Jan-2023,BARUN,BUY,123.0,225.6,-27748.8,23209.16,0.0,0.00%,559439.46,Trend Entry (Str:0.08)
30-Jan-2023,BARUN,SELL,123.0,263.0,32349.0,179414.76,4600.2,16.58%,616305.56,Trailing Stop (7% drop)
07-Feb-2023,BARUN,BUY,108.0,283.8,-30650.4,360417.06,0.0,0.00%,616035.26,Trend Entry (Str:0.13)
16-Feb-2023,BARUN,SELL,108.0,261.0,28188.0,318634.96,-2462.4,-8.03%,580375.96,Trailing Stop (7% drop)
22-Feb-2023,BARUN,BUY,104.0,278.0,-28912.0,459956.96,0.0,0.00%,580560.96,Trend Entry (Str:0.04)
02-Mar-2023,BARUN,SELL,104.0,257.6,26790.4,514219.36,-2121.6,-7.34%,573459.36,Trailing Stop (7% drop)
04-Jun-2023,BARUN,BUY,114.0,247.0,-28158.0,169244.56,0.0,0.00%,563225.06,Trend Entry (Str:0.02)
21-Jun-2023,BARUN,SELL,114.0,257.0,29298.0,29406.16,1140.0,4.05%,582108.96,Trailing Stop (7% drop)
19-Sep-2023,BARUN,BUY,114.0,255.0,-29070.0,429853.66,0.0,0.00%,581736.56,Trend Entry (Str:0.16)
25-Sep-2023,BARUN,SELL,114.0,233.9,26664.6,370525.06,-2405.4,-8.27%,577510.36,Trailing Stop (7% drop)
07-Dec-2023,BARUN,BUY,124.0,214.0,-26536.0,371598.06,0.0,0.00%,530844.66,Trend Entry (Str:0.03)
24-Dec-2023,BARUN,SELL,124.0,235.0,29140.0,29659.96,2604.0,9.81%,571627.76,Trailing Stop (7% drop)
07-Jan-2024,BARUN,BUY,117.0,234.2,-27401.4,332579.86,0.0,0.00%,552557.66,Trend Entry (Str:0.04)
17-Jan-2024,BARUN,SELL,117.0,251.0,29367.0,29550.46,1965.6,7.17%,588195.46,Trailing Stop (7% drop)
21-Jan-2024,BARUN,BUY,110.0,265.0,-29150.0,45.96,0.0,0.00%,596570.86,Trend Entry (Str:0.11)
18-Feb-2024,BARUN,SELL,110.0,266.0,29260.0,159325.06,110.0,0.38%,578608.26,Trailing Stop (7% drop)
26-May-2024,BARUN,BUY,113.0,238.0,-26894.0,31.76,0.0,0.00%,573771.36,Trend Entry (Str:0.02)
06-Aug-2024,BARUN,SELL,113.0,369.0,41697.0,229608.16,14803.0,55.04%,684245.36,Trailing Stop (7% drop)
11-Aug-2024,BARUN,BUY,90.0,393.0,-35370.0,164229.16,0.0,0.00%,713625.26,Trend Entry (Str:0.16)
25-Aug-2024,BARUN,SELL,90.0,380.0,34200.0,72845.46,-1170.0,-3.31%,767660.56,Trailing Stop (7% drop)
16-Oct-2024,BARUN,BUY,97.0,363.1,-35220.7,353646.36,0.0,0.00%,707400.36,Trend Entry (Str:0.05)
16-Dec-2024,BARUN,SELL,97.0,411.0,39867.0,532935.36,4646.3,13.19%,707260.36,Trailing Stop (7% drop)
19-Jan-2025,BARUN,BUY,78.0,448.9,-35014.2,561613.96,0.0,0.00%,706475.16,Trend Entry (Str:0.07)
20-Feb-2025,BARUN,SELL,78.0,466.0,36348.0,54547.26,1333.8,3.81%,733042.56,Trailing Stop (7% drop)
06-Mar-2025,BARUN,BUY,70.0,533.0,-37310.0,494.56,0.0,0.00%,757728.66,Trend Entry (Str:0.11)
20-Mar-2025,BARUN,SELL,70.0,500.56,35039.2,405661.56,-2270.8,-6.09%,723837.11,Trailing Stop (7% drop)
27-Mar-2025,BARUN,BUY,69.0,514.49,-35499.81,643138.46,0.0,0.00%,713823.97,Trend Entry (Str:0.03)
13-May-2025,BARUN,SELL,69.0,530.74,36621.06,389694.9,1121.25,3.16%,712635.48,Trailing Stop (7% drop)
06-Jul-2025,BARUN,BUY,80.0,434.75,-34780.0,223710.48,0.0,0.00%,698553.02,Trend Entry (Str:0.06)
14-Jul-2025,BARUN,SELL,80.0,416.7,33336.0,40271.0,-1444.0,-4.15%,713134.2,Trailing Stop (7% drop)
06-Nov-2025,BARUN,BUY,107.0,337.0,-36059.0,546781.97,0.0,0.00%,726608.67,Trend Entry (Str:0.04)
03-Dec-2025,BARUN,SELL,107.0,332.0,35524.0,35781.17,-535.0,-1.48%,716451.77,Trailing Stop (7% drop)
20-Jan-2026,BARUN,BUY,112.0,331.7,-37150.4,83832.07,0.0,0.00%,743284.17,Trend Entry (Str:0.03)
25-Jan-2021,CIT,SELL,16.0,4169.0,66704.0,103599.0,39744.0,147.42%,420140.0,Take Profit (100% gain)
22-Nov-2022,CIT,BUY,15.0,1886.1,-28291.5,25523.36,0.0,0.00%,573828.36,Trend Entry (Str:0.02)
30-Jan-2023,CIT,SELL,15.0,2061.0,30915.0,56193.26,2623.5,9.27%,616305.56,Trailing Stop (7% drop)
25-Aug-2024,CIT,BUY,15.0,2500.0,-37500.0,71657.46,0.0,0.00%,767660.56,Trend Entry (Str:0.11)
09-Sep-2024,CIT,SELL,15.0,2300.1,34501.5,630797.86,-2998.5,-8.00%,709673.86,Trailing Stop (7% drop)
11-Nov-2024,CIT,BUY,15.0,2236.0,-33540.0,26708.36,0.0,0.00%,708326.26,Trend Entry (Str:0.02)
22-Dec-2024,CIT,SELL,15.0,2070.0,31050.0,532910.36,-2490.0,-7.42%,702489.36,Trailing Stop (7% drop)
08-Jul-2025,CIT,BUY,18.0,1912.54,-34425.72,84331.34,0.0,0.00%,693612.69,Trend Entry (Str:0.01)
12-Aug-2025,CIT,SELL,18.0,1940.53,34929.54,508311.49,503.82,1.46%,739406.08,Trailing Stop (7% drop)
31-Jan-2021,CZBIL,SELL,30.0,275.0,8250.0,292053.0,3060.0,58.96%,411179.0,Trailing Stop (7% drop)
04-Feb-2021,CZBIL,BUY,72.0,292.0,-21024.0,81029.0,0.0,0.00%,421846.0,Trend Entry (Str:0.04)
28-Feb-2021,CZBIL,SELL,72.0,298.0,21456.0,222561.0,432.0,2.05%,439030.0,Trailing Stop (7% drop)
07-Mar-2021,CZBIL,BUY,71.0,307.0,-21797.0,305690.0,0.0,0.00%,436927.0,Trend Entry (Str:0.01)
25-Apr-2021,CZBIL,SELL,71.0,309.0,21939.0,46151.0,142.0,0.65%,441406.0,Trailing Stop (7% drop)
02-May-2021,CZBIL,BUY,69.0,313.0,-21597.0,131675.0,0.0,0.00%,433681.0,Trend Entry (Str:0.01)
21-Jun-2021,CZBIL,SELL,69.0,373.0,25737.0,378254.0,4140.0,19.17%,684836.0,Trailing Stop (7% drop)
19-Jul-2021,CZBIL,BUY,87.0,408.0,-35496.0,108587.5,0.0,0.00%,715478.5,Trend Entry (Str:0.06)
08-Aug-2021,CZBIL,SELL,87.0,410.0,35670.0,39693.9,174.0,0.49%,788477.4,Trailing Stop (7% drop)
18-Aug-2021,CZBIL,BUY,76.0,415.0,-31540.0,363.7,0.0,0.00%,908482.2,Trend Entry (Str:0.02)
09-Sep-2021,CZBIL,SELL,76.0,389.3,29586.8,673167.5,-1953.2,-6.19%,789863.1,Trailing Stop (7% drop)
04-Jan-2022,CZBIL,BUY,111.0,302.0,-33522.0,535373.0,0.0,0.00%,673174.7,Trend Entry (Str:0.10)
25-Jan-2022,CZBIL,SELL,111.0,294.2,32656.2,365365.8,-865.8,-2.58%,641899.8,Trailing Stop (7% drop)
03-Feb-2022,CZBIL,BUY,65.0,299.0,-19435.0,270.4,0.0,0.00%,640998.7,Trend Entry (Str:0.01)
13-Feb-2022,CZBIL,SELL,65.0,277.2,18018.0,523548.7,-1417.0,-7.29%,591759.7,Trailing Stop (7% drop)
02-Jan-2023,CZBIL,BUY,144.0,194.2,-27964.8,78691.96,0.0,0.00%,562288.26,Trend Entry (Str:0.06)
29-Jan-2023,CZBIL,SELL,144.0,194.4,27993.6,56866.46,28.8,0.10%,634395.66,Trailing Stop (7% drop)
30-May-2023,CZBIL,BUY,160.0,174.7,-27952.0,199760.16,0.0,0.00%,562225.26,Trend Entry (Str:0.00)
05-Jul-2023,CZBIL,SELL,160.0,166.0,26560.0,182068.26,-1392.0,-4.98%,582277.46,Trailing Stop (7% drop)
19-Jul-2023,CZBIL,BUY,156.0,193.2,-30139.2,100163.06,0.0,0.00%,605525.46,Trend Entry (Str:0.12)
25-Jul-2023,CZBIL,SELL,156.0,186.4,29078.4,67854.46,-1060.8,-3.52%,600368.16,Trailing Stop (7% drop)
31-Jul-2023,CZBIL,BUY,153.0,192.0,-29376.0,400566.76,0.0,0.00%,589129.76,Trend Entry (Str:0.08)
03-Oct-2023,CZBIL,SELL,153.0,178.4,27295.2,168793.56,-2080.8,-7.08%,556723.06,Trailing Stop (7% drop)
21-Dec-2023,CZBIL,BUY,158.0,184.0,-29072.0,27119.96,0.0,0.00%,584001.46,Trend Entry (Str:0.09)
07-Jan-2024,CZBIL,SELL,158.0,168.6,26638.8,359981.26,-2433.2,-8.37%,552557.66,Trailing Stop (7% drop)
16-May-2024,CZBIL,BUY,174.0,158.0,-27492.0,161646.96,0.0,0.00%,550078.76,Trend Entry (Str:0.00)
09-Jun-2024,CZBIL,SELL,174.0,166.0,28884.0,116218.46,1392.0,5.06%,548819.06,Trailing Stop (7% drop)
13-Jun-2024,CZBIL,BUY,167.0,170.0,-28390.0,59706.06,0.0,0.00%,568426.36,Trend Entry (Str:0.03)
06-Aug-2024,CZBIL,SELL,167.0,231.0,38577.0,268185.16,10187.0,35.88%,684245.36,Trailing Stop (7% drop)
18-Aug-2024,CZBIL,BUY,139.0,277.0,-38503.0,2937.46,0.0,0.00%,773070.96,Trend Entry (Str:0.21)
27-Aug-2024,CZBIL,SELL,139.0,250.0,34750.0,321904.96,-3753.0,-9.75%,739188.26,Trailing Stop (7% drop)
09-Oct-2024,CZBIL,BUY,138.0,253.0,-34914.0,528936.46,0.0,0.00%,701004.66,Trend Entry (Str:0.06)
24-Oct-2024,CZBIL,SELL,138.0,234.6,32374.8,439259.96,-2539.2,-7.27%,683953.96,Trailing Stop (7% drop)
20-Feb-2025,CZBIL,BUY,170.0,214.4,-36448.0,60730.26,0.0,0.00%,733042.56,Trend Entry (Str:0.02)
11-Mar-2025,CZBIL,SELL,170.0,213.0,36210.0,300771.86,-238.0,-0.65%,736074.06,Trailing Stop (7% drop)
26-May-2025,CZBIL,BUY,164.0,213.94,-35086.16,209165.09,0.0,0.00%,704317.62,Trend Entry (Str:0.04)
12-Jun-2025,CZBIL,SELL,164.0,206.91,33933.24,34199.03,-1152.92,-3.29%,695400.32,Trailing Stop (7% drop)
09-Jul-2025,CZBIL,BUY,162.0,215.37,-34889.94,14837.24,0.0,0.00%,699184.74,Trend Entry (Str:0.03)
11-Aug-2025,CZBIL,SELL,162.0,218.53,35401.86,510417.31,511.92,1.47%,742917.39,Trailing Stop (7% drop)
01-Jan-2026,CZBIL,BUY,178.0,198.8,-35386.4,236577.97,0.0,0.00%,709852.27,Trend Entry (Str:0.03)
25-Jan-2021,DHPL,SELL,72.0,114.0,8208.0,111807.0,4820.4,142.30%,420140.0,Take Profit (100% gain)
31-Jan-2021,DHPL,BUY,181.0,113.0,-20453.0,251119.0,0.0,0.00%,411179.0,Trend Entry (Str:0.04)
03-Mar-2021,DHPL,SELL,181.0,112.0,20272.0,395661.0,-181.0,-0.88%,435651.0,Trailing Stop (7% drop)
17-Mar-2021,DHPL,BUY,168.0,131.0,-22008.0,280388.0,0.0,0.00%,440911.0,Trend Entry (Str:0.13)
21-Mar-2021,DHPL,SELL,168.0,119.0,19992.0,387111.0,-2016.0,-9.16%,431608.0,Trailing Stop (7% drop)
25-Mar-2021,DHPL,BUY,178.0,121.0,-21538.0,301343.0,0.0,0.00%,433117.0,Trend Entry (Str:0.04)
26-Apr-2021,DHPL,SELL,178.0,125.0,22250.0,262194.0,712.0,3.31%,432660.0,Trailing Stop (7% drop)
02-May-2021,DHPL,BUY,160.0,135.0,-21600.0,282256.0,0.0,0.00%,433681.0,Trend Entry (Str:0.07)
10-May-2021,DHPL,SELL,160.0,152.0,24320.0,110778.0,2720.0,12.59%,440563.0,Trailing Stop (7% drop)
16-May-2021,DHPL,BUY,130.0,182.0,-23660.0,18896.0,0.0,0.00%,474852.0,Trend Entry (Str:0.31)
31-May-2021,DHPL,SELL,130.0,259.0,33670.0,141980.0,10010.0,42.31%,587776.0,Trailing Stop (7% drop)
07-Jun-2021,DHPL,BUY,125.0,251.0,-31375.0,15484.0,0.0,0.00%,627806.0,Trend Entry (Str:0.30)
16-Jun-2021,DHPL,SELL,125.0,288.0,36000.0,256418.0,4625.0,14.74%,710921.0,Trailing Stop (7% drop)
22-Jun-2021,DHPL,BUY,119.0,289.0,-34391.0,398936.0,0.0,0.00%,692490.0,Trend Entry (Str:0.18)
29-Jun-2021,DHPL,SELL,119.0,262.0,31178.0,393350.0,-3213.0,-9.34%,684160.0,Trailing Stop (7% drop)
08-Aug-2021,DHPL,BUY,101.0,390.0,-39390.0,303.9,0.0,0.00%,788477.4,Trend Entry (Str:0.32)
15-Aug-2021,DHPL,SELL,101.0,371.0,37471.0,173761.9,-1919.0,-4.87%,835046.2,Trailing Stop (7% drop)
19-Aug-2021,DHPL,BUY,107.0,409.0,-43763.0,68668.7,0.0,0.00%,878059.7,Trend Entry (Str:0.21)
24-Aug-2021,DHPL,SELL,107.0,368.1,39386.7,309033.0,-4376.3,-10.00%,840402.9,Trailing Stop (7% drop)
29-Aug-2021,DHPL,BUY,103.0,403.0,-41509.0,302108.0,0.0,0.00%,837345.8,Trend Entry (Str:0.14)
05-Sep-2021,DHPL,SELL,103.0,344.0,35432.0,722047.3,-6077.0,-14.64%,793511.3,Trailing Stop (7% drop)
12-Sep-2021,DHPL,BUY,99.0,399.5,-39550.5,475498.5,0.0,0.00%,795569.4,Trend Entry (Str:0.05)
16-Sep-2021,DHPL,SELL,99.0,364.0,36036.0,732633.0,-3514.5,-8.89%,769525.8,Trailing Stop (7% drop)
02-Nov-2021,DHPL,BUY,109.0,350.0,-38150.0,186491.1,0.0,0.00%,763496.3,Trend Entry (Str:0.09)
11-Nov-2021,DHPL,SELL,109.0,316.8,34531.2,438699.2,-3618.8,-9.49%,720126.2,Trailing Stop (7% drop)
16-Nov-2021,DHPL,BUY,105.0,345.0,-36225.0,248090.2,0.0,0.00%,728754.7,Trend Entry (Str:0.10)
28-Nov-2021,DHPL,SELL,105.0,323.0,33915.0,454391.0,-2310.0,-6.38%,683581.0,Trailing Stop (7% drop)
12-Jan-2022,DHPL,BUY,108.0,314.0,-33912.0,62544.1,0.0,0.00%,680771.2,Trend Entry (Str:0.09)
24-Jan-2022,DHPL,SELL,108.0,308.0,33264.0,267612.0,-648.0,-1.91%,642547.6,Trailing Stop (7% drop)
30-Jan-2022,DHPL,BUY,98.0,325.0,-31850.0,241890.7,0.0,0.00%,639154.7,Trend Entry (Str:0.09)
13-Feb-2022,DHPL,SELL,98.0,300.0,29400.0,361357.8,-2450.0,-7.69%,591759.7,Trailing Stop (7% drop)
27-Feb-2022,DHPL,BUY,83.0,351.0,-29133.0,523695.7,0.0,0.00%,588171.7,Trend Entry (Str:0.10)
06-Mar-2022,DHPL,SELL,83.0,307.0,25481.0,583133.7,-3652.0,-12.54%,583133.7,Trailing Stop (7% drop)
19-Jul-2022,DHPL,BUY,133.0,205.0,-27265.0,3371.3,0.0,0.00%,548231.24,Trend Entry (Str:0.01)
09-Aug-2022,DHPL,SELL,133.0,221.5,29459.5,447850.96,2194.5,8.05%,582235.96,Trailing Stop (7% drop)
17-Nov-2022,DHPL,BUY,153.0,178.3,-27279.9,81048.86,0.0,0.00%,547946.86,Trend Entry (Str:0.03)
13-Dec-2022,DHPL,SELL,153.0,171.5,26239.5,341351.16,-1040.4,-3.81%,553412.66,Trailing Stop (7% drop)
29-Dec-2022,DHPL,BUY,133.0,209.0,-27797.0,385165.76,0.0,0.00%,557694.76,Trend Entry (Str:0.17)
16-Feb-2023,DHPL,SELL,133.0,228.0,30324.0,290446.96,2527.0,9.09%,580375.96,Trailing Stop (7% drop)
22-Feb-2023,DHPL,BUY,120.0,241.0,-28920.0,431036.96,0.0,0.00%,580560.96,Trend Entry (Str:0.02)
05-Mar-2023,DHPL,SELL,120.0,223.0,26760.0,540979.36,-2160.0,-7.47%,572739.36,Trailing Stop (7% drop)
27-Sep-2023,DHPL,BUY,180.0,159.0,-28620.0,82799.86,0.0,0.00%,573865.56,Trend Entry (Str:0.06)
03-Oct-2023,DHPL,SELL,180.0,145.1,26118.0,194911.56,-2502.0,-8.74%,556723.06,Trailing Stop (7% drop)
10-Dec-2023,DHPL,BUY,182.0,148.5,-27027.0,209310.16,0.0,0.00%,542006.86,Trend Entry (Str:0.04)
27-Dec-2023,DHPL,SELL,182.0,168.0,30576.0,84970.76,3549.0,13.13%,560326.76,Trailing Stop (7% drop)
03-Jan-2024,DHPL,BUY,152.0,181.5,-27588.0,359430.46,0.0,0.00%,553124.56,Trend Entry (Str:0.15)
24-Jan-2024,DHPL,SELL,152.0,212.8,32345.6,171617.16,4757.6,17.25%,577467.16,Trailing Stop (7% drop)
28-Jan-2024,DHPL,BUY,131.0,219.9,-28806.9,256184.26,0.0,0.00%,579185.96,Trend Entry (Str:0.15)
04-Feb-2024,DHPL,SELL,131.0,209.0,27379.0,219959.76,-1427.9,-4.96%,563574.46,Trailing Stop (7% drop)
12-Feb-2024,DHPL,BUY,133.0,215.2,-28621.6,161883.46,0.0,0.00%,576646.46,Trend Entry (Str:0.05)
22-Feb-2024,DHPL,SELL,133.0,201.0,26733.0,359859.56,-1888.6,-6.60%,575468.66,Trailing Stop (7% drop)
29-Apr-2024,DHPL,BUY,138.0,200.5,-27669.0,328936.36,0.0,0.00%,555176.56,Trend Entry (Str:0.01)
26-May-2024,DHPL,SELL,138.0,194.5,26841.0,26925.76,-828.0,-2.99%,573771.36,Trailing Stop (7% drop)
18-Jun-2024,DHPL,BUY,127.0,220.2,-27965.4,382.26,0.0,0.00%,559684.86,Trend Entry (Str:0.11)
23-Jun-2024,DHPL,SELL,127.0,203.8,25882.6,26264.86,-2082.8,-7.45%,561279.86,Trailing Stop (7% drop)
02-Jul-2024,DHPL,BUY,134.0,209.0,-28006.0,63535.26,0.0,0.00%,563865.16,Trend Entry (Str:0.05)
06-Aug-2024,DHPL,SELL,134.0,237.9,31878.6,342099.76,3872.6,13.83%,684245.36,Trailing Stop (7% drop)
11-Aug-2024,DHPL,BUY,136.0,261.0,-35496.0,58409.86,0.0,0.00%,713625.26,Trend Entry (Str:0.15)
25-Aug-2024,DHPL,SELL,136.0,267.0,36312.0,109157.46,816.0,2.30%,767660.56,Trailing Stop (7% drop)
17-Oct-2024,DHPL,BUY,137.0,258.0,-35346.0,248093.36,0.0,0.00%,707938.46,Trend Entry (Str:0.06)
21-Oct-2024,DHPL,SELL,137.0,237.6,32551.2,210146.86,-2794.8,-7.91%,685689.36,Trailing Stop (7% drop)
29-Oct-2024,DHPL,BUY,137.0,252.0,-34524.0,199911.56,0.0,0.00%,694642.06,Trend Entry (Str:0.04)
08-Dec-2024,DHPL,SELL,137.0,313.1,42894.7,136240.96,8370.7,24.25%,726198.16,Trailing Stop (7% drop)
12-Dec-2024,DHPL,BUY,114.0,312.0,-35568.0,493068.36,0.0,0.00%,713910.36,Trend Entry (Str:0.12)
31-Dec-2024,DHPL,SELL,114.0,288.0,32832.0,631900.96,-2736.0,-7.69%,699912.96,Trailing Stop (7% drop)
06-Jan-2025,DHPL,BUY,115.0,306.0,-35190.0,561842.96,0.0,0.00%,704314.16,Trend Entry (Str:0.03)
25-Mar-2025,DHPL,SELL,115.0,382.75,44016.25,678638.27,8826.25,25.08%,713460.31,Trailing Stop (7% drop)
01-Apr-2025,DHPL,BUY,88.0,403.08,-35471.04,607667.42,0.0,0.00%,713011.82,Trend Entry (Str:0.04)
20-Apr-2025,DHPL,SELL,88.0,379.15,33365.2,534196.13,-2105.84,-5.94%,715829.26,Trailing Stop (7% drop)
20-Nov-2025,DHPL,BUY,119.0,299.9,-35688.1,290855.07,0.0,0.00%,718285.87,Trend Entry (Str:0.03)
12-Jan-2026,DHPL,SELL,119.0,285.0,33915.0,267477.27,-1773.1,-4.97%,716958.27,Trailing Stop (7% drop)
22-Jan-2026,DHPL,BUY,122.0,305.5,-37271.0,9593.37,0.0,0.00%,750390.67,Trend Entry (Str:0.04)
31-Jan-2021,EBL,SELL,20.0,770.0,15400.0,307453.0,5320.0,52.78%,411179.0,Trailing Stop (7% drop)
08-Jun-2021,EBL,BUY,16.0,740.0,-11840.0,166.0,0.0,0.00%,659509.0,Trend Entry (Str:0.01)
31-Aug-2021,EBL,SELL,16.0,729.5,11672.0,223738.2,-168.0,-1.42%,814869.8,Trailing Stop (7% drop)
28-Oct-2021,EBL,BUY,51.0,739.0,-37689.0,568859.0,0.0,0.00%,759257.0,Trend Entry (Str:0.03)
01-Nov-2021,EBL,SELL,51.0,674.4,34394.4,565345.4,-3294.6,-8.74%,760369.4,Trailing Stop (7% drop)
05-Jan-2022,EBL,BUY,56.0,597.0,-33432.0,401588.8,0.0,0.00%,671078.4,Trend Entry (Str:0.07)
24-Jan-2022,EBL,SELL,56.0,582.0,32592.0,103750.9,-840.0,-2.51%,642547.6,Trailing Stop (7% drop)
08-Aug-2022,EBL,BUY,58.0,509.0,-29522.0,270444.46,0.0,0.00%,590963.46,Trend Entry (Str:0.09)
20-Sep-2022,EBL,SELL,58.0,471.6,27352.8,553302.06,-2169.2,-7.35%,553302.06,Trailing Stop (7% drop)
17-Oct-2022,EBL,BUY,54.0,504.0,-27216.0,499090.06,0.0,0.00%,553302.06,Trend Entry (Str:0.04)
29-Nov-2022,EBL,SELL,54.0,471.0,25434.0,25583.36,-1782.0,-6.55%,582175.46,Trailing Stop (7% drop)
12-Jan-2023,EBL,BUY,58.0,507.0,-29406.0,440.36,0.0,0.00%,619013.16,Trend Entry (Str:0.08)
23-Feb-2023,EBL,SELL,58.0,511.0,29638.0,460674.96,232.0,0.79%,576124.96,Trailing Stop (7% drop)
19-Apr-2023,EBL,BUY,56.0,511.5,-28644.0,457938.36,0.0,0.00%,573423.96,Trend Entry (Str:0.02)
18-Sep-2023,EBL,SELL,56.0,583.0,32648.0,458923.66,4004.0,13.98%,580994.76,Trailing Stop (7% drop)
30-Nov-2023,EBL,BUY,56.0,473.0,-26488.0,348844.06,0.0,0.00%,533710.16,Trend Entry (Str:0.01)
02-Jan-2024,EBL,SELL,56.0,505.0,28280.0,360161.46,1792.0,6.77%,552124.66,Trailing Stop (7% drop)
09-Jan-2024,EBL,BUY,54.0,512.0,-27648.0,54361.06,0.0,0.00%,561948.56,Trend Entry (Str:0.02)
22-Feb-2024,EBL,SELL,54.0,512.3,27664.2,273878.36,16.2,0.06%,575468.66,Trailing Stop (7% drop)
13-May-2024,EBL,BUY,54.0,509.9,-27534.6,218495.96,0.0,0.00%,552333.36,Trend Entry (Str:0.02)
08-Sep-2024,EBL,SELL,54.0,691.9,37362.6,362650.56,9828.0,35.69%,711035.56,Trailing Stop (7% drop)
20-Nov-2024,EBL,BUY,58.0,609.9,-35374.2,32018.76,0.0,0.00%,712522.56,Trend Entry (Str:0.00)
03-Aug-2025,EBL,SELL,58.0,711.01,41238.58,42761.95,5864.38,16.58%,749691.13,Trailing Stop (7% drop)
13-Aug-2025,EBL,BUY,51.0,715.14,-36472.14,546916.61,0.0,0.00%,738619.95,Trend Entry (Str:0.01)
08-Sep-2025,EBL,SELL,51.0,711.56,36289.56,619155.37,-182.58,-0.50%,734760.37,Trailing Stop (7% drop)
25-Nov-2025,EBL,BUY,55.0,657.0,-36135.0,254720.07,0.0,0.00%,733085.77,Trend Entry (Str:0.03)
28-Feb-2021,EDBL,SELL,25.0,418.0,10450.0,83890.0,3975.0,61.39%,439030.0,Trailing Stop (7% drop)
07-Mar-2021,EDBL,BUY,48.0,450.0,-21600.0,349201.0,0.0,0.00%,436927.0,Trend Entry (Str:0.09)
16-Mar-2021,EDBL,SELL,48.0,418.0,20064.0,324296.0,-1536.0,-7.11%,438634.0,Trailing Stop (7% drop)
21-Mar-2021,EDBL,BUY,49.0,435.0,-21315.0,344496.0,0.0,0.00%,431608.0,Trend Entry (Str:0.03)
25-Apr-2021,EDBL,SELL,49.0,527.0,25823.0,71974.0,4508.0,21.15%,441406.0,Trailing Stop (7% drop)
02-May-2021,EDBL,BUY,40.0,531.0,-21240.0,261016.0,0.0,0.00%,433681.0,Trend Entry (Str:0.07)
16-Jun-2021,EDBL,SELL,40.0,791.0,31640.0,70596.0,10400.0,48.96%,710921.0,Trailing Stop (7% drop)
01-Jul-2021,EDBL,BUY,43.0,781.0,-33583.0,289535.0,0.0,0.00%,683299.0,Trend Entry (Str:0.06)
25-Aug-2021,EDBL,SELL,43.0,1080.0,46440.0,395442.3,12857.0,38.28%,833979.7,Trailing Stop (7% drop)
08-Nov-2021,EDBL,BUY,57.0,672.0,-38304.0,29432.5,0.0,0.00%,767790.2,Trend Entry (Str:0.12)
23-Nov-2021,EDBL,SELL,57.0,623.0,35511.0,144035.2,-2793.0,-7.29%,701695.2,Trailing Stop (7% drop)
11-Jan-2022,EDBL,BUY,58.0,590.0,-34220.0,130256.1,0.0,0.00%,690840.1,Trend Entry (Str:0.11)
24-Jan-2022,EDBL,SELL,58.0,554.0,32132.0,234348.0,-2088.0,-6.10%,642547.6,Trailing Stop (7% drop)
01-Feb-2022,EDBL,BUY,55.0,579.0,-31845.0,19705.4,0.0,0.00%,642372.9,Trend Entry (Str:0.05)
09-Feb-2022,EDBL,SELL,55.0,536.0,29480.0,97555.4,-2365.0,-7.43%,616919.3,Trailing Stop (7% drop)
06-Jul-2022,EDBL,BUY,74.0,367.0,-27158.0,300571.6,0.0,0.00%,545559.6,Trend Entry (Str:0.03)
12-Jul-2022,EDBL,SELL,74.0,324.0,23976.0,466816.0,-3182.0,-11.72%,548122.6,Trailing Stop (7% drop)
07-Nov-2022,EDBL,BUY,84.0,329.0,-27636.0,222254.56,0.0,0.00%,557749.06,Trend Entry (Str:0.05)
13-Nov-2022,EDBL,SELL,84.0,299.9,25191.6,271388.56,-2444.4,-8.84%,539001.46,Trailing Stop (7% drop)
29-Dec-2022,EDBL,BUY,83.0,335.0,-27805.0,357360.76,0.0,0.00%,557694.76,Trend Entry (Str:0.09)
29-Jan-2023,EDBL,SELL,83.0,345.0,28635.0,28872.86,830.0,2.99%,634395.66,Trailing Stop (7% drop)
07-Feb-2023,EDBL,BUY,85.0,360.0,-30600.0,176729.66,0.0,0.00%,616035.26,Trend Entry (Str:0.04)
16-Feb-2023,EDBL,SELL,85.0,343.0,29155.0,460485.96,-1445.0,-4.72%,580375.96,Trailing Stop (7% drop)
28-May-2023,EDBL,BUY,98.0,289.9,-28410.2,284594.56,0.0,0.00%,570420.06,Trend Entry (Str:0.02)
03-Jul-2023,EDBL,SELL,98.0,316.0,30968.0,119937.26,2557.8,9.00%,586441.66,Trailing Stop (7% drop)
11-Jul-2023,EDBL,BUY,89.0,328.0,-29192.0,247215.26,0.0,0.00%,585114.56,Trend Entry (Str:0.06)
27-Jul-2023,EDBL,SELL,89.0,326.0,29014.0,225388.56,-178.0,-0.61%,591497.46,Trailing Stop (7% drop)
24-Sep-2023,EDBL,BUY,89.0,321.8,-28640.2,343860.46,0.0,0.00%,579126.66,Trend Entry (Str:0.03)
17-Oct-2023,EDBL,SELL,89.0,310.0,27590.0,458665.16,-1050.2,-3.67%,539108.96,Trailing Stop (7% drop)
13-Dec-2023,EDBL,BUY,80.0,342.0,-27360.0,20573.36,0.0,0.00%,551335.56,Trend Entry (Str:0.11)
21-Dec-2023,EDBL,SELL,80.0,339.0,27120.0,56191.96,-240.0,-0.88%,584001.46,Trailing Stop (7% drop)
09-Jan-2024,EDBL,BUY,79.0,353.9,-27958.1,137984.76,0.0,0.00%,561948.56,Trend Entry (Str:0.09)
22-Jan-2024,EDBL,SELL,79.0,358.0,28282.0,81372.96,323.9,1.16%,588053.86,Trailing Stop (7% drop)
06-Feb-2024,EDBL,BUY,79.0,358.9,-28353.1,218829.86,0.0,0.00%,567609.16,Trend Entry (Str:0.02)
29-Feb-2024,EDBL,SELL,79.0,339.0,26781.0,484619.26,-1572.1,-5.54%,565568.86,Trailing Stop (7% drop)
17-Mar-2024,EDBL,BUY,76.0,369.6,-28089.6,477614.26,0.0,0.00%,562113.86,Trend Entry (Str:0.04)
06-Aug-2024,EDBL,SELL,76.0,490.1,37247.6,37347.16,9158.0,32.60%,684245.36,Trailing Stop (7% drop)
11-Aug-2024,EDBL,BUY,66.0,539.9,-35633.4,22776.46,0.0,0.00%,713625.26,Trend Entry (Str:0.11)
16-Sep-2024,EDBL,SELL,66.0,641.8,42358.8,706690.66,6725.4,18.87%,706690.66,Trailing Stop (7% drop)
23-Sep-2024,EDBL,BUY,52.0,679.0,-35308.0,671382.66,0.0,0.00%,706690.66,Trend Entry (Str:0.13)
29-Sep-2024,EDBL,SELL,52.0,616.0,32032.0,703414.66,-3276.0,-9.28%,703414.66,Trailing Stop (7% drop)
06-Oct-2024,EDBL,BUY,52.0,665.0,-34580.0,668834.66,0.0,0.00%,703414.66,Trend Entry (Str:0.06)
24-Oct-2024,EDBL,SELL,52.0,631.0,32812.0,372429.16,-1768.0,-5.11%,683953.96,Trailing Stop (7% drop)
05-Nov-2024,EDBL,BUY,50.0,677.0,-33850.0,62613.56,0.0,0.00%,683711.26,Trend Entry (Str:0.04)
24-Nov-2024,EDBL,SELL,50.0,636.0,31800.0,233496.26,-2050.0,-6.06%,690306.46,Trailing Stop (7% drop)
01-Dec-2024,EDBL,BUY,47.0,749.0,-35203.0,92647.26,0.0,0.00%,710385.06,Trend Entry (Str:0.13)
08-Dec-2024,EDBL,SELL,47.0,680.0,31960.0,382580.86,-3243.0,-9.21%,726198.16,Trailing Stop (7% drop)
02-Feb-2025,EDBL,BUY,53.0,680.0,-36040.0,454419.96,0.0,0.00%,722030.76,Trend Entry (Str:0.13)
20-Feb-2025,EDBL,SELL,53.0,779.0,41287.0,133682.26,5247.0,14.56%,733042.56,Trailing Stop (7% drop)
07-Jul-2025,EDBL,BUY,59.0,584.94,-34511.46,120117.06,0.0,0.00%,692675.93,Trend Entry (Str:0.01)
05-Aug-2025,EDBL,SELL,59.0,636.37,37545.83,428473.85,3034.37,8.79%,741858.88,Trailing Stop (7% drop)
06-Nov-2025,EDBL,BUY,59.0,613.0,-36167.0,510614.97,0.0,0.00%,726608.67,Trend Entry (Str:0.01)
21-Dec-2025,EDBL,SELL,59.0,568.3,33529.7,101090.37,-2637.3,-7.29%,708950.57,Trailing Stop (7% drop)
08-Jan-2026,EDBL,BUY,59.0,601.0,-35459.0,233562.27,0.0,0.00%,720560.77,Trend Entry (Str:0.03)
25-Jan-2021,HPPL,SELL,35.0,280.0,9800.0,121607.0,5285.0,117.05%,420140.0,Take Profit (100% gain)
31-Jan-2021,HPPL,BUY,79.0,260.0,-20540.0,271572.0,0.0,0.00%,411179.0,Trend Entry (Str:0.10)
14-Feb-2021,HPPL,SELL,79.0,335.0,26465.0,46591.0,5925.0,28.85%,435513.0,Trailing Stop (7% drop)
18-Feb-2021,HPPL,BUY,35.0,352.0,-12320.0,268.0,0.0,0.00%,458664.0,Trend Entry (Str:0.24)
28-Feb-2021,HPPL,SELL,35.0,340.0,11900.0,295393.0,-420.0,-3.41%,439030.0,Trailing Stop (7% drop)
04-Mar-2021,HPPL,BUY,46.0,465.0,-21390.0,414261.0,0.0,0.00%,435651.0,Trend Entry (Str:0.40)
14-Mar-2021,HPPL,SELL,46.0,448.0,20608.0,326298.0,-782.0,-3.66%,435888.0,Trailing Stop (7% drop)
02-May-2021,HPPL,BUY,51.0,425.0,-21675.0,217802.0,0.0,0.00%,433681.0,Trend Entry (Str:0.05)
31-May-2021,HPPL,SELL,51.0,416.0,21216.0,52008.0,-459.0,-2.12%,587776.0,Trailing Stop (7% drop)
16-Jun-2021,HPPL,BUY,77.0,459.0,-35343.0,240215.0,0.0,0.00%,710921.0,Trend Entry (Str:0.06)
20-Jun-2021,HPPL,SELL,77.0,422.0,32494.0,364327.0,-2849.0,-8.06%,695929.0,Trailing Stop (7% drop)
19-Jul-2021,HPPL,BUY,68.0,519.0,-35292.0,179345.5,0.0,0.00%,715478.5,Trend Entry (Str:0.20)
02-Aug-2021,HPPL,SELL,68.0,593.0,40324.0,41847.9,5032.0,14.26%,763620.2,Trailing Stop (7% drop)
15-Aug-2021,HPPL,BUY,59.0,700.0,-41300.0,132461.9,0.0,0.00%,835046.2,Trend Entry (Str:0.28)
24-Aug-2021,HPPL,SELL,59.0,613.0,36167.0,187477.8,-5133.0,-12.43%,840402.9,Trailing Stop (7% drop)
02-Nov-2021,HPPL,BUY,71.0,535.0,-37985.0,338508.1,0.0,0.00%,763496.3,Trend Entry (Str:0.13)
09-Nov-2021,HPPL,SELL,71.0,486.0,34506.0,230060.2,-3479.0,-9.16%,731046.0,Trailing Stop (7% drop)
17-Nov-2021,HPPL,BUY,62.0,514.0,-31868.0,511.2,0.0,0.00%,730467.6,Trend Entry (Str:0.12)
28-Nov-2021,HPPL,SELL,62.0,443.0,27466.0,615846.0,-4402.0,-13.81%,683581.0,Trailing Stop (7% drop)
06-Jan-2022,HPPL,BUY,71.0,470.9,-33433.9,334743.9,0.0,0.00%,674237.4,Trend Entry (Str:0.10)
24-Jan-2022,HPPL,SELL,71.0,485.0,34435.0,138185.9,1001.1,2.99%,642547.6,Trailing Stop (7% drop)
30-Jan-2022,HPPL,BUY,63.0,507.0,-31941.0,337089.7,0.0,0.00%,639154.7,Trend Entry (Str:0.09)
13-Feb-2022,HPPL,SELL,63.0,469.0,29547.0,274439.4,-2394.0,-7.50%,591759.7,Trailing Stop (7% drop)
19-Jul-2022,HPPL,BUY,83.0,329.0,-27307.0,30636.3,0.0,0.00%,548231.24,Trend Entry (Str:0.03)
08-Aug-2022,HPPL,SELL,83.0,388.0,32204.0,299966.46,4897.0,17.93%,590963.46,Trailing Stop (7% drop)
15-Aug-2022,HPPL,BUY,72.0,402.0,-28944.0,496219.76,0.0,0.00%,581103.76,Trend Entry (Str:0.11)
21-Aug-2022,HPPL,SELL,72.0,373.7,26906.4,234671.06,-2037.6,-7.04%,577962.96,Trailing Stop (7% drop)
03-Jan-2023,HPPL,BUY,98.0,283.0,-27734.0,50957.96,0.0,0.00%,559439.46,Trend Entry (Str:0.12)
12-Jan-2023,HPPL,SELL,98.0,312.0,30576.0,60538.16,2842.0,10.25%,619013.16,Trailing Stop (7% drop)
19-Jan-2023,HPPL,BUY,90.0,327.0,-29430.0,80.36,0.0,0.00%,643562.66,Trend Entry (Str:0.21)
05-Feb-2023,HPPL,SELL,90.0,326.4,29376.0,452591.56,-54.0,-0.18%,605481.66,Trailing Stop (7% drop)
09-Feb-2023,HPPL,BUY,89.0,348.0,-30972.0,53648.66,0.0,0.00%,621515.56,Trend Entry (Str:0.10)
14-Feb-2023,HPPL,SELL,89.0,320.0,28480.0,111108.66,-2492.0,-8.05%,591025.26,Trailing Stop (7% drop)
06-Jun-2023,HPPL,BUY,98.0,285.9,-28018.2,57387.96,0.0,0.00%,560858.16,Trend Entry (Str:0.04)
22-Jun-2023,HPPL,SELL,98.0,272.0,26656.0,56062.16,-1362.2,-4.86%,578853.26,Trailing Stop (7% drop)
27-Jun-2023,HPPL,BUY,31.0,285.0,-8835.0,170.66,0.0,0.00%,614848.36,Trend Entry (Str:0.01)
03-Jul-2023,HPPL,SELL,31.0,264.0,8184.0,155508.26,-651.0,-7.37%,586441.66,Trailing Stop (7% drop)
23-Jul-2023,HPPL,BUY,107.0,291.0,-31137.0,38776.06,0.0,0.00%,626690.26,Trend Entry (Str:0.03)
30-Jul-2023,HPPL,SELL,107.0,265.1,28365.7,403482.76,-2771.3,-8.90%,588291.96,Trailing Stop (7% drop)
09-Oct-2023,HPPL,BUY,117.0,233.8,-27354.6,192893.96,0.0,0.00%,549306.26,Trend Entry (Str:0.03)
31-Oct-2023,HPPL,SELL,117.0,213.0,24921.0,483586.16,-2433.6,-8.90%,538842.16,Trailing Stop (7% drop)
13-Dec-2023,HPPL,BUY,89.0,230.8,-20541.2,32.16,0.0,0.00%,551335.56,Trend Entry (Str:0.10)
18-Dec-2023,HPPL,SELL,89.0,229.7,20443.3,20475.46,-97.9,-0.48%,589402.66,Trailing Stop (7% drop)
24-Dec-2023,HPPL,BUY,117.0,244.0,-28548.0,54949.76,0.0,0.00%,571627.76,Trend Entry (Str:0.13)
24-Jan-2024,HPPL,SELL,117.0,279.0,32643.0,139271.56,4095.0,14.34%,577467.16,Trailing Stop (7% drop)
30-Jan-2024,HPPL,BUY,99.0,292.9,-28997.1,165905.36,0.0,0.00%,580193.96,Trend Entry (Str:0.14)
18-Feb-2024,HPPL,SELL,99.0,289.0,28611.0,187936.06,-386.1,-1.33%,578608.26,Trailing Stop (7% drop)
03-Jun-2024,HPPL,BUY,107.0,260.0,-27820.0,2339.46,0.0,0.00%,557549.96,Trend Entry (Str:0.01)
08-Jul-2024,HPPL,SELL,107.0,282.7,30248.9,30404.76,2428.9,8.73%,576909.26,Trailing Stop (7% drop)
07-Aug-2024,HPPL,BUY,96.0,360.0,-34560.0,339729.76,0.0,0.00%,693697.96,Trend Entry (Str:0.12)
29-Aug-2024,HPPL,SELL,96.0,385.0,36960.0,475067.96,2400.0,6.94%,734016.66,Trailing Stop (7% drop)
02-Sep-2024,HPPL,BUY,79.0,463.0,-36577.0,543518.86,0.0,0.00%,732804.26,Trend Entry (Str:0.24)
08-Sep-2024,HPPL,SELL,79.0,375.0,29625.0,392275.56,-6952.0,-19.01%,711035.56,Trailing Stop (7% drop)
28-Oct-2024,HPPL,BUY,102.0,334.7,-34139.4,371604.56,0.0,0.00%,688315.56,Trend Entry (Str:0.03)
16-Dec-2024,HPPL,SELL,102.0,388.0,39576.0,572511.36,5436.6,15.92%,707260.36,Trailing Stop (7% drop)
23-Dec-2024,HPPL,BUY,86.0,409.0,-35174.0,563165.56,0.0,0.00%,706200.16,Trend Entry (Str:0.03)
11-Mar-2025,HPPL,SELL,86.0,586.0,50396.0,118683.66,15222.0,43.28%,736074.06,Trailing Stop (7% drop)
18-Mar-2025,HPPL,BUY,57.0,633.0,-36081.0,334859.86,0.0,0.00%,728449.16,Trend Entry (Str:0.05)
23-Mar-2025,HPPL,SELL,57.0,584.67,33326.19,634622.02,-2754.81,-7.64%,716680.88,Trailing Stop (7% drop)
08-Apr-2025,HPPL,BUY,57.0,620.99,-35396.43,572270.99,0.0,0.00%,711591.29,Trend Entry (Str:0.02)
20-Apr-2025,HPPL,SELL,57.0,618.91,35277.87,569474.0,-118.56,-0.33%,715829.26,Trailing Stop (7% drop)
15-Jun-2025,HPPL,BUY,61.0,568.36,-34669.96,33099.67,0.0,0.00%,695427.54,Trend Entry (Str:0.08)
25-Jun-2025,HPPL,SELL,61.0,550.03,33551.83,260223.82,-1118.13,-3.23%,680024.47,Trailing Stop (7% drop)
29-Oct-2025,HPPL,BUY,65.0,560.0,-36400.0,657052.07,0.0,0.00%,728452.07,Trend Entry (Str:0.18)
02-Nov-2025,HPPL,SELL,65.0,518.9,33728.5,690780.57,-2671.5,-7.34%,726533.07,Trailing Stop (7% drop)
13-Nov-2025,HPPL,BUY,72.0,499.0,-35928.0,436872.17,0.0,0.00%,719074.27,Trend Entry (Str:0.05)
11-Dec-2025,HPPL,SELL,72.0,461.0,33192.0,33389.47,-2736.0,-7.62%,707788.37,Trailing Stop (7% drop)
20-Jan-2026,HPPL,BUY,77.0,480.1,-36967.7,46864.37,0.0,0.00%,743284.17,Trend Entry (Str:0.02)
25-Jan-2021,HURJA,SELL,46.0,213.0,9798.0,131405.0,5796.0,144.83%,420140.0,Take Profit (100% gain)
03-Feb-2021,HURJA,BUY,98.0,212.0,-20776.0,144137.0,0.0,0.00%,417552.0,Trend Entry (Str:0.06)
28-Feb-2021,HURJA,SELL,98.0,298.0,29204.0,201105.0,8428.0,40.57%,439030.0,Trailing Stop (7% drop)
07-Mar-2021,HURJA,BUY,68.0,321.0,-21828.0,370801.0,0.0,0.00%,436927.0,Trend Entry (Str:0.22)
21-Mar-2021,HURJA,SELL,68.0,327.0,22236.0,302624.0,408.0,1.87%,431608.0,Trailing Stop (7% drop)
29-Mar-2021,HURJA,BUY,62.0,348.0,-21576.0,301547.0,0.0,0.00%,432130.0,Trend Entry (Str:0.10)
26-Apr-2021,HURJA,SELL,62.0,345.0,21390.0,283584.0,-186.0,-0.86%,432660.0,Trailing Stop (7% drop)
02-May-2021,HURJA,BUY,55.0,391.0,-21505.0,325483.0,0.0,0.00%,433681.0,Trend Entry (Str:0.12)
09-May-2021,HURJA,SELL,55.0,363.0,19965.0,86458.0,-1540.0,-7.16%,440818.0,Trailing Stop (7% drop)
13-May-2021,HURJA,BUY,59.0,391.0,-23069.0,42556.0,0.0,0.00%,468373.0,Trend Entry (Str:0.09)
31-May-2021,HURJA,SELL,59.0,378.0,22302.0,108310.0,-767.0,-3.32%,587776.0,Trailing Stop (7% drop)
20-Jul-2021,HURJA,BUY,92.0,386.6,-35567.2,37530.3,0.0,0.00%,717687.0,Trend Entry (Str:0.07)
15-Aug-2021,HURJA,SELL,92.0,556.0,51152.0,97410.9,15584.8,43.82%,835046.2,Trailing Stop (7% drop)
01-Nov-2021,HURJA,BUY,76.0,499.0,-37924.0,489921.1,0.0,0.00%,760369.4,Trend Entry (Str:0.15)
09-Nov-2021,HURJA,SELL,76.0,465.0,35340.0,126118.2,-2584.0,-6.81%,731046.0,Trailing Stop (7% drop)
16-Nov-2021,HURJA,BUY,74.0,491.0,-36334.0,284315.2,0.0,0.00%,728754.7,Trend Entry (Str:0.12)
23-Nov-2021,HURJA,SELL,74.0,454.0,33596.0,177631.2,-2738.0,-7.54%,701695.2,Trailing Stop (7% drop)
09-Jan-2022,HURJA,BUY,74.0,460.9,-34106.6,267117.3,0.0,0.00%,683853.7,Trend Entry (Str:0.11)
19-Jan-2022,HURJA,SELL,74.0,505.0,37370.0,37543.1,3263.4,9.57%,664103.3,Trailing Stop (7% drop)
30-Jan-2022,HURJA,BUY,60.0,525.0,-31500.0,464212.7,0.0,0.00%,639154.7,Trend Entry (Str:0.14)
13-Feb-2022,HURJA,SELL,60.0,487.0,29220.0,158269.4,-2280.0,-7.24%,591759.7,Trailing Stop (7% drop)
14-Jul-2022,HURJA,BUY,117.0,234.5,-27436.5,329693.5,0.0,0.00%,551122.51,Trend Entry (Str:0.01)
10-Aug-2022,HURJA,SELL,117.0,275.0,32175.0,480025.96,4738.5,17.27%,580819.76,Trailing Stop (7% drop)
15-Aug-2022,HURJA,BUY,103.0,282.0,-29046.0,438277.76,0.0,0.00%,581103.76,Trend Entry (Str:0.08)
25-Aug-2022,HURJA,SELL,103.0,259.0,26677.0,261348.06,-2369.0,-8.16%,569090.06,Trailing Stop (7% drop)
09-Nov-2022,HURJA,BUY,127.0,214.0,-27178.0,168236.56,0.0,0.00%,545862.66,Trend Entry (Str:0.01)
11-Dec-2022,HURJA,SELL,127.0,197.0,25019.0,212152.16,-2159.0,-7.94%,552117.86,Trailing Stop (7% drop)
01-Jan-2023,HURJA,BUY,115.0,241.0,-27715.0,329645.76,0.0,0.00%,557954.46,Trend Entry (Str:0.16)
01-Feb-2023,HURJA,SELL,115.0,385.0,44275.0,274044.76,16560.0,59.75%,609912.46,Trailing Stop (7% drop)
07-Feb-2023,HURJA,BUY,77.0,399.8,-30784.6,421806.96,0.0,0.00%,616035.26,Trend Entry (Str:0.22)
15-Feb-2023,HURJA,SELL,77.0,373.0,28721.0,203345.96,-2063.6,-6.70%,586491.46,Trailing Stop (7% drop)
04-Jun-2023,HURJA,BUY,100.0,281.2,-28120.0,141124.56,0.0,0.00%,563225.06,Trend Entry (Str:0.02)
15-Jun-2023,HURJA,SELL,100.0,284.0,28400.0,28669.16,280.0,1.00%,588004.16,Trailing Stop (7% drop)
25-Jun-2023,HURJA,BUY,102.0,290.9,-29671.8,133466.66,0.0,0.00%,597283.06,Trend Entry (Str:0.05)
03-Jul-2023,HURJA,SELL,102.0,268.5,27387.0,147324.26,-2284.8,-7.70%,586441.66,Trailing Stop (7% drop)
26-Sep-2023,HURJA,BUY,106.0,273.9,-29033.4,255333.86,0.0,0.00%,581105.06,Trend Entry (Str:0.20)
01-Oct-2023,HURJA,SELL,106.0,239.8,25418.8,112813.46,-3614.6,-12.45%,560718.36,Trailing Stop (7% drop)
11-Dec-2023,HURJA,BUY,114.0,235.0,-26790.0,155844.16,0.0,0.00%,537469.16,Trend Entry (Str:0.06)
21-Dec-2023,HURJA,SELL,114.0,253.3,28876.2,29071.96,2086.2,7.79%,584001.46,Trailing Stop (7% drop)
04-Jan-2024,HURJA,BUY,104.0,263.2,-27372.8,331117.66,0.0,0.00%,552429.46,Trend Entry (Str:0.10)
24-Jan-2024,HURJA,SELL,104.0,284.0,29536.0,201153.16,2163.2,7.90%,577467.16,Trailing Stop (7% drop)
29-Jan-2024,HURJA,BUY,96.0,297.4,-28550.4,223333.46,0.0,0.00%,574402.96,Trend Entry (Str:0.08)
22-Feb-2024,HURJA,SELL,96.0,310.0,29760.0,333126.56,1209.6,4.24%,575468.66,Trailing Stop (7% drop)
23-Jun-2024,HURJA,BUY,85.0,308.0,-26180.0,84.86,0.0,0.00%,561279.86,Trend Entry (Str:0.08)
27-Jun-2024,HURJA,SELL,85.0,276.5,23502.5,49302.36,-2677.5,-10.23%,557581.06,Trailing Stop (7% drop)
01-Jul-2024,HURJA,BUY,93.0,299.6,-27862.8,91541.26,0.0,0.00%,557473.56,Trend Entry (Str:0.05)
07-Jul-2024,HURJA,SELL,93.0,188.0,17484.0,24102.26,-10378.8,-37.25%,579125.46,Trailing Stop (7% drop)
08-Aug-2024,HURJA,BUY,148.0,232.5,-34410.0,270814.76,0.0,0.00%,691981.96,Trend Entry (Str:0.02)
21-Aug-2024,HURJA,SELL,148.0,265.0,39220.0,82893.46,4810.0,13.98%,769922.76,Trailing Stop (7% drop)
22-Oct-2024,HURJA,BUY,153.0,224.6,-34363.8,208589.06,0.0,0.00%,691556.66,Trend Entry (Str:0.01)
09-Dec-2024,HURJA,SELL,153.0,239.1,36582.3,418775.26,2218.5,6.46%,718178.16,Trailing Stop (7% drop)
27-Jan-2025,HURJA,BUY,152.0,234.5,-35644.0,490459.96,0.0,0.00%,714962.96,Trend Entry (Str:0.01)
20-Feb-2025,HURJA,SELL,152.0,249.0,37848.0,92395.26,2204.0,6.18%,733042.56,Trailing Stop (7% drop)
27-Apr-2025,HURJA,BUY,145.0,245.05,-35532.25,391454.48,0.0,0.00%,714630.07,Trend Entry (Str:0.02)
15-May-2025,HURJA,SELL,145.0,255.37,37028.65,463698.86,1496.4,4.21%,702704.94,Trailing Stop (7% drop)
17-Jun-2025,HURJA,BUY,132.0,261.92,-34573.44,28682.07,0.0,0.00%,692928.32,Trend Entry (Str:0.02)
06-Jul-2025,HURJA,SELL,132.0,251.8,33237.6,258490.48,-1335.84,-3.86%,698553.02,Trailing Stop (7% drop)
17-Nov-2025,HURJA,BUY,160.0,224.2,-35872.0,362710.67,0.0,0.00%,720293.27,Trend Entry (Str:0.01)
22-Dec-2025,HURJA,SELL,160.0,218.0,34880.0,167978.37,-992.0,-2.77%,705819.27,Trailing Stop (7% drop)
20-Jan-2026,HURJA,BUY,160.0,231.5,-37040.0,120982.47,0.0,0.00%,743284.17,Trend Entry (Str:0.04)
25-Jan-2021,ICFC,SELL,33.0,308.0,10164.0,141569.0,5379.0,112.41%,420140.0,Take Profit (100% gain)
11-Feb-2021,ICFC,BUY,64.0,320.0,-20480.0,26.0,0.0,0.00%,436881.0,Trend Entry (Str:0.10)
28-Feb-2021,ICFC,SELL,64.0,302.0,19328.0,263001.0,-1152.0,-5.62%,439030.0,Trailing Stop (7% drop)
06-Apr-2021,ICFC,BUY,58.0,311.0,-18038.0,193.0,0.0,0.00%,443258.0,Trend Entry (Str:0.03)
25-Apr-2021,ICFC,SELL,58.0,310.0,17980.0,198174.0,-58.0,-0.32%,441406.0,Trailing Stop (7% drop)
16-May-2021,ICFC,BUY,55.0,338.0,-18590.0,306.0,0.0,0.00%,474852.0,Trend Entry (Str:0.06)
13-Jun-2021,ICFC,SELL,55.0,682.0,37510.0,37676.0,18920.0,101.78%,703454.0,Take Profit (100% gain)
17-Jun-2021,ICFC,BUY,56.0,632.0,-35392.0,204823.0,0.0,0.00%,713341.0,Trend Entry (Str:0.40)
21-Jun-2021,ICFC,SELL,56.0,566.0,31696.0,467647.0,-3696.0,-10.44%,684836.0,Trailing Stop (7% drop)
19-Jul-2021,ICFC,BUY,54.0,653.0,-35262.0,144083.5,0.0,0.00%,715478.5,Trend Entry (Str:0.11)
19-Aug-2021,ICFC,SELL,54.0,1030.0,55620.0,55983.7,20358.0,57.73%,878059.7,Trailing Stop (7% drop)
24-Aug-2021,ICFC,BUY,39.0,1069.9,-41726.1,306417.3,0.0,0.00%,840402.9,Trend Entry (Str:0.42)
31-Aug-2021,ICFC,SELL,39.0,1068.9,41687.1,308537.3,-39.0,-0.09%,814869.8,Trailing Stop (7% drop)
01-Nov-2021,ICFC,BUY,43.0,872.1,-37500.3,527845.1,0.0,0.00%,760369.4,Trend Entry (Str:0.18)
09-Nov-2021,ICFC,SELL,43.0,956.7,41138.1,90778.2,3637.8,9.70%,731046.0,Trailing Stop (7% drop)
28-Nov-2021,ICFC,BUY,36.0,932.0,-33552.0,582294.0,0.0,0.00%,683581.0,Trend Entry (Str:0.14)
02-Dec-2021,ICFC,SELL,36.0,816.0,29376.0,674680.0,-4176.0,-12.45%,674680.0,Trailing Stop (7% drop)
13-Jan-2022,ICFC,BUY,37.0,775.0,-28675.0,173.1,0.0,0.00%,660260.2,Trend Entry (Str:0.20)
19-Jan-2022,ICFC,SELL,37.0,737.0,27269.0,99132.1,-1406.0,-4.90%,664103.3,Trailing Stop (7% drop)
30-Jan-2022,ICFC,BUY,43.0,732.0,-31476.0,400930.7,0.0,0.00%,639154.7,Trend Entry (Str:0.10)
13-Feb-2022,ICFC,SELL,43.0,672.0,28896.0,215950.4,-2580.0,-8.20%,591759.7,Trailing Stop (7% drop)
05-Jul-2022,ICFC,BUY,61.0,437.2,-26669.2,463124.4,0.0,0.00%,542018.3,Trend Entry (Str:0.04)
11-Jul-2022,ICFC,SELL,61.0,413.0,25193.0,294502.6,-1476.2,-5.54%,549751.76,Trailing Stop (7% drop)
15-Jul-2022,ICFC,BUY,61.0,450.0,-27450.0,247721.5,0.0,0.00%,549439.12,Trend Entry (Str:0.06)
05-Aug-2022,ICFC,SELL,61.0,520.0,31720.0,181101.26,4270.0,15.56%,591616.26,Trailing Stop (7% drop)
15-Aug-2022,ICFC,BUY,53.0,540.0,-28620.0,409657.76,0.0,0.00%,581103.76,Trend Entry (Str:0.06)
26-Aug-2022,ICFC,SELL,53.0,503.0,26659.0,288007.06,-1961.0,-6.85%,565023.36,Trailing Stop (7% drop)
17-Nov-2022,ICFC,BUY,60.0,451.0,-27060.0,108328.76,0.0,0.00%,547946.86,Trend Entry (Str:0.03)
07-Dec-2022,ICFC,SELL,60.0,424.0,25440.0,132574.16,-1620.0,-5.99%,558748.46,Trailing Stop (7% drop)
03-Jan-2023,ICFC,BUY,51.0,451.0,-23001.0,208.16,0.0,0.00%,559439.46,Trend Entry (Str:0.03)
30-Jan-2023,ICFC,SELL,51.0,465.0,23715.0,203129.76,714.0,3.10%,616305.56,Trailing Stop (7% drop)
07-Feb-2023,ICFC,BUY,63.0,488.0,-30744.0,207329.66,0.0,0.00%,616035.26,Trend Entry (Str:0.04)
16-Feb-2023,ICFC,SELL,63.0,451.0,28413.0,431330.96,-2331.0,-7.58%,580375.96,Trailing Stop (7% drop)
28-May-2023,ICFC,BUY,68.0,419.1,-28498.8,256095.76,0.0,0.00%,570420.06,Trend Entry (Str:0.01)
27-Jul-2023,ICFC,SELL,68.0,499.0,33932.0,165174.56,5433.2,19.06%,591497.46,Trailing Stop (7% drop)
24-Sep-2023,ICFC,BUY,59.0,487.0,-28733.0,372500.66,0.0,0.00%,579126.66,Trend Entry (Str:0.04)
12-Oct-2023,ICFC,SELL,59.0,454.1,26791.9,327224.16,-1941.1,-6.76%,540374.06,Trailing Stop (7% drop)
10-Dec-2023,ICFC,BUY,57.0,474.0,-27018.0,236337.16,0.0,0.00%,542006.86,Trend Entry (Str:0.06)
01-Jan-2024,ICFC,SELL,57.0,476.0,27132.0,279158.46,114.0,0.42%,555565.46,Trailing Stop (7% drop)
09-Jan-2024,ICFC,BUY,57.0,490.0,-27930.0,82009.06,0.0,0.00%,561948.56,Trend Entry (Str:0.04)
05-Feb-2024,ICFC,SELL,57.0,477.6,27223.2,247182.96,-706.8,-2.53%,566964.26,Trailing Stop (7% drop)
15-Feb-2024,ICFC,BUY,58.0,500.0,-29000.0,130065.06,0.0,0.00%,584581.36,Trend Entry (Str:0.03)
03-Mar-2024,ICFC,SELL,58.0,464.0,26912.0,538008.06,-2088.0,-7.20%,564337.06,Trailing Stop (7% drop)
10-Mar-2024,ICFC,BUY,56.0,493.0,-27608.0,533633.86,0.0,0.00%,561241.86,Trend Entry (Str:0.02)
22-Apr-2024,ICFC,SELL,56.0,492.0,27552.0,356605.36,-56.0,-0.20%,545802.26,Trailing Stop (7% drop)
30-Apr-2024,ICFC,BUY,50.0,551.0,-27550.0,301386.36,0.0,0.00%,559247.56,Trend Entry (Str:0.08)
16-May-2024,ICFC,SELL,50.0,511.0,25550.0,216613.96,-2000.0,-7.26%,550078.76,Trailing Stop (7% drop)
21-May-2024,ICFC,BUY,54.0,524.9,-28344.6,48766.26,0.0,0.00%,568335.46,Trend Entry (Str:0.02)
06-Aug-2024,ICFC,SELL,54.0,679.0,36666.0,187911.16,8321.4,29.36%,684245.36,Trailing Stop (7% drop)
21-Aug-2024,ICFC,BUY,46.0,833.0,-38318.0,44575.46,0.0,0.00%,769922.76,Trend Entry (Str:0.17)
27-Aug-2024,ICFC,SELL,46.0,804.0,36984.0,358888.96,-1334.0,-3.48%,739188.26,Trailing Stop (7% drop)
02-Sep-2024,ICFC,BUY,44.0,817.0,-35948.0,434572.86,0.0,0.00%,732804.26,Trend Entry (Str:0.09)
08-Sep-2024,ICFC,SELL,44.0,753.5,33154.0,492710.56,-2794.0,-7.77%,711035.56,Trailing Stop (7% drop)
17-Oct-2024,ICFC,BUY,45.0,784.0,-35280.0,283439.36,0.0,0.00%,707938.46,Trend Entry (Str:0.07)
19-Nov-2024,ICFC,SELL,45.0,766.0,34470.0,67392.96,-810.0,-2.30%,703806.46,Trailing Stop (7% drop)
16-Feb-2025,ICFC,BUY,53.0,685.5,-36331.5,165311.66,0.0,0.00%,731411.16,Trend Entry (Str:0.05)
16-Mar-2025,ICFC,SELL,53.0,632.0,33496.0,334400.86,-2835.5,-7.80%,733474.86,Trailing Stop (7% drop)
18-May-2025,ICFC,BUY,57.0,607.39,-34621.23,422405.89,0.0,0.00%,699720.6,Trend Entry (Str:0.01)
05-Aug-2025,ICFC,SELL,57.0,660.55,37651.35,354403.5,3030.12,8.75%,741858.88,Trailing Stop (7% drop)
11-Aug-2025,ICFC,BUY,54.0,685.84,-37035.36,473381.95,0.0,0.00%,742917.39,Trend Entry (Str:0.04)
18-Sep-2025,ICFC,SELL,54.0,633.0,34182.0,729852.07,-2853.36,-7.70%,729852.07,Trailing Stop (7% drop)
27-Nov-2025,ICFC,BUY,57.0,643.0,-36651.0,1272.67,0.0,0.00%,734197.87,Trend Entry (Str:0.02)
28-Feb-2021,JBBL,SELL,35.0,224.0,7840.0,91730.0,3185.0,68.42%,439030.0,Trailing Stop (7% drop)
06-Apr-2021,JBBL,BUY,89.0,249.0,-22161.0,128306.0,0.0,0.00%,443258.0,Trend Entry (Str:0.10)
21-Apr-2021,JBBL,SELL,89.0,260.0,23140.0,46936.0,979.0,4.42%,454166.0,Trailing Stop (7% drop)
02-May-2021,JBBL,BUY,81.0,267.0,-21627.0,303856.0,0.0,0.00%,433681.0,Trend Entry (Str:0.08)
16-Jun-2021,JBBL,SELL,81.0,472.0,38232.0,38956.0,16605.0,76.78%,710921.0,Trailing Stop (7% drop)
01-Jul-2021,JBBL,BUY,75.0,451.0,-33825.0,357165.0,0.0,0.00%,683299.0,Trend Entry (Str:0.06)
25-Aug-2021,JBBL,SELL,75.0,567.8,42585.0,349002.3,8760.0,25.90%,833979.7,Trailing Stop (7% drop)
29-Aug-2021,JBBL,BUY,70.0,593.5,-41545.0,260563.0,0.0,0.00%,837345.8,Trend Entry (Str:0.13)
02-Sep-2021,JBBL,SELL,70.0,543.9,38073.0,547268.3,-3472.0,-8.36%,798736.9,Trailing Stop (7% drop)
12-Sep-2021,JBBL,BUY,69.0,573.0,-39537.0,515049.0,0.0,0.00%,795569.4,Trend Entry (Str:0.05)
16-Sep-2021,JBBL,SELL,69.0,526.0,36294.0,696597.0,-3243.0,-8.20%,769525.8,Trailing Stop (7% drop)
02-Nov-2021,JBBL,BUY,64.0,594.0,-38016.0,414393.1,0.0,0.00%,763496.3,Trend Entry (Str:0.18)
09-Nov-2021,JBBL,SELL,64.0,549.0,35136.0,161254.2,-2880.0,-7.58%,731046.0,Trailing Stop (7% drop)
14-Nov-2021,JBBL,BUY,64.0,560.0,-35840.0,428883.2,0.0,0.00%,720520.0,Trend Entry (Str:0.10)
25-Nov-2021,JBBL,SELL,64.0,531.0,33984.0,245155.2,-1856.0,-5.18%,706672.6,Trailing Stop (7% drop)
19-Jan-2022,JBBL,BUY,72.0,461.1,-33199.2,32872.9,0.0,0.00%,664103.3,Trend Entry (Str:0.06)
24-Jan-2022,JBBL,SELL,72.0,442.0,31824.0,332709.6,-1375.2,-4.14%,642547.6,Trailing Stop (7% drop)
30-Jan-2022,JBBL,BUY,69.0,460.0,-31740.0,115032.4,0.0,0.00%,639154.7,Trend Entry (Str:0.05)
13-Feb-2022,JBBL,SELL,69.0,412.1,28434.9,447542.7,-3305.1,-10.41%,591759.7,Trailing Stop (7% drop)
23-Mar-2022,JBBL,BUY,69.0,422.0,-29118.0,554015.7,0.0,0.00%,583133.7,Trend Entry (Str:0.02)
29-Mar-2022,JBBL,SELL,69.0,389.0,26841.0,551837.7,-2277.0,-7.82%,580601.7,Trailing Stop (7% drop)
07-Jul-2022,JBBL,BUY,90.0,300.0,-27000.0,246591.6,0.0,0.00%,542682.8,Trend Entry (Str:0.02)
11-Jul-2022,JBBL,SELL,90.0,277.0,24930.0,442840.0,-2070.0,-7.67%,549751.76,Trailing Stop (7% drop)
15-Jul-2022,JBBL,BUY,90.0,302.2,-27198.0,193256.5,0.0,0.00%,549439.12,Trend Entry (Str:0.04)
05-Aug-2022,JBBL,SELL,90.0,318.0,28620.0,238208.26,1422.0,5.23%,591616.26,Trailing Stop (7% drop)
15-Aug-2022,JBBL,BUY,91.0,316.0,-28756.0,294180.16,0.0,0.00%,581103.76,Trend Entry (Str:0.00)
31-Aug-2022,JBBL,SELL,91.0,286.0,26026.0,500931.06,-2730.0,-9.49%,555764.46,Trailing Stop (7% drop)
06-Nov-2022,JBBL,BUY,94.0,295.0,-27730.0,277535.56,0.0,0.00%,559347.76,Trend Entry (Str:0.07)
10-Nov-2022,JBBL,SELL,94.0,270.1,25389.4,193625.96,-2340.6,-8.44%,541722.96,Trailing Stop (7% drop)
16-Nov-2022,JBBL,BUY,96.0,281.0,-26976.0,244412.56,0.0,0.00%,541841.36,Trend Entry (Str:0.02)
11-Dec-2022,JBBL,SELL,96.0,271.1,26025.6,238177.76,-950.4,-3.52%,552117.86,Trailing Stop (7% drop)
02-Jan-2023,JBBL,BUY,92.0,304.0,-27968.0,134536.76,0.0,0.00%,562288.26,Trend Entry (Str:0.07)
30-Jan-2023,JBBL,SELL,92.0,297.0,27324.0,147065.76,-644.0,-2.30%,616305.56,Trailing Stop (7% drop)
28-May-2023,JBBL,BUY,106.0,267.9,-28397.4,313004.76,0.0,0.00%,570420.06,Trend Entry (Str:0.02)
02-Jul-2023,JBBL,SELL,106.0,288.1,30538.6,30709.26,2141.2,7.54%,588653.06,Trailing Stop (7% drop)
11-Jul-2023,JBBL,BUY,96.0,302.0,-28992.0,276407.26,0.0,0.00%,585114.56,Trend Entry (Str:0.06)
27-Jul-2023,JBBL,SELL,96.0,325.0,31200.0,196374.56,2208.0,7.62%,591497.46,Trailing Stop (7% drop)
07-Aug-2023,JBBL,BUY,89.0,328.0,-29192.0,341999.76,0.0,0.00%,586658.56,Trend Entry (Str:0.06)
27-Aug-2023,JBBL,SELL,89.0,304.0,27056.0,399055.76,-2136.0,-7.32%,583191.86,Trailing Stop (7% drop)
18-Dec-2023,JBBL,BUY,63.0,321.9,-20279.7,195.76,0.0,0.00%,589402.66,Trend Entry (Str:0.14)
24-Dec-2023,JBBL,SELL,63.0,296.6,18685.8,83497.76,-1593.9,-7.86%,571627.76,Trailing Stop (7% drop)
08-Jan-2024,JBBL,BUY,95.0,293.0,-27835.0,165942.86,0.0,0.00%,557629.46,Trend Entry (Str:0.01)
22-Jan-2024,JBBL,SELL,95.0,301.0,28595.0,53090.96,760.0,2.73%,588053.86,Trailing Stop (7% drop)
30-Jan-2024,JBBL,BUY,94.0,307.9,-28942.6,136962.76,0.0,0.00%,580193.96,Trend Entry (Str:0.01)
29-Feb-2024,JBBL,SELL,94.0,284.0,26696.0,457838.26,-2246.6,-7.76%,565568.86,Trailing Stop (7% drop)
18-Mar-2024,JBBL,BUY,91.0,306.0,-27846.0,365938.16,0.0,0.00%,562334.86,Trend Entry (Str:0.02)
18-Apr-2024,JBBL,SELL,91.0,281.0,25571.0,303373.36,-2275.0,-8.17%,545454.46,Trailing Stop (7% drop)
09-May-2024,JBBL,BUY,94.0,292.0,-27448.0,273436.56,0.0,0.00%,549097.66,Trend Entry (Str:0.01)
06-Aug-2024,JBBL,SELL,94.0,352.0,33088.0,151245.16,5640.0,20.55%,684245.36,Trailing Stop (7% drop)
11-Aug-2024,JBBL,BUY,60.0,374.0,-22440.0,336.46,0.0,0.00%,713625.26,Trend Entry (Str:0.10)
29-Aug-2024,JBBL,SELL,60.0,382.0,22920.0,497987.96,480.0,2.14%,734016.66,Trailing Stop (7% drop)
02-Sep-2024,JBBL,BUY,92.0,398.1,-36625.2,397947.66,0.0,0.00%,732804.26,Trend Entry (Str:0.06)
08-Sep-2024,JBBL,SELL,92.0,375.0,34500.0,527210.56,-2125.2,-5.80%,711035.56,Trailing Stop (7% drop)
28-Oct-2024,JBBL,BUY,96.0,358.0,-34368.0,302959.56,0.0,0.00%,688315.56,Trend Entry (Str:0.02)
08-Dec-2024,JBBL,SELL,96.0,385.0,36960.0,93346.26,2592.0,7.54%,726198.16,Trailing Stop (7% drop)
11-Mar-2025,JBBL,BUY,99.0,370.0,-36630.0,300904.86,0.0,0.00%,736074.06,Trend Entry (Str:0.03)
23-Mar-2025,JBBL,SELL,99.0,340.17,33676.83,601295.83,-2953.17,-8.06%,716680.88,Trailing Stop (7% drop)
21-May-2025,JBBL,BUY,104.0,337.63,-35113.52,246340.81,0.0,0.00%,705606.14,Trend Entry (Str:0.02)
24-Jun-2025,JBBL,SELL,104.0,316.52,32918.08,226671.99,-2195.44,-6.25%,682001.46,Trailing Stop (7% drop)
09-Jul-2025,JBBL,BUY,44.0,331.21,-14573.24,264.0,0.0,0.00%,699184.74,Trend Entry (Str:0.02)
03-Aug-2025,JBBL,SELL,44.0,370.24,16290.56,240021.21,1717.32,11.78%,749691.13,Trailing Stop (7% drop)
26-Nov-2025,JBBL,BUY,113.0,324.5,-36668.5,108900.57,0.0,0.00%,733769.37,Trend Entry (Str:0.02)
25-Jan-2021,JOSHI,SELL,73.0,123.0,8979.0,150548.0,5606.4,166.23%,420140.0,Take Profit (100% gain)
02-Feb-2021,JOSHI,BUY,169.0,123.0,-20787.0,189033.0,0.0,0.00%,418005.0,Trend Entry (Str:0.07)
02-Mar-2021,JOSHI,SELL,169.0,115.0,19435.0,314828.0,-1352.0,-6.50%,436552.0,Trailing Stop (7% drop)
17-Mar-2021,JOSHI,BUY,150.0,146.0,-21900.0,302396.0,0.0,0.00%,440911.0,Trend Entry (Str:0.21)
21-Mar-2021,JOSHI,SELL,150.0,129.0,19350.0,367119.0,-2550.0,-11.64%,431608.0,Trailing Stop (7% drop)
25-Mar-2021,JOSHI,BUY,165.0,131.0,-21615.0,322881.0,0.0,0.00%,433117.0,Trend Entry (Str:0.07)
26-Apr-2021,JOSHI,SELL,165.0,130.0,21450.0,239944.0,-165.0,-0.76%,432660.0,Trailing Stop (7% drop)
03-May-2021,JOSHI,BUY,156.0,137.0,-21372.0,88813.0,0.0,0.00%,428908.0,Trend Entry (Str:0.02)
30-May-2021,JOSHI,SELL,156.0,279.0,43524.0,88588.0,22152.0,103.65%,608263.0,Take Profit (100% gain)
03-Jun-2021,JOSHI,BUY,122.0,255.0,-31110.0,87546.0,0.0,0.00%,624713.0,Trend Entry (Str:0.32)
16-Jun-2021,JOSHI,SELL,122.0,308.0,37576.0,189281.0,6466.0,20.78%,710921.0,Trailing Stop (7% drop)
01-Jul-2021,JOSHI,BUY,117.0,291.0,-34047.0,323118.0,0.0,0.00%,683299.0,Trend Entry (Str:0.06)
06-Jul-2021,JOSHI,SELL,117.0,263.0,30771.0,354466.0,-3276.0,-9.62%,673962.0,Trailing Stop (7% drop)
02-Aug-2021,JOSHI,BUY,96.0,394.0,-37824.0,4023.9,0.0,0.00%,763620.2,Trend Entry (Str:0.29)
15-Aug-2021,JOSHI,SELL,96.0,405.0,38880.0,136290.9,1056.0,2.79%,835046.2,Trailing Stop (7% drop)
19-Aug-2021,JOSHI,BUY,97.0,448.0,-43456.0,25212.7,0.0,0.00%,878059.7,Trend Entry (Str:0.21)
24-Aug-2021,JOSHI,SELL,97.0,403.2,39110.4,348143.4,-4345.6,-10.00%,840402.9,Trailing Stop (7% drop)
29-Aug-2021,JOSHI,BUY,97.0,428.0,-41516.0,219047.0,0.0,0.00%,837345.8,Trend Entry (Str:0.10)
02-Sep-2021,JOSHI,SELL,97.0,395.0,38315.0,585583.3,-3201.0,-7.71%,798736.9,Trailing Stop (7% drop)
02-Nov-2021,JOSHI,BUY,100.0,379.0,-37900.0,376493.1,0.0,0.00%,763496.3,Trend Entry (Str:0.14)
09-Nov-2021,JOSHI,SELL,100.0,343.0,34300.0,195554.2,-3600.0,-9.50%,731046.0,Trailing Stop (7% drop)
16-Nov-2021,JOSHI,BUY,98.0,369.0,-36162.0,357081.2,0.0,0.00%,728754.7,Trend Entry (Str:0.12)
28-Nov-2021,JOSHI,SELL,98.0,375.0,36750.0,385988.0,588.0,1.63%,683581.0,Trailing Stop (7% drop)
30-Jan-2022,JOSHI,BUY,96.0,332.0,-31872.0,51550.4,0.0,0.00%,639154.7,Trend Entry (Str:0.03)
13-Feb-2022,JOSHI,SELL,96.0,308.0,29568.0,505530.7,-2304.0,-7.23%,591759.7,Trailing Stop (7% drop)
13-Jul-2022,JOSHI,BUY,132.0,208.0,-27456.0,411920.0,0.0,0.00%,549324.63,Trend Entry (Str:0.03)
09-Aug-2022,JOSHI,SELL,132.0,235.0,31020.0,301464.46,3564.0,12.98%,582235.96,Trailing Stop (7% drop)
17-Nov-2022,JOSHI,BUY,144.0,189.7,-27316.8,135388.76,0.0,0.00%,547946.86,Trend Entry (Str:0.03)
11-Dec-2022,JOSHI,SELL,144.0,180.0,25920.0,264097.76,-1396.8,-5.11%,552117.86,Trailing Stop (7% drop)
27-Dec-2022,JOSHI,BUY,141.0,196.0,-27636.0,412962.76,0.0,0.00%,554495.86,Trend Entry (Str:0.05)
15-Feb-2023,JOSHI,SELL,141.0,291.9,41157.9,152266.56,13521.9,48.93%,586491.46,Trailing Stop (7% drop)
22-Feb-2023,JOSHI,BUY,98.0,294.0,-28812.0,488868.96,0.0,0.00%,580560.96,Trend Entry (Str:0.12)
01-Mar-2023,JOSHI,SELL,98.0,273.0,26754.0,487428.96,-2058.0,-7.14%,575068.96,Trailing Stop (7% drop)
19-Apr-2023,JOSHI,BUY,101.0,282.0,-28482.0,486582.36,0.0,0.00%,573423.96,Trend Entry (Str:0.04)
03-May-2023,JOSHI,SELL,101.0,260.0,26260.0,368862.16,-2222.0,-7.80%,566817.46,Trailing Stop (7% drop)
01-Jun-2023,JOSHI,BUY,96.0,286.6,-27513.6,252307.56,0.0,0.00%,555862.66,Trend Entry (Str:0.07)
08-Jun-2023,JOSHI,SELL,96.0,270.0,25920.0,27191.16,-1593.6,-5.79%,566628.06,Trailing Stop (7% drop)
18-Jun-2023,JOSHI,BUY,86.0,294.6,-25335.6,108.16,0.0,0.00%,594236.26,Trend Entry (Str:0.09)
22-Jun-2023,JOSHI,SELL,86.0,265.5,22833.0,163138.46,-2502.6,-9.88%,578853.26,Trailing Stop (7% drop)
27-Jun-2023,JOSHI,BUY,105.0,291.0,-30555.0,100607.26,0.0,0.00%,614848.36,Trend Entry (Str:0.06)
02-Jul-2023,JOSHI,SELL,105.0,267.0,28035.0,88969.26,-2520.0,-8.25%,588653.06,Trailing Stop (7% drop)
27-Sep-2023,JOSHI,BUY,128.0,223.0,-28544.0,111419.86,0.0,0.00%,573865.56,Trend Entry (Str:0.06)
09-Oct-2023,JOSHI,SELL,128.0,206.0,26368.0,220248.56,-2176.0,-7.62%,549306.26,Trailing Stop (7% drop)
12-Dec-2023,JOSHI,BUY,124.0,219.0,-27156.0,74989.36,0.0,0.00%,545906.96,Trend Entry (Str:0.12)
27-Dec-2023,JOSHI,SELL,124.0,220.3,27317.2,112287.96,161.2,0.59%,560326.76,Trailing Stop (7% drop)
08-Jan-2024,JOSHI,BUY,122.0,227.0,-27694.0,249354.86,0.0,0.00%,557629.46,Trend Entry (Str:0.08)
25-Feb-2024,JOSHI,SELL,122.0,380.0,46360.0,432471.96,18666.0,67.40%,570665.76,Trailing Stop (7% drop)
04-Mar-2024,JOSHI,BUY,73.0,384.4,-28061.2,536275.86,0.0,0.00%,564337.06,Trend Entry (Str:0.22)
10-Mar-2024,JOSHI,SELL,73.0,342.0,24966.0,561241.86,-3095.2,-11.03%,561241.86,Trailing Stop (7% drop)
19-Mar-2024,JOSHI,BUY,81.0,345.0,-27945.0,199036.16,0.0,0.00%,563851.16,Trend Entry (Str:0.00)
01-Apr-2024,JOSHI,SELL,81.0,333.0,26973.0,251972.36,-972.0,-3.48%,548238.66,Trailing Stop (7% drop)
07-Aug-2024,JOSHI,BUY,103.0,335.0,-34505.0,305224.76,0.0,0.00%,693697.96,Trend Entry (Str:0.07)
27-Aug-2024,JOSHI,SELL,103.0,347.0,35741.0,180597.26,1236.0,3.58%,739188.26,Trailing Stop (7% drop)
29-Oct-2024,JOSHI,BUY,109.0,316.0,-34444.0,130827.56,0.0,0.00%,694642.06,Trend Entry (Str:0.03)
08-Dec-2024,JOSHI,SELL,109.0,427.5,46597.5,182838.46,12153.5,35.28%,726198.16,Trailing Stop (7% drop)
16-Dec-2024,JOSHI,BUY,78.0,452.9,-35326.2,537185.16,0.0,0.00%,707260.36,Trend Entry (Str:0.24)
26-Dec-2024,JOSHI,SELL,78.0,460.3,35903.4,599068.96,577.2,1.63%,702447.16,Trailing Stop (7% drop)
21-Apr-2025,JOSHI,BUY,91.0,389.43,-35438.13,462709.93,0.0,0.00%,715431.95,Trend Entry (Str:0.02)
05-May-2025,JOSHI,SELL,91.0,361.12,32861.92,388733.04,-2576.21,-7.27%,710262.71,Trailing Stop (7% drop)
13-May-2025,JOSHI,BUY,79.0,447.61,-35361.19,354333.71,0.0,0.00%,712635.48,Trend Entry (Str:0.18)
18-May-2025,JOSHI,SELL,79.0,382.02,30179.58,457027.12,-5181.61,-14.65%,699720.6,Trailing Stop (7% drop)
28-May-2025,JOSHI,BUY,90.0,393.26,-35393.4,67912.03,0.0,0.00%,710518.6,Trend Entry (Str:0.01)
22-Jun-2025,JOSHI,SELL,90.0,348.6,31374.0,161818.71,-4019.4,-11.36%,677270.87,Trailing Stop (7% drop)
31-Jul-2025,JOSHI,BUY,110.0,345.7,-38027.0,1523.37,0.0,0.00%,763269.49,Trend Entry (Str:0.01)
13-Aug-2025,JOSHI,SELL,110.0,320.88,35296.8,583388.75,-2730.2,-7.18%,738619.95,Trailing Stop (7% drop)
04-Nov-2025,JOSHI,BUY,113.0,320.0,-36160.0,618346.97,0.0,0.00%,726661.17,Trend Entry (Str:0.07)
27-Nov-2025,JOSHI,SELL,113.0,344.1,38883.3,74516.67,2723.3,7.53%,734197.87,Trailing Stop (7% drop)
25-Jan-2021,KKHC,SELL,74.0,114.0,8436.0,158984.0,5091.2,152.21%,420140.0,Take Profit (100% gain)
01-Feb-2021,KKHC,BUY,177.0,117.0,-20709.0,209820.0,0.0,0.00%,414565.0,Trend Entry (Str:0.06)
28-Feb-2021,KKHC,SELL,177.0,117.0,20709.0,151592.0,0.0,0.00%,439030.0,Trailing Stop (7% drop)
15-Mar-2021,KKHC,BUY,186.0,117.0,-21762.0,304232.0,0.0,0.00%,436066.0,Trend Entry (Str:0.00)
21-Mar-2021,KKHC,SELL,186.0,125.0,23250.0,347769.0,1488.0,6.84%,431608.0,Trailing Stop (7% drop)
06-Apr-2021,KKHC,BUY,173.0,128.0,-22144.0,40263.0,0.0,0.00%,443258.0,Trend Entry (Str:0.04)
26-Apr-2021,KKHC,SELL,173.0,125.0,21625.0,411380.0,-519.0,-2.34%,432660.0,Trailing Stop (7% drop)
02-May-2021,KKHC,BUY,161.0,134.0,-21574.0,174817.0,0.0,0.00%,433681.0,Trend Entry (Str:0.03)
30-May-2021,KKHC,SELL,161.0,278.0,44758.0,45064.0,23184.0,107.46%,608263.0,Take Profit (100% gain)
03-Jun-2021,KKHC,BUY,124.0,250.0,-31000.0,118656.0,0.0,0.00%,624713.0,Trend Entry (Str:0.33)
20-Jun-2021,KKHC,SELL,124.0,280.0,34720.0,268161.0,3720.0,12.00%,695929.0,Trailing Stop (7% drop)
24-Jun-2021,KKHC,BUY,118.0,290.0,-34220.0,364716.0,0.0,0.00%,686341.0,Trend Entry (Str:0.24)
29-Jun-2021,KKHC,SELL,118.0,269.0,31742.0,425092.0,-2478.0,-7.24%,684160.0,Trailing Stop (7% drop)
22-Jul-2021,KKHC,BUY,128.0,281.3,-36006.4,1523.9,0.0,0.00%,725002.5,Trend Entry (Str:0.02)
19-Aug-2021,KKHC,SELL,128.0,441.0,56448.0,112431.7,20441.6,56.77%,878059.7,Trailing Stop (7% drop)
29-Aug-2021,KKHC,BUY,96.0,432.3,-41500.8,426816.0,0.0,0.00%,837345.8,Trend Entry (Str:0.20)
02-Sep-2021,KKHC,SELL,96.0,399.0,38304.0,432827.3,-3196.8,-7.70%,798736.9,Trailing Stop (7% drop)
06-Sep-2021,KKHC,BUY,97.0,409.0,-39673.0,642860.7,0.0,0.00%,797337.3,Trend Entry (Str:0.07)
16-Sep-2021,KKHC,SELL,97.0,383.3,37180.1,550495.4,-2492.9,-6.28%,769525.8,Trailing Stop (7% drop)
02-Nov-2021,KKHC,BUY,101.0,375.0,-37875.0,262497.1,0.0,0.00%,763496.3,Trend Entry (Str:0.12)
09-Nov-2021,KKHC,SELL,101.0,351.0,35451.0,300740.8,-2424.0,-6.40%,731046.0,Trailing Stop (7% drop)
16-Nov-2021,KKHC,BUY,99.0,365.0,-36135.0,211955.2,0.0,0.00%,728754.7,Trend Entry (Str:0.10)
28-Nov-2021,KKHC,SELL,99.0,339.0,33561.0,487952.0,-2574.0,-7.12%,683581.0,Trailing Stop (7% drop)
12-Jan-2022,KKHC,BUY,104.0,325.0,-33800.0,96456.1,0.0,0.00%,680771.2,Trend Entry (Str:0.10)
19-Jan-2022,KKHC,SELL,104.0,330.0,34320.0,71863.1,520.0,1.54%,664103.3,Trailing Stop (7% drop)
30-Jan-2022,KKHC,BUY,95.0,334.0,-31730.0,210160.7,0.0,0.00%,639154.7,Trend Entry (Str:0.08)
13-Feb-2022,KKHC,SELL,95.0,308.0,29260.0,390617.8,-2470.0,-7.78%,591759.7,Trailing Stop (7% drop)
06-Jul-2022,KKHC,BUY,126.0,216.1,-27228.6,381966.8,0.0,0.00%,545559.6,Trend Entry (Str:0.04)
11-Jul-2022,KKHC,SELL,126.0,199.0,25074.0,344342.6,-2154.6,-7.91%,549751.76,Trailing Stop (7% drop)
15-Jul-2022,KKHC,BUY,130.0,211.0,-27430.0,138534.3,0.0,0.00%,549439.12,Trend Entry (Str:0.03)
09-Aug-2022,KKHC,SELL,130.0,229.3,29809.0,392543.46,2379.0,8.67%,582235.96,Trailing Stop (7% drop)
17-Aug-2022,KKHC,BUY,124.0,230.0,-28520.0,265660.16,0.0,0.00%,573747.96,Trend Entry (Str:0.01)
28-Aug-2022,KKHC,SELL,124.0,208.0,25792.0,394379.06,-2728.0,-9.57%,557640.06,Trailing Stop (7% drop)
16-Nov-2022,KKHC,BUY,151.0,179.0,-27029.0,217383.56,0.0,0.00%,541841.36,Trend Entry (Str:0.02)
07-Dec-2022,KKHC,SELL,151.0,178.0,26878.0,79596.16,-151.0,-0.56%,558748.46,Trailing Stop (7% drop)
01-Jan-2023,KKHC,BUY,135.0,206.0,-27810.0,274115.76,0.0,0.00%,557954.46,Trend Entry (Str:0.12)
30-Jan-2023,KKHC,SELL,135.0,250.1,33763.5,89956.76,5953.5,21.41%,616305.56,Trailing Stop (7% drop)
07-Feb-2023,KKHC,BUY,115.0,267.3,-30739.5,391067.46,0.0,0.00%,616035.26,Trend Entry (Str:0.14)
14-Feb-2023,KKHC,SELL,115.0,252.0,28980.0,82628.66,-1759.5,-5.72%,591025.26,Trailing Stop (7% drop)
15-Jun-2023,KKHC,BUY,125.0,228.8,-28600.0,69.16,0.0,0.00%,588004.16,Trend Entry (Str:0.04)
22-Jun-2023,KKHC,SELL,125.0,212.9,26612.5,140305.46,-1987.5,-6.95%,578853.26,Trailing Stop (7% drop)
27-Jun-2023,KKHC,BUY,136.0,224.5,-30532.0,9005.66,0.0,0.00%,614848.36,Trend Entry (Str:0.02)
05-Jul-2023,KKHC,SELL,136.0,202.0,27472.0,298344.26,-3060.0,-10.02%,582277.46,Trailing Stop (7% drop)
25-Sep-2023,KKHC,BUY,152.0,189.3,-28773.6,341751.46,0.0,0.00%,577510.36,Trend Entry (Str:0.08)
02-Oct-2023,KKHC,SELL,152.0,177.1,26919.2,141498.36,-1854.4,-6.44%,563068.26,Trailing Stop (7% drop)
11-Oct-2023,KKHC,BUY,149.0,182.0,-27118.0,273119.26,0.0,0.00%,545239.36,Trend Entry (Str:0.03)
16-Oct-2023,KKHC,SELL,149.0,168.0,25032.0,431075.16,-2086.0,-7.69%,538781.86,Trailing Stop (7% drop)
27-Nov-2023,KKHC,BUY,138.0,193.7,-26730.6,481575.56,0.0,0.00%,537794.16,Trend Entry (Str:0.11)
04-Dec-2023,KKHC,SELL,138.0,180.0,24840.0,398134.06,-1890.6,-7.07%,530948.26,Trailing Stop (7% drop)
10-Dec-2023,KKHC,BUY,135.0,200.7,-27094.5,344503.56,0.0,0.00%,542006.86,Trend Entry (Str:0.14)
27-Dec-2023,KKHC,SELL,135.0,206.2,27837.0,54394.76,742.5,2.74%,560326.76,Trailing Stop (7% drop)
08-Jan-2024,KKHC,BUY,126.0,220.0,-27720.0,277048.86,0.0,0.00%,557629.46,Trend Entry (Str:0.10)
25-Jan-2024,KKHC,SELL,126.0,233.0,29358.0,284991.16,1638.0,5.91%,575990.66,Trailing Stop (7% drop)
29-Jan-2024,KKHC,BUY,118.0,242.0,-28556.0,251883.86,0.0,0.00%,574402.96,Trend Entry (Str:0.09)
22-Feb-2024,KKHC,SELL,118.0,249.9,29488.2,303366.56,932.2,3.26%,575468.66,Trailing Stop (7% drop)
26-Feb-2024,KKHC,BUY,113.0,251.9,-28464.7,404007.26,0.0,0.00%,571411.96,Trend Entry (Str:0.03)
03-Mar-2024,KKHC,SELL,113.0,233.0,26329.0,564337.06,-2135.7,-7.50%,564337.06,Trailing Stop (7% drop)
16-Jun-2024,KKHC,BUY,118.0,238.0,-28084.0,31622.06,0.0,0.00%,564910.96,Trend Entry (Str:0.07)
30-Jun-2024,KKHC,SELL,118.0,221.0,26078.0,119404.06,-2006.0,-7.14%,553792.46,Trailing Stop (7% drop)
04-Jul-2024,KKHC,BUY,126.0,229.0,-28854.0,6618.26,0.0,0.00%,578529.16,Trend Entry (Str:0.02)
25-Aug-2024,KKHC,SELL,126.0,305.0,38430.0,38645.46,9576.0,33.19%,767660.56,Trailing Stop (7% drop)
28-Oct-2024,KKHC,BUY,128.0,267.0,-34176.0,268783.56,0.0,0.00%,688315.56,Trend Entry (Str:0.02)
09-Dec-2024,KKHC,SELL,128.0,432.9,55411.2,474186.46,21235.2,62.13%,718178.16,Trailing Stop (7% drop)
02-Jan-2025,KKHC,BUY,92.0,379.0,-34868.0,597032.96,0.0,0.00%,699988.36,Trend Entry (Str:0.04)
12-Jan-2025,KKHC,SELL,92.0,378.1,34785.2,596628.16,-82.8,-0.24%,707305.66,Trailing Stop (7% drop)
11-May-2025,KKHC,BUY,96.0,371.45,-35659.2,353073.84,0.0,0.00%,719412.51,Trend Entry (Str:0.07)
15-May-2025,KKHC,SELL,96.0,343.48,32974.08,496672.94,-2685.12,-7.53%,702704.94,Trailing Stop (7% drop)
20-May-2025,KKHC,BUY,100.0,352.0,-35200.0,316490.97,0.0,0.00%,708165.32,Trend Entry (Str:0.01)
10-Jul-2025,KKHC,SELL,100.0,429.11,42911.0,43175.0,7711.0,21.91%,709987.33,Trailing Stop (7% drop)
03-Nov-2025,KKHC,BUY,144.0,251.9,-36273.6,654506.97,0.0,0.00%,726113.07,Trend Entry (Str:0.05)
13-Nov-2025,KKHC,SELL,144.0,238.0,34272.0,472800.17,-2001.6,-5.52%,719074.27,Trailing Stop (7% drop)
17-Nov-2025,KKHC,BUY,144.0,249.0,-35856.0,398582.67,0.0,0.00%,720293.27,Trend Entry (Str:0.03)
14-Dec-2025,KKHC,SELL,144.0,237.3,34171.2,67560.67,-1684.8,-4.70%,707071.47,Trailing Stop (7% drop)
25-Jan-2021,KSBBL,SELL,35.0,284.0,9940.0,168924.0,5355.0,116.79%,420140.0,Take Profit (100% gain)
01-Feb-2021,KSBBL,BUY,71.0,290.0,-20590.0,230529.0,0.0,0.00%,414565.0,Trend Entry (Str:0.17)
28-Feb-2021,KSBBL,SELL,71.0,303.0,21513.0,130883.0,923.0,4.48%,439030.0,Trailing Stop (7% drop)
31-Mar-2021,KSBBL,BUY,66.0,326.0,-21516.0,280031.0,0.0,0.00%,431527.0,Trend Entry (Str:0.05)
25-Apr-2021,KSBBL,SELL,66.0,340.0,22440.0,94414.0,924.0,4.29%,441406.0,Trailing Stop (7% drop)
02-May-2021,KSBBL,BUY,61.0,351.0,-21411.0,196391.0,0.0,0.00%,433681.0,Trend Entry (Str:0.05)
16-Jun-2021,KSBBL,SELL,61.0,573.0,34953.0,105549.0,13542.0,63.25%,710921.0,Trailing Stop (7% drop)
18-Jul-2021,KSBBL,BUY,57.0,619.5,-35311.5,250157.5,0.0,0.00%,716227.0,Trend Entry (Str:0.12)
24-Aug-2021,KSBBL,SELL,57.0,784.0,44688.0,151310.8,9376.5,26.55%,840402.9,Trailing Stop (7% drop)
12-Sep-2021,KSBBL,BUY,54.0,731.0,-39474.0,593956.0,0.0,0.00%,795569.4,Trend Entry (Str:0.07)
20-Sep-2021,KSBBL,SELL,54.0,640.0,34560.0,767193.0,-4914.0,-12.45%,767193.0,Trailing Stop (7% drop)
31-Oct-2021,KSBBL,BUY,52.0,729.0,-37908.0,530951.0,0.0,0.00%,760754.0,Trend Entry (Str:0.09)
08-Nov-2021,KSBBL,SELL,52.0,640.0,33280.0,67736.5,-4628.0,-12.21%,767790.2,Trailing Stop (7% drop)
11-Jan-2022,KSBBL,BUY,61.0,558.0,-34038.0,233079.3,0.0,0.00%,690840.1,Trend Entry (Str:0.18)
24-Jan-2022,KSBBL,SELL,61.0,533.0,32513.0,170698.9,-1525.0,-4.48%,642547.6,Trailing Stop (7% drop)
30-Jan-2022,KSBBL,BUY,58.0,550.0,-31900.0,369030.7,0.0,0.00%,639154.7,Trend Entry (Str:0.10)
13-Feb-2022,KSBBL,SELL,58.0,499.0,28942.0,244892.4,-2958.0,-9.27%,591759.7,Trailing Stop (7% drop)
06-Jul-2022,KSBBL,BUY,76.0,355.0,-26980.0,273591.6,0.0,0.00%,545559.6,Trend Entry (Str:0.02)
11-Jul-2022,KSBBL,SELL,76.0,327.9,24920.4,417910.0,-2059.6,-7.63%,549751.76,Trailing Stop (7% drop)
15-Jul-2022,KSBBL,BUY,78.0,349.9,-27292.2,165964.3,0.0,0.00%,549439.12,Trend Entry (Str:0.03)
05-Aug-2022,KSBBL,SELL,78.0,378.9,29554.2,267762.46,2262.0,8.29%,591616.26,Trailing Stop (7% drop)
02-Jan-2023,KSBBL,BUY,85.0,328.0,-27880.0,106656.76,0.0,0.00%,562288.26,Trend Entry (Str:0.06)
26-Jan-2023,KSBBL,SELL,85.0,339.0,28815.0,29037.86,935.0,3.35%,638773.46,Trailing Stop (7% drop)
04-Jun-2023,KSBBL,BUY,94.0,297.6,-27974.4,113150.16,0.0,0.00%,563225.06,Trend Entry (Str:0.02)
05-Jul-2023,KSBBL,SELL,94.0,317.0,29798.0,243466.26,1823.6,6.52%,582277.46,Trailing Stop (7% drop)
11-Jul-2023,KSBBL,BUY,87.0,334.0,-29058.0,218157.26,0.0,0.00%,585114.56,Trend Entry (Str:0.05)
27-Jul-2023,KSBBL,SELL,87.0,352.5,30667.5,256056.06,1609.5,5.54%,591497.46,Trailing Stop (7% drop)
26-Sep-2023,KSBBL,BUY,90.0,320.0,-28800.0,168537.86,0.0,0.00%,581105.06,Trend Entry (Str:0.02)
10-Oct-2023,KSBBL,SELL,90.0,301.3,27117.0,273719.86,-1683.0,-5.84%,544053.06,Trailing Stop (7% drop)
10-Dec-2023,KSBBL,BUY,85.0,318.0,-27030.0,290426.16,0.0,0.00%,542006.86,Trend Entry (Str:0.07)
01-Jan-2024,KSBBL,SELL,85.0,323.0,27455.0,252026.46,425.0,1.57%,555565.46,Trailing Stop (7% drop)
08-Jan-2024,KSBBL,BUY,84.0,330.0,-27720.0,221634.86,0.0,0.00%,557629.46,Trend Entry (Str:0.04)
24-Jan-2024,KSBBL,SELL,84.0,331.0,27804.0,228957.16,84.0,0.30%,577467.16,Trailing Stop (7% drop)
29-Jan-2024,KSBBL,BUY,81.0,351.0,-28431.0,194902.46,0.0,0.00%,574402.96,Trend Entry (Str:0.03)
29-Feb-2024,KSBBL,SELL,81.0,335.0,27135.0,431142.26,-1296.0,-4.56%,565568.86,Trailing Stop (7% drop)
17-Mar-2024,KSBBL,BUY,79.0,355.1,-28052.9,421582.16,0.0,0.00%,562113.86,Trend Entry (Str:0.02)
29-Aug-2024,KSBBL,SELL,79.0,502.0,39658.0,438107.96,11605.1,41.37%,734016.66,Trailing Stop (7% drop)
02-Sep-2024,KSBBL,BUY,69.0,525.3,-36245.7,361701.96,0.0,0.00%,732804.26,Trend Entry (Str:0.05)
09-Sep-2024,KSBBL,SELL,69.0,486.0,33534.0,664331.86,-2711.7,-7.48%,709673.86,Trailing Stop (7% drop)
13-Nov-2024,KSBBL,BUY,56.0,473.4,-26510.4,197.96,0.0,0.00%,704101.36,Trend Entry (Str:0.03)
09-Dec-2024,KSBBL,SELL,56.0,460.0,25760.0,499946.46,-750.4,-2.83%,718178.16,Trailing Stop (7% drop)
02-Feb-2025,KSBBL,BUY,77.0,468.0,-36036.0,418383.96,0.0,0.00%,722030.76,Trend Entry (Str:0.07)
23-Mar-2025,KSBBL,SELL,77.0,428.02,32957.54,438619.1,-3078.46,-8.54%,716680.88,Trailing Stop (7% drop)
15-May-2025,KSBBL,BUY,78.0,448.56,-34987.68,426847.54,0.0,0.00%,702704.94,Trend Entry (Str:0.02)
05-Aug-2025,KSBBL,SELL,78.0,530.29,41362.62,316752.15,6374.94,18.22%,741858.88,Trailing Stop (7% drop)
26-Nov-2025,KSBBL,BUY,83.0,440.0,-36520.0,145569.07,0.0,0.00%,733769.37,Trend Entry (Str:0.03)
28-Feb-2021,LBBL,SELL,31.0,250.0,7750.0,99480.0,2573.0,49.70%,439030.0,Trailing Stop (7% drop)
06-Apr-2021,LBBL,BUY,83.0,264.0,-21912.0,84294.0,0.0,0.00%,443258.0,Trend Entry (Str:0.05)
26-Apr-2021,LBBL,SELL,83.0,272.0,22576.0,389755.0,664.0,3.03%,432660.0,Trailing Stop (7% drop)
10-May-2021,LBBL,BUY,79.0,277.0,-21883.0,88895.0,0.0,0.00%,440563.0,Trend Entry (Str:0.02)
07-Jun-2021,LBBL,SELL,79.0,593.0,46847.0,46859.0,24964.0,114.08%,627806.0,Take Profit (100% gain)
13-Jun-2021,LBBL,BUY,50.0,696.0,-34800.0,2876.0,0.0,0.00%,703454.0,Trend Entry (Str:0.81)
20-Jun-2021,LBBL,SELL,50.0,624.0,31200.0,299361.0,-3600.0,-10.34%,695929.0,Trailing Stop (7% drop)
15-Aug-2021,LBBL,BUY,63.0,653.0,-41139.0,91322.9,0.0,0.00%,835046.2,Trend Entry (Str:0.08)
25-Aug-2021,LBBL,SELL,63.0,665.5,41926.5,487096.8,787.5,1.91%,833979.7,Trailing Stop (7% drop)
29-Aug-2021,LBBL,BUY,59.0,699.2,-41252.8,177794.2,0.0,0.00%,837345.8,Trend Entry (Str:0.10)
02-Sep-2021,LBBL,SELL,59.0,637.0,37583.0,623166.3,-3669.8,-8.90%,798736.9,Trailing Stop (7% drop)
03-Nov-2021,LBBL,BUY,59.0,641.4,-37842.6,110734.5,0.0,0.00%,768512.7,Trend Entry (Str:0.19)
11-Nov-2021,LBBL,SELL,59.0,596.0,35164.0,473863.2,-2678.6,-7.08%,720126.2,Trailing Stop (7% drop)
15-Nov-2021,LBBL,BUY,54.0,660.0,-35640.0,393243.2,0.0,0.00%,720859.7,Trend Entry (Str:0.20)
25-Nov-2021,LBBL,SELL,54.0,613.0,33102.0,278257.2,-2538.0,-7.12%,706672.6,Trailing Stop (7% drop)
12-Jan-2022,LBBL,BUY,64.0,526.5,-33696.0,28848.1,0.0,0.00%,680771.2,Trend Entry (Str:0.07)
24-Jan-2022,LBBL,SELL,64.0,519.9,33273.6,300885.6,-422.4,-1.25%,642547.6,Trailing Stop (7% drop)
30-Jan-2022,LBBL,BUY,58.0,542.0,-31436.0,273740.7,0.0,0.00%,639154.7,Trend Entry (Str:0.09)
13-Feb-2022,LBBL,SELL,58.0,488.3,28321.4,331957.8,-3114.6,-9.91%,591759.7,Trailing Stop (7% drop)
14-Jul-2022,LBBL,BUY,80.0,344.0,-27520.0,357130.0,0.0,0.00%,551122.51,Trend Entry (Str:0.02)
09-Aug-2022,LBBL,SELL,80.0,398.0,31840.0,362734.46,4320.0,15.70%,582235.96,Trailing Stop (7% drop)
18-Aug-2022,LBBL,BUY,70.0,414.0,-28980.0,236680.16,0.0,0.00%,580856.66,Trend Entry (Str:0.07)
28-Aug-2022,LBBL,SELL,70.0,378.0,26460.0,420839.06,-2520.0,-8.70%,557640.06,Trailing Stop (7% drop)
07-Feb-2023,LBBL,BUY,83.0,367.0,-30461.0,146268.66,0.0,0.00%,616035.26,Trend Entry (Str:0.03)
20-Feb-2023,LBBL,SELL,83.0,345.0,28635.0,517680.96,-1826.0,-5.99%,580034.96,Trailing Stop (7% drop)
25-Apr-2023,LBBL,BUY,85.0,334.0,-28390.0,401040.76,0.0,0.00%,574047.76,Trend Entry (Str:0.03)
31-May-2023,LBBL,SELL,85.0,328.0,27880.0,254381.16,-510.0,-1.80%,554443.16,Trailing Stop (7% drop)
06-Jun-2023,LBBL,BUY,82.0,341.4,-27994.8,29393.16,0.0,0.00%,560858.16,Trend Entry (Str:0.02)
22-Jun-2023,LBBL,SELL,82.0,380.0,31160.0,87222.16,3165.2,11.31%,578853.26,Trailing Stop (7% drop)
26-Jun-2023,LBBL,BUY,71.0,422.0,-29962.0,131162.26,0.0,0.00%,603160.56,Trend Entry (Str:0.18)
05-Jul-2023,LBBL,SELL,71.0,386.0,27406.0,270872.26,-2556.0,-8.53%,582277.46,Trailing Stop (7% drop)
11-Jul-2023,LBBL,BUY,71.0,407.0,-28897.0,305399.26,0.0,0.00%,585114.56,Trend Entry (Str:0.08)
26-Jul-2023,LBBL,SELL,71.0,419.1,29756.1,97610.56,859.1,2.97%,600430.06,Trailing Stop (7% drop)
26-Sep-2023,LBBL,BUY,71.0,408.0,-28968.0,197337.86,0.0,0.00%,581105.06,Trend Entry (Str:0.03)
12-Oct-2023,LBBL,SELL,71.0,375.0,26625.0,353849.16,-2343.0,-8.09%,540374.06,Trailing Stop (7% drop)
27-Nov-2023,LBBL,BUY,67.0,396.5,-26565.5,455010.06,0.0,0.00%,537794.16,Trend Entry (Str:0.04)
02-Jan-2024,LBBL,SELL,67.0,381.0,25527.0,331881.46,-1038.5,-3.91%,552124.66,Trailing Stop (7% drop)
14-May-2024,LBBL,BUY,72.0,381.0,-27432.0,191063.96,0.0,0.00%,554360.86,Trend Entry (Str:0.02)
09-Sep-2024,LBBL,SELL,72.0,489.9,35272.8,596296.36,7840.8,28.58%,709673.86,Trailing Stop (7% drop)
29-Oct-2024,LBBL,BUY,71.0,484.0,-34364.0,96463.56,0.0,0.00%,694642.06,Trend Entry (Str:0.02)
08-Dec-2024,LBBL,SELL,71.0,501.0,35571.0,218409.46,1207.0,3.51%,726198.16,Trailing Stop (7% drop)
09-Mar-2025,LBBL,BUY,79.0,469.0,-37051.0,33323.56,0.0,0.00%,744715.86,Trend Entry (Str:0.02)
23-Mar-2025,LBBL,SELL,79.0,422.13,33348.27,567619.0,-3702.73,-9.99%,716680.88,Trailing Stop (7% drop)
15-May-2025,LBBL,BUY,74.0,470.78,-34837.72,461835.22,0.0,0.00%,702704.94,Trend Entry (Str:0.13)
26-May-2025,LBBL,SELL,74.0,444.31,32878.94,244251.25,-1958.78,-5.62%,704317.62,Trailing Stop (7% drop)
02-Jun-2025,LBBL,BUY,76.0,462.02,-35113.52,32798.51,0.0,0.00%,707781.72,Trend Entry (Str:0.08)
22-Jun-2025,LBBL,SELL,76.0,420.2,31935.2,193753.91,-3178.32,-9.05%,677270.87,Trailing Stop (7% drop)
13-Jul-2025,LBBL,BUY,80.0,453.0,-36240.0,6935.0,0.0,0.00%,726833.12,Trend Entry (Str:0.04)
05-Aug-2025,LBBL,SELL,80.0,581.77,46541.6,475015.45,10301.6,28.43%,741858.88,Trailing Stop (7% drop)
21-Dec-2025,LBBL,BUY,74.0,474.5,-35113.0,99352.37,0.0,0.00%,708950.57,Trend Entry (Str:0.04)
25-Jan-2021,LICN,SELL,17.0,2370.0,40290.0,209214.0,24769.0,159.58%,420140.0,Take Profit (100% gain)
28-Oct-2021,LICN,BUY,18.0,2070.0,-37260.0,643607.0,0.0,0.00%,759257.0,Trend Entry (Str:0.06)
28-Nov-2021,LICN,SELL,18.0,1921.1,34579.8,312837.0,-2680.2,-7.19%,683581.0,Trailing Stop (7% drop)
03-Jan-2022,LICN,BUY,17.0,1963.0,-33371.0,568895.0,0.0,0.00%,671811.0,Trend Entry (Str:0.03)
07-Feb-2022,LICN,SELL,17.0,2005.0,34085.0,34355.4,714.0,2.14%,626743.0,Trailing Stop (7% drop)
01-Jul-2022,LICN,BUY,18.0,1469.0,-26442.0,516874.6,0.0,0.00%,543316.6,Trend Entry (Str:0.14)
11-Jul-2022,LICN,SELL,18.0,1415.0,25470.0,245001.6,-972.0,-3.68%,549751.76,Trailing Stop (7% drop)
18-Jul-2022,LICN,BUY,18.0,1457.9,-26242.2,85269.1,0.0,0.00%,542866.76,Trend Entry (Str:0.09)
09-Aug-2022,LICN,SELL,18.0,1436.0,25848.0,418391.46,-394.2,-1.50%,582235.96,Trailing Stop (7% drop)
09-Nov-2022,LICN,BUY,20.0,1342.0,-26840.0,195414.56,0.0,0.00%,545862.66,Trend Entry (Str:0.06)
15-Dec-2022,LICN,SELL,20.0,1386.1,27722.0,394890.66,882.0,3.29%,550512.56,Trailing Stop (7% drop)
26-Dec-2022,LICN,BUY,19.0,1410.1,-26791.9,440598.76,0.0,0.00%,550890.66,Trend Entry (Str:0.03)
19-Jan-2023,LICN,SELL,19.0,1530.0,29070.0,29510.36,2278.1,8.50%,643562.66,Trailing Stop (7% drop)
23-May-2023,LICN,BUY,20.0,1373.0,-27460.0,341402.16,0.0,0.00%,572423.96,Trend Entry (Str:0.06)
31-May-2023,LICN,SELL,20.0,1272.0,25440.0,279821.16,-2020.0,-7.36%,554443.16,Trailing Stop (7% drop)
04-Jun-2023,LICN,BUY,20.0,1341.9,-26838.0,225469.56,0.0,0.00%,563225.06,Trend Entry (Str:0.04)
05-Jul-2023,LICN,SELL,20.0,1580.0,31600.0,213668.26,4762.0,17.74%,582277.46,Trailing Stop (7% drop)
17-Jul-2023,LICN,BUY,18.0,1599.0,-28782.0,160317.26,0.0,0.00%,599628.96,Trend Entry (Str:0.03)
31-Jul-2023,LICN,SELL,18.0,1470.0,26460.0,429942.76,-2322.0,-8.07%,589129.76,Trailing Stop (7% drop)
28-Nov-2023,LICN,BUY,19.0,1410.0,-26790.0,401820.06,0.0,0.00%,536866.06,Trend Entry (Str:0.05)
04-Jan-2024,LICN,SELL,19.0,1400.0,26600.0,358490.46,-190.0,-0.71%,552429.46,Trailing Stop (7% drop)
18-Mar-2024,LICN,BUY,20.0,1376.0,-27520.0,338418.16,0.0,0.00%,562334.86,Trend Entry (Str:0.01)
05-May-2024,LICN,SELL,20.0,1257.0,25140.0,326526.36,-2380.0,-8.65%,547575.06,Trailing Stop (7% drop)
22-May-2024,LICN,BUY,21.0,1374.5,-28864.5,19901.76,0.0,0.00%,578597.36,Trend Entry (Str:0.04)
01-Sep-2024,LICN,SELL,21.0,2249.9,47247.9,545235.86,18383.4,63.69%,728328.86,Trailing Stop (7% drop)
08-Dec-2024,LICN,BUY,25.0,1399.5,-34987.5,347593.36,0.0,0.00%,726198.16,Trend Entry (Str:0.02)
12-Dec-2024,LICN,SELL,25.0,1229.0,30725.0,528636.36,-4262.5,-12.18%,713910.36,Trailing Stop (7% drop)
13-Feb-2025,LICN,BUY,32.0,1115.1,-35683.2,201643.16,0.0,0.00%,726114.66,Trend Entry (Str:0.01)
06-Mar-2025,LICN,SELL,32.0,1180.0,37760.0,37804.56,2076.8,5.82%,757728.66,Trailing Stop (7% drop)
22-Jul-2025,LICN,BUY,39.0,978.97,-38179.83,2091.17,0.0,0.00%,772344.15,Trend Entry (Str:0.09)
03-Aug-2025,LICN,SELL,39.0,906.88,35368.32,275389.53,-2811.51,-7.36%,749691.13,Trailing Stop (7% drop)
05-Nov-2025,LICN,BUY,41.0,866.0,-35506.0,582840.97,0.0,0.00%,726835.47,Trend Entry (Str:0.04)
23-Dec-2025,LICN,SELL,41.0,875.0,35875.0,237874.87,369.0,1.04%,706950.07,Trailing Stop (7% drop)
31-Jan-2021,MEGA,SELL,32.0,274.0,8768.0,316221.0,3776.0,75.64%,411179.0,Trailing Stop (7% drop)
08-Feb-2021,MEGA,BUY,60.0,298.0,-17880.0,94.0,0.0,0.00%,433991.0,Trend Entry (Str:0.06)
22-Feb-2021,MEGA,SELL,60.0,310.0,18600.0,18961.0,720.0,4.03%,461307.0,Trailing Stop (7% drop)
01-Apr-2021,MEGA,BUY,70.0,307.0,-21490.0,215335.0,0.0,0.00%,433437.0,Trend Entry (Str:0.02)
26-Apr-2021,MEGA,SELL,70.0,295.0,20650.0,323809.0,-840.0,-3.91%,432660.0,Trailing Stop (7% drop)
02-May-2021,MEGA,BUY,70.0,307.0,-21490.0,110185.0,0.0,0.00%,433681.0,Trend Entry (Str:0.00)
21-Jun-2021,MEGA,SELL,70.0,358.0,25060.0,403314.0,3570.0,16.61%,684836.0,Trailing Stop (7% drop)
28-Jun-2021,MEGA,BUY,92.0,372.0,-34224.0,362172.0,0.0,0.00%,690121.0,Trend Entry (Str:0.05)
24-Aug-2021,MEGA,SELL,92.0,372.0,34224.0,59436.7,0.0,0.00%,840402.9,Trailing Stop (7% drop)
11-Nov-2021,MEGA,BUY,106.0,337.5,-35775.0,473448.2,0.0,0.00%,720126.2,Trend Entry (Str:0.01)
30-Nov-2021,MEGA,SELL,106.0,285.0,30210.0,645304.0,-5565.0,-15.56%,677344.0,Trailing Stop (7% drop)
05-Jan-2022,MEGA,BUY,111.0,301.0,-33411.0,368177.8,0.0,0.00%,671078.4,Trend Entry (Str:0.06)
26-Jan-2022,MEGA,SELL,111.0,285.1,31646.1,433974.5,-1764.9,-5.28%,636236.7,Trailing Stop (7% drop)
02-Jun-2022,MEGA,BUY,121.0,237.0,-28677.0,518457.6,0.0,0.00%,575219.0,Trend Entry (Str:0.02)
23-Nov-2022,MEGA,SELL,121.0,220.0,26620.0,52143.36,-2057.0,-7.17%,572523.86,Trailing Stop (7% drop)
25-Jan-2021,MFIL,SELL,39.0,406.0,15834.0,225048.0,11505.0,265.77%,420140.0,Take Profit (100% gain)
31-Jan-2021,MFIL,BUY,47.0,431.0,-20257.0,292112.0,0.0,0.00%,411179.0,Trend Entry (Str:0.14)
25-Feb-2021,MFIL,SELL,47.0,499.0,23453.0,23470.0,3196.0,15.78%,450420.0,Trailing Stop (7% drop)
06-Apr-2021,MFIL,BUY,43.0,509.0,-21887.0,62407.0,0.0,0.00%,443258.0,Trend Entry (Str:0.05)
25-Apr-2021,MFIL,SELL,43.0,494.0,21242.0,158402.0,-645.0,-2.95%,441406.0,Trailing Stop (7% drop)
30-May-2021,MFIL,BUY,44.0,682.0,-30008.0,58580.0,0.0,0.00%,608263.0,Trend Entry (Str:0.27)
16-Jun-2021,MFIL,SELL,44.0,1049.0,46156.0,151705.0,16148.0,53.81%,710921.0,Trailing Stop (7% drop)
01-Jul-2021,MFIL,BUY,34.0,1003.0,-34102.0,390990.0,0.0,0.00%,683299.0,Trend Entry (Str:0.11)
31-Aug-2021,MFIL,SELL,34.0,1268.0,43112.0,266850.2,9010.0,26.42%,814869.8,Trailing Stop (7% drop)
28-Oct-2021,MFIL,BUY,33.0,1123.0,-37059.0,606548.0,0.0,0.00%,759257.0,Trend Entry (Str:0.06)
11-Nov-2021,MFIL,SELL,33.0,1038.0,34254.0,404168.0,-2805.0,-7.57%,720126.2,Trailing Stop (7% drop)
16-Nov-2021,MFIL,BUY,32.0,1106.7,-35414.4,68049.2,0.0,0.00%,728754.7,Trend Entry (Str:0.04)
28-Nov-2021,MFIL,SELL,32.0,1068.0,34176.0,588380.0,-1238.4,-3.50%,683581.0,Trailing Stop (7% drop)
06-Jul-2022,MFIL,BUY,61.0,445.0,-27145.0,435979.4,0.0,0.00%,545559.6,Trend Entry (Str:0.05)
11-Jul-2022,MFIL,SELL,61.0,406.0,24766.0,319268.6,-2379.0,-8.76%,549751.76,Trailing Stop (7% drop)
15-Jul-2022,MFIL,BUY,61.0,447.0,-27267.0,220454.5,0.0,0.00%,549439.12,Trend Entry (Str:0.06)
05-Aug-2022,MFIL,SELL,61.0,467.0,28487.0,209588.26,1220.0,4.47%,591616.26,Trailing Stop (7% drop)
02-Nov-2022,MFIL,BUY,66.0,420.0,-27720.0,360758.06,0.0,0.00%,558873.26,Trend Entry (Str:0.08)
13-Nov-2022,MFIL,SELL,66.0,410.0,27060.0,220685.96,-660.0,-2.38%,539001.46,Trailing Stop (7% drop)
24-Nov-2022,MFIL,BUY,67.0,430.0,-28810.0,23333.36,0.0,0.00%,577490.56,Trend Entry (Str:0.06)
11-Dec-2022,MFIL,SELL,67.0,411.1,27543.7,291641.46,-1266.3,-4.40%,552117.86,Trailing Stop (7% drop)
23-Jan-2023,MFIL,BUY,66.0,469.0,-30954.0,23810.06,0.0,0.00%,627703.76,Trend Entry (Str:0.10)
02-Feb-2023,MFIL,SELL,66.0,451.3,29785.8,361128.56,-1168.2,-3.77%,605414.26,Trailing Stop (7% drop)
07-Feb-2023,MFIL,BUY,62.0,492.0,-30504.0,299203.06,0.0,0.00%,616035.26,Trend Entry (Str:0.09)
16-Feb-2023,MFIL,SELL,62.0,453.0,28086.0,374857.96,-2418.0,-7.93%,580375.96,Trailing Stop (7% drop)
02-May-2023,MFIL,BUY,64.0,438.0,-28032.0,342602.16,0.0,0.00%,568121.66,Trend Entry (Str:0.01)
27-Jul-2023,MFIL,SELL,64.0,525.5,33632.0,131242.56,5600.0,19.98%,591497.46,Trailing Stop (7% drop)
21-Sep-2023,MFIL,BUY,53.0,540.0,-28620.0,401233.66,0.0,0.00%,581262.16,Trend Entry (Str:0.04)
16-Oct-2023,MFIL,SELL,53.0,498.0,26394.0,406043.16,-2226.0,-7.78%,538781.86,Trailing Stop (7% drop)
27-Nov-2023,MFIL,BUY,50.0,528.0,-26400.0,428610.06,0.0,0.00%,537794.16,Trend Entry (Str:0.03)
03-Dec-2023,MFIL,SELL,50.0,489.0,24450.0,373294.06,-1950.0,-7.39%,531788.96,Trailing Stop (7% drop)
10-Dec-2023,MFIL,BUY,52.0,513.0,-26676.0,182634.16,0.0,0.00%,542006.86,Trend Entry (Str:0.01)
01-Jan-2024,MFIL,SELL,52.0,523.0,27196.0,306354.46,520.0,1.95%,555565.46,Trailing Stop (7% drop)
09-Jan-2024,MFIL,BUY,52.0,534.8,-27809.6,26551.46,0.0,0.00%,561948.56,Trend Entry (Str:0.02)
24-Jan-2024,MFIL,SELL,52.0,513.0,26676.0,255633.16,-1133.6,-4.08%,577467.16,Trailing Stop (7% drop)
18-Mar-2024,MFIL,BUY,54.0,518.0,-27972.0,310446.16,0.0,0.00%,562334.86,Trend Entry (Str:0.01)
06-Jun-2024,MFIL,SELL,54.0,500.0,27000.0,29339.46,-972.0,-3.47%,553243.96,Trailing Stop (7% drop)
16-Jun-2024,MFIL,BUY,54.0,521.0,-28134.0,3488.06,0.0,0.00%,564910.96,Trend Entry (Str:0.02)
06-Aug-2024,MFIL,SELL,54.0,692.5,37395.0,305580.16,9261.0,32.92%,684245.36,Trailing Stop (7% drop)
11-Aug-2024,MFIL,BUY,47.0,744.9,-35010.3,93905.86,0.0,0.00%,713625.26,Trend Entry (Str:0.15)
27-Aug-2024,MFIL,SELL,47.0,782.1,36758.7,287154.96,1748.4,4.99%,739188.26,Trailing Stop (7% drop)
17-Oct-2024,MFIL,BUY,47.0,751.1,-35301.7,212791.66,0.0,0.00%,707938.46,Trend Entry (Str:0.06)
21-Oct-2024,MFIL,SELL,47.0,698.0,32806.0,242952.86,-2495.7,-7.07%,685689.36,Trailing Stop (7% drop)
27-Oct-2024,MFIL,BUY,45.0,744.8,-33516.0,405743.96,0.0,0.00%,682656.26,Trend Entry (Str:0.05)
21-Nov-2024,MFIL,SELL,45.0,742.5,33412.5,65431.26,-103.5,-0.31%,700937.66,Trailing Stop (7% drop)
27-Nov-2024,MFIL,BUY,45.0,785.0,-35325.0,163116.26,0.0,0.00%,712254.46,Trend Entry (Str:0.03)
08-Dec-2024,MFIL,SELL,45.0,724.0,32580.0,316124.86,-2745.0,-7.77%,726198.16,Trailing Stop (7% drop)
17-Feb-2025,MFIL,BUY,56.0,659.0,-36904.0,91674.26,0.0,0.00%,738829.36,Trend Entry (Str:0.03)
11-Mar-2025,MFIL,SELL,56.0,625.0,35000.0,227841.86,-1904.0,-5.16%,736074.06,Trailing Stop (7% drop)
20-May-2025,MFIL,BUY,58.0,604.08,-35036.64,281454.33,0.0,0.00%,708165.32,Trend Entry (Str:0.01)
13-Aug-2025,MFIL,SELL,58.0,685.87,39780.46,548091.95,4743.82,13.54%,738619.95,Trailing Stop (7% drop)
26-Nov-2025,MFIL,BUY,60.0,602.0,-36120.0,182089.07,0.0,0.00%,733769.37,Trend Entry (Str:0.03)
16-Feb-2021,MLBL,SELL,32.0,315.0,10080.0,12588.0,5088.0,101.92%,451741.0,Take Profit (100% gain)
22-Apr-2021,MLBL,BUY,76.0,299.0,-22724.0,24212.0,0.0,0.00%,455252.0,Trend Entry (Str:0.05)
15-Jun-2021,MLBL,SELL,76.0,458.0,34808.0,37684.0,12084.0,53.18%,742768.0,Trailing Stop (7% drop)
18-Jul-2021,MLBL,BUY,74.0,480.0,-35520.0,214637.5,0.0,0.00%,716227.0,Trend Entry (Str:0.11)
25-Aug-2021,MLBL,SELL,74.0,672.0,49728.0,445170.3,14208.0,40.00%,833979.7,Trailing Stop (7% drop)
29-Aug-2021,MLBL,BUY,60.0,690.0,-41400.0,468316.8,0.0,0.00%,837345.8,Trend Entry (Str:0.24)
02-Sep-2021,MLBL,SELL,60.0,635.0,38100.0,394523.3,-3300.0,-7.97%,798736.9,Trailing Stop (7% drop)
12-Sep-2021,MLBL,BUY,62.0,635.0,-39370.0,554586.0,0.0,0.00%,795569.4,Trend Entry (Str:0.06)
16-Sep-2021,MLBL,SELL,62.0,581.0,36022.0,660303.0,-3348.0,-8.50%,769525.8,Trailing Stop (7% drop)
24-Oct-2021,MLBL,BUY,62.0,604.0,-37448.0,680867.0,0.0,0.00%,755087.5,Trend Entry (Str:0.04)
09-Nov-2021,MLBL,SELL,62.0,793.8,49215.6,49640.1,11767.6,31.42%,731046.0,Trailing Stop (7% drop)
14-Nov-2021,MLBL,BUY,45.0,785.0,-35325.0,464723.2,0.0,0.00%,720520.0,Trend Entry (Str:0.25)
18-Nov-2021,MLBL,SELL,45.0,740.0,33300.0,33811.2,-2025.0,-5.73%,715811.7,Trailing Stop (7% drop)
30-Jan-2022,MLBL,BUY,58.0,545.0,-31610.0,83422.4,0.0,0.00%,639154.7,Trend Entry (Str:0.04)
13-Feb-2022,MLBL,SELL,58.0,490.0,28420.0,475962.7,-3190.0,-10.09%,591759.7,Trailing Stop (7% drop)
06-Jul-2022,MLBL,BUY,73.0,370.0,-27010.0,354956.8,0.0,0.00%,545559.6,Trend Entry (Str:0.04)
11-Jul-2022,MLBL,SELL,73.0,335.0,24455.0,368797.6,-2555.0,-9.46%,549751.76,Trailing Stop (7% drop)
15-Jul-2022,MLBL,BUY,72.0,378.0,-27216.0,302477.5,0.0,0.00%,549439.12,Trend Entry (Str:0.07)
05-Aug-2022,MLBL,SELL,72.0,405.1,29167.2,116059.06,1951.2,7.17%,591616.26,Trailing Stop (7% drop)
15-Aug-2022,MLBL,BUY,72.0,402.8,-29001.6,351796.16,0.0,0.00%,581103.76,Trend Entry (Str:0.02)
28-Aug-2022,MLBL,SELL,72.0,376.0,27072.0,341989.06,-1929.6,-6.65%,557640.06,Trailing Stop (7% drop)
02-Nov-2022,MLBL,BUY,77.0,360.0,-27720.0,305265.56,0.0,0.00%,558873.26,Trend Entry (Str:0.01)
11-Dec-2022,MLBL,SELL,77.0,335.0,25795.0,187133.16,-1925.0,-6.94%,552117.86,Trailing Stop (7% drop)
28-May-2023,MLBL,BUY,93.0,305.2,-28383.6,227712.16,0.0,0.00%,570420.06,Trend Entry (Str:0.01)
02-Jul-2023,MLBL,SELL,93.0,325.0,30225.0,60934.26,1841.4,6.49%,588653.06,Trailing Stop (7% drop)
11-Jul-2023,MLBL,BUY,87.0,334.0,-29058.0,189099.26,0.0,0.00%,585114.56,Trend Entry (Str:0.04)
27-Jul-2023,MLBL,SELL,87.0,340.9,29658.3,285714.36,600.3,2.07%,591497.46,Trailing Stop (7% drop)
25-Sep-2023,MLBL,BUY,89.0,323.8,-28818.2,284367.26,0.0,0.00%,577510.36,Trend Entry (Str:0.03)
10-Oct-2023,MLBL,SELL,89.0,300.1,26708.9,246602.86,-2109.3,-7.32%,544053.06,Trailing Stop (7% drop)
29-Nov-2023,MLBL,BUY,86.0,308.0,-26488.0,375332.06,0.0,0.00%,535501.76,Trend Entry (Str:0.01)
28-Dec-2023,MLBL,SELL,86.0,326.3,28061.8,168073.26,1573.8,5.94%,556992.86,Trailing Stop (7% drop)
09-Jan-2024,MLBL,BUY,83.0,337.9,-28045.7,109939.06,0.0,0.00%,561948.56,Trend Entry (Str:0.05)
04-Feb-2024,MLBL,SELL,83.0,326.0,27058.0,192580.76,-987.7,-3.52%,563574.46,Trailing Stop (7% drop)
08-Feb-2024,MLBL,BUY,84.0,337.2,-28324.8,190505.06,0.0,0.00%,571684.86,Trend Entry (Str:0.01)
29-Feb-2024,MLBL,SELL,84.0,315.2,26476.8,511096.06,-1848.0,-6.52%,565568.86,Trailing Stop (7% drop)
18-Mar-2024,MLBL,BUY,82.0,339.0,-27798.0,393784.16,0.0,0.00%,562334.86,Trend Entry (Str:0.03)
18-Apr-2024,MLBL,SELL,82.0,315.0,25830.0,277802.36,-1968.0,-7.08%,545454.46,Trailing Stop (7% drop)
07-May-2024,MLBL,BUY,83.0,328.0,-27224.0,328021.06,0.0,0.00%,548310.96,Trend Entry (Str:0.01)
06-Aug-2024,MLBL,SELL,83.0,413.0,34279.0,71626.16,7055.0,25.91%,684245.36,Trailing Stop (7% drop)
11-Aug-2024,MLBL,BUY,79.0,447.0,-35313.0,128916.16,0.0,0.00%,713625.26,Trend Entry (Str:0.15)
27-Aug-2024,MLBL,SELL,79.0,438.0,34602.0,250396.26,-711.0,-2.01%,739188.26,Trailing Stop (7% drop)
17-Oct-2024,MLBL,BUY,84.0,419.0,-35196.0,177595.66,0.0,0.00%,707938.46,Trend Entry (Str:0.03)
09-Dec-2024,MLBL,SELL,84.0,411.9,34599.6,382192.96,-596.4,-1.69%,718178.16,Trailing Stop (7% drop)
03-Feb-2025,MLBL,BUY,87.0,416.9,-36270.3,346179.66,0.0,0.00%,725506.06,Trend Entry (Str:0.10)
17-Mar-2025,MLBL,SELL,87.0,420.0,36540.0,370940.86,269.7,0.74%,729887.26,Trailing Stop (7% drop)
20-May-2025,MLBL,BUY,89.0,396.96,-35329.44,387076.45,0.0,0.00%,708165.32,Trend Entry (Str:0.03)
03-Aug-2025,MLBL,SELL,89.0,418.23,37222.47,116434.66,1893.03,5.36%,749691.13,Trailing Stop (7% drop)
06-Nov-2025,MLBL,BUY,94.0,384.7,-36161.8,474453.17,0.0,0.00%,726608.67,Trend Entry (Str:0.01)
22-Dec-2025,MLBL,SELL,94.0,359.0,33746.0,133098.37,-2415.8,-6.68%,705819.27,Trailing Stop (7% drop)
22-Jan-2026,MLBL,BUY,25.0,382.8,-9570.0,23.37,0.0,0.00%,750390.67,Trend Entry (Str:0.03)
15-Feb-2021,NABIL,SELL,19.0,1321.0,25099.0,69672.0,12559.0,100.15%,449390.0,Take Profit (100% gain)
21-Feb-2021,NABIL,BUY,15.0,1355.0,-20325.0,361.0,0.0,0.00%,463359.0,Trend Entry (Str:0.15)
03-Mar-2021,NABIL,SELL,15.0,1244.0,18660.0,435651.0,-1665.0,-8.19%,435651.0,Trailing Stop (7% drop)
12-Apr-2021,NABIL,BUY,16.0,1348.0,-21568.0,2736.0,0.0,0.00%,447313.0,Trend Entry (Str:0.06)
25-Apr-2021,NABIL,SELL,16.0,1270.0,20320.0,218494.0,-1248.0,-5.79%,441406.0,Trailing Stop (7% drop)
03-Jun-2021,NABIL,BUY,23.0,1309.0,-30107.0,57439.0,0.0,0.00%,624713.0,Trend Entry (Str:0.02)
05-Sep-2021,NABIL,SELL,23.0,1388.0,31924.0,686615.3,1817.0,6.04%,793511.3,Trailing Stop (7% drop)
17-Oct-2021,NABIL,BUY,25.0,1482.0,-37050.0,688567.0,0.0,0.00%,763357.0,Trend Entry (Str:0.04)
23-Nov-2021,NABIL,SELL,25.0,1537.0,38425.0,108524.2,1375.0,3.71%,701695.2,Trailing Stop (7% drop)
06-Jul-2022,NABIL,BUY,31.0,864.0,-26784.0,409195.4,0.0,0.00%,545559.6,Trend Entry (Str:0.04)
05-Aug-2022,NABIL,SELL,70.13,819.7,57485.56,57547.86,-2877.44,-4.77%,591616.26,Trailing Stop (7% drop)
12-Oct-2022,NABIL,BUY,34.0,794.0,-26996.0,526306.06,0.0,0.00%,553302.06,Trend Entry (Str:0.02)
11-Dec-2022,NABIL,SELL,34.0,846.0,28764.0,161338.16,1768.0,6.55%,552117.86,Trailing Stop (7% drop)
27-Jun-2023,NABIL,BUY,50.0,608.9,-30445.0,39537.66,0.0,0.00%,614848.36,Trend Entry (Str:0.03)
08-Aug-2023,NABIL,SELL,50.0,600.0,30000.0,371999.76,-445.0,-1.46%,582825.56,Trailing Stop (7% drop)
27-Sep-2023,NABIL,BUY,48.0,591.5,-28392.0,54407.86,0.0,0.00%,573865.56,Trend Entry (Str:0.00)
23-Nov-2023,NABIL,SELL,48.0,515.0,24720.0,508306.16,-3672.0,-12.93%,537702.96,Trailing Stop (7% drop)
18-Mar-2024,NABIL,BUY,60.0,461.0,-27660.0,282786.16,0.0,0.00%,562334.86,Trend Entry (Str:0.01)
21-Apr-2024,NABIL,SELL,60.0,428.0,25680.0,329053.36,-1980.0,-7.16%,547824.06,Trailing Stop (7% drop)
21-May-2024,NABIL,BUY,59.0,480.9,-28373.1,77110.86,0.0,0.00%,568335.46,Trend Entry (Str:0.11)
30-May-2024,NABIL,SELL,59.0,478.3,28219.7,85519.46,-153.4,-0.54%,556290.06,Trailing Stop (7% drop)
12-Jun-2024,NABIL,BUY,58.0,483.0,-28014.0,116292.06,0.0,0.00%,563983.86,Trend Entry (Str:0.05)
27-Aug-2024,NABIL,SELL,58.0,605.6,35124.8,68562.26,7110.8,25.38%,739188.26,Trailing Stop (7% drop)
16-Oct-2024,NABIL,BUY,58.0,608.0,-35264.0,388867.06,0.0,0.00%,707400.36,Trend Entry (Str:0.05)
06-Nov-2024,NABIL,SELL,58.0,564.6,32746.8,95360.36,-2517.2,-7.14%,687478.56,Trailing Stop (7% drop)
23-Feb-2025,NABIL,BUY,50.0,489.9,-24495.0,44.56,0.0,0.00%,730017.36,Trend Entry (Str:0.00)
23-Mar-2025,NABIL,SELL,50.0,482.62,24131.0,534270.73,-364.0,-1.49%,716680.88,Trailing Stop (7% drop)
22-May-2025,NABIL,BUY,70.0,499.55,-34968.5,211372.31,0.0,0.00%,709040.92,Trend Entry (Str:0.03)
24-Aug-2025,NABIL,SELL,70.0,513.56,35949.2,582865.81,980.7,2.80%,737930.05,Trailing Stop (7% drop)
31-Jan-2021,NBB,SELL,30.0,287.0,8610.0,324831.0,3270.0,61.24%,411179.0,Trailing Stop (7% drop)
08-Feb-2021,NBB,BUY,70.0,306.0,-21420.0,17974.0,0.0,0.00%,433991.0,Trend Entry (Str:0.08)
02-Mar-2021,NBB,SELL,70.0,301.0,21070.0,335898.0,-350.0,-1.63%,436552.0,Trailing Stop (7% drop)
21-Mar-2021,NBB,BUY,60.0,355.0,-21300.0,365811.0,0.0,0.00%,431608.0,Trend Entry (Str:0.14)
29-Mar-2021,NBB,SELL,60.0,363.0,21780.0,323123.0,480.0,2.25%,432130.0,Trailing Stop (7% drop)
04-Apr-2021,NBB,BUY,58.0,371.0,-21518.0,172217.0,0.0,0.00%,436960.0,Trend Entry (Str:0.12)
25-Apr-2021,NBB,SELL,58.0,368.0,21344.0,115758.0,-174.0,-0.81%,441406.0,Trailing Stop (7% drop)
29-Apr-2021,NBB,BUY,57.0,379.0,-21603.0,368501.0,0.0,0.00%,432964.0,Trend Entry (Str:0.03)
21-Jun-2021,NBB,SELL,57.0,398.0,22686.0,352517.0,1083.0,5.01%,684836.0,Trailing Stop (7% drop)
15-Jul-2021,NBB,BUY,79.0,436.0,-34444.0,285469.0,0.0,0.00%,697353.0,Trend Entry (Str:0.06)
29-Aug-2021,NBB,SELL,79.0,456.0,36024.0,509716.8,1580.0,4.59%,837345.8,Trailing Stop (7% drop)
28-Dec-2021,NBB,BUY,91.0,369.0,-33579.0,641101.0,0.0,0.00%,674680.0,Trend Entry (Str:0.03)
11-Jul-2022,NBB,MERGER_SWAP,91.0,792.0,30990.960000000003,219531.6,0.0,0,578428.76,Swapped 91 NBB into 39.13 NABIL
25-Jan-2021,NHPC,SELL,70.0,128.0,8960.0,234008.0,5530.0,161.22%,420140.0,Take Profit (100% gain)
31-Jan-2021,NHPC,BUY,150.0,137.0,-20550.0,312369.0,0.0,0.00%,411179.0,Trend Entry (Str:0.14)
14-Feb-2021,NHPC,SELL,150.0,134.0,20100.0,20126.0,-450.0,-2.19%,435513.0,Trailing Stop (7% drop)
22-Feb-2021,NHPC,BUY,128.0,148.0,-18944.0,17.0,0.0,0.00%,461307.0,Trend Entry (Str:0.12)
02-Mar-2021,NHPC,SELL,128.0,142.0,18176.0,375389.0,-768.0,-4.05%,436552.0,Trailing Stop (7% drop)
07-Mar-2021,NHPC,BUY,141.0,154.0,-21714.0,327487.0,0.0,0.00%,436927.0,Trend Entry (Str:0.08)
12-Apr-2021,NHPC,SELL,141.0,171.0,24111.0,24304.0,2397.0,11.04%,447313.0,Trailing Stop (7% drop)
13-May-2021,NHPC,BUY,130.0,179.0,-23270.0,65625.0,0.0,0.00%,468373.0,Trend Entry (Str:0.10)
01-Jun-2021,NHPC,SELL,130.0,234.0,30420.0,149656.0,7150.0,30.73%,587955.0,Trailing Stop (7% drop)
06-Jun-2021,NHPC,BUY,107.0,245.0,-26215.0,12.0,0.0,0.00%,608232.0,Trend Entry (Str:0.29)
16-Jun-2021,NHPC,SELL,107.0,291.0,31137.0,220418.0,4922.0,18.78%,710921.0,Trailing Stop (7% drop)
20-Jun-2021,NHPC,BUY,112.0,308.0,-34496.0,329831.0,0.0,0.00%,695929.0,Trend Entry (Str:0.31)
05-Jul-2021,NHPC,SELL,112.0,305.0,34160.0,323695.0,-336.0,-0.97%,674781.0,Trailing Stop (7% drop)
11-Jul-2021,NHPC,BUY,109.0,317.0,-34553.0,319913.0,0.0,0.00%,692942.0,Trend Entry (Str:0.07)
24-Aug-2021,NHPC,SELL,109.0,432.9,47186.1,106622.8,12633.1,36.56%,840402.9,Trailing Stop (7% drop)
29-Aug-2021,NHPC,BUY,90.0,461.5,-41535.0,385281.0,0.0,0.00%,837345.8,Trend Entry (Str:0.18)
02-Sep-2021,NHPC,SELL,90.0,424.0,38160.0,470987.3,-3375.0,-8.13%,798736.9,Trailing Stop (7% drop)
12-Sep-2021,NHPC,BUY,85.0,467.5,-39737.5,633430.0,0.0,0.00%,795569.4,Trend Entry (Str:0.11)
16-Sep-2021,NHPC,SELL,85.0,432.0,36720.0,624281.0,-3017.5,-7.59%,769525.8,Trailing Stop (7% drop)
22-Sep-2021,NHPC,BUY,85.0,449.0,-38165.0,729028.0,0.0,0.00%,767193.0,Trend Entry (Str:0.03)
28-Sep-2021,NHPC,SELL,85.0,403.0,34255.0,763283.0,-3910.0,-10.24%,763283.0,Trailing Stop (7% drop)
02-Nov-2021,NHPC,BUY,89.0,426.0,-37914.0,148577.1,0.0,0.00%,763496.3,Trend Entry (Str:0.05)
28-Nov-2021,NHPC,SELL,89.0,409.0,36401.0,349238.0,-1513.0,-3.99%,683581.0,Trailing Stop (7% drop)
30-Jan-2022,NHPC,BUY,80.0,395.9,-31672.0,146772.4,0.0,0.00%,639154.7,Trend Entry (Str:0.07)
27-Feb-2022,NHPC,SELL,80.0,366.0,29280.0,552828.7,-2392.0,-7.55%,588171.7,Trailing Stop (7% drop)
20-May-2022,NHPC,BUY,103.0,279.0,-28737.0,492911.1,0.0,0.00%,579727.1,Trend Entry (Str:0.06)
31-May-2022,NHPC,SELL,103.0,259.0,26677.0,519588.1,-2060.0,-7.17%,575681.0,Trailing Stop (7% drop)
13-Jul-2022,NHPC,BUY,112.0,245.0,-27440.0,439376.0,0.0,0.00%,549324.63,Trend Entry (Str:0.04)
05-Aug-2022,NHPC,SELL,112.0,262.0,29344.0,86891.86,1904.0,6.94%,591616.26,Trailing Stop (7% drop)
18-Aug-2022,NHPC,BUY,111.0,260.5,-28915.5,207764.66,0.0,0.00%,580856.66,Trend Entry (Str:0.01)
28-Aug-2022,NHPC,SELL,111.0,238.0,26418.0,447257.06,-2497.5,-8.64%,557640.06,Trailing Stop (7% drop)
17-Nov-2022,NHPC,BUY,134.0,204.0,-27336.0,190047.56,0.0,0.00%,547946.86,Trend Entry (Str:0.05)
18-Dec-2022,NHPC,SELL,134.0,190.0,25460.0,446054.66,-1876.0,-6.86%,548182.66,Trailing Stop (7% drop)
02-Jan-2023,NHPC,BUY,115.0,243.0,-27945.0,190610.76,0.0,0.00%,562288.26,Trend Entry (Str:0.19)
30-Jan-2023,NHPC,SELL,115.0,259.0,29785.0,119741.76,1840.0,6.58%,616305.56,Trailing Stop (7% drop)
07-Feb-2023,NHPC,BUY,115.0,266.0,-30590.0,268613.06,0.0,0.00%,616035.26,Trend Entry (Str:0.07)
16-Feb-2023,NHPC,SELL,115.0,244.0,28060.0,402917.96,-2530.0,-8.27%,580375.96,Trailing Stop (7% drop)
04-Jun-2023,NHPC,BUY,127.0,221.0,-28067.0,197402.56,0.0,0.00%,563225.06,Trend Entry (Str:0.03)
18-Jun-2023,NHPC,SELL,127.0,199.8,25374.6,25443.76,-2692.4,-9.59%,594236.26,Trailing Stop (7% drop)
27-Sep-2023,NHPC,BUY,182.0,157.0,-28574.0,139963.86,0.0,0.00%,573865.56,Trend Entry (Str:0.06)
10-Oct-2023,NHPC,SELL,182.0,145.7,26517.4,300237.26,-2056.6,-7.20%,544053.06,Trailing Stop (7% drop)
10-Dec-2023,NHPC,BUY,183.0,147.8,-27047.4,317456.16,0.0,0.00%,542006.86,Trend Entry (Str:0.11)
28-Dec-2023,NHPC,SELL,183.0,155.0,28365.0,196438.26,1317.6,4.87%,556992.86,Trailing Stop (7% drop)
03-Jan-2024,NHPC,BUY,170.0,162.0,-27540.0,331890.46,0.0,0.00%,553124.56,Trend Entry (Str:0.11)
01-Feb-2024,NHPC,SELL,170.0,168.0,28560.0,165522.76,1020.0,3.70%,563760.06,Trailing Stop (7% drop)
12-Feb-2024,NHPC,BUY,167.0,172.0,-28724.0,133159.46,0.0,0.00%,576646.46,Trend Entry (Str:0.03)
22-Feb-2024,NHPC,SELL,167.0,157.2,26252.4,386111.96,-2471.6,-8.60%,575468.66,Trailing Stop (7% drop)
22-May-2024,NHPC,BUY,133.0,149.0,-19817.0,84.76,0.0,0.00%,578597.36,Trend Entry (Str:0.02)
30-Jun-2024,NHPC,SELL,133.0,138.4,18407.2,67709.56,-1409.8,-7.11%,553792.46,Trailing Stop (7% drop)
05-Aug-2024,NHPC,BUY,160.0,208.0,-33280.0,99.56,0.0,0.00%,730714.06,Trend Entry (Str:0.24)
21-Aug-2024,NHPC,SELL,160.0,254.6,40736.0,43673.46,7456.0,22.40%,769922.76,Trailing Stop (7% drop)
02-Sep-2024,NHPC,BUY,147.0,248.6,-36544.2,470520.86,0.0,0.00%,732804.26,Trend Entry (Str:0.13)
08-Sep-2024,NHPC,SELL,147.0,234.0,34398.0,459556.56,-2146.2,-5.87%,711035.56,Trailing Stop (7% drop)
28-Oct-2024,NHPC,BUY,151.0,227.0,-34277.0,337327.56,0.0,0.00%,688315.56,Trend Entry (Str:0.03)
24-Nov-2024,NHPC,SELL,151.0,218.0,32918.0,168560.26,-1359.0,-3.96%,690306.46,Trailing Stop (7% drop)
28-Nov-2024,NHPC,BUY,154.0,229.0,-35266.0,127850.26,0.0,0.00%,707197.06,Trend Entry (Str:0.01)
08-Dec-2024,NHPC,SELL,154.0,224.0,34496.0,350620.86,-770.0,-2.18%,726198.16,Trailing Stop (7% drop)
16-Dec-2024,NHPC,BUY,152.0,232.4,-35324.8,501860.36,0.0,0.00%,707260.36,Trend Entry (Str:0.01)
22-Dec-2024,NHPC,SELL,152.0,214.0,32528.0,598339.56,-2796.8,-7.92%,702489.36,Trailing Stop (7% drop)
02-Feb-2025,NHPC,BUY,159.0,226.0,-35934.0,382449.96,0.0,0.00%,722030.76,Trend Entry (Str:0.04)
10-Mar-2025,NHPC,SELL,159.0,219.9,34964.1,68287.66,-969.9,-2.70%,740077.66,Trailing Stop (7% drop)
22-Apr-2025,NHPC,BUY,160.0,223.27,-35723.2,426986.73,0.0,0.00%,715141.67,Trend Entry (Str:0.05)
14-May-2025,NHPC,SELL,160.0,220.76,35321.6,426670.21,-401.6,-1.12%,706495.76,Trailing Stop (7% drop)
20-May-2025,NHPC,BUY,156.0,226.83,-35385.48,351690.97,0.0,0.00%,708165.32,Trend Entry (Str:0.03)
08-Jul-2025,NHPC,SELL,156.0,210.8,32884.8,153001.86,-2500.68,-7.07%,693612.69,Trailing Stop (7% drop)
27-Nov-2025,NHPC,BUY,185.0,197.8,-36593.0,37923.67,0.0,0.00%,734197.87,Trend Entry (Str:0.03)
22-Dec-2025,NHPC,SELL,185.0,183.9,34021.5,201999.87,-2571.5,-7.03%,705819.27,Trailing Stop (7% drop)
20-Jan-2026,NHPC,BUY,182.0,203.9,-37109.8,158022.47,0.0,0.00%,743284.17,Trend Entry (Str:0.08)
16-May-2024,NIBL,BUY,175.0,157.0,-27475.0,189138.96,0.0,0.00%,550078.76,Trend Entry (Str:0.03)
06-Jun-2024,NIBL,SELL,175.0,158.0,27650.0,56989.46,175.0,0.64%,553243.96,Trailing Stop (7% drop)
07-Jul-2024,NIBL,BUY,148.0,161.8,-23946.4,155.86,0.0,0.00%,579125.46,Trend Entry (Str:0.03)
06-Aug-2024,NIBL,SELL,148.0,217.5,32190.0,374289.76,8243.6,34.43%,684245.36,Trailing Stop (7% drop)
06-Oct-2024,NIBL,BUY,146.0,239.5,-34967.0,633867.66,0.0,0.00%,703414.66,Trend Entry (Str:0.04)
24-Oct-2024,NIBL,SELL,146.0,236.0,34456.0,406885.16,-511.0,-1.46%,683953.96,Trailing Stop (7% drop)
06-Feb-2025,NIBL,BUY,172.0,211.8,-36429.6,237326.36,0.0,0.00%,728712.06,Trend Entry (Str:0.01)
11-Mar-2025,NIBL,SELL,172.0,216.0,37152.0,192841.86,722.4,1.98%,736074.06,Trailing Stop (7% drop)
10-Apr-2025,NIBL,BUY,166.0,214.03,-35528.98,536742.01,0.0,0.00%,713714.3,Trend Entry (Str:0.00)
22-Jun-2025,NIBL,SELL,166.0,204.86,34006.76,62688.83,-1522.22,-4.28%,677270.87,Trailing Stop (7% drop)
03-Jul-2025,NIBL,BUY,162.0,215.87,-34970.94,225252.88,0.0,0.00%,700832.78,Trend Entry (Str:0.03)
05-Aug-2025,NIBL,SELL,162.0,225.46,36524.52,390928.02,1553.58,4.44%,741858.88,Trailing Stop (7% drop)
30-Sep-2025,NIBL,BUY,175.0,208.0,-36400.0,693452.07,0.0,0.00%,729852.07,Trend Entry (Str:0.01)
16-Nov-2025,NIBL,SELL,175.0,191.0,33425.0,434438.67,-2975.0,-8.17%,716510.97,Trailing Stop (7% drop)
04-Jan-2026,NIBL,BUY,184.0,191.8,-35291.2,234438.77,0.0,0.00%,708420.47,Trend Entry (Str:0.00)
25-Jan-2021,NICA,SELL,22.0,907.0,19954.0,253962.0,11814.0,145.14%,420140.0,Take Profit (100% gain)
02-Feb-2021,NICA,BUY,23.0,888.0,-20424.0,168609.0,0.0,0.00%,418005.0,Trend Entry (Str:0.01)
28-Feb-2021,NICA,SELL,23.0,883.0,20309.0,171901.0,-115.0,-0.56%,439030.0,Trailing Stop (7% drop)
06-Apr-2021,NICA,BUY,24.0,918.0,-22032.0,18231.0,0.0,0.00%,443258.0,Trend Entry (Str:0.03)
25-Apr-2021,NICA,SELL,24.0,908.0,21792.0,180194.0,-240.0,-1.09%,441406.0,Trailing Stop (7% drop)
03-Jun-2021,NICA,BUY,34.0,918.0,-31212.0,26227.0,0.0,0.00%,624713.0,Trend Entry (Str:0.02)
16-Aug-2021,NICA,SELL,34.0,988.0,33592.0,124914.9,2380.0,7.63%,841731.8,Trailing Stop (7% drop)
16-Nov-2021,NICA,BUY,41.0,870.0,-35670.0,32379.2,0.0,0.00%,728754.7,Trend Entry (Str:0.03)
29-Nov-2021,NICA,SELL,41.0,800.0,32800.0,615094.0,-2870.0,-8.05%,679422.8,Trailing Stop (7% drop)
06-Jan-2022,NICA,BUY,40.0,838.0,-33520.0,301223.9,0.0,0.00%,674237.4,Trend Entry (Str:0.09)
07-Feb-2022,NICA,SELL,40.0,843.0,33720.0,68075.4,200.0,0.60%,626743.0,Trailing Stop (7% drop)
27-Apr-2022,NICA,BUY,37.0,781.8,-28926.6,550196.1,0.0,0.00%,579122.7,Trend Entry (Str:0.02)
02-Jun-2022,NICA,SELL,37.0,744.5,27546.5,547134.6,-1380.1,-4.77%,575219.0,Trailing Stop (7% drop)
21-Jul-2022,NICA,BUY,29.0,722.0,-20938.0,62.3,0.0,0.00%,546076.85,Trend Entry (Str:0.05)
10-Aug-2022,NICA,SELL,29.0,674.0,19546.0,499571.96,-1392.0,-6.65%,580819.76,Trailing Stop (7% drop)
01-Nov-2022,NICA,BUY,40.0,695.0,-27800.0,416366.06,0.0,0.00%,559560.86,Trend Entry (Str:0.11)
13-Mar-2023,NICA,SELL,40.0,777.0,31080.0,572059.36,3280.0,11.80%,572059.36,Trailing Stop (7% drop)
25-Apr-2023,NICA,BUY,39.0,735.0,-28665.0,372375.76,0.0,0.00%,574047.76,Trend Entry (Str:0.03)
02-Oct-2023,NICA,SELL,39.0,761.5,29698.5,114579.16,1033.5,3.61%,563068.26,Trailing Stop (7% drop)
21-Dec-2023,NICA,BUY,50.0,532.0,-26600.0,519.96,0.0,0.00%,584001.46,Trend Entry (Str:0.05)
22-Jan-2024,NICA,SELL,50.0,489.0,24450.0,24495.96,-2150.0,-8.08%,588053.86,Trailing Stop (7% drop)
21-May-2024,NICA,BUY,66.0,429.5,-28347.0,105483.96,0.0,0.00%,568335.46,Trend Entry (Str:0.15)
29-May-2024,NICA,SELL,66.0,414.0,27324.0,27355.76,-1023.0,-3.61%,562170.96,Trailing Stop (7% drop)
02-Jun-2024,NICA,BUY,65.0,424.0,-27560.0,57959.46,0.0,0.00%,559447.46,Trend Entry (Str:0.12)
30-Jun-2024,NICA,SELL,65.0,394.1,25616.5,93326.06,-1943.5,-7.05%,553792.46,Trailing Stop (7% drop)
09-Jul-2024,NICA,BUY,67.0,433.1,-29017.7,1387.06,0.0,0.00%,580735.46,Trend Entry (Str:0.05)
05-Aug-2024,NICA,SELL,67.0,495.9,33225.3,33379.56,4207.6,14.50%,730714.06,Trailing Stop (7% drop)
16-Oct-2024,NICA,BUY,70.0,498.7,-34909.0,424131.06,0.0,0.00%,707400.36,Trend Entry (Str:0.07)
23-Oct-2024,NICA,SELL,70.0,452.0,31640.0,339617.16,-3269.0,-9.36%,686928.06,Trailing Stop (7% drop)
23-Feb-2025,NICA,BUY,97.0,373.1,-36190.7,24539.56,0.0,0.00%,730017.36,Trend Entry (Str:0.01)
11-Mar-2025,NICA,SELL,97.0,379.0,36763.0,337534.86,572.3,1.58%,736074.06,Trailing Stop (7% drop)
02-Jun-2025,NICA,BUY,88.0,369.69,-32532.72,265.79,0.0,0.00%,707781.72,Trend Entry (Str:0.04)
17-Jun-2025,NICA,SELL,88.0,342.68,30155.84,63255.51,-2376.88,-7.31%,692928.32,Trailing Stop (7% drop)
09-Jul-2025,NICA,BUY,96.0,360.46,-34604.16,49727.18,0.0,0.00%,699184.74,Trend Entry (Str:0.03)
30-Jul-2025,NICA,SELL,96.0,390.2,37459.2,39550.37,2855.04,8.25%,771299.1,Trailing Stop (7% drop)
01-Dec-2025,NICA,BUY,111.0,324.0,-35964.0,257.17,0.0,0.00%,722718.47,Trend Entry (Str:0.02)
28-Feb-2021,NMB,SELL,23.0,430.0,9890.0,109370.0,2967.0,42.86%,439030.0,Trailing Stop (7% drop)
31-May-2021,NMB,BUY,67.0,434.0,-29078.0,112902.0,0.0,0.00%,587776.0,Trend Entry (Str:0.03)
17-Aug-2021,NMB,SELL,67.0,473.0,31691.0,31903.7,2613.0,8.99%,873918.9,Trailing Stop (7% drop)
19-Jan-2022,NMB,BUY,88.0,370.0,-32560.0,312.9,0.0,0.00%,664103.3,Trend Entry (Str:0.04)
26-Jan-2022,NMB,SELL,88.0,343.1,30192.8,527322.7,-2367.2,-7.27%,636236.7,Trailing Stop (7% drop)
19-Jul-2022,NMB,BUY,102.0,267.9,-27325.8,57943.3,0.0,0.00%,548231.24,Trend Entry (Str:0.04)
14-Aug-2022,NMB,SELL,102.0,250.9,25591.8,525163.76,-1734.0,-6.35%,579945.56,Trailing Stop (7% drop)
01-Nov-2022,NMB,BUY,112.0,249.0,-27888.0,388478.06,0.0,0.00%,559560.86,Trend Entry (Str:0.05)
06-Dec-2022,NMB,SELL,112.0,236.7,26510.4,52718.16,-1377.6,-4.94%,564838.76,Trailing Stop (7% drop)
23-Jan-2023,NMB,BUY,96.0,245.7,-23587.2,222.86,0.0,0.00%,627703.76,Trend Entry (Str:0.04)
15-Feb-2023,NMB,SELL,96.0,232.9,22358.4,174624.96,-1228.8,-5.21%,586491.46,Trailing Stop (7% drop)
16-Apr-2023,NMB,BUY,121.0,235.0,-28435.0,515064.36,0.0,0.00%,572773.36,Trend Entry (Str:0.05)
31-May-2023,NMB,SELL,121.0,221.0,26741.0,226501.16,-1694.0,-5.96%,554443.16,Trailing Stop (7% drop)
19-Jul-2023,NMB,BUY,125.0,242.0,-30250.0,69913.06,0.0,0.00%,605525.46,Trend Entry (Str:0.07)
27-Jul-2023,NMB,SELL,125.0,233.1,29137.5,314851.86,-1112.5,-3.68%,591497.46,Trailing Stop (7% drop)
03-Aug-2023,NMB,BUY,123.0,239.0,-29397.0,400341.76,0.0,0.00%,588659.46,Trend Entry (Str:0.03)
03-Sep-2023,NMB,SELL,123.0,221.3,27219.9,426275.66,-2177.1,-7.41%,580996.56,Trailing Stop (7% drop)
17-Mar-2024,NMB,BUY,144.0,194.3,-27979.2,449635.06,0.0,0.00%,562113.86,Trend Entry (Str:0.04)
27-Mar-2024,NMB,SELL,144.0,180.3,25963.2,224999.36,-2016.0,-7.21%,553374.56,Trailing Stop (7% drop)
19-May-2024,NMB,BUY,152.0,183.0,-27816.0,133830.96,0.0,0.00%,557127.86,Trend Entry (Str:0.05)
30-May-2024,NMB,SELL,152.0,197.0,29944.0,57299.76,2128.0,7.65%,556290.06,Trailing Stop (7% drop)
03-Jun-2024,NMB,BUY,139.0,200.0,-27800.0,30159.46,0.0,0.00%,557549.96,Trend Entry (Str:0.10)
27-Jun-2024,NMB,SELL,139.0,185.0,25715.0,25799.86,-2085.0,-7.50%,557581.06,Trailing Stop (7% drop)
25-Aug-2024,NMB,BUY,140.0,273.0,-38220.0,33437.46,0.0,0.00%,767660.56,Trend Entry (Str:0.09)
01-Sep-2024,NMB,SELL,140.0,249.0,34860.0,580095.86,-3360.0,-8.79%,728328.86,Trailing Stop (7% drop)
08-Oct-2024,NMB,BUY,129.0,270.8,-34933.2,598934.46,0.0,0.00%,703887.26,Trend Entry (Str:0.06)
23-Oct-2024,NMB,SELL,129.0,263.9,34043.1,242632.16,-890.1,-2.55%,686928.06,Trailing Stop (7% drop)
10-Nov-2024,NMB,BUY,133.0,264.0,-35112.0,60248.36,0.0,0.00%,706176.06,Trend Entry (Str:0.01)
08-Dec-2024,NMB,SELL,133.0,243.0,32319.0,250728.46,-2793.0,-7.95%,726198.16,Trailing Stop (7% drop)
04-Feb-2025,NMB,BUY,147.0,245.9,-36147.3,273755.96,0.0,0.00%,727802.06,Trend Entry (Str:0.02)
23-Mar-2025,NMB,SELL,147.0,243.09,35734.23,474353.33,-413.07,-1.14%,716680.88,Trailing Stop (7% drop)
27-May-2025,NMB,BUY,140.0,251.39,-35194.6,173970.49,0.0,0.00%,704255.56,Trend Entry (Str:0.04)
22-Jun-2025,NMB,SELL,140.0,235.23,32932.2,95621.03,-2262.4,-6.43%,677270.87,Trailing Stop (7% drop)
07-Jul-2025,NMB,BUY,138.0,249.22,-34392.36,154628.52,0.0,0.00%,692675.93,Trend Entry (Str:0.02)
03-Aug-2025,NMB,SELL,138.0,257.61,35550.18,187277.89,1157.82,3.37%,749691.13,Trailing Stop (7% drop)
26-Nov-2025,NMB,BUY,145.0,251.8,-36511.0,218209.07,0.0,0.00%,733769.37,Trend Entry (Str:0.05)
24-Dec-2025,NMB,SELL,145.0,235.1,34089.5,271964.37,-2421.5,-6.63%,704356.77,Trailing Stop (7% drop)
25-Jan-2021,PCBL,SELL,26.0,474.0,12324.0,266286.0,6370.0,106.99%,420140.0,Take Profit (100% gain)
14-Feb-2021,PCBL,BUY,47.0,460.0,-21620.0,44573.0,0.0,0.00%,435513.0,Trend Entry (Str:0.03)
28-Feb-2021,PCBL,SELL,47.0,436.0,20492.0,283493.0,-1128.0,-5.22%,439030.0,Trailing Stop (7% drop)
31-May-2021,PCBL,BUY,65.0,450.0,-29250.0,83652.0,0.0,0.00%,587776.0,Trend Entry (Str:0.03)
05-Sep-2021,PCBL,SELL,65.0,485.0,31525.0,654691.3,2275.0,7.78%,793511.3,Trailing Stop (7% drop)
19-Jan-2022,PCBL,BUY,87.0,380.0,-33060.0,66072.1,0.0,0.00%,664103.3,Trend Entry (Str:0.07)
26-Jan-2022,PCBL,SELL,87.0,352.0,30624.0,497129.9,-2436.0,-7.37%,636236.7,Trailing Stop (7% drop)
02-Nov-2022,PCBL,BUY,115.0,241.5,-27772.5,332985.56,0.0,0.00%,558873.26,Trend Entry (Str:0.07)
15-Dec-2022,PCBL,SELL,115.0,224.5,25817.5,367168.66,-1955.0,-7.04%,550512.56,Trailing Stop (7% drop)
25-Apr-2023,PCBL,BUY,143.0,200.0,-28600.0,343775.76,0.0,0.00%,574047.76,Trend Entry (Str:0.01)
01-Aug-2023,PCBL,SELL,143.0,204.0,29172.0,429738.76,572.0,2.00%,587817.16,Trailing Stop (7% drop)
04-Oct-2023,PCBL,BUY,152.0,184.0,-27968.0,166943.56,0.0,0.00%,559776.36,Trend Entry (Str:0.01)
07-Jan-2024,PCBL,SELL,152.0,195.2,29670.4,333342.46,1702.4,6.09%,552557.66,Trailing Stop (7% drop)
17-Jan-2024,PCBL,BUY,139.0,210.9,-29315.1,235.36,0.0,0.00%,588195.46,Trend Entry (Str:0.06)
21-Feb-2024,PCBL,SELL,139.0,197.8,27494.2,215430.26,-1820.9,-6.21%,576877.06,Trailing Stop (7% drop)
12-May-2024,PCBL,BUY,142.0,193.0,-27406.0,246030.56,0.0,0.00%,550867.86,Trend Entry (Str:0.01)
10-Jun-2024,PCBL,SELL,142.0,197.8,28087.6,144306.06,681.6,2.49%,551594.46,Trailing Stop (7% drop)
16-Jun-2024,PCBL,BUY,17.0,201.4,-3423.8,64.26,0.0,0.00%,564910.96,Trend Entry (Str:0.01)
06-Aug-2024,PCBL,SELL,17.0,273.0,4641.0,310221.16,1217.2,35.55%,684245.36,Trailing Stop (7% drop)
11-Aug-2024,PCBL,BUY,122.0,291.8,-35599.6,199599.16,0.0,0.00%,713625.26,Trend Entry (Str:0.18)
27-Aug-2024,PCBL,SELL,122.0,288.5,35197.0,215794.26,-402.6,-1.13%,739188.26,Trailing Stop (7% drop)
09-Oct-2024,PCBL,BUY,119.0,294.1,-34997.9,493938.56,0.0,0.00%,701004.66,Trend Entry (Str:0.05)
19-Nov-2024,PCBL,SELL,119.0,275.0,32725.0,32922.96,-2272.9,-6.49%,703806.46,Trailing Stop (7% drop)
20-Feb-2025,PCBL,BUY,144.0,253.5,-36504.0,97178.26,0.0,0.00%,733042.56,Trend Entry (Str:0.03)
11-Mar-2025,PCBL,SELL,144.0,255.0,36720.0,264561.86,216.0,0.59%,736074.06,Trailing Stop (7% drop)
27-May-2025,PCBL,BUY,140.0,251.4,-35196.0,138774.49,0.0,0.00%,704255.56,Trend Entry (Str:0.03)
12-Jun-2025,PCBL,SELL,140.0,239.79,33570.6,67769.63,-1625.4,-4.62%,695400.32,Trailing Stop (7% drop)
06-Jul-2025,PCBL,BUY,135.0,256.96,-34689.6,189020.88,0.0,0.00%,698553.02,Trend Entry (Str:0.05)
03-Aug-2025,PCBL,SELL,135.0,261.43,35293.05,151727.71,603.45,1.74%,749691.13,Trailing Stop (7% drop)
13-Nov-2025,PCBL,BUY,145.0,247.3,-35858.5,401013.67,0.0,0.00%,719074.27,Trend Entry (Str:0.02)
05-Jan-2026,PCBL,SELL,145.0,238.5,34582.5,269021.27,-1276.0,-3.56%,713285.67,Trailing Stop (7% drop)
28-Jan-2021,PROFL,SELL,43.0,159.0,6837.0,273123.0,2795.0,69.15%,414583.0,Trailing Stop (7% drop)
15-Feb-2021,PROFL,BUY,135.0,166.0,-22410.0,24852.0,0.0,0.00%,449390.0,Trend Entry (Str:0.07)
03-Mar-2021,PROFL,SELL,135.0,158.0,21330.0,416991.0,-1080.0,-4.82%,435651.0,Trailing Stop (7% drop)
06-Apr-2021,PROFL,BUY,130.0,170.0,-22100.0,106206.0,0.0,0.00%,443258.0,Trend Entry (Str:0.05)
26-Apr-2021,PROFL,SELL,130.0,173.0,22490.0,367179.0,390.0,1.76%,432660.0,Trailing Stop (7% drop)
02-May-2021,PROFL,BUY,119.0,181.0,-21539.0,239477.0,0.0,0.00%,433681.0,Trend Entry (Str:0.06)
08-Jun-2021,PROFL,SELL,119.0,375.0,44625.0,44769.0,23086.0,107.18%,659509.0,Take Profit (100% gain)
15-Jun-2021,PROFL,BUY,88.0,420.0,-36960.0,724.0,0.0,0.00%,742768.0,Trend Entry (Str:0.50)
20-Jun-2021,PROFL,SELL,88.0,369.0,32472.0,331833.0,-4488.0,-12.14%,695929.0,Trailing Stop (7% drop)
19-Jul-2021,PROFL,BUY,91.0,390.0,-35490.0,73097.5,0.0,0.00%,715478.5,Trend Entry (Str:0.06)
15-Aug-2021,PROFL,SELL,91.0,505.0,45955.0,46258.9,10465.0,29.49%,835046.2,Trailing Stop (7% drop)
26-Aug-2021,PROFL,BUY,80.0,519.9,-41592.0,473692.8,0.0,0.00%,837756.3,Trend Entry (Str:0.13)
08-Sep-2021,PROFL,SELL,80.0,501.0,40080.0,643580.7,-1512.0,-3.64%,787935.3,Trailing Stop (7% drop)
02-Nov-2021,PROFL,BUY,84.0,454.0,-38136.0,300372.1,0.0,0.00%,763496.3,Trend Entry (Str:0.12)
09-Nov-2021,PROFL,SELL,84.0,419.4,35229.6,265289.8,-2906.4,-7.62%,731046.0,Trailing Stop (7% drop)
16-Nov-2021,PROFL,BUY,83.0,435.0,-36105.0,175850.2,0.0,0.00%,728754.7,Trend Entry (Str:0.09)
28-Nov-2021,PROFL,SELL,83.0,396.0,32868.0,520820.0,-3237.0,-8.97%,683581.0,Trailing Stop (7% drop)
11-Jan-2022,PROFL,BUY,81.0,424.0,-34344.0,198735.3,0.0,0.00%,690840.1,Trend Entry (Str:0.16)
24-Jan-2022,PROFL,SELL,81.0,389.1,31517.1,202216.0,-2826.9,-8.23%,642547.6,Trailing Stop (7% drop)
30-Jan-2022,PROFL,BUY,77.0,411.9,-31716.3,178444.4,0.0,0.00%,639154.7,Trend Entry (Str:0.08)
13-Feb-2022,PROFL,SELL,77.0,370.0,28490.0,419107.8,-3226.3,-10.17%,591759.7,Trailing Stop (7% drop)
06-Jul-2022,PROFL,BUY,112.0,243.1,-27227.2,327729.6,0.0,0.00%,545559.6,Trend Entry (Str:0.03)
11-Jul-2022,PROFL,SELL,112.0,216.0,24192.0,392989.6,-3035.2,-11.15%,549751.76,Trailing Stop (7% drop)
15-Jul-2022,PROFL,BUY,111.0,246.0,-27306.0,275171.5,0.0,0.00%,549439.12,Trend Entry (Str:0.06)
05-Aug-2022,PROFL,SELL,111.0,300.2,33322.2,149381.26,6016.2,22.03%,591616.26,Trailing Stop (7% drop)
15-Aug-2022,PROFL,BUY,96.0,301.0,-28896.0,467323.76,0.0,0.00%,581103.76,Trend Entry (Str:0.08)
31-Aug-2022,PROFL,SELL,96.0,288.0,27648.0,474905.06,-1248.0,-4.32%,555764.46,Trailing Stop (7% drop)
07-Nov-2022,PROFL,BUY,97.0,285.0,-27645.0,249890.56,0.0,0.00%,557749.06,Trend Entry (Str:0.05)
13-Nov-2022,PROFL,SELL,97.0,263.0,25511.0,246196.96,-2134.0,-7.72%,539001.46,Trailing Stop (7% drop)
17-Nov-2022,PROFL,BUY,98.0,279.0,-27342.0,162705.56,0.0,0.00%,547946.86,Trend Entry (Str:0.04)
07-Dec-2022,PROFL,SELL,98.0,281.0,27538.0,107134.16,196.0,0.72%,558748.46,Trailing Stop (7% drop)
01-Jan-2023,PROFL,BUY,87.0,320.0,-27840.0,246275.76,0.0,0.00%,557954.46,Trend Entry (Str:0.11)
12-Jan-2023,PROFL,SELL,87.0,342.0,29754.0,29962.16,1914.0,6.88%,619013.16,Trailing Stop (7% drop)
26-Jan-2023,PROFL,BUY,80.0,360.0,-28800.0,237.86,0.0,0.00%,638773.46,Trend Entry (Str:0.13)
30-Jan-2023,PROFL,SELL,80.0,333.0,26640.0,229769.76,-2160.0,-7.50%,616305.56,Trailing Stop (7% drop)
07-Feb-2023,PROFL,BUY,83.0,370.0,-30710.0,329707.06,0.0,0.00%,616035.26,Trend Entry (Str:0.10)
16-Feb-2023,PROFL,SELL,83.0,339.0,28137.0,346771.96,-2573.0,-8.38%,580375.96,Trailing Stop (7% drop)
11-Jun-2023,PROFL,BUY,84.0,320.5,-26922.0,269.16,0.0,0.00%,585293.96,Trend Entry (Str:0.09)
10-Jul-2023,PROFL,SELL,84.0,428.0,35952.0,334296.26,9030.0,33.54%,584059.06,Trailing Stop (7% drop)
18-Jul-2023,PROFL,BUY,69.0,435.0,-30015.0,130302.26,0.0,0.00%,600708.96,Trend Entry (Str:0.14)
30-Jul-2023,PROFL,SELL,69.0,412.0,28428.0,375117.06,-1587.0,-5.29%,588291.96,Trailing Stop (7% drop)
25-Sep-2023,PROFL,BUY,90.0,317.4,-28566.0,313185.46,0.0,0.00%,577510.36,Trend Entry (Str:0.04)
10-Oct-2023,PROFL,SELL,90.0,300.0,27000.0,219893.96,-1566.0,-5.48%,544053.06,Trailing Stop (7% drop)
12-Dec-2023,PROFL,BUY,89.0,304.0,-27056.0,47933.36,0.0,0.00%,545906.96,Trend Entry (Str:0.06)
27-Dec-2023,PROFL,SELL,89.0,311.5,27723.5,140011.46,667.5,2.47%,560326.76,Trailing Stop (7% drop)
08-Jan-2024,PROFL,BUY,89.0,313.0,-27857.0,193777.86,0.0,0.00%,557629.46,Trend Entry (Str:0.03)
21-Jan-2024,PROFL,SELL,89.0,325.4,28960.6,29195.96,1103.6,3.96%,596570.86,Trailing Stop (7% drop)
18-Mar-2024,PROFL,BUY,87.0,320.0,-27840.0,254946.16,0.0,0.00%,562334.86,Trend Entry (Str:0.01)
05-May-2024,PROFL,SELL,87.0,330.1,28718.7,355245.06,878.7,3.16%,547575.06,Trailing Stop (7% drop)
09-May-2024,PROFL,BUY,79.0,343.5,-27136.5,300884.56,0.0,0.00%,549097.66,Trend Entry (Str:0.05)
06-Aug-2024,PROFL,SELL,79.0,589.0,46531.0,118157.16,19394.5,71.47%,684245.36,Trailing Stop (7% drop)
11-Aug-2024,PROFL,BUY,56.0,636.0,-35616.0,235198.76,0.0,0.00%,713625.26,Trend Entry (Str:0.30)
18-Aug-2024,PROFL,SELL,56.0,734.0,41104.0,41440.46,5488.0,15.41%,773070.96,Trailing Stop (7% drop)
17-Oct-2024,PROFL,BUY,53.0,659.0,-34927.0,318719.36,0.0,0.00%,707938.46,Trend Entry (Str:0.08)
24-Nov-2024,PROFL,SELL,53.0,679.0,35987.0,135642.26,1060.0,3.03%,690306.46,Trailing Stop (7% drop)
03-Dec-2024,PROFL,BUY,51.0,711.0,-36261.0,56386.26,0.0,0.00%,733097.66,Trend Entry (Str:0.02)
09-Dec-2024,PROFL,SELL,51.0,659.9,33654.9,533601.36,-2606.1,-7.19%,718178.16,Trailing Stop (7% drop)
17-Feb-2025,PROFL,BUY,59.0,622.6,-36733.4,128578.26,0.0,0.00%,738829.36,Trend Entry (Str:0.08)
09-Mar-2025,PROFL,SELL,59.0,578.0,34102.0,70374.56,-2631.4,-7.16%,744715.86,Trailing Stop (7% drop)
08-Jul-2025,PROFL,BUY,68.0,503.6,-34244.8,118757.06,0.0,0.00%,693612.69,Trend Entry (Str:0.03)
03-Aug-2025,PROFL,SELL,68.0,536.07,36452.76,223730.65,2207.96,6.45%,749691.13,Trailing Stop (7% drop)
09-Nov-2025,PROFL,BUY,75.0,479.0,-35925.0,438528.17,0.0,0.00%,720563.47,Trend Entry (Str:0.02)
21-Dec-2025,PROFL,SELL,75.0,445.0,33375.0,134465.37,-2550.0,-7.10%,708950.57,Trailing Stop (7% drop)
18-Jan-2026,PROFL,BUY,75.0,487.8,-36585.0,195132.27,0.0,0.00%,733777.87,Trend Entry (Str:0.07)
03-Feb-2021,RLI,SELL,22.0,775.0,17050.0,185659.0,8822.0,107.22%,417552.0,Take Profit (100% gain)
07-Feb-2021,RLI,BUY,27.0,773.0,-20871.0,39394.0,0.0,0.00%,430323.0,Trend Entry (Str:0.19)
14-Feb-2021,RLI,SELL,27.0,726.0,19602.0,66193.0,-1269.0,-6.08%,435513.0,Trailing Stop (7% drop)
01-Apr-2021,RLI,BUY,30.0,721.0,-21630.0,258401.0,0.0,0.00%,433437.0,Trend Entry (Str:0.06)
21-Apr-2021,RLI,SELL,30.0,702.0,21060.0,23796.0,-570.0,-2.64%,454166.0,Trailing Stop (7% drop)
30-May-2021,RLI,BUY,41.0,734.0,-30094.0,28486.0,0.0,0.00%,608263.0,Trend Entry (Str:0.05)
20-Jun-2021,RLI,SELL,41.0,698.0,28618.0,233441.0,-1476.0,-4.90%,695929.0,Trailing Stop (7% drop)
03-Nov-2021,RLI,BUY,68.0,563.5,-38318.0,34456.5,0.0,0.00%,768512.7,Trend Entry (Str:0.06)
11-Nov-2021,RLI,SELL,68.0,520.0,35360.0,509223.2,-2958.0,-7.72%,720126.2,Trailing Stop (7% drop)
16-Nov-2021,RLI,BUY,65.0,557.0,-36205.0,103463.6,0.0,0.00%,728754.7,Trend Entry (Str:0.07)
23-Nov-2021,RLI,SELL,65.0,516.0,33540.0,211171.2,-2665.0,-7.36%,701695.2,Trailing Stop (7% drop)
03-Jan-2022,RLI,BUY,63.0,529.0,-33327.0,602266.0,0.0,0.00%,671811.0,Trend Entry (Str:0.07)
06-Mar-2022,RLI,SELL,63.0,539.0,33957.0,557652.7,630.0,1.89%,583133.7,Trailing Stop (7% drop)
28-Mar-2022,RLI,BUY,51.0,569.0,-29019.0,524996.7,0.0,0.00%,581132.7,Trend Entry (Str:0.02)
05-Apr-2022,RLI,SELL,51.0,535.0,27285.0,579122.7,-1734.0,-5.98%,579122.7,Trailing Stop (7% drop)
02-Jan-2023,RLI,BUY,63.0,440.0,-27720.0,218555.76,0.0,0.00%,562288.26,Trend Entry (Str:0.25)
23-Jan-2023,RLI,SELL,63.0,437.0,27531.0,54764.06,-189.0,-0.68%,627703.76,Trailing Stop (7% drop)
29-Jan-2023,RLI,BUY,69.0,457.8,-31588.2,25278.26,0.0,0.00%,634395.66,Trend Entry (Str:0.15)
02-Feb-2023,RLI,SELL,69.0,423.0,29187.0,390315.56,-2401.2,-7.60%,605414.26,Trailing Stop (7% drop)
07-Feb-2023,RLI,BUY,69.0,442.6,-30539.4,238073.66,0.0,0.00%,616035.26,Trend Entry (Str:0.05)
15-Feb-2023,RLI,SELL,69.0,410.0,28290.0,231635.96,-2249.4,-7.37%,586491.46,Trailing Stop (7% drop)
31-Jan-2021,SANIMA,SELL,24.0,337.0,8088.0,332919.0,1128.0,16.21%,411179.0,Trailing Stop (7% drop)
04-Feb-2021,SANIMA,BUY,58.0,358.0,-20764.0,60265.0,0.0,0.00%,421846.0,Trend Entry (Str:0.03)
28-Feb-2021,SANIMA,SELL,58.0,364.0,21112.0,243673.0,348.0,1.68%,439030.0,Trailing Stop (7% drop)
05-Apr-2021,SANIMA,BUY,58.0,375.0,-21750.0,150467.0,0.0,0.00%,435635.0,Trend Entry (Str:0.02)
25-Apr-2021,SANIMA,SELL,58.0,369.0,21402.0,137160.0,-348.0,-1.60%,441406.0,Trailing Stop (7% drop)
29-Apr-2021,SANIMA,BUY,54.0,394.0,-21276.0,390104.0,0.0,0.00%,432964.0,Trend Entry (Str:0.05)
26-Aug-2021,SANIMA,SELL,54.0,522.0,28188.0,515284.8,6912.0,32.49%,837756.3,Trailing Stop (7% drop)
06-Oct-2021,SANIMA,BUY,74.0,509.0,-37666.0,725617.0,0.0,0.00%,763283.0,Trend Entry (Str:0.01)
24-Oct-2021,SANIMA,SELL,74.0,402.0,29748.0,718315.0,-7918.0,-21.02%,755087.5,Trailing Stop (7% drop)
04-Jan-2022,SANIMA,BUY,88.0,381.9,-33607.2,501765.8,0.0,0.00%,673174.7,Trend Entry (Str:0.08)
24-Jan-2022,SANIMA,SELL,88.0,367.0,32296.0,32608.9,-1311.2,-3.90%,642547.6,Trailing Stop (7% drop)
20-Oct-2022,SANIMA,BUY,108.0,254.0,-27432.0,471658.06,0.0,0.00%,552793.06,Trend Entry (Str:0.02)
05-Dec-2022,SANIMA,SELL,108.0,242.0,26136.0,26207.76,-1296.0,-4.72%,570130.86,Trailing Stop (7% drop)
12-Jan-2023,SANIMA,BUY,118.0,260.1,-30691.8,29846.36,0.0,0.00%,619013.16,Trend Entry (Str:0.08)
02-Feb-2023,SANIMA,SELL,118.0,245.0,28910.0,331342.76,-1781.8,-5.81%,605414.26,Trailing Stop (7% drop)
07-Feb-2023,SANIMA,BUY,120.0,255.5,-30660.0,115608.66,0.0,0.00%,616035.26,Trend Entry (Str:0.03)
16-Feb-2023,SANIMA,SELL,120.0,238.0,28560.0,489045.96,-2100.0,-6.85%,580375.96,Trailing Stop (7% drop)
05-Apr-2023,SANIMA,BUY,119.0,240.0,-28560.0,543499.36,0.0,0.00%,572059.36,Trend Entry (Str:0.00)
01-Oct-2023,SANIMA,SELL,119.0,277.2,32986.8,87394.66,4426.8,15.50%,560718.36,Trailing Stop (7% drop)
10-Dec-2023,SANIMA,BUY,107.0,253.0,-27071.0,263355.16,0.0,0.00%,542006.86,Trend Entry (Str:0.06)
02-Jan-2024,SANIMA,SELL,107.0,251.0,26857.0,387018.46,-214.0,-0.79%,552124.66,Trailing Stop (7% drop)
10-Jan-2024,SANIMA,BUY,103.0,256.0,-26368.0,183.46,0.0,0.00%,560283.36,Trend Entry (Str:0.02)
22-Jan-2024,SANIMA,SELL,103.0,245.2,25255.6,106628.56,-1112.4,-4.22%,588053.86,Trailing Stop (7% drop)
14-Mar-2024,SANIMA,BUY,114.0,245.0,-27930.0,505703.86,0.0,0.00%,561745.86,Trend Entry (Str:0.01)
18-Jun-2024,SANIMA,SELL,114.0,248.1,28283.4,28347.66,353.4,1.27%,559684.86,Trailing Stop (7% drop)
21-Aug-2024,SANIMA,BUY,16.0,370.0,-5920.0,215.46,0.0,0.00%,769922.76,Trend Entry (Str:0.15)
27-Aug-2024,SANIMA,SELL,16.0,351.0,5616.0,398449.96,-304.0,-5.14%,739188.26,Trailing Stop (7% drop)
08-Oct-2024,SANIMA,BUY,98.0,358.0,-35084.0,563850.46,0.0,0.00%,703887.26,Trend Entry (Str:0.05)
23-Oct-2024,SANIMA,SELL,98.0,326.0,31948.0,274580.16,-3136.0,-8.94%,686928.06,Trailing Stop (7% drop)
18-Feb-2025,SANIMA,BUY,120.0,305.0,-36600.0,18199.26,0.0,0.00%,736703.76,Trend Entry (Str:0.03)
23-Mar-2025,SANIMA,SELL,120.0,298.22,35786.4,510139.73,-813.6,-2.22%,716680.88,Trailing Stop (7% drop)
21-Apr-2025,SANIMA,BUY,114.0,311.91,-35557.74,498148.06,0.0,0.00%,715431.95,Trend Entry (Str:0.03)
18-Sep-2025,SANIMA,SELL,114.0,348.9,39774.6,695670.07,4216.86,11.86%,729852.07,Trailing Stop (7% drop)
03-Dec-2025,SANIMA,BUY,113.0,314.9,-35583.7,197.47,0.0,0.00%,716451.77,Trend Entry (Str:0.02)
