Date,Stock,Action,Qty,Price,Total_Amount,Cash_In_Hand,TMS_Khata_Value,Profit_Loss,Gain_Loss_Pct,Portfolio_Value,Reason
"Jan 24, 2016",ADBL,SELL,45.0,599.0,26955.0,30242.0,564247.0,22410.0,493.07%,594489.0,Take Profit (100% up) - exactly 493.07% up
"Jan 24, 2016",AHPC,SELL,27.0,349.0,9423.0,39665.0,554824.0,2592.0,37.94%,594489.0,Take Profit (25% up) - exactly 37.94% up
"Jan 24, 2016",ALICL,SELL,35.0,1299.0,45465.0,85130.0,509359.0,40285.0,777.70%,594489.0,Take Profit (100% up) - exactly 777.70% up
"Jan 24, 2016",CIT,SELL,21.0,4390.0,92190.0,177320.0,417169.0,81921.0,797.75%,594489.0,Take Profit (100% up) - exactly 797.75% up
"Jan 24, 2016",CZBIL,SELL,34.0,612.0,20808.0,198128.0,396361.0,15402.0,284.91%,594489.0,Take Profit (100% up) - exactly 284.91% up
"Jan 24, 2016",EBL,SELL,19.0,2350.0,44650.0,242778.0,351711.0,32015.0,253.38%,594489.0,Take Profit (100% up) - exactly 253.38% up
"Jan 24, 2016",EDBL,SELL,28.0,645.0,18060.0,260838.0,333651.0,11732.0,185.40%,594489.0,Take Profit (100% up) - exactly 185.40% up
"Jan 24, 2016",GBIME,SELL,27.0,463.0,12501.0,273339.0,321150.0,5940.0,90.53%,594489.0,Take Profit (25% up) - exactly 90.53% up
"Jan 24, 2016",ICFC,SELL,45.0,236.0,10620.0,283959.0,310530.0,6075.0,133.66%,594489.0,Take Profit (100% up) - exactly 133.66% up
"Jan 24, 2016",LICN,SELL,21.0,3500.0,73500.0,357459.0,237030.0,63399.0,627.65%,594489.0,Take Profit (100% up) - exactly 627.65% up
"Jan 24, 2016",NABIL,SELL,18.0,1895.0,34110.0,391569.0,202920.0,19278.0,129.98%,594489.0,Take Profit (100% up) - exactly 129.98% up
"Jan 24, 2016",NBB,SELL,44.0,488.0,21472.0,413041.0,181448.0,16940.0,373.79%,594489.0,Take Profit (100% up) - exactly 373.79% up
"Jan 24, 2016",NHPC,SELL,91.0,159.0,14469.0,427510.0,166979.0,10829.0,297.50%,594489.0,Take Profit (100% up) - exactly 297.50% up
"Jan 24, 2016",NICA,SELL,20.0,720.0,14400.0,441910.0,152579.0,3820.0,36.11%,594489.0,Take Profit (25% up) - exactly 36.11% up
"Jan 24, 2016",NMB,SELL,35.0,485.0,16975.0,458885.0,135604.0,11865.0,232.19%,594489.0,Take Profit (100% up) - exactly 232.19% up
"Jan 24, 2016",PCBL,SELL,34.0,510.0,17340.0,476225.0,118264.0,11900.0,218.75%,594489.0,Take Profit (100% up) - exactly 218.75% up
"Jan 24, 2016",SANIMA,SELL,34.0,714.0,24276.0,500501.0,93988.0,18836.0,346.25%,594489.0,Take Profit (100% up) - exactly 346.25% up
"Jan 24, 2016",SBI,SELL,22.0,1275.0,28050.0,528551.0,65938.0,19250.0,218.75%,594489.0,Take Profit (100% up) - exactly 218.75% up
"Jan 28, 2016",AHPC,BUY,87.0,341.0,-29667.0,498884.0,95605.0,0.0,0.00%,594489.0,Trend Entry (Str: 0.23)
"Jan 28, 2016",ICFC,BUY,128.0,231.0,-29568.0,469316.0,125173.0,0.0,0.00%,594489.0,Trend Entry (Str: 0.09)
"Jan 28, 2016",NBB,BUY,60.0,490.0,-29400.0,439916.0,154573.0,0.0,0.00%,594489.0,Trend Entry (Str: 0.07)
"Jan 28, 2016",SANIMA,BUY,41.0,720.0,-29520.0,410396.0,184093.0,0.0,0.00%,594489.0,Trend Entry (Str: 0.06)
"Jan 28, 2016",CZBIL,BUY,48.0,615.0,-29520.0,380876.0,213613.0,0.0,0.00%,594489.0,Trend Entry (Str: 0.04)
"Feb 01, 2016",GBIME,BUY,62.0,475.0,-29450.0,351426.0,246365.0,0.0,0.00%,597791.0,Trend Entry (Str: 0.12)
"Feb 01, 2016",NMB,BUY,62.0,477.0,-29574.0,321852.0,275939.0,0.0,0.00%,597791.0,Trend Entry (Str: 0.07)
"Feb 01, 2016",NABIL,BUY,15.0,1905.0,-28575.0,293277.0,304514.0,0.0,0.00%,597791.0,Trend Entry (Str: 0.03)
"Feb 03, 2016",MFIL,SELL,43.0,233.0,10019.0,303296.0,302048.0,5375.0,115.74%,605344.0,Take Profit (100% up) - exactly 115.74% up
"Feb 04, 2016",NHPC,BUY,202.0,150.0,-30300.0,272996.0,333612.0,0.0,0.00%,606608.0,Trend Entry (Str: 0.15)
"Feb 04, 2016",ADBL,BUY,51.0,589.0,-30039.0,242957.0,363651.0,0.0,0.00%,606608.0,Trend Entry (Str: 0.07)
"Feb 04, 2016",ALICL,BUY,23.0,1300.0,-29900.0,213057.0,393551.0,0.0,0.00%,606608.0,Trend Entry (Str: 0.03)
"Feb 07, 2016",AHPC,SELL,87.0,297.0,25839.0,238896.0,368443.0,-3828.0,-12.90%,607339.0,Trailing Stop (7% drop) - exactly 12.90% drop
"Feb 07, 2016",MFIL,BUY,118.0,257.0,-30326.0,208570.0,398769.0,0.0,0.00%,607339.0,Trend Entry (Str: 0.24)
"Feb 08, 2016",GMFIL,SELL,33.0,225.0,7425.0,215995.0,392187.0,1914.0,34.73%,608182.0,Take Profit (25% up) - exactly 34.73% up
"Feb 08, 2016",PCBL,BUY,59.0,510.0,-30090.0,185905.0,422277.0,0.0,0.00%,608182.0,Trend Entry (Str: 0.00)
"Feb 14, 2016",PROFL,SELL,42.0,140.0,5880.0,191785.0,415432.0,1302.0,28.44%,607217.0,Take Profit (25% up) - exactly 28.44% up
"Feb 18, 2016",SBI,BUY,21.0,1440.0,-30240.0,161545.0,454045.0,0.0,0.00%,615590.0,Trend Entry (Str: 0.03)
"Feb 22, 2016",PROFL,BUY,165.0,187.0,-30855.0,130690.0,488834.0,0.0,0.00%,619524.0,Trend Entry (Str: 0.28)
"Feb 22, 2016",NICA,BUY,41.0,755.0,-30955.0,99735.0,519789.0,0.0,0.00%,619524.0,Trend Entry (Str: 0.05)
"Feb 22, 2016",AHPC,BUY,101.0,306.0,-30906.0,68829.0,550695.0,0.0,0.00%,619524.0,Trend Entry (Str: 0.04)
"Feb 24, 2016",NHPC,SELL,202.0,164.0,33128.0,101957.0,512864.0,2828.0,9.33%,614821.0,Trailing Stop (7% drop) - exactly 7.87% drop
"Feb 25, 2016",PFL,SELL,48.0,290.0,13920.0,115877.0,508160.0,9552.0,218.68%,624037.0,Take Profit (100% up) - exactly 218.68% up
"Feb 25, 2016",EDBL,BUY,45.0,680.0,-30600.0,85277.0,538760.0,0.0,0.00%,624037.0,Trend Entry (Str: 0.02)
"Feb 28, 2016",JFL,SELL,31.0,346.0,10726.0,96003.0,533291.0,4898.0,84.04%,629294.0,Take Profit (25% up) - exactly 84.04% up
"Mar 06, 2016",NHPC,BUY,190.0,167.0,-31730.0,64273.0,572990.0,0.0,0.00%,637263.0,Trend Entry (Str: 0.04)
"Mar 13, 2016",JFL,BUY,92.0,351.0,-32292.0,31981.0,618306.0,0.0,0.00%,650287.0,Trend Entry (Str: 0.03)
"Mar 14, 2016",PFL,BUY,96.0,332.0,-31872.0,109.0,644557.0,0.0,0.00%,644666.0,Trend Entry (Str: 0.05)
"Mar 15, 2016",ICFC,SELL,128.0,258.0,33024.0,33133.0,612177.0,3456.0,11.69%,645310.0,Trailing Stop (7% drop) - exactly 7.86% drop
"Mar 15, 2016",AHPC,SELL,101.0,341.0,34441.0,67574.0,577736.0,3535.0,11.44%,645310.0,Trailing Stop (7% drop) - exactly 9.07% drop
"Mar 17, 2016",GMFIL,BUY,136.0,238.0,-32368.0,35206.0,615218.0,0.0,0.00%,650424.0,Trend Entry (Str: 0.06)
"Mar 20, 2016",NHPC,SELL,190.0,214.0,40660.0,75866.0,579188.0,8930.0,28.14%,655054.0,Take Profit (25% up) - exactly 28.14% up
"Mar 20, 2016",AHPC,BUY,96.0,339.0,-32544.0,43322.0,611732.0,0.0,0.00%,655054.0,Trend Entry (Str: 0.08)
"Mar 20, 2016",ICFC,BUY,118.0,276.0,-32568.0,10754.0,644300.0,0.0,0.00%,655054.0,Trend Entry (Str: 0.06)
"Mar 21, 2016",ADBL,SELL,51.0,648.0,33048.0,43802.0,612402.0,3009.0,10.02%,656204.0,Trailing Stop (7% drop) - exactly 8.35% drop
"Mar 24, 2016",AHPC,SELL,96.0,314.0,30144.0,73946.0,589857.0,-2400.0,-7.37%,663803.0,Trailing Stop (7% drop) - exactly 7.37% drop
"Mar 24, 2016",NHPC,BUY,171.0,194.0,-33174.0,40772.0,623031.0,0.0,0.00%,663803.0,Trend Entry (Str: 0.11)
"Mar 27, 2016",NMB,SELL,62.0,607.0,37634.0,78406.0,594060.0,8060.0,27.25%,672466.0,Take Profit (25% up) - exactly 27.25% up
"Mar 27, 2016",MFIL,SELL,118.0,237.0,27966.0,106372.0,566094.0,-2360.0,-7.78%,672466.0,Trailing Stop (7% drop) - exactly 9.54% drop
"Mar 27, 2016",ADBL,BUY,49.0,673.0,-32977.0,73395.0,599071.0,0.0,0.00%,672466.0,Trend Entry (Str: 0.08)
"Mar 28, 2016",JFL,SELL,92.0,320.0,29440.0,102835.0,566442.0,-2852.0,-8.83%,669277.0,Trailing Stop (7% drop) - exactly 8.83% drop
"Mar 28, 2016",ICFC,SELL,118.0,255.0,30090.0,132925.0,536352.0,-2478.0,-7.61%,669277.0,Trailing Stop (7% drop) - exactly 8.93% drop
"Mar 29, 2016",EDBL,SELL,45.0,570.0,25650.0,158575.0,500523.0,-4950.0,-16.18%,659098.0,Trailing Stop (7% drop) - exactly 19.03% drop
"Mar 30, 2016",GMFIL,SELL,136.0,314.0,42704.0,201279.0,458271.0,10336.0,31.93%,659550.0,Take Profit (25% up) - exactly 31.93% up
"Mar 31, 2016",NMB,BUY,55.0,590.0,-32450.0,168829.0,488012.0,0.0,0.00%,656841.0,Trend Entry (Str: 0.07)
"Apr 03, 2016",NHPC,SELL,171.0,180.0,30780.0,199609.0,454941.0,-2394.0,-7.22%,654550.0,Trailing Stop (7% drop) - exactly 7.22% drop
"Apr 03, 2016",GMFIL,BUY,98.0,333.0,-32634.0,166975.0,487575.0,0.0,0.00%,654550.0,Trend Entry (Str: 0.37)
"Apr 04, 2016",PROFL,SELL,165.0,160.0,26400.0,193375.0,459528.0,-4455.0,-14.44%,652903.0,Trailing Stop (7% drop) - exactly 14.44% drop
"Apr 05, 2016",ALICL,SELL,23.0,1355.0,31165.0,224540.0,432298.0,1265.0,4.23%,656838.0,Trailing Stop (7% drop) - exactly 7.51% drop
"Apr 11, 2016",ADBL,SELL,49.0,576.0,28224.0,252764.0,395520.0,-4753.0,-14.41%,648284.0,Trailing Stop (7% drop) - exactly 15.79% drop
"Apr 12, 2016",PFL,SELL,96.0,311.0,29856.0,282620.0,367576.0,-2016.0,-6.33%,650196.0,Trailing Stop (7% drop) - exactly 7.44% drop
"Apr 14, 2016",MBL,SELL,41.0,540.0,22140.0,304760.0,367303.0,17343.0,361.54%,672063.0,Take Profit (100% up) - exactly 361.54% up
"Apr 17, 2016",PFL,BUY,104.0,324.0,-33696.0,271064.0,405195.0,0.0,0.00%,676259.0,Trend Entry (Str: 0.02)
"Apr 19, 2016",CZBIL,SELL,48.0,775.0,37200.0,308264.0,377623.0,7680.0,26.02%,685887.0,Take Profit (25% up) - exactly 26.02% up
"Apr 19, 2016",PROFL,BUY,221.0,155.0,-34255.0,274009.0,411878.0,0.0,0.00%,685887.0,Trend Entry (Str: 0.05)
"Apr 21, 2016",MFIL,BUY,135.0,253.0,-34155.0,239854.0,448247.0,0.0,0.00%,688101.0,Trend Entry (Str: 0.11)
"Apr 21, 2016",ICFC,BUY,123.0,278.0,-34194.0,205660.0,482441.0,0.0,0.00%,688101.0,Trend Entry (Str: 0.05)
"Apr 24, 2016",NBB,SELL,60.0,622.0,37320.0,242980.0,455357.0,7920.0,26.94%,698337.0,Take Profit (25% up) - exactly 26.94% up
"Apr 24, 2016",CZBIL,BUY,44.0,790.0,-34760.0,208220.0,490117.0,0.0,0.00%,698337.0,Trend Entry (Str: 0.09)
"Apr 25, 2016",PCBL,SELL,59.0,640.0,37760.0,245980.0,458507.0,7670.0,25.49%,704487.0,Take Profit (25% up) - exactly 25.49% up
"Apr 26, 2016",MFIL,SELL,135.0,335.0,45225.0,291205.0,416002.0,11070.0,32.41%,707207.0,Take Profit (25% up) - exactly 32.41% up
"Apr 27, 2016",ALICL,BUY,24.0,1419.0,-34056.0,257149.0,450276.0,0.0,0.00%,707425.0,Trend Entry (Str: 0.02)
"Apr 28, 2016",NBB,BUY,56.0,629.0,-35224.0,221925.0,485012.0,0.0,0.00%,706937.0,Trend Entry (Str: 0.10)
"Apr 28, 2016",NHPC,BUY,184.0,192.0,-35328.0,186597.0,520340.0,0.0,0.00%,706937.0,Trend Entry (Str: 0.02)
"May 02, 2016",MFIL,BUY,110.0,320.0,-35200.0,151397.0,555714.0,0.0,0.00%,707111.0,Trend Entry (Str: 0.30)
"May 02, 2016",PCBL,BUY,56.0,622.0,-34832.0,116565.0,590546.0,0.0,0.00%,707111.0,Trend Entry (Str: 0.07)
"May 03, 2016",PFL,SELL,104.0,305.0,31720.0,148285.0,556749.0,-1976.0,-5.86%,705034.0,Trailing Stop (7% drop) - exactly 7.58% drop
"May 04, 2016",GBIME,SELL,62.0,493.0,30566.0,178851.0,525106.0,1116.0,3.79%,703957.0,Trailing Stop (7% drop) - exactly 7.33% drop
"May 08, 2016",NICA,SELL,41.0,950.0,38950.0,217801.0,492652.0,7995.0,25.83%,710453.0,Take Profit (25% up) - exactly 25.83% up
"May 08, 2016",AHPC,BUY,111.0,320.0,-35520.0,182281.0,528172.0,0.0,0.00%,710453.0,Trend Entry (Str: 0.03)
"May 08, 2016",EDBL,BUY,58.0,612.0,-35496.0,146785.0,563668.0,0.0,0.00%,710453.0,Trend Entry (Str: 0.02)
"May 09, 2016",GBIME,BUY,71.0,504.0,-35784.0,111001.0,605325.0,0.0,0.00%,716326.0,Trend Entry (Str: 0.02)
"May 09, 2016",ADBL,BUY,55.0,649.0,-35695.0,75306.0,641020.0,0.0,0.00%,716326.0,Trend Entry (Str: 0.01)
"May 11, 2016",MFIL,SELL,110.0,295.0,32450.0,107756.0,600352.0,-2750.0,-7.81%,708108.0,Trailing Stop (7% drop) - exactly 7.81% drop
"May 12, 2016",NICA,BUY,38.0,923.0,-35074.0,72682.0,634708.0,0.0,0.00%,707390.0,Trend Entry (Str: 0.09)
"May 15, 2016",NHPC,SELL,184.0,176.0,32384.0,105066.0,595936.0,-2944.0,-8.33%,701002.0,Trailing Stop (7% drop) - exactly 8.33% drop
"May 16, 2016",NICA,SELL,38.0,772.0,29336.0,134402.0,567126.0,-5738.0,-16.36%,701528.0,Trailing Stop (7% drop) - exactly 16.36% drop
"May 17, 2016",SANIMA,SELL,41.0,905.0,37105.0,171507.0,535504.0,7585.0,25.69%,707011.0,Take Profit (25% up) - exactly 25.69% up
"May 17, 2016",MFIL,BUY,117.0,300.0,-35100.0,136407.0,570604.0,0.0,0.00%,707011.0,Trend Entry (Str: 0.07)
"May 22, 2016",GMFIL,SELL,98.0,313.0,30674.0,167081.0,543901.0,-1960.0,-6.01%,710982.0,Trailing Stop (7% drop) - exactly 8.21% drop
"May 22, 2016",SANIMA,BUY,39.0,903.0,-35217.0,131864.0,579118.0,0.0,0.00%,710982.0,Trend Entry (Str: 0.04)
"May 30, 2016",MEGA,SELL,31.0,433.0,13423.0,145287.0,582634.0,7843.0,140.56%,727921.0,Take Profit (100% up) - exactly 140.56% up
"May 30, 2016",NMB,SELL,55.0,665.0,36575.0,181862.0,546059.0,4125.0,12.71%,727921.0,Trailing Stop (7% drop) - exactly 7.51% drop
"Jun 01, 2016",NHPC,BUY,175.0,207.0,-36225.0,145637.0,581539.0,0.0,0.00%,727176.0,Trend Entry (Str: 0.11)
"Jun 05, 2016",SBI,SELL,21.0,1650.0,34650.0,180287.0,529824.0,4410.0,14.58%,710111.0,Trailing Stop (7% drop) - exactly 8.28% drop
"Jun 05, 2016",ICFC,SELL,123.0,285.0,35055.0,215342.0,494769.0,861.0,2.52%,710111.0,Trailing Stop (7% drop) - exactly 9.24% drop
"Jun 05, 2016",PCBL,SELL,56.0,635.0,35560.0,250902.0,459209.0,728.0,2.09%,710111.0,Trailing Stop (7% drop) - exactly 9.93% drop
"Jun 05, 2016",AHPC,SELL,111.0,340.0,37740.0,288642.0,421469.0,2220.0,6.25%,710111.0,Trailing Stop (7% drop) - exactly 9.09% drop
"Jun 05, 2016",EDBL,SELL,58.0,606.0,35148.0,323790.0,386321.0,-348.0,-0.98%,710111.0,Trailing Stop (7% drop) - exactly 8.18% drop
"Jun 05, 2016",MEGA,BUY,72.0,487.0,-35064.0,288726.0,421385.0,0.0,0.00%,710111.0,Trend Entry (Str: 0.23)
"Jun 06, 2016",CZBIL,SELL,44.0,590.0,25960.0,314686.0,390738.0,-8800.0,-25.32%,705424.0,Trailing Stop (7% drop) - exactly 29.59% drop
"Jun 06, 2016",JFL,BUY,107.0,329.0,-35203.0,279483.0,425941.0,0.0,0.00%,705424.0,Trend Entry (Str: 0.01)
"Jun 07, 2016",NBB,SELL,56.0,798.0,44688.0,324171.0,378739.0,9464.0,26.87%,702910.0,Take Profit (25% up) - exactly 26.87% up
"Jun 07, 2016",SANIMA,SELL,39.0,692.0,26988.0,351159.0,351751.0,-8229.0,-23.37%,702910.0,Trailing Stop (7% drop) - exactly 25.51% drop
"Jun 07, 2016",NHPC,SELL,175.0,192.0,33600.0,384759.0,318151.0,-2625.0,-7.25%,702910.0,Trailing Stop (7% drop) - exactly 7.25% drop
"Jun 09, 2016",PCBL,BUY,50.0,697.0,-34850.0,349909.0,354433.0,0.0,0.00%,704342.0,Trend Entry (Str: 0.06)
"Jun 09, 2016",EDBL,BUY,55.0,640.0,-35200.0,314709.0,389633.0,0.0,0.00%,704342.0,Trend Entry (Str: 0.04)
"Jun 12, 2016",NBB,BUY,40.0,869.0,-34760.0,279949.0,429439.0,0.0,0.00%,709388.0,Trend Entry (Str: 0.22)
"Jun 12, 2016",AHPC,BUY,99.0,356.0,-35244.0,244705.0,464683.0,0.0,0.00%,709388.0,Trend Entry (Str: 0.06)
"Jun 13, 2016",ICFC,BUY,119.0,298.0,-35462.0,209243.0,502702.0,0.0,0.00%,711945.0,Trend Entry (Str: 0.02)
"Jun 14, 2016",NMB,BUY,49.0,719.0,-35231.0,174012.0,542321.0,0.0,0.00%,716333.0,Trend Entry (Str: 0.06)
"Jun 16, 2016",ALICL,SELL,24.0,1870.0,44880.0,218892.0,509678.0,10824.0,31.78%,728570.0,Take Profit (25% up) - exactly 31.78% up
"Jun 19, 2016",NHPC,BUY,186.0,195.0,-36270.0,182622.0,543118.0,0.0,0.00%,725740.0,Trend Entry (Str: 0.04)
"Jun 20, 2016",GMFIL,BUY,95.0,380.0,-36100.0,146522.0,577660.0,0.0,0.00%,724182.0,Trend Entry (Str: 0.17)
"Jun 20, 2016",ALICL,BUY,20.0,1733.0,-34660.0,111862.0,612320.0,0.0,0.00%,724182.0,Trend Entry (Str: 0.15)
"Jun 20, 2016",PFL,BUY,117.0,307.0,-35919.0,75943.0,648239.0,0.0,0.00%,724182.0,Trend Entry (Str: 0.01)
"Jun 21, 2016",PROFL,SELL,221.0,198.0,43758.0,119701.0,611631.0,9503.0,27.74%,731332.0,Take Profit (25% up) - exactly 27.74% up
"Jun 22, 2016",SBI,BUY,21.0,1745.0,-36645.0,83056.0,658655.0,0.0,0.00%,741711.0,Trend Entry (Str: 0.00)
"Jun 26, 2016",NABIL,SELL,15.0,2400.0,36000.0,119056.0,632152.0,7425.0,25.98%,751208.0,Take Profit (25% up) - exactly 25.98% up
"Jun 26, 2016",PROFL,BUY,172.0,218.0,-37496.0,81560.0,669648.0,0.0,0.00%,751208.0,Trend Entry (Str: 0.26)
"Jun 27, 2016",GMFIL,SELL,95.0,351.0,33345.0,114905.0,646207.0,-2755.0,-7.63%,761112.0,Trailing Stop (7% drop) - exactly 7.63% drop
"Jun 28, 2016",NICA,BUY,47.0,810.0,-38070.0,76835.0,688769.0,0.0,0.00%,765604.0,Trend Entry (Str: 0.07)
"Jun 30, 2016",NABIL,BUY,15.0,2410.0,-36150.0,40685.0,728255.0,0.0,0.00%,768940.0,Trend Entry (Str: 0.05)
"Jul 06, 2016",GMFIL,BUY,103.0,376.0,-38728.0,1957.0,773689.0,0.0,0.00%,775646.0,Trend Entry (Str: 0.13)
"Jul 10, 2016",MFIL,SELL,117.0,385.0,45045.0,47002.0,735044.0,9945.0,28.33%,782046.0,Take Profit (25% up) - exactly 28.33% up
"Jul 10, 2016",CZBIL,BUY,57.0,676.0,-38532.0,8470.0,773576.0,0.0,0.00%,782046.0,Trend Entry (Str: 0.03)
"Jul 11, 2016",ALICL,SELL,20.0,1720.0,34400.0,42870.0,733956.0,-260.0,-0.75%,776826.0,Trailing Stop (7% drop) - exactly 8.51% drop
"Jul 13, 2016",JFL,SELL,107.0,366.0,39162.0,82032.0,678418.0,3959.0,11.25%,760450.0,Trailing Stop (7% drop) - exactly 7.34% drop
"Jul 13, 2016",AHPC,SELL,99.0,397.0,39303.0,121335.0,639115.0,4059.0,11.52%,760450.0,Trailing Stop (7% drop) - exactly 8.74% drop
"Jul 13, 2016",SBI,SELL,21.0,1850.0,38850.0,160185.0,600265.0,2205.0,6.02%,760450.0,Trailing Stop (7% drop) - exactly 7.31% drop
"Jul 14, 2016",MFIL,BUY,100.0,384.0,-38400.0,121785.0,647927.0,0.0,0.00%,769712.0,Trend Entry (Str: 0.10)
"Jul 14, 2016",SANIMA,BUY,51.0,750.0,-38250.0,83535.0,686177.0,0.0,0.00%,769712.0,Trend Entry (Str: 0.03)
"Jul 17, 2016",ADBL,SELL,55.0,844.0,46420.0,129955.0,654543.0,10725.0,30.05%,784498.0,Take Profit (25% up) - exactly 30.05% up
"Jul 17, 2016",ICFC,SELL,119.0,380.0,45220.0,175175.0,609323.0,9758.0,27.52%,784498.0,Take Profit (25% up) - exactly 27.52% up
"Jul 17, 2016",NHPC,SELL,186.0,195.0,36270.0,211445.0,573053.0,0.0,0.00%,784498.0,Trailing Stop (7% drop) - exactly 7.14% drop
"Jul 17, 2016",JFL,BUY,104.0,374.0,-38896.0,172549.0,611949.0,0.0,0.00%,784498.0,Trend Entry (Str: 0.08)
"Jul 17, 2016",SBI,BUY,20.0,1955.0,-39100.0,133449.0,651049.0,0.0,0.00%,784498.0,Trend Entry (Str: 0.07)
"Jul 17, 2016",AHPC,BUY,93.0,421.0,-39153.0,94296.0,690202.0,0.0,0.00%,784498.0,Trend Entry (Str: 0.07)
"Jul 18, 2016",MEGA,SELL,72.0,620.0,44640.0,138936.0,658054.0,9576.0,27.31%,796990.0,Take Profit (25% up) - exactly 27.31% up
"Jul 18, 2016",MBL,BUY,48.0,822.0,-39456.0,99480.0,697510.0,0.0,0.00%,796990.0,Trend Entry (Str: 0.37)
"Jul 18, 2016",ALICL,BUY,21.0,1886.0,-39606.0,59874.0,737116.0,0.0,0.00%,796990.0,Trend Entry (Str: 0.09)
"Jul 19, 2016",PROFL,SELL,172.0,218.0,37496.0,97370.0,716985.0,0.0,0.00%,814355.0,Trailing Stop (7% drop) - exactly 7.23% drop
"Jul 21, 2016",ADBL,BUY,41.0,984.0,-40344.0,57026.0,754494.0,0.0,0.00%,811520.0,Trend Entry (Str: 0.30)
"Jul 21, 2016",ICFC,BUY,108.0,375.0,-40500.0,16526.0,794994.0,0.0,0.00%,811520.0,Trend Entry (Str: 0.12)
"Jul 25, 2016",PCBL,SELL,50.0,885.0,44250.0,60776.0,783801.0,9400.0,26.97%,844577.0,Take Profit (25% up) - exactly 26.97% up
"Jul 25, 2016",EDBL,SELL,55.0,805.0,44275.0,105051.0,739526.0,9075.0,25.78%,844577.0,Take Profit (25% up) - exactly 25.78% up
"Jul 25, 2016",PFL,SELL,117.0,416.0,48672.0,153723.0,690854.0,12753.0,35.50%,844577.0,Take Profit (25% up) - exactly 35.50% up
"Jul 25, 2016",PROFL,BUY,163.0,258.0,-42054.0,111669.0,732908.0,0.0,0.00%,844577.0,Trend Entry (Str: 0.22)
"Jul 27, 2016",GMFIL,SELL,103.0,491.0,50573.0,162242.0,722535.0,11845.0,30.59%,884777.0,Take Profit (25% up) - exactly 30.59% up
"Jul 31, 2016",JFL,SELL,104.0,472.0,49088.0,211330.0,664978.0,10192.0,26.20%,876308.0,Take Profit (25% up) - exactly 26.20% up
"Jul 31, 2016",PFL,BUY,101.0,433.0,-43733.0,167597.0,708711.0,0.0,0.00%,876308.0,Trend Entry (Str: 0.21)
"Jul 31, 2016",GMFIL,BUY,97.0,451.0,-43747.0,123850.0,752458.0,0.0,0.00%,876308.0,Trend Entry (Str: 0.19)
"Jul 31, 2016",EDBL,BUY,53.0,824.0,-43672.0,80178.0,796130.0,0.0,0.00%,876308.0,Trend Entry (Str: 0.16)
"Jul 31, 2016",PCBL,BUY,49.0,882.0,-43218.0,36960.0,839348.0,0.0,0.00%,876308.0,Trend Entry (Str: 0.14)
"Aug 02, 2016",ADBL,SELL,41.0,1000.0,41000.0,77960.0,780437.0,656.0,1.63%,858397.0,Trailing Stop (7% drop) - exactly 7.58% drop
"Aug 02, 2016",PROFL,SELL,163.0,273.0,44499.0,122459.0,735938.0,2445.0,5.81%,858397.0,Trailing Stop (7% drop) - exactly 12.22% drop
"Aug 03, 2016",MFIL,SELL,100.0,430.0,43000.0,165459.0,679306.0,4600.0,11.98%,844765.0,Trailing Stop (7% drop) - exactly 9.66% drop
"Aug 04, 2016",GBIME,SELL,71.0,550.0,39050.0,204509.0,620580.0,3266.0,9.13%,825089.0,Trailing Stop (7% drop) - exactly 8.33% drop
"Aug 04, 2016",NMB,SELL,49.0,826.0,40474.0,244983.0,580106.0,5243.0,14.88%,825089.0,Trailing Stop (7% drop) - exactly 7.19% drop
"Aug 04, 2016",NICA,SELL,47.0,845.0,39715.0,284698.0,540391.0,1645.0,4.32%,825089.0,Trailing Stop (7% drop) - exactly 7.55% drop
"Aug 04, 2016",CZBIL,SELL,57.0,713.0,40641.0,325339.0,499750.0,2109.0,5.47%,825089.0,Trailing Stop (7% drop) - exactly 7.52% drop
"Aug 04, 2016",SANIMA,SELL,51.0,765.0,39015.0,364354.0,460735.0,765.0,2.00%,825089.0,Trailing Stop (7% drop) - exactly 7.72% drop
"Aug 04, 2016",SBI,SELL,20.0,1930.0,38600.0,402954.0,422135.0,-500.0,-1.28%,825089.0,Trailing Stop (7% drop) - exactly 7.57% drop
"Aug 04, 2016",AHPC,SELL,93.0,415.0,38595.0,441549.0,383540.0,-558.0,-1.43%,825089.0,Trailing Stop (7% drop) - exactly 10.75% drop
"Aug 04, 2016",PFL,SELL,101.0,405.0,40905.0,482454.0,342635.0,-2828.0,-6.47%,825089.0,Trailing Stop (7% drop) - exactly 7.32% drop
"Aug 04, 2016",GMFIL,SELL,97.0,416.0,40352.0,522806.0,302283.0,-3395.0,-7.76%,825089.0,Trailing Stop (7% drop) - exactly 7.76% drop
"Aug 04, 2016",EDBL,SELL,53.0,765.0,40545.0,563351.0,261738.0,-3127.0,-7.16%,825089.0,Trailing Stop (7% drop) - exactly 7.16% drop
"Aug 04, 2016",PCBL,SELL,49.0,670.0,32830.0,596181.0,228908.0,-10388.0,-24.04%,825089.0,Trailing Stop (7% drop) - exactly 24.04% drop
"Aug 08, 2016",NABIL,SELL,15.0,2240.0,33600.0,629781.0,183985.0,-2550.0,-7.05%,813766.0,Trailing Stop (7% drop) - exactly 9.16% drop
"Aug 08, 2016",MBL,SELL,48.0,800.0,38400.0,668181.0,145585.0,-1056.0,-2.68%,813766.0,Trailing Stop (7% drop) - exactly 11.60% drop
"Aug 08, 2016",ALICL,SELL,21.0,1665.0,34965.0,703146.0,110620.0,-4641.0,-11.72%,813766.0,Trailing Stop (7% drop) - exactly 11.72% drop
"Aug 08, 2016",ICFC,SELL,108.0,381.0,41148.0,744294.0,69472.0,648.0,1.60%,813766.0,Trailing Stop (7% drop) - exactly 13.01% drop
"Aug 09, 2016",SANIMA,BUY,51.0,797.0,-40647.0,703647.0,112879.0,0.0,0.00%,816526.0,Trend Entry (Str: 0.03)
"Aug 10, 2016",NMB,BUY,47.0,853.0,-40091.0,663556.0,152307.0,0.0,0.00%,815863.0,Trend Entry (Str: 0.04)
"Aug 10, 2016",CZBIL,BUY,55.0,730.0,-40150.0,623406.0,192457.0,0.0,0.00%,815863.0,Trend Entry (Str: 0.03)
"Aug 11, 2016",ADBL,BUY,39.0,1020.0,-39780.0,583626.0,231129.0,0.0,0.00%,814755.0,Trend Entry (Str: 0.16)
"Aug 15, 2016",SANIMA,SELL,51.0,740.0,37740.0,621366.0,185125.0,-2907.0,-7.15%,806491.0,Trailing Stop (7% drop) - exactly 7.15% drop
"Aug 16, 2016",GMFIL,BUY,92.0,437.0,-40204.0,581162.0,227956.0,0.0,0.00%,809118.0,Trend Entry (Str: 0.08)
"Aug 16, 2016",ICFC,BUY,96.0,418.0,-40128.0,541034.0,268084.0,0.0,0.00%,809118.0,Trend Entry (Str: 0.07)
"Aug 17, 2016",EDBL,BUY,52.0,780.0,-40560.0,500474.0,312489.0,0.0,0.00%,812963.0,Trend Entry (Str: 0.03)
"Aug 17, 2016",MFIL,BUY,97.0,419.0,-40643.0,459831.0,353132.0,0.0,0.00%,812963.0,Trend Entry (Str: 0.03)
"Aug 17, 2016",PROFL,BUY,158.0,257.0,-40606.0,419225.0,393738.0,0.0,0.00%,812963.0,Trend Entry (Str: 0.03)
"Aug 21, 2016",PFL,BUY,100.0,400.0,-40000.0,379225.0,427932.0,0.0,0.00%,807157.0,Trend Entry (Str: 0.01)
"Aug 22, 2016",NMB,SELL,47.0,790.0,37130.0,416355.0,381738.0,-2961.0,-7.39%,798093.0,Trailing Stop (7% drop) - exactly 7.60% drop
"Aug 22, 2016",GMFIL,SELL,92.0,441.0,40572.0,456927.0,341166.0,368.0,0.92%,798093.0,Trailing Stop (7% drop) - exactly 7.55% drop
"Aug 22, 2016",ICFC,SELL,96.0,380.0,36480.0,493407.0,304686.0,-3648.0,-9.09%,798093.0,Trailing Stop (7% drop) - exactly 9.09% drop
"Aug 28, 2016",GMFIL,BUY,90.0,442.0,-39780.0,453627.0,347536.0,0.0,0.00%,801163.0,Trend Entry (Str: 0.05)
"Aug 29, 2016",NBB,SELL,40.0,1096.0,43840.0,497467.0,308573.0,9080.0,26.12%,806040.0,Take Profit (25% up) - exactly 26.12% up
"Sep 01, 2016",NMB,BUY,45.0,889.0,-40005.0,457462.0,348959.0,0.0,0.00%,806421.0,Trend Entry (Str: 0.05)
"Sep 03, 2016",NBB,BUY,33.0,1218.0,-40194.0,417268.0,393644.0,0.0,0.00%,810912.0,Trend Entry (Str: 0.18)
"Sep 04, 2016",NICA,BUY,45.0,885.0,-39825.0,377443.0,433469.0,0.0,0.00%,810912.0,Trend Entry (Str: 0.03)
"Sep 05, 2016",GMFIL,SELL,90.0,350.0,31500.0,408943.0,396738.0,-8280.0,-20.81%,805681.0,Trailing Stop (7% drop) - exactly 21.70% drop
"Sep 05, 2016",MBL,BUY,44.0,914.0,-40216.0,368727.0,436954.0,0.0,0.00%,805681.0,Trend Entry (Str: 0.07)
"Sep 05, 2016",SANIMA,BUY,50.0,800.0,-40000.0,328727.0,476954.0,0.0,0.00%,805681.0,Trend Entry (Str: 0.03)
"Sep 06, 2016",SBI,BUY,20.0,2000.0,-40000.0,288727.0,512541.0,0.0,0.00%,801268.0,Trend Entry (Str: 0.04)
"Sep 06, 2016",NABIL,BUY,16.0,2450.0,-39200.0,249527.0,551741.0,0.0,0.00%,801268.0,Trend Entry (Str: 0.04)
"Sep 06, 2016",GBIME,BUY,72.0,555.0,-39960.0,209567.0,591701.0,0.0,0.00%,801268.0,Trend Entry (Str: 0.02)
"Sep 07, 2016",MEGA,BUY,75.0,532.0,-39900.0,169667.0,629462.0,0.0,0.00%,799129.0,Trend Entry (Str: 0.06)
"Sep 08, 2016",PCBL,BUY,55.0,713.0,-39215.0,130452.0,667328.0,0.0,0.00%,797780.0,Trend Entry (Str: 0.02)
"Sep 11, 2016",ALICL,BUY,22.0,1775.0,-39050.0,91402.0,701161.0,0.0,0.00%,792563.0,Trend Entry (Str: 0.02)
"Sep 18, 2016",GBIME,SELL,72.0,513.0,36936.0,128338.0,654937.0,-3024.0,-7.57%,783275.0,Trailing Stop (7% drop) - exactly 7.57% drop
"Sep 20, 2016",EDBL,SELL,52.0,721.0,37492.0,165830.0,611126.0,-3068.0,-7.56%,776956.0,Trailing Stop (7% drop) - exactly 8.73% drop
"Sep 20, 2016",PCBL,SELL,55.0,661.0,36355.0,202185.0,574771.0,-2860.0,-7.29%,776956.0,Trailing Stop (7% drop) - exactly 7.29% drop
"Sep 21, 2016",CZBIL,SELL,55.0,711.0,39105.0,241290.0,526191.0,-1045.0,-2.60%,767481.0,Trailing Stop (7% drop) - exactly 7.54% drop
"Sep 21, 2016",NMB,SELL,45.0,855.0,38475.0,279765.0,487716.0,-1530.0,-3.82%,767481.0,Trailing Stop (7% drop) - exactly 7.77% drop
"Sep 21, 2016",NICA,SELL,45.0,680.0,30600.0,310365.0,457116.0,-9225.0,-23.16%,767481.0,Trailing Stop (7% drop) - exactly 25.44% drop
"Sep 21, 2016",MBL,SELL,44.0,840.0,36960.0,347325.0,420156.0,-3256.0,-8.10%,767481.0,Trailing Stop (7% drop) - exactly 8.10% drop
"Sep 22, 2016",NABIL,SELL,16.0,1765.0,28240.0,375565.0,380327.0,-10960.0,-27.96%,755892.0,Trailing Stop (7% drop) - exactly 28.48% drop
"Sep 25, 2016",MFIL,SELL,97.0,392.0,38024.0,413589.0,337383.0,-2619.0,-6.44%,750972.0,Trailing Stop (7% drop) - exactly 8.62% drop
"Sep 25, 2016",SANIMA,SELL,50.0,741.0,37050.0,450639.0,300333.0,-2950.0,-7.38%,750972.0,Trailing Stop (7% drop) - exactly 7.37% drop
"Sep 25, 2016",SBI,SELL,20.0,1831.0,36620.0,487259.0,263713.0,-3380.0,-8.45%,750972.0,Trailing Stop (7% drop) - exactly 8.45% drop
"Sep 25, 2016",MEGA,SELL,75.0,491.0,36825.0,524084.0,226888.0,-3075.0,-7.71%,750972.0,Trailing Stop (7% drop) - exactly 7.71% drop
"Sep 26, 2016",ADBL,SELL,39.0,675.0,26325.0,550409.0,186279.0,-13455.0,-33.82%,736688.0,Trailing Stop (7% drop) - exactly 36.62% drop
"Sep 27, 2016",JBBL,SELL,57.0,184.0,10488.0,560897.0,181897.0,6441.0,159.15%,742794.0,Take Profit (100% up) - exactly 159.15% up
"Sep 28, 2016",PROFL,SELL,158.0,246.0,38868.0,599765.0,141205.0,-1738.0,-4.28%,740970.0,Trailing Stop (7% drop) - exactly 8.89% drop
"Sep 29, 2016",KBL,SELL,33.0,381.0,12573.0,612338.0,136185.0,7194.0,133.74%,748523.0,Take Profit (100% up) - exactly 133.74% up
"Sep 29, 2016",MEGA,BUY,74.0,505.0,-37370.0,574968.0,173555.0,0.0,0.00%,748523.0,Trend Entry (Str: 0.00)
"Oct 02, 2016",JBBL,BUY,153.0,244.0,-37332.0,537636.0,210911.0,0.0,0.00%,748547.0,Trend Entry (Str: 0.29)
"Oct 03, 2016",KBL,BUY,82.0,459.0,-37638.0,499998.0,253620.0,0.0,0.00%,753618.0,Trend Entry (Str: 0.16)
"Oct 05, 2016",PFL,SELL,100.0,342.0,34200.0,534198.0,221860.0,-5800.0,-14.50%,756058.0,Trailing Stop (7% drop) - exactly 16.59% drop
"Oct 05, 2016",NBB,SELL,33.0,904.0,29832.0,564030.0,192028.0,-10362.0,-25.78%,756058.0,Trailing Stop (7% drop) - exactly 25.78% drop
"Oct 06, 2016",JBBL,SELL,153.0,354.0,54162.0,618192.0,147670.0,16830.0,45.08%,765862.0,Take Profit (25% up) - exactly 45.08% up
"Oct 16, 2016",KBL,SELL,82.0,617.0,50594.0,668786.0,97714.0,12956.0,34.42%,766500.0,Take Profit (25% up) - exactly 34.42% up
"Oct 16, 2016",JBBL,BUY,98.0,389.0,-38122.0,630664.0,135836.0,0.0,0.00%,766500.0,Trend Entry (Str: 0.86)
"Oct 20, 2016",KBL,BUY,62.0,617.0,-38254.0,592410.0,175630.0,0.0,0.00%,768040.0,Trend Entry (Str: 0.38)
"Oct 23, 2016",MFIL,BUY,91.0,418.0,-38038.0,554372.0,214174.0,0.0,0.00%,768546.0,Trend Entry (Str: 0.01)
"Oct 27, 2016",AHPC,BUY,120.0,318.0,-38160.0,516212.0,251951.0,0.0,0.00%,768163.0,Trend Entry (Str: 0.01)
"Nov 03, 2016",JBBL,SELL,98.0,392.0,38416.0,554628.0,211584.0,294.0,0.77%,766212.0,Trailing Stop (7% drop) - exactly 7.11% drop
"Nov 09, 2016",MEGA,SELL,74.0,488.0,36112.0,590740.0,170982.0,-1258.0,-3.37%,761722.0,Trailing Stop (7% drop) - exactly 8.61% drop
"Nov 14, 2016",JBBL,BUY,99.0,384.0,-38016.0,552724.0,208253.0,0.0,0.00%,760977.0,Trend Entry (Str: 0.19)
"Nov 16, 2016",AHPC,SELL,120.0,290.0,34800.0,587524.0,173125.0,-3360.0,-8.81%,760649.0,Trailing Stop (7% drop) - exactly 8.81% drop
"Nov 20, 2016",ALICL,SELL,22.0,1662.0,36564.0,624088.0,126479.0,-2486.0,-6.37%,750567.0,Trailing Stop (7% drop) - exactly 7.92% drop
"Nov 20, 2016",KBL,SELL,62.0,573.0,35526.0,659614.0,90953.0,-2728.0,-7.13%,750567.0,Trailing Stop (7% drop) - exactly 8.47% drop
"Nov 20, 2016",JBBL,SELL,99.0,335.0,33165.0,692779.0,57788.0,-4851.0,-12.76%,750567.0,Trailing Stop (7% drop) - exactly 12.76% drop
"Nov 22, 2016",MFIL,SELL,91.0,395.0,35945.0,728724.0,21206.0,-2093.0,-5.50%,749930.0,Trailing Stop (7% drop) - exactly 7.28% drop
"Dec 07, 2016",MEGA,BUY,72.0,517.0,-37224.0,691500.0,58430.0,0.0,0.00%,749930.0,Trend Entry (Str: 0.05)
"Dec 26, 2016",MEGA,SELL,72.0,470.0,33840.0,725340.0,21206.0,-3384.0,-9.09%,746546.0,Trailing Stop (7% drop) - exactly 9.09% drop
"Jan 04, 2017",EDBL,BUY,62.0,602.0,-37324.0,688016.0,58530.0,0.0,0.00%,746546.0,Trend Entry (Str: 0.04)
"Jan 11, 2017",ADBL,BUY,69.0,540.0,-37260.0,650756.0,95790.0,0.0,0.00%,746546.0,Trend Entry (Str: 0.01)
"Jan 15, 2017",EDBL,SELL,62.0,555.0,34410.0,685166.0,58052.0,-2914.0,-7.81%,743218.0,Trailing Stop (7% drop) - exactly 7.81% drop
"Jan 15, 2017",KBL,BUY,66.0,560.0,-36960.0,648206.0,95012.0,0.0,0.00%,743218.0,Trend Entry (Str: 0.03)
"Jan 15, 2017",ICFC,BUY,140.0,265.0,-37100.0,611106.0,132112.0,0.0,0.00%,743218.0,Trend Entry (Str: 0.03)
"Jan 23, 2017",SBI,BUY,24.0,1520.0,-36480.0,574626.0,165606.0,0.0,0.00%,740232.0,Trend Entry (Str: 0.05)
"Jan 25, 2017",ADBL,SELL,69.0,490.0,33810.0,608436.0,126130.0,-3450.0,-9.26%,734566.0,Trailing Stop (7% drop) - exactly 9.59% drop
"Jan 26, 2017",KBL,SELL,66.0,515.0,33990.0,642426.0,90126.0,-2970.0,-8.04%,732552.0,Trailing Stop (7% drop) - exactly 8.04% drop
"Jan 30, 2017",ICFC,SELL,140.0,228.0,31920.0,674346.0,53606.0,-5180.0,-13.96%,727952.0,Trailing Stop (7% drop) - exactly 13.96% drop
"Jan 30, 2017",SBI,SELL,24.0,1350.0,32400.0,706746.0,21206.0,-4080.0,-11.18%,727952.0,Trailing Stop (7% drop) - exactly 11.18% drop
"Feb 26, 2017",EDBL,BUY,59.0,615.0,-36285.0,670461.0,57491.0,0.0,0.00%,727952.0,Trend Entry (Str: 0.10)
"Mar 05, 2017",ALICL,BUY,29.0,1250.0,-36250.0,634211.0,95511.0,0.0,0.00%,729722.0,Trend Entry (Str: 0.07)
"Mar 05, 2017",MBL,BUY,99.0,368.0,-36432.0,597779.0,131943.0,0.0,0.00%,729722.0,Trend Entry (Str: 0.01)
"Mar 06, 2017",NABIL,BUY,24.0,1469.0,-35256.0,562523.0,167849.0,0.0,0.00%,730372.0,Trend Entry (Str: 0.03)
"Mar 09, 2017",GBIME,BUY,87.0,414.0,-36018.0,526505.0,201485.0,0.0,0.00%,727990.0,Trend Entry (Str: 0.05)
"Mar 13, 2017",EBL,BUY,20.0,1740.0,-34800.0,491705.0,237572.0,0.0,0.00%,729277.0,Trend Entry (Str: 0.01)
"Mar 14, 2017",NBB,BUY,55.0,656.0,-36080.0,455625.0,271668.0,0.0,0.00%,727293.0,Trend Entry (Str: 0.02)
"Mar 14, 2017",LICN,BUY,17.0,2135.0,-36295.0,419330.0,307963.0,0.0,0.00%,727293.0,Trend Entry (Str: 0.02)
"Mar 14, 2017",SANIMA,BUY,77.0,472.0,-36344.0,382986.0,344307.0,0.0,0.00%,727293.0,Trend Entry (Str: 0.01)
"Mar 15, 2017",NHPC,BUY,262.0,139.0,-36418.0,346568.0,382637.0,0.0,0.00%,729205.0,Trend Entry (Str: 0.12)
"Mar 15, 2017",PFL,BUY,162.0,224.0,-36288.0,310280.0,418925.0,0.0,0.00%,729205.0,Trend Entry (Str: 0.02)
"Mar 15, 2017",PCBL,BUY,96.0,376.0,-36096.0,274184.0,455021.0,0.0,0.00%,729205.0,Trend Entry (Str: 0.01)
"Mar 16, 2017",ALICL,SELL,29.0,1100.0,31900.0,306084.0,418773.0,-4350.0,-12.00%,724857.0,Trailing Stop (7% drop) - exactly 15.38% drop
"Mar 16, 2017",AHPC,BUY,159.0,227.0,-36093.0,269991.0,454866.0,0.0,0.00%,724857.0,Trend Entry (Str: 0.04)
"Mar 16, 2017",JBBL,BUY,141.0,256.0,-36096.0,233895.0,490962.0,0.0,0.00%,724857.0,Trend Entry (Str: 0.02)
"Mar 19, 2017",ICFC,BUY,154.0,236.0,-36344.0,197551.0,533022.0,0.0,0.00%,730573.0,Trend Entry (Str: 0.01)
"Mar 20, 2017",EDBL,SELL,59.0,515.0,30385.0,227936.0,506866.0,-5900.0,-16.26%,734802.0,Trailing Stop (7% drop) - exactly 21.01% drop
"Mar 20, 2017",GBIME,SELL,87.0,371.0,32277.0,260213.0,474589.0,-3741.0,-10.39%,734802.0,Trailing Stop (7% drop) - exactly 10.82% drop
"Mar 20, 2017",ALICL,BUY,29.0,1260.0,-36540.0,223673.0,511129.0,0.0,0.00%,734802.0,Trend Entry (Str: 0.09)
"Mar 20, 2017",SBI,BUY,33.0,1095.0,-36135.0,187538.0,547264.0,0.0,0.00%,734802.0,Trend Entry (Str: 0.04)
"Mar 20, 2017",ADBL,BUY,79.0,461.0,-36419.0,151119.0,583683.0,0.0,0.00%,734802.0,Trend Entry (Str: 0.04)
"Mar 21, 2017",JFL,BUY,152.0,246.0,-37392.0,113727.0,638015.0,0.0,0.00%,751742.0,Trend Entry (Str: 0.13)
"Mar 21, 2017",NMB,BUY,76.0,491.0,-37316.0,76411.0,675331.0,0.0,0.00%,751742.0,Trend Entry (Str: 0.06)
"Mar 22, 2017",GMFIL,BUY,163.0,232.0,-37816.0,38595.0,721351.0,0.0,0.00%,759946.0,Trend Entry (Str: 0.13)
"Mar 22, 2017",MFIL,BUY,223.0,170.0,-37910.0,685.0,759261.0,0.0,0.00%,759946.0,Trend Entry (Str: 0.07)
"Mar 28, 2017",AHPC,SELL,159.0,288.0,45792.0,46477.0,779834.0,9699.0,26.87%,826311.0,Take Profit (25% up) - exactly 26.87% up
"Mar 28, 2017",SBI,SELL,33.0,1435.0,47355.0,93832.0,732479.0,11220.0,31.05%,826311.0,Take Profit (25% up) - exactly 31.05% up
"Mar 28, 2017",ADBL,SELL,79.0,595.0,47005.0,140837.0,685474.0,10586.0,29.07%,826311.0,Take Profit (25% up) - exactly 29.07% up
"Mar 28, 2017",PROFL,BUY,224.0,184.0,-41216.0,99621.0,726690.0,0.0,0.00%,826311.0,Trend Entry (Str: 0.13)
"Mar 28, 2017",NICA,BUY,86.0,477.0,-41022.0,58599.0,767712.0,0.0,0.00%,826311.0,Trend Entry (Str: 0.10)
"Mar 28, 2017",EDBL,BUY,66.0,625.0,-41250.0,17349.0,808962.0,0.0,0.00%,826311.0,Trend Entry (Str: 0.06)
"Mar 28, 2017",GBIME,BUY,42.0,407.0,-17094.0,255.0,826056.0,0.0,0.00%,826311.0,Trend Entry (Str: 0.03)
"Mar 30, 2017",NBB,SELL,55.0,479.0,26345.0,26600.0,775996.0,-9735.0,-26.98%,802596.0,Trailing Stop (7% drop) - exactly 35.88% drop
"Mar 30, 2017",JBBL,SELL,141.0,330.0,46530.0,73130.0,729466.0,10434.0,28.91%,802596.0,Take Profit (25% up) - exactly 28.91% up
"Apr 02, 2017",MBL,SELL,99.0,460.0,45540.0,118670.0,714538.0,9108.0,25.00%,833208.0,Take Profit (25% up)
"Apr 02, 2017",LICN,SELL,17.0,2860.0,48620.0,167290.0,665918.0,12325.0,33.96%,833208.0,Take Profit (25% up) - exactly 33.96% up
"Apr 02, 2017",ICFC,SELL,154.0,295.0,45430.0,212720.0,620488.0,9086.0,25.00%,833208.0,Take Profit (25% up)
"Apr 02, 2017",NMB,SELL,76.0,620.0,47120.0,259840.0,573368.0,9804.0,26.27%,833208.0,Take Profit (25% up) - exactly 26.27% up
"Apr 02, 2017",SBI,BUY,29.0,1430.0,-41470.0,218370.0,614838.0,0.0,0.00%,833208.0,Trend Entry (Str: 0.27)
"Apr 02, 2017",AHPC,BUY,151.0,275.0,-41525.0,176845.0,656363.0,0.0,0.00%,833208.0,Trend Entry (Str: 0.19)
"Apr 03, 2017",SANIMA,SELL,77.0,506.0,38962.0,215807.0,620718.0,2618.0,7.20%,836525.0,Trailing Stop (7% drop) - exactly 11.85% drop
"Apr 03, 2017",ALICL,SELL,29.0,1580.0,45820.0,261627.0,574898.0,9280.0,25.40%,836525.0,Take Profit (25% up) - exactly 25.40% up
"Apr 03, 2017",JBBL,BUY,114.0,366.0,-41724.0,219903.0,616622.0,0.0,0.00%,836525.0,Trend Entry (Str: 0.35)
"Apr 03, 2017",CZBIL,BUY,96.0,435.0,-41760.0,178143.0,658382.0,0.0,0.00%,836525.0,Trend Entry (Str: 0.04)
"Apr 04, 2017",PFL,SELL,162.0,280.0,45360.0,223503.0,615475.0,9072.0,25.00%,838978.0,Take Profit (25% up)
"Apr 06, 2017",NMB,BUY,70.0,592.0,-41440.0,182063.0,651795.0,0.0,0.00%,833858.0,Trend Entry (Str: 0.19)
"Apr 06, 2017",MBL,BUY,96.0,430.0,-41280.0,140783.0,693075.0,0.0,0.00%,833858.0,Trend Entry (Str: 0.12)
"Apr 06, 2017",ICFC,BUY,151.0,275.0,-41525.0,99258.0,734600.0,0.0,0.00%,833858.0,Trend Entry (Str: 0.11)
"Apr 09, 2017",MFIL,SELL,223.0,177.0,39471.0,138729.0,694302.0,1561.0,4.12%,833031.0,Trailing Stop (7% drop) - exactly 7.33% drop
"Apr 09, 2017",ALICL,BUY,26.0,1590.0,-41340.0,97389.0,735642.0,0.0,0.00%,833031.0,Trend Entry (Str: 0.24)
"Apr 10, 2017",PFL,BUY,156.0,270.0,-42120.0,55269.0,788579.0,0.0,0.00%,843848.0,Trend Entry (Str: 0.16)
"Apr 11, 2017",PCBL,SELL,96.0,479.0,45984.0,101253.0,764131.0,9888.0,27.39%,865384.0,Take Profit (25% up) - exactly 27.39% up
"Apr 11, 2017",PROFL,SELL,224.0,170.0,38080.0,139333.0,726051.0,-3136.0,-7.61%,865384.0,Trailing Stop (7% drop) - exactly 7.61% drop
"Apr 13, 2017",MFIL,BUY,227.0,190.0,-43130.0,96203.0,766994.0,0.0,0.00%,863197.0,Trend Entry (Str: 0.12)
"Apr 13, 2017",KBL,BUY,112.0,382.0,-42784.0,53419.0,809778.0,0.0,0.00%,863197.0,Trend Entry (Str: 0.02)
"Apr 16, 2017",JFL,SELL,152.0,262.0,39824.0,93243.0,745605.0,2432.0,6.50%,838848.0,Trailing Stop (7% drop) - exactly 10.27% drop
"Apr 16, 2017",NMB,SELL,70.0,620.0,43400.0,136643.0,702205.0,1960.0,4.73%,838848.0,Trailing Stop (7% drop) - exactly 7.05% drop
"Apr 16, 2017",PROFL,BUY,227.0,184.0,-41768.0,94875.0,743973.0,0.0,0.00%,838848.0,Trend Entry (Str: 0.10)
"Apr 18, 2017",EBL,SELL,20.0,1845.0,36900.0,131775.0,691802.0,2100.0,6.03%,823577.0,Trailing Stop (7% drop) - exactly 12.14% drop
"Apr 18, 2017",NHPC,SELL,262.0,140.0,36680.0,168455.0,655122.0,262.0,0.72%,823577.0,Trailing Stop (7% drop) - exactly 11.95% drop
"Apr 18, 2017",NICA,SELL,86.0,469.0,40334.0,208789.0,614788.0,-688.0,-1.68%,823577.0,Trailing Stop (7% drop) - exactly 8.93% drop
"Apr 18, 2017",SBI,SELL,29.0,1360.0,39440.0,248229.0,575348.0,-2030.0,-4.90%,823577.0,Trailing Stop (7% drop) - exactly 7.42% drop
"Apr 18, 2017",AHPC,SELL,151.0,279.0,42129.0,290358.0,533219.0,604.0,1.45%,823577.0,Trailing Stop (7% drop) - exactly 7.31% drop
"Apr 18, 2017",MBL,SELL,96.0,412.0,39552.0,329910.0,493667.0,-1728.0,-4.19%,823577.0,Trailing Stop (7% drop) - exactly 9.25% drop
"Apr 18, 2017",ALICL,SELL,26.0,1510.0,39260.0,369170.0,454407.0,-2080.0,-5.03%,823577.0,Trailing Stop (7% drop) - exactly 10.12% drop
"Apr 18, 2017",KBL,SELL,112.0,350.0,39200.0,408370.0,415207.0,-3584.0,-8.38%,823577.0,Trailing Stop (7% drop) - exactly 8.38% drop
"Apr 20, 2017",JFL,BUY,152.0,274.0,-41648.0,366722.0,468778.0,0.0,0.00%,835500.0,Trend Entry (Str: 0.11)
"Apr 23, 2017",ALICL,BUY,25.0,1660.0,-41500.0,325222.0,519525.0,0.0,0.00%,844747.0,Trend Entry (Str: 0.17)
"Apr 23, 2017",NMB,BUY,65.0,647.0,-42055.0,283167.0,561580.0,0.0,0.00%,844747.0,Trend Entry (Str: 0.16)
"Apr 23, 2017",SBI,BUY,29.0,1446.0,-41934.0,241233.0,603514.0,0.0,0.00%,844747.0,Trend Entry (Str: 0.12)
"Apr 23, 2017",AHPC,BUY,145.0,290.0,-42050.0,199183.0,645564.0,0.0,0.00%,844747.0,Trend Entry (Str: 0.11)
"Apr 23, 2017",NICA,BUY,82.0,509.0,-41738.0,157445.0,687302.0,0.0,0.00%,844747.0,Trend Entry (Str: 0.09)
"Apr 23, 2017",PCBL,BUY,90.0,466.0,-41940.0,115505.0,729242.0,0.0,0.00%,844747.0,Trend Entry (Str: 0.09)
"Apr 23, 2017",MBL,BUY,96.0,436.0,-41856.0,73649.0,771098.0,0.0,0.00%,844747.0,Trend Entry (Str: 0.07)
"Apr 25, 2017",PFL,SELL,156.0,256.0,39936.0,113585.0,714476.0,-2184.0,-5.19%,828061.0,Trailing Stop (7% drop) - exactly 10.18% drop
"Apr 26, 2017",GMFIL,SELL,163.0,294.0,47922.0,161507.0,669412.0,10106.0,26.72%,830919.0,Take Profit (25% up) - exactly 26.72% up
"Apr 27, 2017",JBBL,SELL,114.0,259.0,29526.0,191033.0,626157.0,-12198.0,-29.23%,817190.0,Trailing Stop (7% drop) - exactly 37.44% drop
"Apr 30, 2017",CZBIL,SELL,96.0,405.0,38880.0,229913.0,586084.0,-2880.0,-6.90%,815997.0,Trailing Stop (7% drop) - exactly 7.95% drop
"Apr 30, 2017",NICA,SELL,82.0,470.0,38540.0,268453.0,547544.0,-3198.0,-7.66%,815997.0,Trailing Stop (7% drop) - exactly 7.66% drop
"May 02, 2017",PROFL,SELL,227.0,233.0,52891.0,321344.0,497194.0,11123.0,26.63%,818538.0,Take Profit (25% up) - exactly 26.63% up
"May 02, 2017",GMFIL,BUY,143.0,285.0,-40755.0,280589.0,537949.0,0.0,0.00%,818538.0,Trend Entry (Str: 0.15)
"May 07, 2017",GBIME,SELL,42.0,403.0,16926.0,297515.0,509006.0,-168.0,-0.98%,806521.0,Trailing Stop (7% drop) - exactly 7.36% drop
"May 07, 2017",NMB,SELL,65.0,599.0,38935.0,336450.0,470071.0,-3120.0,-7.42%,806521.0,Trailing Stop (7% drop) - exactly 7.42% drop
"May 07, 2017",AHPC,SELL,145.0,270.0,39150.0,375600.0,430921.0,-2900.0,-6.90%,806521.0,Trailing Stop (7% drop) - exactly 7.53% drop
"May 09, 2017",SBI,SELL,29.0,1059.0,30711.0,406311.0,395199.0,-11223.0,-26.76%,801510.0,Trailing Stop (7% drop) - exactly 28.15% drop
"May 09, 2017",PROFL,BUY,188.0,213.0,-40044.0,366267.0,435243.0,0.0,0.00%,801510.0,Trend Entry (Str: 0.13)
"May 11, 2017",AHPC,BUY,130.0,308.0,-40040.0,326227.0,475637.0,0.0,0.00%,801864.0,Trend Entry (Str: 0.08)
"May 15, 2017",MFIL,SELL,227.0,175.0,39725.0,365952.0,436775.0,-3405.0,-7.89%,802727.0,Trailing Stop (7% drop) - exactly 9.33% drop
"May 17, 2017",ICFC,SELL,151.0,316.0,47716.0,413668.0,389543.0,6191.0,14.91%,803211.0,Trailing Stop (7% drop) - exactly 7.60% drop
"May 17, 2017",PROFL,SELL,188.0,267.0,50196.0,463864.0,339347.0,10152.0,25.35%,803211.0,Take Profit (25% up) - exactly 25.35% up
"May 21, 2017",JFL,SELL,152.0,268.0,40736.0,504600.0,291416.0,-912.0,-2.19%,796016.0,Trailing Stop (7% drop) - exactly 9.15% drop
"May 21, 2017",ALICL,SELL,25.0,1526.0,38150.0,542750.0,253266.0,-3350.0,-8.07%,796016.0,Trailing Stop (7% drop) - exactly 8.07% drop
"May 21, 2017",PCBL,SELL,90.0,431.0,38790.0,581540.0,214476.0,-3150.0,-7.51%,796016.0,Trailing Stop (7% drop) - exactly 7.51% drop
"May 21, 2017",PROFL,BUY,153.0,260.0,-39780.0,541760.0,254256.0,0.0,0.00%,796016.0,Trend Entry (Str: 0.28)
"May 22, 2017",AHPC,SELL,130.0,286.0,37180.0,578940.0,215985.0,-2860.0,-7.14%,794925.0,Trailing Stop (7% drop) - exactly 7.14% drop
"May 28, 2017",PROFL,SELL,153.0,241.0,36873.0,615813.0,178140.0,-2907.0,-7.31%,793953.0,Trailing Stop (7% drop) - exactly 7.31% drop
"May 30, 2017",NABIL,SELL,24.0,1499.0,35976.0,651789.0,136778.0,720.0,2.04%,788567.0,Trailing Stop (7% drop) - exactly 7.18% drop
"May 30, 2017",MBL,SELL,96.0,372.0,35712.0,687501.0,101066.0,-6144.0,-14.68%,788567.0,Trailing Stop (7% drop) - exactly 14.68% drop
"May 31, 2017",GMFIL,SELL,143.0,263.0,37609.0,725110.0,62126.0,-3146.0,-7.72%,787236.0,Trailing Stop (7% drop) - exactly 9.31% drop
"Jun 06, 2017",PROFL,BUY,156.0,251.0,-39156.0,685954.0,101612.0,0.0,0.00%,787566.0,Trend Entry (Str: 0.12)
"Jun 11, 2017",PROFL,SELL,156.0,232.0,36192.0,722146.0,62456.0,-2964.0,-7.57%,784602.0,Trailing Stop (7% drop) - exactly 7.57% drop
"Jul 10, 2017",NABIL,BUY,26.0,1493.0,-38818.0,683328.0,100284.0,0.0,0.00%,783612.0,Trend Entry (Str: 0.00)
"Jul 12, 2017",CZBIL,BUY,97.0,404.0,-39188.0,644140.0,140808.0,0.0,0.00%,784948.0,Trend Entry (Str: 0.04)
"Jul 12, 2017",PCBL,BUY,92.0,425.0,-39100.0,605040.0,179908.0,0.0,0.00%,784948.0,Trend Entry (Str: 0.03)
"Jul 12, 2017",AHPC,BUY,141.0,278.0,-39198.0,565842.0,219106.0,0.0,0.00%,784948.0,Trend Entry (Str: 0.01)
"Jul 16, 2017",LICN,BUY,18.0,2149.0,-38682.0,527160.0,256992.0,0.0,0.00%,784152.0,Trend Entry (Str: 0.04)
"Jul 16, 2017",GBIME,BUY,101.0,385.0,-38885.0,488275.0,295877.0,0.0,0.00%,784152.0,Trend Entry (Str: 0.00)
"Jul 17, 2017",GMFIL,BUY,143.0,274.0,-39182.0,449093.0,339469.0,0.0,0.00%,788562.0,Trend Entry (Str: 0.04)
"Jul 17, 2017",NICA,BUY,86.0,455.0,-39130.0,409963.0,378599.0,0.0,0.00%,788562.0,Trend Entry (Str: 0.03)
"Jul 18, 2017",JFL,BUY,137.0,289.0,-39593.0,370370.0,425327.0,0.0,0.00%,795697.0,Trend Entry (Str: 0.11)
"Jul 18, 2017",ADBL,BUY,84.0,472.0,-39648.0,330722.0,464975.0,0.0,0.00%,795697.0,Trend Entry (Str: 0.08)
"Jul 18, 2017",KBL,BUY,117.0,338.0,-39546.0,291176.0,504521.0,0.0,0.00%,795697.0,Trend Entry (Str: 0.03)
"Jul 19, 2017",MFIL,BUY,234.0,169.0,-39546.0,251630.0,542458.0,0.0,0.00%,794088.0,Trend Entry (Str: 0.04)
"Jul 19, 2017",ALICL,BUY,25.0,1530.0,-38250.0,213380.0,580708.0,0.0,0.00%,794088.0,Trend Entry (Str: 0.03)
"Jul 19, 2017",MBL,BUY,106.0,372.0,-39432.0,173948.0,620140.0,0.0,0.00%,794088.0,Trend Entry (Str: 0.03)
"Jul 19, 2017",NBB,BUY,94.0,418.0,-39292.0,134656.0,659432.0,0.0,0.00%,794088.0,Trend Entry (Str: 0.02)
"Jul 19, 2017",SANIMA,BUY,90.0,440.0,-39600.0,95056.0,699032.0,0.0,0.00%,794088.0,Trend Entry (Str: 0.01)
"Jul 20, 2017",NMB,BUY,70.0,559.0,-39130.0,55926.0,735364.0,0.0,0.00%,791290.0,Trend Entry (Str: 0.01)
"Jul 23, 2017",JFL,SELL,137.0,267.0,36579.0,92505.0,694879.0,-3014.0,-7.61%,787384.0,Trailing Stop (7% drop) - exactly 7.61% drop
"Jul 24, 2017",PFL,BUY,152.0,255.0,-38760.0,53745.0,724550.0,0.0,0.00%,778295.0,Trend Entry (Str: 0.01)
"Jul 24, 2017",SBI,BUY,41.0,940.0,-38540.0,15205.0,763090.0,0.0,0.00%,778295.0,Trend Entry (Str: 0.00)
"Jul 25, 2017",ICFC,BUY,52.0,290.0,-15080.0,125.0,781480.0,0.0,0.00%,781605.0,Trend Entry (Str: 0.01)
"Jul 27, 2017",CZBIL,SELL,97.0,380.0,36860.0,36985.0,745779.0,-2328.0,-5.94%,782764.0,Trailing Stop (7% drop) - exactly 7.77% drop
"Jul 27, 2017",NHPC,BUY,249.0,148.0,-36852.0,133.0,782631.0,0.0,0.00%,782764.0,Trend Entry (Str: 0.06)
"Aug 02, 2017",BFC,SELL,25.0,422.0,10550.0,10683.0,778018.0,3200.0,43.54%,788701.0,Take Profit (25% up) - exactly 43.54% up
"Aug 02, 2017",JFL,BUY,34.0,307.0,-10438.0,245.0,788456.0,0.0,0.00%,788701.0,Trend Entry (Str: 0.16)
"Aug 07, 2017",NBB,SELL,94.0,387.0,36378.0,36623.0,757417.0,-2914.0,-7.42%,794040.0,Trailing Stop (7% drop) - exactly 7.42% drop
"Aug 07, 2017",EBL,BUY,25.0,1415.0,-35375.0,1248.0,792792.0,0.0,0.00%,794040.0,Trend Entry (Str: 0.03)
"Aug 09, 2017",MBL,SELL,106.0,345.0,36570.0,37818.0,753945.0,-2862.0,-7.26%,791763.0,Trailing Stop (7% drop) - exactly 7.26% drop
"Aug 09, 2017",JFL,SELL,34.0,285.0,9690.0,47508.0,744255.0,-748.0,-7.17%,791763.0,Trailing Stop (7% drop) - exactly 7.17% drop
"Aug 09, 2017",PROFL,BUY,167.0,236.0,-39412.0,8096.0,783667.0,0.0,0.00%,791763.0,Trend Entry (Str: 0.08)
"Aug 10, 2017",MFIL,SELL,234.0,157.0,36738.0,44834.0,745861.0,-2808.0,-7.10%,790695.0,Trailing Stop (7% drop) - exactly 7.10% drop
"Aug 13, 2017",AHPC,SELL,141.0,262.0,36942.0,81776.0,705464.0,-2256.0,-5.76%,787240.0,Trailing Stop (7% drop) - exactly 7.75% drop
"Aug 15, 2017",PROFL,SELL,167.0,240.0,40080.0,121856.0,660794.0,668.0,1.69%,782650.0,Trailing Stop (7% drop) - exactly 7.34% drop
"Aug 17, 2017",KBL,SELL,117.0,312.0,36504.0,158360.0,621730.0,-3042.0,-7.69%,780090.0,Trailing Stop (7% drop) - exactly 7.69% drop
"Aug 17, 2017",NHPC,SELL,249.0,153.0,38097.0,196457.0,583633.0,1245.0,3.38%,780090.0,Trailing Stop (7% drop) - exactly 7.27% drop
"Aug 20, 2017",LICN,SELL,18.0,2300.0,41400.0,237857.0,536228.0,2718.0,7.03%,774085.0,Trailing Stop (7% drop) - exactly 7.63% drop
"Aug 20, 2017",GMFIL,SELL,143.0,261.0,37323.0,275180.0,498905.0,-1859.0,-4.74%,774085.0,Trailing Stop (7% drop) - exactly 7.77% drop
"Aug 20, 2017",PROFL,BUY,161.0,240.0,-38640.0,236540.0,537545.0,0.0,0.00%,774085.0,Trend Entry (Str: 0.08)
"Aug 21, 2017",ADBL,SELL,84.0,438.0,36792.0,273332.0,498017.0,-2856.0,-7.20%,771349.0,Trailing Stop (7% drop) - exactly 7.20% drop
"Aug 22, 2017",EBL,SELL,25.0,1315.0,32875.0,306207.0,466493.0,-2500.0,-7.07%,772700.0,Trailing Stop (7% drop) - exactly 7.07% drop
"Aug 27, 2017",PROFL,SELL,161.0,225.0,36225.0,342432.0,430782.0,-2415.0,-6.25%,773214.0,Trailing Stop (7% drop) - exactly 7.79% drop
"Aug 27, 2017",JFL,BUY,138.0,280.0,-38640.0,303792.0,469422.0,0.0,0.00%,773214.0,Trend Entry (Str: 0.01)
"Aug 28, 2017",SANIMA,SELL,90.0,408.0,36720.0,340512.0,427890.0,-2880.0,-7.27%,768402.0,Trailing Stop (7% drop) - exactly 7.27% drop
"Aug 28, 2017",NMB,SELL,70.0,517.0,36190.0,376702.0,391700.0,-2940.0,-7.51%,768402.0,Trailing Stop (7% drop) - exactly 7.51% drop
"Aug 28, 2017",PFL,SELL,152.0,244.0,37088.0,413790.0,354612.0,-1672.0,-4.31%,768402.0,Trailing Stop (7% drop) - exactly 7.22% drop
"Aug 30, 2017",GBIME,SELL,101.0,380.0,38380.0,452170.0,311644.0,-505.0,-1.30%,763814.0,Trailing Stop (7% drop) - exactly 7.32% drop
"Aug 30, 2017",SBI,SELL,41.0,874.0,35834.0,488004.0,275810.0,-2706.0,-7.02%,763814.0,Trailing Stop (7% drop) - exactly 7.32% drop
"Aug 30, 2017",ICFC,SELL,52.0,272.0,14144.0,502148.0,261666.0,-936.0,-6.21%,763814.0,Trailing Stop (7% drop) - exactly 7.48% drop
"Aug 31, 2017",EDBL,SELL,66.0,690.0,45540.0,547688.0,211447.0,4290.0,10.40%,759135.0,Trailing Stop (7% drop) - exactly 7.01% drop
"Aug 31, 2017",ALICL,SELL,25.0,1555.0,38875.0,586563.0,172572.0,625.0,1.63%,759135.0,Trailing Stop (7% drop) - exactly 8.26% drop
"Sep 04, 2017",PCBL,SELL,92.0,422.0,38824.0,625387.0,123196.0,-276.0,-0.71%,748583.0,Trailing Stop (7% drop) - exactly 7.86% drop
"Sep 04, 2017",NICA,SELL,86.0,346.0,29756.0,655143.0,93440.0,-9374.0,-23.96%,748583.0,Trailing Stop (7% drop) - exactly 27.00% drop
"Sep 06, 2017",JFL,SELL,138.0,259.0,35742.0,690885.0,57900.0,-2898.0,-7.50%,748785.0,Trailing Stop (7% drop) - exactly 7.50% drop
"Sep 10, 2017",NABIL,SELL,26.0,1634.0,42484.0,733369.0,13856.0,3666.0,9.44%,747225.0,Trailing Stop (7% drop) - exactly 8.20% drop
"Oct 03, 2017",ADBL,BUY,82.0,453.0,-37146.0,696223.0,51002.0,0.0,0.00%,747225.0,Trend Entry (Str: 0.03)
"Oct 12, 2017",JFL,BUY,135.0,275.0,-37125.0,659098.0,86159.0,0.0,0.00%,745257.0,Trend Entry (Str: 0.02)
"Oct 15, 2017",PROFL,BUY,163.0,228.0,-37164.0,621934.0,122976.0,0.0,0.00%,744910.0,Trend Entry (Str: 0.02)
"Oct 16, 2017",PCBL,BUY,84.0,445.0,-37380.0,584554.0,163073.0,0.0,0.00%,747627.0,Trend Entry (Str: 0.03)
"Oct 17, 2017",KBL,BUY,121.0,308.0,-37268.0,547286.0,200943.0,0.0,0.00%,748229.0,Trend Entry (Str: 0.03)
"Oct 17, 2017",GBIME,BUY,96.0,386.0,-37056.0,510230.0,237999.0,0.0,0.00%,748229.0,Trend Entry (Str: 0.02)
"Oct 18, 2017",BFC,BUY,246.0,152.0,-37392.0,472838.0,275324.0,0.0,0.00%,748162.0,Trend Entry (Str: 0.11)
"Oct 22, 2017",JBBL,BUY,193.0,193.0,-37249.0,435589.0,313065.0,0.0,0.00%,748654.0,Trend Entry (Str: 0.04)
"Oct 23, 2017",CZBIL,BUY,120.0,311.0,-37320.0,398269.0,349963.0,0.0,0.00%,748232.0,Trend Entry (Str: 0.04)
"Oct 24, 2017",NBB,BUY,111.0,336.0,-37296.0,360973.0,387215.0,0.0,0.00%,748188.0,Trend Entry (Str: 0.02)
"Oct 24, 2017",NMB,BUY,76.0,487.0,-37012.0,323961.0,424227.0,0.0,0.00%,748188.0,Trend Entry (Str: 0.01)
"Oct 25, 2017",GBIME,SELL,96.0,345.0,33120.0,357081.0,384642.0,-3936.0,-10.62%,741723.0,Trailing Stop (7% drop) - exactly 11.99% drop
"Oct 25, 2017",ALICL,BUY,24.0,1520.0,-36480.0,320601.0,421122.0,0.0,0.00%,741723.0,Trend Entry (Str: 0.01)
"Oct 25, 2017",MFIL,BUY,248.0,149.0,-36952.0,283649.0,458074.0,0.0,0.00%,741723.0,Trend Entry (Str: 0.01)
"Oct 29, 2017",BFC,SELL,246.0,139.0,34194.0,317843.0,417316.0,-3198.0,-8.55%,735159.0,Trailing Stop (7% drop) - exactly 8.55% drop
"Oct 29, 2017",EDBL,BUY,74.0,492.0,-36408.0,281435.0,453724.0,0.0,0.00%,735159.0,Trend Entry (Str: 0.03)
"Oct 30, 2017",NBB,SELL,111.0,293.0,32523.0,313958.0,416300.0,-4773.0,-12.80%,730258.0,Trailing Stop (7% drop) - exactly 12.80% drop
"Nov 01, 2017",JFL,SELL,135.0,255.0,34425.0,348383.0,374971.0,-2700.0,-7.27%,723354.0,Trailing Stop (7% drop) - exactly 8.27% drop
"Nov 06, 2017",KBL,SELL,121.0,292.0,35332.0,383715.0,333665.0,-1936.0,-5.19%,717380.0,Trailing Stop (7% drop) - exactly 7.30% drop
"Nov 06, 2017",JBBL,SELL,193.0,179.0,34547.0,418262.0,299118.0,-2702.0,-7.25%,717380.0,Trailing Stop (7% drop) - exactly 7.25% drop
"Nov 08, 2017",ADBL,SELL,82.0,416.0,34112.0,452374.0,259660.0,-3034.0,-8.17%,712034.0,Trailing Stop (7% drop) - exactly 8.17% drop
"Nov 08, 2017",ALICL,SELL,24.0,1397.0,33528.0,485902.0,226132.0,-2952.0,-8.09%,712034.0,Trailing Stop (7% drop) - exactly 8.09% drop
"Nov 08, 2017",MFIL,SELL,248.0,137.0,33976.0,519878.0,192156.0,-2976.0,-8.05%,712034.0,Trailing Stop (7% drop) - exactly 8.05% drop
"Nov 09, 2017",PROFL,SELL,163.0,224.0,36512.0,556390.0,155642.0,-652.0,-1.75%,712032.0,Trailing Stop (7% drop) - exactly 8.20% drop
"Nov 16, 2017",SANIMA,BUY,102.0,350.0,-35700.0,520690.0,194366.0,0.0,0.00%,715056.0,Trend Entry (Str: 0.01)
"Nov 21, 2017",EDBL,SELL,74.0,391.0,28934.0,549624.0,156384.0,-7474.0,-20.53%,706008.0,Trailing Stop (7% drop) - exactly 22.27% drop
"Nov 30, 2017",NICA,BUY,96.0,370.0,-35520.0,514104.0,196926.0,0.0,0.00%,711030.0,Trend Entry (Str: 0.04)
"Nov 30, 2017",EBL,BUY,29.0,1207.0,-35003.0,479101.0,231929.0,0.0,0.00%,711030.0,Trend Entry (Str: 0.03)
"Dec 04, 2017",JBBL,BUY,191.0,185.0,-35335.0,443766.0,264871.0,0.0,0.00%,708637.0,Trend Entry (Str: 0.01)
"Dec 06, 2017",ALICL,BUY,23.0,1512.0,-34776.0,408990.0,300384.0,0.0,0.00%,709374.0,Trend Entry (Str: 0.05)
"Dec 06, 2017",LICN,BUY,17.0,2085.0,-35445.0,373545.0,335829.0,0.0,0.00%,709374.0,Trend Entry (Str: 0.03)
"Dec 06, 2017",KBL,BUY,115.0,306.0,-35190.0,338355.0,371019.0,0.0,0.00%,709374.0,Trend Entry (Str: 0.02)
"Dec 06, 2017",AHPC,BUY,167.0,212.0,-35404.0,302951.0,406423.0,0.0,0.00%,709374.0,Trend Entry (Str: 0.01)
"Dec 06, 2017",ADBL,BUY,81.0,435.0,-35235.0,267716.0,441658.0,0.0,0.00%,709374.0,Trend Entry (Str: 0.01)
"Dec 10, 2017",GBIME,BUY,107.0,330.0,-35310.0,232406.0,475723.0,0.0,0.00%,708129.0,Trend Entry (Str: 0.01)
"Dec 10, 2017",NHPC,BUY,287.0,123.0,-35301.0,197105.0,511024.0,0.0,0.00%,708129.0,Trend Entry (Str: 0.01)
"Dec 10, 2017",NBB,BUY,121.0,292.0,-35332.0,161773.0,546356.0,0.0,0.00%,708129.0,Trend Entry (Str: 0.01)
"Dec 11, 2017",MFIL,BUY,243.0,145.0,-35235.0,126538.0,580393.0,0.0,0.00%,706931.0,Trend Entry (Str: 0.01)
"Dec 18, 2017",BFC,BUY,244.0,142.0,-34648.0,91890.0,603317.0,0.0,0.00%,695207.0,Trend Entry (Str: 0.05)
"Dec 19, 2017",PCBL,SELL,84.0,420.0,35280.0,127170.0,563912.0,-2100.0,-5.62%,691082.0,Trailing Stop (7% drop) - exactly 7.49% drop
"Dec 26, 2017",CZBIL,SELL,120.0,288.0,34560.0,161730.0,516033.0,-2760.0,-7.40%,677763.0,Trailing Stop (7% drop) - exactly 7.40% drop
"Dec 26, 2017",NICA,SELL,96.0,343.0,32928.0,194658.0,483105.0,-2592.0,-7.30%,677763.0,Trailing Stop (7% drop) - exactly 7.30% drop
"Dec 26, 2017",EBL,SELL,29.0,1107.0,32103.0,226761.0,451002.0,-2900.0,-8.29%,677763.0,Trailing Stop (7% drop) - exactly 8.29% drop
"Dec 26, 2017",JBBL,SELL,191.0,171.0,32661.0,259422.0,418341.0,-2674.0,-7.57%,677763.0,Trailing Stop (7% drop) - exactly 9.04% drop
"Dec 26, 2017",ALICL,SELL,23.0,1394.0,32062.0,291484.0,386279.0,-2714.0,-7.80%,677763.0,Trailing Stop (7% drop) - exactly 7.80% drop
"Dec 26, 2017",BFC,SELL,244.0,130.0,31720.0,323204.0,354559.0,-2928.0,-8.45%,677763.0,Trailing Stop (7% drop) - exactly 8.45% drop
"Dec 27, 2017",NMB,SELL,76.0,456.0,34656.0,357860.0,316440.0,-2356.0,-6.37%,674300.0,Trailing Stop (7% drop) - exactly 7.13% drop
"Dec 27, 2017",LICN,SELL,17.0,1917.0,32589.0,390449.0,283851.0,-2856.0,-8.06%,674300.0,Trailing Stop (7% drop) - exactly 8.06% drop
"Dec 27, 2017",NBB,SELL,121.0,270.0,32670.0,423119.0,251181.0,-2662.0,-7.53%,674300.0,Trailing Stop (7% drop) - exactly 7.53% drop
"Dec 28, 2017",SANIMA,SELL,102.0,339.0,34578.0,457697.0,215793.0,-1122.0,-3.14%,673490.0,Trailing Stop (7% drop) - exactly 7.12% drop
"Dec 31, 2017",KBL,SELL,115.0,283.0,32545.0,490242.0,180955.0,-2645.0,-7.52%,671197.0,Trailing Stop (7% drop) - exactly 7.82% drop
"Dec 31, 2017",ADBL,SELL,81.0,402.0,32562.0,522804.0,148393.0,-2673.0,-7.59%,671197.0,Trailing Stop (7% drop) - exactly 7.59% drop
"Jan 14, 2018",AHPC,SELL,167.0,201.0,33567.0,556371.0,115359.0,-1837.0,-5.19%,671730.0,Trailing Stop (7% drop) - exactly 7.37% drop
"Jan 28, 2018",NHPC,SELL,287.0,114.0,32718.0,589089.0,82602.0,-2583.0,-7.32%,671691.0,Trailing Stop (7% drop) - exactly 7.32% drop
"Feb 04, 2018",SANIMA,BUY,94.0,354.0,-33276.0,555813.0,116656.0,0.0,0.00%,672469.0,Trend Entry (Str: 0.03)
"Feb 04, 2018",NICA,BUY,96.0,348.0,-33408.0,522405.0,150064.0,0.0,0.00%,672469.0,Trend Entry (Str: 0.01)
"Feb 05, 2018",NMB,BUY,70.0,474.0,-33180.0,489225.0,182197.0,0.0,0.00%,671422.0,Trend Entry (Str: 0.03)
"Feb 11, 2018",NABIL,BUY,31.0,1070.0,-33170.0,456055.0,215875.0,0.0,0.00%,671930.0,Trend Entry (Str: 0.00)
"Feb 14, 2018",PCBL,BUY,109.0,307.0,-33463.0,422592.0,248905.0,0.0,0.00%,671497.0,Trend Entry (Str: 0.01)
"Feb 27, 2018",JBBL,BUY,212.0,158.0,-33496.0,389096.0,282430.0,0.0,0.00%,671526.0,Trend Entry (Str: 0.01)
"Mar 04, 2018",NICA,SELL,96.0,334.0,32064.0,421160.0,241441.0,-1344.0,-4.02%,662601.0,Trailing Stop (7% drop) - exactly 7.22% drop
"Mar 04, 2018",NMB,SELL,70.0,440.0,30800.0,451960.0,210641.0,-2380.0,-7.17%,662601.0,Trailing Stop (7% drop) - exactly 8.52% drop
"Mar 04, 2018",NABIL,SELL,31.0,1034.0,32054.0,484014.0,178587.0,-1116.0,-3.36%,662601.0,Trailing Stop (7% drop) - exactly 7.01% drop
"Mar 05, 2018",GBIME,SELL,107.0,309.0,33063.0,517077.0,141084.0,-2247.0,-6.36%,658161.0,Trailing Stop (7% drop) - exactly 7.49% drop
"Mar 05, 2018",MFIL,SELL,243.0,131.0,31833.0,548910.0,109251.0,-3402.0,-9.66%,658161.0,Trailing Stop (7% drop) - exactly 10.27% drop
"Mar 05, 2018",JBBL,SELL,212.0,144.0,30528.0,579438.0,78723.0,-2968.0,-8.86%,658161.0,Trailing Stop (7% drop) - exactly 8.86% drop
"Mar 12, 2018",PCBL,SELL,109.0,292.0,31828.0,611266.0,47038.0,-1635.0,-4.89%,658304.0,Trailing Stop (7% drop) - exactly 7.01% drop
"Mar 21, 2018",SANIMA,SELL,94.0,340.0,31960.0,643226.0,13856.0,-1316.0,-3.95%,657082.0,Trailing Stop (7% drop) - exactly 8.11% drop
"Mar 29, 2018",CORBL,SELL,46.0,147.0,6762.0,649988.0,9394.0,2300.0,51.55%,659382.0,Take Profit (25% up) - exactly 51.55% up
"Apr 10, 2018",EBL,BUY,41.0,800.0,-32800.0,617188.0,42194.0,0.0,0.00%,659382.0,Trend Entry (Str: 0.06)
"Apr 11, 2018",ADBL,BUY,98.0,335.0,-32830.0,584358.0,75024.0,0.0,0.00%,659382.0,Trend Entry (Str: 0.03)
"Apr 11, 2018",SANIMA,BUY,91.0,361.0,-32851.0,551507.0,107875.0,0.0,0.00%,659382.0,Trend Entry (Str: 0.02)
"Apr 12, 2018",NMB,BUY,74.0,445.0,-32930.0,518577.0,140605.0,0.0,0.00%,659182.0,Trend Entry (Str: 0.03)
"Apr 15, 2018",NBB,BUY,132.0,248.0,-32736.0,485841.0,172942.0,0.0,0.00%,658783.0,Trend Entry (Str: 0.07)
"Apr 16, 2018",ALICL,BUY,41.0,789.0,-32349.0,453492.0,204599.0,0.0,0.00%,658091.0,Trend Entry (Str: 0.17)
"Apr 16, 2018",MBL,BUY,143.0,230.0,-32890.0,420602.0,237489.0,0.0,0.00%,658091.0,Trend Entry (Str: 0.01)
"Apr 16, 2018",NICA,BUY,101.0,324.0,-32724.0,387878.0,270213.0,0.0,0.00%,658091.0,Trend Entry (Str: 0.01)
"Apr 16, 2018",CZBIL,BUY,125.0,262.0,-32750.0,355128.0,302963.0,0.0,0.00%,658091.0,Trend Entry (Str: 0.01)
"Apr 16, 2018",GBIME,BUY,106.0,309.0,-32754.0,322374.0,335717.0,0.0,0.00%,658091.0,Trend Entry (Str: 0.00)
"Apr 17, 2018",JFL,BUY,177.0,187.0,-33099.0,289275.0,375203.0,0.0,0.00%,664478.0,Trend Entry (Str: 0.14)
"Apr 17, 2018",AHPC,BUY,186.0,178.0,-33108.0,256167.0,408311.0,0.0,0.00%,664478.0,Trend Entry (Str: 0.07)
"Apr 17, 2018",PFL,BUY,207.0,160.0,-33120.0,223047.0,441431.0,0.0,0.00%,664478.0,Trend Entry (Str: 0.07)
"Apr 17, 2018",MFIL,BUY,244.0,136.0,-33184.0,189863.0,474615.0,0.0,0.00%,664478.0,Trend Entry (Str: 0.06)
"Apr 17, 2018",JBBL,BUY,218.0,152.0,-33136.0,156727.0,507751.0,0.0,0.00%,664478.0,Trend Entry (Str: 0.05)
"Apr 17, 2018",SBI,BUY,59.0,563.0,-33217.0,123510.0,540968.0,0.0,0.00%,664478.0,Trend Entry (Str: 0.03)
"Apr 17, 2018",PCBL,BUY,111.0,299.0,-33189.0,90321.0,574157.0,0.0,0.00%,664478.0,Trend Entry (Str: 0.03)
"Apr 17, 2018",KBL,BUY,128.0,259.0,-33152.0,57169.0,607309.0,0.0,0.00%,664478.0,Trend Entry (Str: 0.03)
"Apr 18, 2018",LICN,BUY,19.0,1775.0,-33725.0,23444.0,655442.0,0.0,0.00%,678886.0,Trend Entry (Str: 0.10)
"Apr 18, 2018",NABIL,BUY,22.0,1040.0,-22880.0,564.0,678322.0,0.0,0.00%,678886.0,Trend Entry (Str: 0.05)
"Apr 23, 2018",KBL,SELL,128.0,261.0,33408.0,33972.0,664573.0,256.0,0.77%,698545.0,Trailing Stop (7% drop) - exactly 9.06% drop
"Apr 23, 2018",EDBL,BUY,89.0,380.0,-33820.0,152.0,698393.0,0.0,0.00%,698545.0,Trend Entry (Str: 0.10)
"Apr 24, 2018",PFL,SELL,207.0,165.0,34155.0,34307.0,656338.0,1035.0,3.12%,690645.0,Trailing Stop (7% drop) - exactly 7.82% drop
"Apr 24, 2018",ICFC,BUY,165.0,207.0,-34155.0,152.0,690493.0,0.0,0.00%,690645.0,Trend Entry (Str: 0.07)
"Apr 26, 2018",EBL,SELL,41.0,798.0,32718.0,32870.0,635803.0,-82.0,-0.25%,668673.0,Trailing Stop (7% drop) - exactly 7.21% drop
"Apr 26, 2018",NBB,SELL,132.0,245.0,32340.0,65210.0,603463.0,-396.0,-1.21%,668673.0,Trailing Stop (7% drop) - exactly 7.89% drop
"Apr 26, 2018",ALICL,SELL,41.0,831.0,34071.0,99281.0,569392.0,1722.0,5.32%,668673.0,Trailing Stop (7% drop) - exactly 9.08% drop
"Apr 26, 2018",CZBIL,SELL,125.0,270.0,33750.0,133031.0,535642.0,1000.0,3.05%,668673.0,Trailing Stop (7% drop) - exactly 8.16% drop
"Apr 26, 2018",JFL,SELL,177.0,182.0,32214.0,165245.0,503428.0,-885.0,-2.67%,668673.0,Trailing Stop (7% drop) - exactly 8.54% drop
"Apr 26, 2018",MFIL,SELL,244.0,132.0,32208.0,197453.0,471220.0,-976.0,-2.94%,668673.0,Trailing Stop (7% drop) - exactly 7.69% drop
"Apr 26, 2018",JBBL,SELL,218.0,154.0,33572.0,231025.0,437648.0,436.0,1.32%,668673.0,Trailing Stop (7% drop) - exactly 7.78% drop
"Apr 26, 2018",SBI,SELL,59.0,565.0,33335.0,264360.0,404313.0,118.0,0.36%,668673.0,Trailing Stop (7% drop) - exactly 8.13% drop
"Apr 26, 2018",LICN,SELL,19.0,1690.0,32110.0,296470.0,372203.0,-1615.0,-4.79%,668673.0,Trailing Stop (7% drop) - exactly 7.40% drop
"Apr 29, 2018",MBL,SELL,143.0,239.0,34177.0,330647.0,334500.0,1287.0,3.91%,665147.0,Trailing Stop (7% drop) - exactly 9.47% drop
"Apr 29, 2018",PROFL,BUY,196.0,169.0,-33124.0,297523.0,367624.0,0.0,0.00%,665147.0,Trend Entry (Str: 0.03)
"May 02, 2018",ADBL,SELL,98.0,341.0,33418.0,330941.0,335008.0,588.0,1.79%,665949.0,Trailing Stop (7% drop) - exactly 7.59% drop
"May 02, 2018",AHPC,SELL,186.0,182.0,33852.0,364793.0,301156.0,744.0,2.25%,665949.0,Trailing Stop (7% drop) - exactly 7.14% drop
"May 02, 2018",GMFIL,BUY,216.0,154.0,-33264.0,331529.0,334420.0,0.0,0.00%,665949.0,Trend Entry (Str: 0.01)
"May 06, 2018",PCBL,SELL,111.0,320.0,35520.0,367049.0,295448.0,2331.0,7.02%,662497.0,Trailing Stop (7% drop) - exactly 7.25% drop
"May 06, 2018",EDBL,SELL,89.0,351.0,31239.0,398288.0,264209.0,-2581.0,-7.63%,662497.0,Trailing Stop (7% drop) - exactly 7.63% drop
"May 06, 2018",ICFC,SELL,165.0,194.0,32010.0,430298.0,232199.0,-2145.0,-6.28%,662497.0,Trailing Stop (7% drop) - exactly 7.18% drop
"May 07, 2018",SANIMA,SELL,91.0,354.0,32214.0,462512.0,198479.0,-637.0,-1.94%,660991.0,Trailing Stop (7% drop) - exactly 7.09% drop
"May 07, 2018",GBIME,SELL,106.0,314.0,33284.0,495796.0,165195.0,530.0,1.62%,660991.0,Trailing Stop (7% drop) - exactly 7.10% drop
"May 08, 2018",GMFIL,SELL,216.0,143.0,30888.0,526684.0,134271.0,-2376.0,-7.14%,660955.0,Trailing Stop (7% drop) - exactly 7.14% drop
"May 08, 2018",ALICL,BUY,37.0,878.0,-32486.0,494198.0,166757.0,0.0,0.00%,660955.0,Trend Entry (Str: 0.18)
"May 08, 2018",LICN,BUY,18.0,1752.0,-31536.0,462662.0,198293.0,0.0,0.00%,660955.0,Trend Entry (Str: 0.06)
"May 08, 2018",CZBIL,BUY,120.0,274.0,-32880.0,429782.0,231173.0,0.0,0.00%,660955.0,Trend Entry (Str: 0.03)
"May 09, 2018",JFL,BUY,187.0,176.0,-32912.0,396870.0,262773.0,0.0,0.00%,659643.0,Trend Entry (Str: 0.03)
"May 17, 2018",BFC,BUY,261.0,126.0,-32886.0,363984.0,294527.0,0.0,0.00%,658511.0,Trend Entry (Str: 0.03)
"May 20, 2018",ALICL,SELL,37.0,804.0,29748.0,393732.0,260256.0,-2738.0,-8.43%,653988.0,Trailing Stop (7% drop) - exactly 8.43% drop
"May 20, 2018",PCBL,BUY,102.0,320.0,-32640.0,361092.0,292896.0,0.0,0.00%,653988.0,Trend Entry (Str: 0.02)
"May 23, 2018",NABIL,SELL,22.0,987.0,21714.0,382806.0,268702.0,-1166.0,-5.10%,651508.0,Trailing Stop (7% drop) - exactly 7.32% drop
"May 24, 2018",NMB,SELL,74.0,450.0,33300.0,416106.0,237250.0,370.0,1.12%,653356.0,Trailing Stop (7% drop) - exactly 7.41% drop
"May 27, 2018",NICA,SELL,101.0,329.0,33229.0,449335.0,200383.0,505.0,1.54%,649718.0,Trailing Stop (7% drop) - exactly 7.58% drop
"May 28, 2018",PROFL,SELL,196.0,161.0,31556.0,480891.0,172901.0,-1568.0,-4.73%,653792.0,Trailing Stop (7% drop) - exactly 7.47% drop
"Jun 03, 2018",JFL,SELL,187.0,170.0,31790.0,512681.0,134632.0,-1122.0,-3.41%,647313.0,Trailing Stop (7% drop) - exactly 7.61% drop
"Jun 04, 2018",CZBIL,SELL,120.0,250.0,30000.0,542681.0,103684.0,-2880.0,-8.76%,646365.0,Trailing Stop (7% drop) - exactly 8.76% drop
"Jun 06, 2018",PROFL,BUY,190.0,170.0,-32300.0,510381.0,136980.0,0.0,0.00%,647361.0,Trend Entry (Str: 0.02)
"Jun 10, 2018",LICN,SELL,18.0,1632.0,29376.0,539757.0,101250.0,-2160.0,-6.85%,641007.0,Trailing Stop (7% drop) - exactly 7.95% drop
"Jun 10, 2018",PCBL,SELL,102.0,295.0,30090.0,569847.0,71160.0,-2550.0,-7.81%,641007.0,Trailing Stop (7% drop) - exactly 7.81% drop
"Jun 10, 2018",PROFL,SELL,190.0,152.0,28880.0,598727.0,42280.0,-3420.0,-10.59%,641007.0,Trailing Stop (7% drop) - exactly 10.59% drop
"Jun 13, 2018",JFL,BUY,182.0,176.0,-32032.0,566695.0,74312.0,0.0,0.00%,641007.0,Trend Entry (Str: 0.02)
"Jun 20, 2018",JFL,SELL,182.0,162.0,29484.0,596179.0,41236.0,-2548.0,-7.95%,637415.0,Trailing Stop (7% drop) - exactly 7.95% drop
"Jul 11, 2018",EDBL,BUY,94.0,338.0,-31772.0,564407.0,74052.0,0.0,0.00%,638459.0,Trend Entry (Str: 0.02)
"Jul 16, 2018",JBBL,BUY,226.0,141.0,-31866.0,532541.0,105918.0,0.0,0.00%,638459.0,Trend Entry (Str: 0.02)
"Jul 19, 2018",PFL,BUY,231.0,138.0,-31878.0,500663.0,138022.0,0.0,0.00%,638685.0,Trend Entry (Str: 0.03)
"Jul 22, 2018",NMB,BUY,89.0,354.0,-31506.0,469157.0,167158.0,0.0,0.00%,636315.0,Trend Entry (Str: 0.01)
"Jul 24, 2018",BFC,SELL,261.0,108.0,28188.0,497345.0,135570.0,-4698.0,-14.29%,632915.0,Trailing Stop (7% drop) - exactly 15.62% drop
"Jul 25, 2018",ADBL,BUY,100.0,314.0,-31400.0,465945.0,166907.0,0.0,0.00%,632852.0,Trend Entry (Str: 0.00)
"Jul 25, 2018",PCBL,BUY,110.0,287.0,-31570.0,434375.0,198477.0,0.0,0.00%,632852.0,Trend Entry (Str: 0.00)
"Jul 29, 2018",NHPC,BUY,368.0,86.0,-31648.0,402727.0,231607.0,0.0,0.00%,634334.0,Trend Entry (Str: 0.04)
"Jul 29, 2018",LICN,BUY,19.0,1590.0,-30210.0,372517.0,261817.0,0.0,0.00%,634334.0,Trend Entry (Str: 0.01)
"Jul 29, 2018",EBL,BUY,47.0,672.0,-31584.0,340933.0,293401.0,0.0,0.00%,634334.0,Trend Entry (Str: 0.01)
"Jul 30, 2018",JFL,BUY,166.0,190.0,-31540.0,309393.0,323350.0,0.0,0.00%,632743.0,Trend Entry (Str: 0.12)
"Jul 30, 2018",SBI,BUY,62.0,504.0,-31248.0,278145.0,354598.0,0.0,0.00%,632743.0,Trend Entry (Str: 0.01)
"Aug 02, 2018",NMB,SELL,89.0,318.0,28302.0,306447.0,321316.0,-3204.0,-10.17%,627763.0,Trailing Stop (7% drop) - exactly 12.88% drop
"Aug 05, 2018",GBIME,BUY,106.0,295.0,-31270.0,275177.0,353034.0,0.0,0.00%,628211.0,Trend Entry (Str: 0.03)
"Aug 05, 2018",MEGA,BUY,191.0,164.0,-31324.0,243853.0,384358.0,0.0,0.00%,628211.0,Trend Entry (Str: 0.01)
"Aug 07, 2018",NHPC,SELL,368.0,79.0,29072.0,272925.0,353263.0,-2576.0,-8.14%,626188.0,Trailing Stop (7% drop) - exactly 8.14% drop
"Aug 14, 2018",MFIL,BUY,254.0,123.0,-31242.0,241683.0,384100.0,0.0,0.00%,625783.0,Trend Entry (Str: 0.03)
"Aug 15, 2018",CZBIL,BUY,132.0,240.0,-31680.0,210003.0,425325.0,0.0,0.00%,635328.0,Trend Entry (Str: 0.03)
"Aug 16, 2018",NABIL,BUY,33.0,957.0,-31581.0,178422.0,457469.0,0.0,0.00%,635891.0,Trend Entry (Str: 0.05)
"Aug 16, 2018",KBL,BUY,154.0,206.0,-31724.0,146698.0,489193.0,0.0,0.00%,635891.0,Trend Entry (Str: 0.04)
"Aug 20, 2018",EDBL,SELL,94.0,314.0,29516.0,176214.0,453051.0,-2256.0,-7.10%,629265.0,Trailing Stop (7% drop) - exactly 7.10% drop
"Aug 28, 2018",NICA,BUY,96.0,325.0,-31200.0,145014.0,479658.0,0.0,0.00%,624672.0,Trend Entry (Str: 0.04)
"Aug 29, 2018",GMFIL,BUY,230.0,135.0,-31050.0,113964.0,509705.0,0.0,0.00%,623669.0,Trend Entry (Str: 0.02)
"Aug 30, 2018",SANIMA,BUY,97.0,320.0,-31040.0,82924.0,543081.0,0.0,0.00%,626005.0,Trend Entry (Str: 0.02)
"Sep 05, 2018",CORBL,BUY,311.0,105.0,-32655.0,50269.0,604872.0,0.0,0.00%,655141.0,Trend Entry (Str: 0.02)
"Sep 06, 2018",MBL,BUY,149.0,218.0,-32482.0,17787.0,633952.0,0.0,0.00%,651739.0,Trend Entry (Str: 0.06)
"Sep 09, 2018",ICFC,BUY,105.0,168.0,-17640.0,147.0,649565.0,0.0,0.00%,649712.0,Trend Entry (Str: 0.03)
"Sep 12, 2018",NICA,SELL,96.0,408.0,39168.0,39315.0,619661.0,7968.0,25.54%,658976.0,Take Profit (25% up) - exactly 25.54% up
"Sep 12, 2018",NHPC,BUY,387.0,85.0,-32895.0,6420.0,652556.0,0.0,0.00%,658976.0,Trend Entry (Str: 0.07)
"Sep 12, 2018",NMB,BUY,18.0,338.0,-6084.0,336.0,658640.0,0.0,0.00%,658976.0,Trend Entry (Str: 0.05)
"Sep 13, 2018",GMFIL,SELL,230.0,125.0,28750.0,29086.0,635478.0,-2300.0,-7.41%,664564.0,Trailing Stop (7% drop) - exactly 7.41% drop
"Sep 13, 2018",NBB,BUY,135.0,215.0,-29025.0,61.0,664503.0,0.0,0.00%,664564.0,Trend Entry (Str: 0.05)
"Sep 25, 2018",MEGA,SELL,191.0,206.0,39346.0,39407.0,646789.0,8022.0,25.61%,686196.0,Take Profit (25% up) - exactly 25.61% up
"Sep 25, 2018",KBL,SELL,154.0,260.0,40040.0,79447.0,606749.0,8316.0,26.21%,686196.0,Take Profit (25% up) - exactly 26.21% up
"Sep 25, 2018",CORBL,SELL,311.0,97.0,30167.0,109614.0,576582.0,-2488.0,-7.62%,686196.0,Trailing Stop (7% drop) - exactly 7.62% drop
"Sep 25, 2018",NICA,BUY,76.0,447.0,-33972.0,75642.0,610554.0,0.0,0.00%,686196.0,Trend Entry (Str: 0.24)
"Sep 30, 2018",ICFC,SELL,105.0,159.0,16695.0,92337.0,580833.0,-945.0,-5.36%,673170.0,Trailing Stop (7% drop) - exactly 8.09% drop
"Sep 30, 2018",MEGA,BUY,164.0,205.0,-33620.0,58717.0,614453.0,0.0,0.00%,673170.0,Trend Entry (Str: 0.15)
"Sep 30, 2018",KBL,BUY,131.0,255.0,-33405.0,25312.0,647858.0,0.0,0.00%,673170.0,Trend Entry (Str: 0.14)
"Oct 01, 2018",JBBL,SELL,226.0,140.0,31640.0,56952.0,604755.0,-226.0,-0.71%,661707.0,Trailing Stop (7% drop) - exactly 7.89% drop
"Oct 01, 2018",CZBIL,SELL,132.0,249.0,32868.0,89820.0,571887.0,1188.0,3.75%,661707.0,Trailing Stop (7% drop) - exactly 7.09% drop
"Oct 01, 2018",MBL,SELL,149.0,225.0,33525.0,123345.0,538362.0,1043.0,3.21%,661707.0,Trailing Stop (7% drop) - exactly 7.02% drop
"Oct 02, 2018",JFL,SELL,166.0,173.0,28718.0,152063.0,503347.0,-2822.0,-8.95%,655410.0,Trailing Stop (7% drop) - exactly 23.79% drop
"Oct 03, 2018",NHPC,SELL,387.0,81.0,31347.0,183410.0,465349.0,-1548.0,-4.71%,648759.0,Trailing Stop (7% drop) - exactly 8.99% drop
"Oct 03, 2018",NMB,SELL,18.0,350.0,6300.0,189710.0,459049.0,216.0,3.55%,648759.0,Trailing Stop (7% drop) - exactly 7.16% drop
"Oct 03, 2018",NBB,SELL,135.0,212.0,28620.0,218330.0,430429.0,-405.0,-1.40%,648759.0,Trailing Stop (7% drop) - exactly 7.42% drop
"Oct 03, 2018",AHPC,BUY,242.0,134.0,-32428.0,185902.0,462857.0,0.0,0.00%,648759.0,Trend Entry (Str: 0.01)
"Oct 07, 2018",ADBL,SELL,100.0,344.0,34400.0,220302.0,422919.0,3000.0,9.55%,643221.0,Trailing Stop (7% drop) - exactly 7.28% drop
"Oct 07, 2018",EBL,SELL,47.0,623.0,29281.0,249583.0,393638.0,-2303.0,-7.29%,643221.0,Trailing Stop (7% drop) - exactly 7.43% drop
"Oct 07, 2018",SANIMA,SELL,97.0,326.0,31622.0,281205.0,362016.0,582.0,1.88%,643221.0,Trailing Stop (7% drop) - exactly 7.12% drop
"Oct 07, 2018",NHPC,BUY,387.0,83.0,-32121.0,249084.0,394137.0,0.0,0.00%,643221.0,Trend Entry (Str: 0.02)
"Oct 09, 2018",PCBL,SELL,110.0,320.0,35200.0,284284.0,359434.0,3630.0,11.50%,643718.0,Trailing Stop (7% drop) - exactly 7.51% drop
"Oct 10, 2018",LICN,SELL,19.0,1505.0,28595.0,312879.0,330137.0,-1615.0,-5.35%,643016.0,Trailing Stop (7% drop) - exactly 7.67% drop
"Oct 11, 2018",NMB,BUY,90.0,356.0,-32040.0,280839.0,364107.0,0.0,0.00%,644946.0,Trend Entry (Str: 0.03)
"Oct 11, 2018",NBB,BUY,150.0,214.0,-32100.0,248739.0,396207.0,0.0,0.00%,644946.0,Trend Entry (Str: 0.01)
"Oct 14, 2018",PCBL,BUY,97.0,335.0,-32495.0,216244.0,434519.0,0.0,0.00%,650763.0,Trend Entry (Str: 0.03)
"Oct 25, 2018",SANIMA,BUY,94.0,344.0,-32336.0,183908.0,465815.0,0.0,0.00%,649723.0,Trend Entry (Str: 0.02)
"Oct 29, 2018",PFL,SELL,231.0,140.0,32340.0,216248.0,418363.0,462.0,1.45%,634611.0,Trailing Stop (7% drop) - exactly 12.50% drop
"Nov 01, 2018",LICN,BUY,20.0,1580.0,-31600.0,184648.0,451914.0,0.0,0.00%,636562.0,Trend Entry (Str: 0.01)
"Nov 04, 2018",NICA,SELL,76.0,413.0,31388.0,216036.0,415093.0,-2584.0,-7.61%,631129.0,Trailing Stop (7% drop) - exactly 8.22% drop
"Nov 04, 2018",AHPC,SELL,242.0,123.0,29766.0,245802.0,385327.0,-2662.0,-8.21%,631129.0,Trailing Stop (7% drop) - exactly 8.21% drop
"Nov 11, 2018",SBI,SELL,62.0,471.0,29202.0,275004.0,354826.0,-2046.0,-6.55%,629830.0,Trailing Stop (7% drop) - exactly 7.83% drop
"Nov 12, 2018",MEGA,SELL,164.0,195.0,31980.0,306984.0,319486.0,-1640.0,-4.88%,626470.0,Trailing Stop (7% drop) - exactly 7.14% drop
"Nov 14, 2018",NHPC,SELL,387.0,77.0,29799.0,336783.0,294855.0,-2322.0,-7.23%,631638.0,Trailing Stop (7% drop) - exactly 7.23% drop
"Nov 18, 2018",MFIL,SELL,254.0,124.0,31496.0,368279.0,259874.0,254.0,0.81%,628153.0,Trailing Stop (7% drop) - exactly 8.15% drop
"Nov 20, 2018",NABIL,SELL,33.0,902.0,29766.0,398045.0,230062.0,-1815.0,-5.75%,628107.0,Trailing Stop (7% drop) - exactly 7.01% drop
"Nov 22, 2018",NBB,SELL,150.0,200.0,30000.0,428045.0,199150.0,-2100.0,-6.54%,627195.0,Trailing Stop (7% drop) - exactly 7.41% drop
"Nov 22, 2018",ICFC,BUY,198.0,158.0,-31284.0,396761.0,230434.0,0.0,0.00%,627195.0,Trend Entry (Str: 0.02)
"Nov 27, 2018",PROFL,BUY,286.0,109.0,-31174.0,365587.0,259402.0,0.0,0.00%,624989.0,Trend Entry (Str: 0.07)
"Nov 29, 2018",SANIMA,SELL,94.0,318.0,29892.0,395479.0,228213.0,-2444.0,-7.56%,623692.0,Trailing Stop (7% drop) - exactly 7.56% drop
"Dec 02, 2018",GBIME,SELL,106.0,302.0,32012.0,427491.0,194282.0,742.0,2.37%,621773.0,Trailing Stop (7% drop) - exactly 7.36% drop
"Dec 02, 2018",LICN,SELL,20.0,1455.0,29100.0,456591.0,165182.0,-2500.0,-7.91%,621773.0,Trailing Stop (7% drop) - exactly 7.91% drop
"Dec 05, 2018",KBL,SELL,131.0,239.0,31309.0,487900.0,133706.0,-2096.0,-6.27%,621606.0,Trailing Stop (7% drop) - exactly 8.08% drop
"Dec 05, 2018",PCBL,SELL,97.0,312.0,30264.0,518164.0,103442.0,-2231.0,-6.87%,621606.0,Trailing Stop (7% drop) - exactly 7.69% drop
"Dec 11, 2018",JFL,BUY,176.0,176.0,-30976.0,487188.0,134596.0,0.0,0.00%,621784.0,Trend Entry (Str: 0.04)
"Dec 13, 2018",GBIME,BUY,97.0,318.0,-30846.0,456342.0,165852.0,0.0,0.00%,622194.0,Trend Entry (Str: 0.02)
"Dec 19, 2018",LICN,BUY,20.0,1551.0,-31020.0,425322.0,198040.0,0.0,0.00%,623362.0,Trend Entry (Str: 0.04)
"Dec 20, 2018",ADBL,BUY,89.0,349.0,-31061.0,394261.0,228539.0,0.0,0.00%,622800.0,Trend Entry (Str: 0.02)
"Dec 23, 2018",ALICL,BUY,52.0,600.0,-31200.0,363061.0,264770.0,0.0,0.00%,627831.0,Trend Entry (Str: 0.16)
"Dec 23, 2018",PCBL,BUY,92.0,340.0,-31280.0,331781.0,296050.0,0.0,0.00%,627831.0,Trend Entry (Str: 0.05)
"Dec 23, 2018",PFL,BUY,227.0,138.0,-31326.0,300455.0,327376.0,0.0,0.00%,627831.0,Trend Entry (Str: 0.03)
"Dec 23, 2018",KBL,BUY,124.0,252.0,-31248.0,269207.0,358624.0,0.0,0.00%,627831.0,Trend Entry (Str: 0.02)
"Dec 23, 2018",MBL,BUY,146.0,214.0,-31244.0,237963.0,389868.0,0.0,0.00%,627831.0,Trend Entry (Str: 0.01)
"Dec 24, 2018",NBB,BUY,156.0,200.0,-31200.0,206763.0,419568.0,0.0,0.00%,626331.0,Trend Entry (Str: 0.00)
"Dec 25, 2018",NMB,SELL,90.0,336.0,30240.0,237003.0,383954.0,-1800.0,-5.62%,620957.0,Trailing Stop (7% drop) - exactly 14.29% drop
"Dec 25, 2018",JBBL,BUY,228.0,136.0,-31008.0,205995.0,414962.0,0.0,0.00%,620957.0,Trend Entry (Str: 0.00)
"Dec 27, 2018",EDBL,BUY,108.0,290.0,-31320.0,174675.0,452861.0,0.0,0.00%,627536.0,Trend Entry (Str: 0.05)
"Dec 27, 2018",EBL,BUY,57.0,550.0,-31350.0,143325.0,484211.0,0.0,0.00%,627536.0,Trend Entry (Str: 0.02)
"Dec 30, 2018",GBIME,SELL,97.0,281.0,27257.0,170582.0,447789.0,-3589.0,-11.64%,618371.0,Trailing Stop (7% drop) - exactly 14.33% drop
"Dec 30, 2018",SBI,BUY,72.0,425.0,-30600.0,139982.0,478389.0,0.0,0.00%,618371.0,Trend Entry (Str: 0.03)
"Jan 02, 2019",NBB,SELL,156.0,191.0,29796.0,169778.0,439845.0,-1404.0,-4.50%,609623.0,Trailing Stop (7% drop) - exactly 7.73% drop
"Jan 03, 2019",SBI,SELL,72.0,391.0,28152.0,197930.0,412471.0,-2448.0,-8.00%,610401.0,Trailing Stop (7% drop) - exactly 8.00% drop
"Jan 06, 2019",ALICL,SELL,52.0,600.0,31200.0,229130.0,379582.0,0.0,0.00%,608712.0,Trailing Stop (7% drop) - exactly 7.41% drop
"Jan 07, 2019",GMFIL,BUY,234.0,130.0,-30420.0,198710.0,410911.0,0.0,0.00%,609621.0,Trend Entry (Str: 0.05)
"Jan 09, 2019",SANIMA,BUY,98.0,309.0,-30282.0,168428.0,439950.0,0.0,0.00%,608378.0,Trend Entry (Str: 0.01)
"Jan 10, 2019",ALICL,BUY,49.0,620.0,-30380.0,138048.0,473959.0,0.0,0.00%,612007.0,Trend Entry (Str: 0.12)
"Jan 14, 2019",EDBL,SELL,108.0,273.0,29484.0,167532.0,442238.0,-1836.0,-5.86%,609770.0,Trailing Stop (7% drop) - exactly 7.14% drop
"Jan 14, 2019",NICA,BUY,78.0,386.0,-30108.0,137424.0,472346.0,0.0,0.00%,609770.0,Trend Entry (Str: 0.01)
"Jan 23, 2019",EDBL,BUY,108.0,281.0,-30348.0,107076.0,502477.0,0.0,0.00%,609553.0,Trend Entry (Str: 0.02)
"Feb 03, 2019",JFL,SELL,176.0,166.0,29216.0,136292.0,466622.0,-1760.0,-5.68%,602914.0,Trailing Stop (7% drop) - exactly 7.26% drop
"Feb 03, 2019",PCBL,SELL,92.0,318.0,29256.0,165548.0,437366.0,-2024.0,-6.47%,602914.0,Trailing Stop (7% drop) - exactly 7.56% drop
"Feb 06, 2019",ADBL,SELL,89.0,335.0,29815.0,195363.0,401457.0,-1246.0,-4.01%,596820.0,Trailing Stop (7% drop) - exactly 7.46% drop
"Feb 06, 2019",PFL,SELL,227.0,130.0,29510.0,224873.0,371947.0,-1816.0,-5.80%,596820.0,Trailing Stop (7% drop) - exactly 7.14% drop
"Feb 07, 2019",ICFC,SELL,198.0,148.0,29304.0,254177.0,344572.0,-1980.0,-6.33%,598749.0,Trailing Stop (7% drop) - exactly 7.50% drop
"Feb 07, 2019",LICN,SELL,20.0,1670.0,33400.0,287577.0,311172.0,2380.0,7.67%,598749.0,Trailing Stop (7% drop) - exactly 7.12% drop
"Feb 10, 2019",KBL,SELL,124.0,235.0,29140.0,316717.0,279342.0,-2108.0,-6.75%,596059.0,Trailing Stop (7% drop) - exactly 7.84% drop
"Feb 10, 2019",ALICL,SELL,49.0,588.0,28812.0,345529.0,250530.0,-1568.0,-5.16%,596059.0,Trailing Stop (7% drop) - exactly 7.55% drop
"Feb 13, 2019",EBL,SELL,57.0,510.0,29070.0,374599.0,220754.0,-2280.0,-7.27%,595353.0,Trailing Stop (7% drop) - exactly 7.27% drop
"Feb 24, 2019",NICA,SELL,78.0,370.0,28860.0,403459.0,191178.0,-1248.0,-4.15%,594637.0,Trailing Stop (7% drop) - exactly 7.04% drop
"Mar 07, 2019",NBB,BUY,159.0,187.0,-29733.0,373726.0,223173.0,0.0,0.00%,596899.0,Trend Entry (Str: 0.02)
"Mar 12, 2019",EBL,BUY,55.0,542.0,-29810.0,343916.0,257668.0,0.0,0.00%,601584.0,Trend Entry (Str: 0.05)
"Mar 12, 2019",CZBIL,BUY,139.0,215.0,-29885.0,314031.0,287553.0,0.0,0.00%,601584.0,Trend Entry (Str: 0.05)
"Mar 13, 2019",NHPC,BUY,422.0,71.0,-29962.0,284069.0,315860.0,0.0,0.00%,599929.0,Trend Entry (Str: 0.10)
"Mar 13, 2019",AHPC,BUY,282.0,106.0,-29892.0,254177.0,345752.0,0.0,0.00%,599929.0,Trend Entry (Str: 0.06)
"Mar 13, 2019",SBI,BUY,75.0,395.0,-29625.0,224552.0,375377.0,0.0,0.00%,599929.0,Trend Entry (Str: 0.04)
"Mar 13, 2019",NMB,BUY,92.0,324.0,-29808.0,194744.0,405185.0,0.0,0.00%,599929.0,Trend Entry (Str: 0.04)
"Mar 13, 2019",NICA,BUY,75.0,398.0,-29850.0,164894.0,435035.0,0.0,0.00%,599929.0,Trend Entry (Str: 0.03)
"Mar 14, 2019",PFL,BUY,228.0,132.0,-30096.0,134798.0,469614.0,0.0,0.00%,604412.0,Trend Entry (Str: 0.02)
"Mar 14, 2019",GBIME,BUY,113.0,267.0,-30171.0,104627.0,499785.0,0.0,0.00%,604412.0,Trend Entry (Str: 0.02)
"Mar 17, 2019",PCBL,BUY,92.0,324.0,-29808.0,74819.0,527788.0,0.0,0.00%,602607.0,Trend Entry (Str: 0.03)
"Mar 17, 2019",MEGA,BUY,181.0,166.0,-30046.0,44773.0,557834.0,0.0,0.00%,602607.0,Trend Entry (Str: 0.03)
"Mar 17, 2019",KBL,BUY,126.0,238.0,-29988.0,14785.0,587822.0,0.0,0.00%,602607.0,Trend Entry (Str: 0.01)
"Mar 18, 2019",CORBL,BUY,149.0,99.0,-14751.0,34.0,603151.0,0.0,0.00%,603185.0,Trend Entry (Str: 0.05)
"Apr 21, 2019",MBL,SELL,146.0,270.0,39420.0,39454.0,619505.0,8176.0,26.17%,658959.0,Take Profit (25% up) - exactly 26.17% up
"Apr 21, 2019",EBL,SELL,55.0,680.0,37400.0,76854.0,582105.0,7590.0,25.46%,658959.0,Take Profit (25% up) - exactly 25.46% up
"Apr 21, 2019",SBI,SELL,75.0,511.0,38325.0,115179.0,543780.0,8700.0,29.37%,658959.0,Take Profit (25% up) - exactly 29.37% up
"Apr 21, 2019",KBL,SELL,126.0,230.0,28980.0,144159.0,514800.0,-1008.0,-3.36%,658959.0,Trailing Stop (7% drop) - exactly 14.50% drop
"Apr 21, 2019",NABIL,BUY,38.0,866.0,-32908.0,111251.0,547708.0,0.0,0.00%,658959.0,Trend Entry (Str: 0.19)
"Apr 21, 2019",ADBL,BUY,94.0,348.0,-32712.0,78539.0,580420.0,0.0,0.00%,658959.0,Trend Entry (Str: 0.13)
"Apr 21, 2019",JFL,BUY,185.0,178.0,-32930.0,45609.0,613350.0,0.0,0.00%,658959.0,Trend Entry (Str: 0.06)
"Apr 21, 2019",LICN,BUY,20.0,1589.0,-31780.0,13829.0,645130.0,0.0,0.00%,658959.0,Trend Entry (Str: 0.05)
"Apr 21, 2019",ICFC,BUY,88.0,157.0,-13816.0,13.0,658946.0,0.0,0.00%,658959.0,Trend Entry (Str: 0.03)
"Apr 23, 2019",CORBL,SELL,149.0,92.0,13708.0,13721.0,639447.0,-1043.0,-7.07%,653168.0,Trailing Stop (7% drop) - exactly 7.07% drop
"Apr 23, 2019",ALICL,BUY,32.0,416.0,-13312.0,409.0,652759.0,0.0,0.00%,653168.0,Trend Entry (Str: 0.04)
"Apr 24, 2019",NBB,SELL,159.0,238.0,37842.0,38251.0,627428.0,8109.0,27.27%,665679.0,Take Profit (25% up) - exactly 27.27% up
"Apr 24, 2019",NHPC,SELL,422.0,68.0,28696.0,66947.0,598732.0,-1266.0,-4.23%,665679.0,Trailing Stop (7% drop) - exactly 8.11% drop
"Apr 24, 2019",NICA,SELL,75.0,506.0,37950.0,104897.0,560782.0,8100.0,27.14%,665679.0,Take Profit (25% up) - exactly 27.14% up
"Apr 24, 2019",MFIL,BUY,284.0,117.0,-33228.0,71669.0,594010.0,0.0,0.00%,665679.0,Trend Entry (Str: 0.03)
"Apr 25, 2019",SBI,BUY,66.0,508.0,-33528.0,38141.0,635271.0,0.0,0.00%,673412.0,Trend Entry (Str: 0.21)
"Apr 25, 2019",MBL,BUY,123.0,272.0,-33456.0,4685.0,668727.0,0.0,0.00%,673412.0,Trend Entry (Str: 0.15)
"Apr 28, 2019",NBB,BUY,20.0,233.0,-4660.0,25.0,677507.0,0.0,0.00%,677532.0,Trend Entry (Str: 0.11)
"May 05, 2019",AHPC,SELL,282.0,106.0,29892.0,29917.0,630463.0,0.0,0.00%,660380.0,Trailing Stop (7% drop) - exactly 7.02% drop
"May 06, 2019",EBL,BUY,44.0,675.0,-29700.0,217.0,672415.0,0.0,0.00%,672632.0,Trend Entry (Str: 0.09)
"May 09, 2019",PROFL,SELL,286.0,108.0,30888.0,31105.0,635706.0,-286.0,-0.92%,666811.0,Trailing Stop (7% drop) - exactly 13.60% drop
"May 12, 2019",NICA,BUY,62.0,498.0,-30876.0,229.0,664794.0,0.0,0.00%,665023.0,Trend Entry (Str: 0.05)
"May 15, 2019",ADBL,SELL,94.0,438.0,41172.0,41401.0,641168.0,8460.0,25.86%,682569.0,Take Profit (25% up) - exactly 25.86% up
"May 15, 2019",CORBL,BUY,325.0,105.0,-34125.0,7276.0,675293.0,0.0,0.00%,682569.0,Trend Entry (Str: 0.11)
"May 15, 2019",BFC,BUY,73.0,99.0,-7227.0,49.0,682520.0,0.0,0.00%,682569.0,Trend Entry (Str: 0.04)
"May 16, 2019",EDBL,SELL,108.0,292.0,31536.0,31585.0,649068.0,1188.0,3.91%,680653.0,Trailing Stop (7% drop) - exactly 7.89% drop
"May 19, 2019",ALICL,SELL,32.0,430.0,13760.0,45345.0,628862.0,448.0,3.37%,674207.0,Trailing Stop (7% drop) - exactly 7.33% drop
"May 19, 2019",ADBL,BUY,79.0,422.0,-33338.0,12007.0,662200.0,0.0,0.00%,674207.0,Trend Entry (Str: 0.16)
"May 19, 2019",AHPC,BUY,112.0,107.0,-11984.0,23.0,674184.0,0.0,0.00%,674207.0,Trend Entry (Str: 0.03)
"May 21, 2019",CORBL,SELL,325.0,134.0,43550.0,43573.0,640320.0,9425.0,27.62%,683893.0,Take Profit (25% up) - exactly 27.62% up
"May 21, 2019",EDBL,BUY,107.0,319.0,-34133.0,9440.0,674453.0,0.0,0.00%,683893.0,Trend Entry (Str: 0.07)
"May 23, 2019",PCBL,SELL,92.0,319.0,29348.0,38788.0,641895.0,-460.0,-1.54%,680683.0,Trailing Stop (7% drop) - exactly 16.27% drop
"May 26, 2019",AHPC,SELL,112.0,112.0,12544.0,51332.0,625552.0,560.0,4.67%,676884.0,Trailing Stop (7% drop) - exactly 7.44% drop
"May 26, 2019",CORBL,BUY,279.0,121.0,-33759.0,17573.0,659311.0,0.0,0.00%,676884.0,Trend Entry (Str: 0.19)
"May 29, 2019",NHPC,BUY,244.0,72.0,-17568.0,5.0,683085.0,0.0,0.00%,683090.0,Trend Entry (Str: 0.03)
"Jun 02, 2019",LICN,SELL,20.0,1769.0,35380.0,35385.0,644429.0,3600.0,11.33%,679814.0,Trailing Stop (7% drop) - exactly 8.63% drop
"Jun 03, 2019",SBI,SELL,66.0,472.0,31152.0,66537.0,603360.0,-2376.0,-7.09%,669897.0,Trailing Stop (7% drop) - exactly 7.09% drop
"Jun 03, 2019",EDBL,SELL,107.0,294.0,31458.0,97995.0,571902.0,-2675.0,-7.84%,669897.0,Trailing Stop (7% drop) - exactly 7.84% drop
"Jun 03, 2019",CORBL,SELL,279.0,119.0,33201.0,131196.0,538701.0,-558.0,-1.65%,669897.0,Trailing Stop (7% drop) - exactly 7.03% drop
"Jun 04, 2019",JBBL,SELL,228.0,152.0,34656.0,165852.0,504118.0,3648.0,11.76%,669970.0,Trailing Stop (7% drop) - exactly 7.88% drop
"Jun 04, 2019",ICFC,SELL,88.0,159.0,13992.0,179844.0,490126.0,176.0,1.27%,669970.0,Trailing Stop (7% drop) - exactly 7.02% drop
"Jun 06, 2019",NICA,SELL,62.0,460.0,28520.0,208364.0,463409.0,-2356.0,-7.63%,671773.0,Trailing Stop (7% drop) - exactly 7.63% drop
"Jun 10, 2019",CORBL,BUY,265.0,126.0,-33390.0,174974.0,494419.0,0.0,0.00%,669393.0,Trend Entry (Str: 0.15)
"Jun 10, 2019",JBBL,BUY,211.0,158.0,-33338.0,141636.0,527757.0,0.0,0.00%,669393.0,Trend Entry (Str: 0.06)
"Jun 10, 2019",ICFC,BUY,200.0,167.0,-33400.0,108236.0,561157.0,0.0,0.00%,669393.0,Trend Entry (Str: 0.04)
"Jun 11, 2019",GBIME,SELL,113.0,298.0,33674.0,141910.0,526317.0,3503.0,11.61%,668227.0,Trailing Stop (7% drop) - exactly 7.45% drop
"Jun 12, 2019",GMFIL,SELL,234.0,124.0,29016.0,170926.0,494946.0,-1404.0,-4.62%,665872.0,Trailing Stop (7% drop) - exactly 7.46% drop
"Jun 16, 2019",CZBIL,SELL,139.0,220.0,30580.0,201506.0,456183.0,695.0,2.33%,657689.0,Trailing Stop (7% drop) - exactly 7.17% drop
"Jun 16, 2019",NABIL,SELL,38.0,814.0,30932.0,232438.0,425251.0,-1976.0,-6.00%,657689.0,Trailing Stop (7% drop) - exactly 7.60% drop
"Jun 26, 2019",BFC,SELL,73.0,102.0,7446.0,239884.0,421807.0,219.0,3.03%,661691.0,Trailing Stop (7% drop) - exactly 7.27% drop
"Jun 30, 2019",NHPC,SELL,244.0,66.0,16104.0,255988.0,399644.0,-1464.0,-8.33%,655632.0,Trailing Stop (7% drop) - exactly 8.33% drop
"Jun 30, 2019",CORBL,SELL,265.0,117.0,31005.0,286993.0,368639.0,-2385.0,-7.14%,655632.0,Trailing Stop (7% drop) - exactly 7.14% drop
"Jul 01, 2019",NBB,SELL,20.0,218.0,4360.0,291353.0,366360.0,-300.0,-6.44%,657713.0,Trailing Stop (7% drop) - exactly 7.63% drop
"Jul 01, 2019",PROFL,BUY,298.0,110.0,-32780.0,258573.0,399140.0,0.0,0.00%,657713.0,Trend Entry (Str: 0.02)
"Jul 03, 2019",MEGA,SELL,181.0,211.0,38191.0,296764.0,366464.0,8145.0,27.11%,663228.0,Take Profit (25% up) - exactly 27.11% up
"Jul 07, 2019",MEGA,BUY,154.0,214.0,-32956.0,263808.0,396991.0,0.0,0.00%,660799.0,Trend Entry (Str: 0.06)
"Jul 08, 2019",MBL,SELL,123.0,257.0,31611.0,295419.0,364231.0,-1845.0,-5.51%,659650.0,Trailing Stop (7% drop) - exactly 7.55% drop
"Jul 08, 2019",KBL,BUY,151.0,218.0,-32918.0,262501.0,397149.0,0.0,0.00%,659650.0,Trend Entry (Str: 0.01)
"Jul 15, 2019",CZBIL,BUY,147.0,225.0,-33075.0,229426.0,435086.0,0.0,0.00%,664512.0,Trend Entry (Str: 0.01)
"Jul 18, 2019",GMFIL,BUY,256.0,131.0,-33536.0,195890.0,474988.0,0.0,0.00%,670878.0,Trend Entry (Str: 0.03)
"Jul 21, 2019",SBI,BUY,71.0,470.0,-33370.0,162520.0,505117.0,0.0,0.00%,667637.0,Trend Entry (Str: 0.01)
"Jul 22, 2019",NBB,BUY,147.0,227.0,-33369.0,129151.0,540723.0,0.0,0.00%,669874.0,Trend Entry (Str: 0.02)
"Jul 22, 2019",AHPC,BUY,307.0,109.0,-33463.0,95688.0,574186.0,0.0,0.00%,669874.0,Trend Entry (Str: 0.02)
"Jul 23, 2019",MBL,BUY,122.0,273.0,-33306.0,62382.0,607250.0,0.0,0.00%,669632.0,Trend Entry (Str: 0.03)
"Jul 23, 2019",CORBL,BUY,272.0,123.0,-33456.0,28926.0,640706.0,0.0,0.00%,669632.0,Trend Entry (Str: 0.01)
"Jul 24, 2019",NABIL,BUY,35.0,812.0,-28420.0,506.0,674998.0,0.0,0.00%,675504.0,Trend Entry (Str: 0.01)
"Jul 28, 2019",PROFL,SELL,298.0,106.0,31588.0,32094.0,624921.0,-1192.0,-3.64%,657015.0,Trailing Stop (7% drop) - exactly 7.02% drop
"Jul 29, 2019",NICA,BUY,69.0,462.0,-31878.0,216.0,659163.0,0.0,0.00%,659379.0,Trend Entry (Str: 0.01)
"Aug 05, 2019",JBBL,SELL,211.0,157.0,33127.0,33343.0,623376.0,-211.0,-0.63%,656719.0,Trailing Stop (7% drop) - exactly 7.65% drop
"Aug 11, 2019",KBL,SELL,151.0,207.0,31257.0,64600.0,582694.0,-1661.0,-5.05%,647294.0,Trailing Stop (7% drop) - exactly 7.59% drop
"Aug 11, 2019",SBI,SELL,71.0,444.0,31524.0,96124.0,551170.0,-1846.0,-5.53%,647294.0,Trailing Stop (7% drop) - exactly 7.31% drop
"Aug 11, 2019",CORBL,SELL,272.0,117.0,31824.0,127948.0,519346.0,-1632.0,-4.88%,647294.0,Trailing Stop (7% drop) - exactly 7.87% drop
"Aug 13, 2019",PFL,SELL,228.0,133.0,30324.0,158272.0,488731.0,228.0,0.76%,647003.0,Trailing Stop (7% drop) - exactly 8.90% drop
"Aug 13, 2019",MEGA,SELL,154.0,200.0,30800.0,189072.0,457931.0,-2156.0,-6.54%,647003.0,Trailing Stop (7% drop) - exactly 7.83% drop
"Aug 14, 2019",GMFIL,SELL,256.0,121.0,30976.0,220048.0,421828.0,-2560.0,-7.63%,641876.0,Trailing Stop (7% drop) - exactly 7.63% drop
"Aug 14, 2019",MBL,SELL,122.0,255.0,31110.0,251158.0,390718.0,-2196.0,-6.59%,641876.0,Trailing Stop (7% drop) - exactly 7.61% drop
"Aug 18, 2019",AHPC,SELL,307.0,101.0,31007.0,282165.0,360977.0,-2456.0,-7.34%,643142.0,Trailing Stop (7% drop) - exactly 7.34% drop
"Aug 21, 2019",CZBIL,SELL,147.0,215.0,31605.0,313770.0,329977.0,-1470.0,-4.44%,643747.0,Trailing Stop (7% drop) - exactly 7.33% drop
"Aug 26, 2019",NBB,SELL,147.0,212.0,31164.0,344934.0,296863.0,-2205.0,-6.61%,641797.0,Trailing Stop (7% drop) - exactly 7.02% drop
"Aug 29, 2019",JBBL,BUY,197.0,162.0,-31914.0,313020.0,328024.0,0.0,0.00%,641044.0,Trend Entry (Str: 0.01)
"Sep 01, 2019",EBL,SELL,44.0,630.0,27720.0,340740.0,298247.0,-1980.0,-6.67%,638987.0,Trailing Stop (7% drop) - exactly 7.49% drop
"Sep 02, 2019",SANIMA,SELL,98.0,338.0,33124.0,373864.0,262354.0,2842.0,9.39%,636218.0,Trailing Stop (7% drop) - exactly 7.40% drop
"Sep 02, 2019",ICFC,SELL,200.0,157.0,31400.0,405264.0,230954.0,-2000.0,-5.99%,636218.0,Trailing Stop (7% drop) - exactly 7.10% drop
"Sep 11, 2019",CZBIL,BUY,143.0,222.0,-31746.0,373518.0,263211.0,0.0,0.00%,636729.0,Trend Entry (Str: 0.01)
"Sep 11, 2019",SANIMA,BUY,89.0,354.0,-31506.0,342012.0,294717.0,0.0,0.00%,636729.0,Trend Entry (Str: 0.01)
"Sep 15, 2019",NICA,SELL,69.0,391.0,26979.0,368991.0,262849.0,-4899.0,-15.37%,631840.0,Trailing Stop (7% drop) - exactly 16.45% drop
"Sep 16, 2019",NABIL,SELL,35.0,742.0,25970.0,394961.0,234051.0,-2450.0,-8.62%,629012.0,Trailing Stop (7% drop) - exactly 8.62% drop
"Sep 17, 2019",CZBIL,SELL,143.0,200.0,28600.0,423561.0,207563.0,-3146.0,-9.91%,631124.0,Trailing Stop (7% drop) - exactly 9.91% drop
"Sep 30, 2019",SANIMA,SELL,89.0,304.0,27056.0,450617.0,172589.0,-4450.0,-14.12%,623206.0,Trailing Stop (7% drop) - exactly 14.37% drop
"Oct 17, 2019",PFL,BUY,232.0,135.0,-31320.0,419297.0,207511.0,0.0,0.00%,626808.0,Trend Entry (Str: 0.01)
"Oct 17, 2019",NBB,BUY,148.0,211.0,-31228.0,388069.0,238739.0,0.0,0.00%,626808.0,Trend Entry (Str: 0.00)
"Oct 22, 2019",ICFC,BUY,195.0,160.0,-31200.0,356869.0,267645.0,0.0,0.00%,624514.0,Trend Entry (Str: 0.01)
"Oct 22, 2019",MEGA,BUY,157.0,198.0,-31086.0,325783.0,298731.0,0.0,0.00%,624514.0,Trend Entry (Str: 0.01)
"Oct 22, 2019",BFC,BUY,343.0,91.0,-31213.0,294570.0,329944.0,0.0,0.00%,624514.0,Trend Entry (Str: 0.01)
"Oct 22, 2019",PCBL,BUY,116.0,267.0,-30972.0,263598.0,360916.0,0.0,0.00%,624514.0,Trend Entry (Str: 0.01)
"Nov 03, 2019",NICA,BUY,76.0,405.0,-30780.0,232818.0,388319.0,0.0,0.00%,621137.0,Trend Entry (Str: 0.03)
"Nov 05, 2019",MEGA,SELL,157.0,187.0,29359.0,262177.0,356816.0,-1727.0,-5.56%,618993.0,Trailing Stop (7% drop) - exactly 7.43% drop
"Nov 05, 2019",KBL,BUY,170.0,182.0,-30940.0,231237.0,387756.0,0.0,0.00%,618993.0,Trend Entry (Str: 0.00)
"Nov 05, 2019",AHPC,BUY,319.0,97.0,-30943.0,200294.0,418699.0,0.0,0.00%,618993.0,Trend Entry (Str: 0.00)
"Nov 06, 2019",NABIL,BUY,40.0,768.0,-30720.0,169574.0,450939.0,0.0,0.00%,620513.0,Trend Entry (Str: 0.01)
"Nov 07, 2019",NMB,SELL,92.0,347.0,31924.0,201498.0,419001.0,2116.0,7.10%,620499.0,Trailing Stop (7% drop) - exactly 12.37% drop
"Nov 07, 2019",NHPC,BUY,564.0,55.0,-31020.0,170478.0,450021.0,0.0,0.00%,620499.0,Trend Entry (Str: 0.03)
"Nov 11, 2019",SBI,BUY,76.0,407.0,-30932.0,139546.0,487005.0,0.0,0.00%,626551.0,Trend Entry (Str: 0.00)
"Nov 13, 2019",JBBL,SELL,197.0,154.0,30338.0,169884.0,447903.0,-1576.0,-4.94%,617787.0,Trailing Stop (7% drop) - exactly 7.23% drop
"Nov 14, 2019",NHPC,SELL,564.0,51.0,28764.0,198648.0,421882.0,-2256.0,-7.27%,620530.0,Trailing Stop (7% drop) - exactly 7.27% drop
"Nov 18, 2019",ALICL,BUY,98.0,316.0,-30968.0,167680.0,454482.0,0.0,0.00%,622162.0,Trend Entry (Str: 0.01)
"Nov 21, 2019",BFC,SELL,343.0,87.0,29841.0,197521.0,418320.0,-1372.0,-4.40%,615841.0,Trailing Stop (7% drop) - exactly 7.45% drop
"Nov 21, 2019",EDBL,BUY,112.0,273.0,-30576.0,166945.0,448896.0,0.0,0.00%,615841.0,Trend Entry (Str: 0.02)
"Nov 21, 2019",JBBL,BUY,193.0,159.0,-30687.0,136258.0,479583.0,0.0,0.00%,615841.0,Trend Entry (Str: 0.01)
"Nov 24, 2019",ADBL,SELL,79.0,404.0,31916.0,168174.0,443839.0,-1422.0,-4.27%,612013.0,Trailing Stop (7% drop) - exactly 7.55% drop
"Nov 24, 2019",NBB,SELL,148.0,198.0,29304.0,197478.0,414535.0,-1924.0,-6.16%,612013.0,Trailing Stop (7% drop) - exactly 7.04% drop
"Nov 25, 2019",SBI,SELL,76.0,377.0,28652.0,226130.0,386335.0,-2280.0,-7.37%,612465.0,Trailing Stop (7% drop) - exactly 7.37% drop
"Nov 26, 2019",AHPC,SELL,319.0,92.0,29348.0,255478.0,356818.0,-1595.0,-5.15%,612296.0,Trailing Stop (7% drop) - exactly 8.00% drop
"Nov 27, 2019",NMB,BUY,80.0,383.0,-30640.0,224838.0,388656.0,0.0,0.00%,613494.0,Trend Entry (Str: 0.00)
"Dec 11, 2019",SANIMA,BUY,101.0,311.0,-31411.0,193427.0,436335.0,0.0,0.00%,629762.0,Trend Entry (Str: 0.02)
"Dec 12, 2019",LICN,BUY,29.0,1060.0,-30740.0,162687.0,471132.0,0.0,0.00%,633819.0,Trend Entry (Str: 0.09)
"Dec 12, 2019",AHPC,BUY,310.0,102.0,-31620.0,131067.0,502752.0,0.0,0.00%,633819.0,Trend Entry (Str: 0.07)
"Dec 15, 2019",EBL,BUY,54.0,576.0,-31104.0,99963.0,526568.0,0.0,0.00%,626531.0,Trend Entry (Str: 0.05)
"Dec 15, 2019",NHPC,BUY,580.0,54.0,-31320.0,68643.0,557888.0,0.0,0.00%,626531.0,Trend Entry (Str: 0.04)
"Dec 15, 2019",MEGA,BUY,165.0,189.0,-31185.0,37458.0,589073.0,0.0,0.00%,626531.0,Trend Entry (Str: 0.02)
"Dec 16, 2019",ALICL,SELL,98.0,347.0,34006.0,71464.0,550106.0,3038.0,9.81%,621570.0,Trailing Stop (7% drop) - exactly 9.87% drop
"Dec 18, 2019",CZBIL,BUY,167.0,186.0,-31062.0,40402.0,581982.0,0.0,0.00%,622384.0,Trend Entry (Str: 0.01)
"Dec 19, 2019",NHPC,SELL,580.0,50.0,29000.0,69402.0,553662.0,-2320.0,-7.41%,623064.0,Trailing Stop (7% drop) - exactly 7.41% drop
"Dec 22, 2019",PFL,SELL,232.0,133.0,30856.0,100258.0,509735.0,-464.0,-1.48%,609993.0,Trailing Stop (7% drop) - exactly 9.52% drop
"Dec 22, 2019",NMB,SELL,80.0,326.0,26080.0,126338.0,483655.0,-4560.0,-14.88%,609993.0,Trailing Stop (7% drop) - exactly 19.11% drop
"Dec 22, 2019",EBL,SELL,54.0,526.0,28404.0,154742.0,455251.0,-2700.0,-8.68%,609993.0,Trailing Stop (7% drop) - exactly 8.68% drop
"Dec 22, 2019",CIT,BUY,17.0,1790.0,-30430.0,124312.0,485681.0,0.0,0.00%,609993.0,Trend Entry (Str: 0.03)
"Dec 23, 2019",ALICL,BUY,84.0,365.0,-30660.0,93652.0,524231.0,0.0,0.00%,617883.0,Trend Entry (Str: 0.10)
"Dec 23, 2019",GMFIL,BUY,264.0,117.0,-30888.0,62764.0,555119.0,0.0,0.00%,617883.0,Trend Entry (Str: 0.03)
"Dec 24, 2019",NABIL,SELL,40.0,667.0,26680.0,89444.0,525869.0,-4040.0,-13.15%,615313.0,Trailing Stop (7% drop) - exactly 13.15% drop
"Dec 24, 2019",PROFL,BUY,298.0,103.0,-30694.0,58750.0,556563.0,0.0,0.00%,615313.0,Trend Entry (Str: 0.07)
"Dec 26, 2019",AHPC,SELL,310.0,92.0,28520.0,87270.0,524982.0,-3100.0,-9.80%,612252.0,Trailing Stop (7% drop) - exactly 9.80% drop
"Dec 26, 2019",ADBL,BUY,73.0,417.0,-30441.0,56829.0,555423.0,0.0,0.00%,612252.0,Trend Entry (Str: 0.02)
"Dec 30, 2019",JFL,SELL,185.0,162.0,29970.0,86799.0,514263.0,-2960.0,-8.99%,601062.0,Trailing Stop (7% drop) - exactly 19.00% drop
"Dec 30, 2019",PCBL,SELL,116.0,237.0,27492.0,114291.0,486771.0,-3480.0,-11.24%,601062.0,Trailing Stop (7% drop) - exactly 15.96% drop
"Dec 30, 2019",ADBL,SELL,73.0,365.0,26645.0,140936.0,460126.0,-3796.0,-12.47%,601062.0,Trailing Stop (7% drop) - exactly 12.47% drop
"Dec 31, 2019",MFIL,SELL,284.0,133.0,37772.0,178708.0,416077.0,4544.0,13.68%,594785.0,Trailing Stop (7% drop) - exactly 8.28% drop
"Dec 31, 2019",ICFC,SELL,195.0,146.0,28470.0,207178.0,387607.0,-2730.0,-8.75%,594785.0,Trailing Stop (7% drop) - exactly 11.52% drop
"Dec 31, 2019",PROFL,SELL,298.0,95.0,28310.0,235488.0,359297.0,-2384.0,-7.77%,594785.0,Trailing Stop (7% drop) - exactly 9.52% drop
"Jan 01, 2020",JBBL,SELL,193.0,152.0,29336.0,264824.0,327600.0,-1351.0,-4.40%,592424.0,Trailing Stop (7% drop) - exactly 11.11% drop
"Jan 05, 2020",MFIL,BUY,210.0,141.0,-29610.0,235214.0,357081.0,0.0,0.00%,592295.0,Trend Entry (Str: 0.06)
"Jan 06, 2020",SBI,BUY,77.0,386.0,-29722.0,205492.0,395079.0,0.0,0.00%,600571.0,Trend Entry (Str: 0.08)
"Jan 07, 2020",CORBL,BUY,245.0,123.0,-30135.0,175357.0,429294.0,0.0,0.00%,604651.0,Trend Entry (Str: 0.10)
"Jan 07, 2020",MBL,BUY,131.0,230.0,-30130.0,145227.0,459424.0,0.0,0.00%,604651.0,Trend Entry (Str: 0.05)
"Jan 09, 2020",PROFL,BUY,295.0,102.0,-30090.0,115137.0,487760.0,0.0,0.00%,602897.0,Trend Entry (Str: 0.05)
"Jan 12, 2020",EBL,BUY,51.0,596.0,-30396.0,84741.0,532362.0,0.0,0.00%,617103.0,Trend Entry (Str: 0.08)
"Jan 12, 2020",BFC,BUY,339.0,91.0,-30849.0,53892.0,563211.0,0.0,0.00%,617103.0,Trend Entry (Str: 0.05)
"Jan 12, 2020",NHPC,BUY,571.0,54.0,-30834.0,23058.0,594045.0,0.0,0.00%,617103.0,Trend Entry (Str: 0.05)
"Jan 13, 2020",NBB,BUY,113.0,203.0,-22939.0,119.0,629462.0,0.0,0.00%,629581.0,Trend Entry (Str: 0.05)
"Jan 15, 2020",MFIL,SELL,210.0,185.0,38850.0,38969.0,604259.0,9240.0,31.21%,643228.0,Take Profit (25% up) - exactly 31.21% up
"Jan 15, 2020",PFL,BUY,220.0,146.0,-32120.0,6849.0,636379.0,0.0,0.00%,643228.0,Trend Entry (Str: 0.05)
"Jan 16, 2020",ICFC,BUY,36.0,187.0,-6732.0,117.0,661301.0,0.0,0.00%,661418.0,Trend Entry (Str: 0.18)
"Jan 19, 2020",CIT,SELL,17.0,2266.0,38522.0,38639.0,648326.0,8092.0,26.59%,686965.0,Take Profit (25% up) - exactly 26.59% up
"Jan 19, 2020",ALICL,SELL,84.0,482.0,40488.0,79127.0,607838.0,9828.0,32.05%,686965.0,Take Profit (25% up) - exactly 32.05% up
"Jan 19, 2020",GMFIL,SELL,264.0,155.0,40920.0,120047.0,566918.0,10032.0,32.48%,686965.0,Take Profit (25% up) - exactly 32.48% up
"Jan 19, 2020",MFIL,BUY,159.0,215.0,-34185.0,85862.0,601103.0,0.0,0.00%,686965.0,Trend Entry (Str: 0.48)
"Jan 19, 2020",NABIL,BUY,44.0,764.0,-33616.0,52246.0,634719.0,0.0,0.00%,686965.0,Trend Entry (Str: 0.06)
"Jan 20, 2020",NHPC,SELL,571.0,52.0,29692.0,81938.0,585153.0,-1142.0,-3.70%,667091.0,Trailing Stop (7% drop) - exactly 7.14% drop
"Jan 20, 2020",PFL,SELL,220.0,156.0,34320.0,116258.0,550833.0,2200.0,6.85%,667091.0,Trailing Stop (7% drop) - exactly 9.83% drop
"Jan 20, 2020",ICFC,SELL,36.0,181.0,6516.0,122774.0,544317.0,-216.0,-3.21%,667091.0,Trailing Stop (7% drop) - exactly 7.18% drop
"Jan 20, 2020",JBBL,BUY,187.0,178.0,-33286.0,89488.0,577603.0,0.0,0.00%,667091.0,Trend Entry (Str: 0.08)
"Jan 20, 2020",AHPC,BUY,333.0,100.0,-33300.0,56188.0,610903.0,0.0,0.00%,667091.0,Trend Entry (Str: 0.05)
"Jan 20, 2020",NMB,BUY,90.0,368.0,-33120.0,23068.0,644023.0,0.0,0.00%,667091.0,Trend Entry (Str: 0.03)
"Jan 21, 2020",PCBL,BUY,84.0,274.0,-23016.0,52.0,666811.0,0.0,0.00%,666863.0,Trend Entry (Str: 0.03)
"Jan 22, 2020",CZBIL,SELL,167.0,197.0,32899.0,32951.0,623906.0,1837.0,5.91%,656857.0,Trailing Stop (7% drop) - exactly 7.51% drop
"Jan 22, 2020",CORBL,SELL,245.0,131.0,32095.0,65046.0,591811.0,1960.0,6.50%,656857.0,Trailing Stop (7% drop) - exactly 9.03% drop
"Jan 23, 2020",SBI,SELL,77.0,410.0,31570.0,96616.0,552707.0,1848.0,6.22%,649323.0,Trailing Stop (7% drop) - exactly 7.87% drop
"Jan 23, 2020",MFIL,SELL,159.0,202.0,32118.0,128734.0,520589.0,-2067.0,-6.05%,649323.0,Trailing Stop (7% drop) - exactly 7.76% drop
"Jan 23, 2020",ALICL,BUY,63.0,508.0,-32004.0,96730.0,552593.0,0.0,0.00%,649323.0,Trend Entry (Str: 0.28)
"Jan 23, 2020",GMFIL,BUY,233.0,139.0,-32387.0,64343.0,584980.0,0.0,0.00%,649323.0,Trend Entry (Str: 0.12)
"Jan 23, 2020",JFL,BUY,173.0,187.0,-32351.0,31992.0,617331.0,0.0,0.00%,649323.0,Trend Entry (Str: 0.04)
"Jan 26, 2020",KBL,SELL,170.0,189.0,32130.0,64122.0,574983.0,1190.0,3.85%,639105.0,Trailing Stop (7% drop) - exactly 7.35% drop
"Jan 26, 2020",BFC,SELL,339.0,97.0,32883.0,97005.0,542100.0,2034.0,6.59%,639105.0,Trailing Stop (7% drop) - exactly 9.35% drop
"Jan 26, 2020",NBB,SELL,113.0,195.0,22035.0,119040.0,520065.0,-904.0,-3.94%,639105.0,Trailing Stop (7% drop) - exactly 9.30% drop
"Jan 27, 2020",PFL,BUY,202.0,160.0,-32320.0,86720.0,561147.0,0.0,0.00%,647867.0,Trend Entry (Str: 0.12)
"Jan 27, 2020",NHPC,BUY,611.0,53.0,-32383.0,54337.0,593530.0,0.0,0.00%,647867.0,Trend Entry (Str: 0.02)
"Jan 27, 2020",ADBL,BUY,83.0,387.0,-32121.0,22216.0,625651.0,0.0,0.00%,647867.0,Trend Entry (Str: 0.00)
"Jan 29, 2020",PROFL,SELL,295.0,103.0,30385.0,52601.0,592367.0,295.0,0.98%,644968.0,Trailing Stop (7% drop) - exactly 9.65% drop
"Jan 30, 2020",EDBL,SELL,112.0,350.0,39200.0,91801.0,565293.0,8624.0,28.21%,657094.0,Take Profit (25% up) - exactly 28.21% up
"Jan 30, 2020",NBB,BUY,161.0,204.0,-32844.0,58957.0,598137.0,0.0,0.00%,657094.0,Trend Entry (Str: 0.03)
"Feb 02, 2020",CORBL,BUY,244.0,136.0,-33184.0,25773.0,640548.0,0.0,0.00%,666321.0,Trend Entry (Str: 0.12)
"Feb 02, 2020",SBI,BUY,60.0,425.0,-25500.0,273.0,666048.0,0.0,0.00%,666321.0,Trend Entry (Str: 0.09)
"Feb 06, 2020",NHPC,SELL,611.0,58.0,35438.0,35711.0,621240.0,3055.0,9.43%,656951.0,Trailing Stop (7% drop) - exactly 9.38% drop
"Feb 06, 2020",EDBL,BUY,89.0,367.0,-32663.0,3048.0,653903.0,0.0,0.00%,656951.0,Trend Entry (Str: 0.13)
"Feb 06, 2020",BFC,BUY,29.0,104.0,-3016.0,32.0,656919.0,0.0,0.00%,656951.0,Trend Entry (Str: 0.09)
"Feb 10, 2020",JFL,SELL,173.0,176.0,30448.0,30480.0,620411.0,-1903.0,-5.88%,650891.0,Trailing Stop (7% drop) - exactly 7.37% drop
"Feb 10, 2020",NHPC,BUY,534.0,57.0,-30438.0,42.0,650849.0,0.0,0.00%,650891.0,Trend Entry (Str: 0.06)
"Feb 12, 2020",NICA,SELL,76.0,508.0,38608.0,38650.0,624214.0,7828.0,25.43%,662864.0,Take Profit (25% up) - exactly 25.43% up
"Feb 12, 2020",ICFC,BUY,184.0,180.0,-33120.0,5530.0,657334.0,0.0,0.00%,662864.0,Trend Entry (Str: 0.06)
"Feb 12, 2020",PROFL,BUY,49.0,111.0,-5439.0,91.0,662773.0,0.0,0.00%,662864.0,Trend Entry (Str: 0.04)
"Feb 16, 2020",LICN,SELL,29.0,1326.0,38454.0,38545.0,628707.0,7714.0,25.09%,667252.0,Take Profit (25% up) - exactly 25.09% up
"Feb 16, 2020",ALICL,SELL,63.0,645.0,40635.0,79180.0,588072.0,8631.0,26.97%,667252.0,Take Profit (25% up) - exactly 26.97% up
"Feb 16, 2020",NICA,BUY,65.0,511.0,-33215.0,45965.0,621287.0,0.0,0.00%,667252.0,Trend Entry (Str: 0.08)
"Feb 17, 2020",MFIL,BUY,173.0,197.0,-34081.0,11884.0,673513.0,0.0,0.00%,685397.0,Trend Entry (Str: 0.04)
"Feb 18, 2020",KBL,BUY,60.0,197.0,-11820.0,64.0,684551.0,0.0,0.00%,684615.0,Trend Entry (Str: 0.01)
"Feb 24, 2020",SANIMA,SELL,101.0,390.0,39390.0,39454.0,695167.0,7979.0,25.40%,734621.0,Take Profit (25% up) - exactly 25.40% up
"Feb 24, 2020",NMB,SELL,90.0,474.0,42660.0,82114.0,652507.0,9540.0,28.80%,734621.0,Take Profit (25% up) - exactly 28.80% up
"Feb 24, 2020",GMFIL,SELL,233.0,135.0,31455.0,113569.0,621052.0,-932.0,-2.88%,734621.0,Trailing Stop (7% drop) - exactly 7.53% drop
"Feb 24, 2020",LICN,BUY,24.0,1510.0,-36240.0,77329.0,657292.0,0.0,0.00%,734621.0,Trend Entry (Str: 0.19)
"Feb 24, 2020",ALICL,BUY,56.0,647.0,-36232.0,41097.0,693524.0,0.0,0.00%,734621.0,Trend Entry (Str: 0.17)
"Feb 24, 2020",CZBIL,BUY,174.0,211.0,-36714.0,4383.0,730238.0,0.0,0.00%,734621.0,Trend Entry (Str: 0.06)
"Feb 25, 2020",MFIL,SELL,173.0,251.0,43423.0,47806.0,714223.0,9342.0,27.41%,762029.0,Take Profit (25% up) - exactly 27.41% up
"Feb 26, 2020",MEGA,SELL,165.0,244.0,40260.0,88066.0,689378.0,9075.0,29.10%,777444.0,Take Profit (25% up) - exactly 29.10% up
"Feb 26, 2020",EBL,SELL,51.0,800.0,40800.0,128866.0,648578.0,10404.0,34.23%,777444.0,Take Profit (25% up) - exactly 34.23% up
"Feb 26, 2020",AHPC,SELL,333.0,104.0,34632.0,163498.0,613946.0,1332.0,4.00%,777444.0,Trailing Stop (7% drop) - exactly 7.96% drop
"Feb 27, 2020",NABIL,SELL,44.0,955.0,42020.0,205518.0,589741.0,8404.0,25.00%,795259.0,Take Profit (25% up)
"Feb 27, 2020",SBI,SELL,60.0,542.0,32520.0,238038.0,557221.0,7020.0,27.53%,795259.0,Take Profit (25% up) - exactly 27.53% up
"Feb 27, 2020",NICA,SELL,65.0,660.0,42900.0,280938.0,514321.0,9685.0,29.16%,795259.0,Take Profit (25% up) - exactly 29.16% up
"Feb 27, 2020",GBIME,BUY,129.0,306.0,-39474.0,241464.0,553795.0,0.0,0.00%,795259.0,Trend Entry (Str: 0.06)
"Mar 01, 2020",ALICL,SELL,56.0,648.0,36288.0,277752.0,509592.0,56.0,0.15%,787344.0,Trailing Stop (7% drop) - exactly 7.56% drop
"Mar 01, 2020",MFIL,BUY,141.0,278.0,-39198.0,238554.0,548790.0,0.0,0.00%,787344.0,Trend Entry (Str: 0.34)
"Mar 01, 2020",EBL,BUY,45.0,864.0,-38880.0,199674.0,587670.0,0.0,0.00%,787344.0,Trend Entry (Str: 0.29)
"Mar 01, 2020",NMB,BUY,79.0,498.0,-39342.0,160332.0,627012.0,0.0,0.00%,787344.0,Trend Entry (Str: 0.26)
"Mar 01, 2020",MEGA,BUY,151.0,260.0,-39260.0,121072.0,666272.0,0.0,0.00%,787344.0,Trend Entry (Str: 0.23)
"Mar 01, 2020",SANIMA,BUY,95.0,414.0,-39330.0,81742.0,705602.0,0.0,0.00%,787344.0,Trend Entry (Str: 0.15)
"Mar 01, 2020",AHPC,BUY,371.0,106.0,-39326.0,42416.0,744928.0,0.0,0.00%,787344.0,Trend Entry (Str: 0.08)
"Mar 01, 2020",JFL,BUY,207.0,190.0,-39330.0,3086.0,784258.0,0.0,0.00%,787344.0,Trend Entry (Str: 0.04)
"Mar 01, 2020",GMFIL,BUY,22.0,140.0,-3080.0,6.0,787338.0,0.0,0.00%,787344.0,Trend Entry (Str: 0.02)
"Mar 02, 2020",MBL,SELL,131.0,250.0,32750.0,32756.0,710500.0,2620.0,8.70%,743256.0,Trailing Stop (7% drop) - exactly 11.66% drop
"Mar 02, 2020",JBBL,SELL,187.0,198.0,37026.0,69782.0,673474.0,3740.0,11.24%,743256.0,Trailing Stop (7% drop) - exactly 7.48% drop
"Mar 02, 2020",ADBL,SELL,83.0,420.0,34860.0,104642.0,638614.0,2739.0,8.53%,743256.0,Trailing Stop (7% drop) - exactly 10.06% drop
"Mar 02, 2020",NBB,SELL,161.0,231.0,37191.0,141833.0,601423.0,4347.0,13.24%,743256.0,Trailing Stop (7% drop) - exactly 7.60% drop
"Mar 02, 2020",NHPC,SELL,534.0,62.0,33108.0,174941.0,568315.0,2670.0,8.77%,743256.0,Trailing Stop (7% drop) - exactly 8.82% drop
"Mar 02, 2020",ICFC,SELL,184.0,199.0,36616.0,211557.0,531699.0,3496.0,10.56%,743256.0,Trailing Stop (7% drop) - exactly 8.29% drop
"Mar 02, 2020",LICN,SELL,24.0,1520.0,36480.0,248037.0,495219.0,240.0,0.66%,743256.0,Trailing Stop (7% drop) - exactly 12.64% drop
"Mar 02, 2020",CZBIL,SELL,174.0,213.0,37062.0,285099.0,458157.0,348.0,0.95%,743256.0,Trailing Stop (7% drop) - exactly 7.39% drop
"Mar 02, 2020",SBI,BUY,73.0,506.0,-36938.0,248161.0,495095.0,0.0,0.00%,743256.0,Trend Entry (Str: 0.16)
"Mar 02, 2020",NICA,BUY,61.0,603.0,-36783.0,211378.0,531878.0,0.0,0.00%,743256.0,Trend Entry (Str: 0.15)
"Mar 02, 2020",NABIL,BUY,43.0,850.0,-36550.0,174828.0,568428.0,0.0,0.00%,743256.0,Trend Entry (Str: 0.11)
"Mar 04, 2020",PCBL,SELL,84.0,303.0,25452.0,200280.0,530066.0,2436.0,10.58%,730346.0,Trailing Stop (7% drop) - exactly 9.55% drop
"Mar 04, 2020",PFL,SELL,202.0,160.0,32320.0,232600.0,497746.0,0.0,0.00%,730346.0,Trailing Stop (7% drop) - exactly 8.57% drop
"Mar 04, 2020",CORBL,SELL,244.0,126.0,30744.0,263344.0,467002.0,-2440.0,-7.35%,730346.0,Trailing Stop (7% drop) - exactly 9.35% drop
"Mar 04, 2020",EDBL,SELL,89.0,390.0,34710.0,298054.0,432292.0,2047.0,6.27%,730346.0,Trailing Stop (7% drop) - exactly 10.34% drop
"Mar 04, 2020",BFC,SELL,29.0,104.0,3016.0,301070.0,429276.0,0.0,0.00%,730346.0,Trailing Stop (7% drop) - exactly 7.14% drop
"Mar 04, 2020",KBL,SELL,60.0,211.0,12660.0,313730.0,416616.0,840.0,7.11%,730346.0,Trailing Stop (7% drop) - exactly 7.46% drop
"Mar 04, 2020",GBIME,SELL,129.0,288.0,37152.0,350882.0,379464.0,-2322.0,-5.88%,730346.0,Trailing Stop (7% drop) - exactly 7.69% drop
"Mar 05, 2020",EBL,SELL,45.0,751.0,33795.0,384677.0,347524.0,-5085.0,-13.08%,732201.0,Trailing Stop (7% drop) - exactly 13.08% drop
"Mar 05, 2020",NMB,SELL,79.0,460.0,36340.0,421017.0,311184.0,-3002.0,-7.63%,732201.0,Trailing Stop (7% drop) - exactly 7.63% drop
"Mar 05, 2020",MEGA,SELL,151.0,237.0,35787.0,456804.0,275397.0,-3473.0,-8.85%,732201.0,Trailing Stop (7% drop) - exactly 8.85% drop
"Mar 05, 2020",SANIMA,SELL,95.0,364.0,34580.0,491384.0,240817.0,-4750.0,-12.08%,732201.0,Trailing Stop (7% drop) - exactly 12.08% drop
"Mar 05, 2020",JFL,SELL,207.0,175.0,36225.0,527609.0,204592.0,-3105.0,-7.89%,732201.0,Trailing Stop (7% drop) - exactly 7.89% drop
"Mar 10, 2020",MFIL,SELL,141.0,288.0,40608.0,568217.0,150661.0,1410.0,3.60%,718878.0,Trailing Stop (7% drop) - exactly 9.72% drop
"Mar 10, 2020",SBI,SELL,73.0,419.0,30587.0,598804.0,120074.0,-6351.0,-17.19%,718878.0,Trailing Stop (7% drop) - exactly 18.80% drop
"Mar 10, 2020",NICA,SELL,61.0,526.0,32086.0,630890.0,87988.0,-4697.0,-12.77%,718878.0,Trailing Stop (7% drop) - exactly 13.49% drop
"Mar 10, 2020",NABIL,SELL,43.0,776.0,33368.0,664258.0,54620.0,-3182.0,-8.71%,718878.0,Trailing Stop (7% drop) - exactly 12.61% drop
"Mar 11, 2020",AHPC,SELL,371.0,98.0,36358.0,700616.0,17881.0,-2968.0,-7.55%,718497.0,Trailing Stop (7% drop) - exactly 7.55% drop
"Mar 11, 2020",EDBL,BUY,87.0,410.0,-35670.0,664946.0,53551.0,0.0,0.00%,718497.0,Trend Entry (Str: 0.09)
"Mar 15, 2020",PROFL,SELL,49.0,105.0,5145.0,670091.0,45750.0,-294.0,-5.41%,715841.0,Trailing Stop (7% drop) - exactly 8.70% drop
"Mar 16, 2020",GMFIL,SELL,22.0,132.0,2904.0,672995.0,43063.0,-176.0,-5.71%,716058.0,Trailing Stop (7% drop) - exactly 7.69% drop
"Mar 17, 2020",EDBL,SELL,87.0,369.0,32103.0,705098.0,9394.0,-3567.0,-10.00%,714492.0,Trailing Stop (7% drop) - exactly 10.00% drop
"Jul 01, 2020",MFIL,BUY,136.0,262.0,-35632.0,669466.0,45026.0,0.0,0.00%,714492.0,Trend Entry (Str: 0.06)
"Jul 13, 2020",ALICL,BUY,59.0,606.0,-35754.0,633712.0,86628.0,0.0,0.00%,720340.0,Trend Entry (Str: 0.06)
"Jul 19, 2020",MFIL,SELL,136.0,338.0,45968.0,679680.0,47744.0,10336.0,29.01%,727424.0,Take Profit (25% up) - exactly 29.01% up
"Jul 19, 2020",NICA,BUY,58.0,627.0,-36366.0,643314.0,84110.0,0.0,0.00%,727424.0,Trend Entry (Str: 0.19)
"Jul 19, 2020",NABIL,BUY,41.0,869.0,-35629.0,607685.0,119739.0,0.0,0.00%,727424.0,Trend Entry (Str: 0.15)
"Jul 19, 2020",EBL,BUY,47.0,762.0,-35814.0,571871.0,155553.0,0.0,0.00%,727424.0,Trend Entry (Str: 0.14)
"Jul 19, 2020",ADBL,BUY,84.0,432.0,-36288.0,535583.0,191841.0,0.0,0.00%,727424.0,Trend Entry (Str: 0.14)
"Jul 19, 2020",LICN,BUY,25.0,1419.0,-35475.0,500108.0,227316.0,0.0,0.00%,727424.0,Trend Entry (Str: 0.07)
"Jul 20, 2020",MEGA,BUY,148.0,244.0,-36112.0,463996.0,263080.0,0.0,0.00%,727076.0,Trend Entry (Str: 0.14)
"Jul 20, 2020",NMB,BUY,82.0,443.0,-36326.0,427670.0,299406.0,0.0,0.00%,727076.0,Trend Entry (Str: 0.10)
"Jul 20, 2020",CZBIL,BUY,174.0,208.0,-36192.0,391478.0,335598.0,0.0,0.00%,727076.0,Trend Entry (Str: 0.09)
"Jul 20, 2020",KBL,BUY,178.0,204.0,-36312.0,355166.0,371910.0,0.0,0.00%,727076.0,Trend Entry (Str: 0.08)
"Jul 20, 2020",NBB,BUY,166.0,218.0,-36188.0,318978.0,408098.0,0.0,0.00%,727076.0,Trend Entry (Str: 0.07)
"Jul 21, 2020",SANIMA,BUY,98.0,367.0,-35966.0,283012.0,438311.0,0.0,0.00%,721323.0,Trend Entry (Str: 0.09)
"Jul 21, 2020",MBL,BUY,145.0,248.0,-35960.0,247052.0,474271.0,0.0,0.00%,721323.0,Trend Entry (Str: 0.09)
"Jul 21, 2020",SBI,BUY,79.0,452.0,-35708.0,211344.0,509979.0,0.0,0.00%,721323.0,Trend Entry (Str: 0.06)
"Jul 21, 2020",BFC,BUY,364.0,99.0,-36036.0,175308.0,546015.0,0.0,0.00%,721323.0,Trend Entry (Str: 0.05)
"Jul 21, 2020",ICFC,BUY,193.0,186.0,-35898.0,139410.0,581913.0,0.0,0.00%,721323.0,Trend Entry (Str: 0.04)
"Jul 22, 2020",PCBL,BUY,127.0,281.0,-35687.0,103723.0,610281.0,0.0,0.00%,714004.0,Trend Entry (Str: 0.06)
"Jul 23, 2020",NICA,SELL,58.0,579.0,33582.0,137305.0,583345.0,-2784.0,-7.66%,720650.0,Trailing Stop (7% drop) - exactly 7.66% drop
"Jul 23, 2020",GBIME,BUY,137.0,263.0,-36031.0,101274.0,619376.0,0.0,0.00%,720650.0,Trend Entry (Str: 0.04)
"Jul 23, 2020",JBBL,BUY,199.0,181.0,-36019.0,65255.0,655395.0,0.0,0.00%,720650.0,Trend Entry (Str: 0.04)
"Jul 27, 2020",NICA,BUY,61.0,588.0,-35868.0,29387.0,696859.0,0.0,0.00%,726246.0,Trend Entry (Str: 0.11)
"Jul 27, 2020",PFL,BUY,184.0,159.0,-29256.0,131.0,726115.0,0.0,0.00%,726246.0,Trend Entry (Str: 0.05)
"Aug 02, 2020",ALICL,SELL,59.0,614.0,36226.0,36357.0,650957.0,472.0,1.32%,687314.0,Trailing Stop (7% drop) - exactly 7.25% drop
"Aug 02, 2020",ADBL,SELL,84.0,406.0,34104.0,70461.0,616853.0,-2184.0,-6.02%,687314.0,Trailing Stop (7% drop) - exactly 8.14% drop
"Aug 02, 2020",MEGA,SELL,148.0,224.0,33152.0,103613.0,583701.0,-2960.0,-8.20%,687314.0,Trailing Stop (7% drop) - exactly 8.20% drop
"Aug 02, 2020",NBB,SELL,166.0,201.0,33366.0,136979.0,550335.0,-2822.0,-7.80%,687314.0,Trailing Stop (7% drop) - exactly 7.80% drop
"Aug 02, 2020",MBL,SELL,145.0,227.0,32915.0,169894.0,517420.0,-3045.0,-8.47%,687314.0,Trailing Stop (7% drop) - exactly 8.47% drop
"Aug 02, 2020",BFC,SELL,364.0,98.0,35672.0,205566.0,481748.0,-364.0,-1.01%,687314.0,Trailing Stop (7% drop) - exactly 8.41% drop
"Aug 02, 2020",JBBL,SELL,199.0,172.0,34228.0,239794.0,447520.0,-1791.0,-4.97%,687314.0,Trailing Stop (7% drop) - exactly 7.03% drop
"Aug 02, 2020",AHPC,BUY,357.0,96.0,-34272.0,205522.0,481792.0,0.0,0.00%,687314.0,Trend Entry (Str: 0.02)
"Aug 03, 2020",NHPC,BUY,626.0,55.0,-34430.0,171092.0,518164.0,0.0,0.00%,689256.0,Trend Entry (Str: 0.04)
"Aug 03, 2020",GMFIL,BUY,277.0,124.0,-34348.0,136744.0,552512.0,0.0,0.00%,689256.0,Trend Entry (Str: 0.01)
"Aug 05, 2020",NMB,SELL,82.0,410.0,33620.0,170364.0,510775.0,-2706.0,-7.45%,681139.0,Trailing Stop (7% drop) - exactly 7.45% drop
"Aug 05, 2020",KBL,SELL,178.0,189.0,33642.0,204006.0,477133.0,-2670.0,-7.35%,681139.0,Trailing Stop (7% drop) - exactly 7.80% drop
"Aug 05, 2020",SANIMA,SELL,98.0,343.0,33614.0,237620.0,443519.0,-2352.0,-6.54%,681139.0,Trailing Stop (7% drop) - exactly 7.55% drop
"Aug 05, 2020",SBI,SELL,79.0,425.0,33575.0,271195.0,409944.0,-2133.0,-5.97%,681139.0,Trailing Stop (7% drop) - exactly 7.61% drop
"Aug 05, 2020",PCBL,SELL,127.0,261.0,33147.0,304342.0,376797.0,-2540.0,-7.12%,681139.0,Trailing Stop (7% drop) - exactly 8.42% drop
"Aug 05, 2020",GBIME,SELL,137.0,247.0,33839.0,338181.0,342958.0,-2192.0,-6.08%,681139.0,Trailing Stop (7% drop) - exactly 7.49% drop
"Aug 06, 2020",NABIL,SELL,41.0,814.0,33374.0,371555.0,308039.0,-2255.0,-6.33%,679594.0,Trailing Stop (7% drop) - exactly 7.39% drop
"Aug 06, 2020",EBL,SELL,47.0,717.0,33699.0,405254.0,274340.0,-2115.0,-5.91%,679594.0,Trailing Stop (7% drop) - exactly 7.00% drop
"Aug 06, 2020",PFL,SELL,184.0,147.0,27048.0,432302.0,247292.0,-2208.0,-7.55%,679594.0,Trailing Stop (7% drop) - exactly 7.55% drop
"Aug 09, 2020",BFC,BUY,333.0,102.0,-33966.0,398336.0,282687.0,0.0,0.00%,681023.0,Trend Entry (Str: 0.07)
"Aug 10, 2020",ADBL,BUY,80.0,425.0,-34000.0,364336.0,318308.0,0.0,0.00%,682644.0,Trend Entry (Str: 0.07)
"Aug 10, 2020",NMB,BUY,79.0,429.0,-33891.0,330445.0,352199.0,0.0,0.00%,682644.0,Trend Entry (Str: 0.05)
"Aug 10, 2020",ALICL,BUY,53.0,641.0,-33973.0,296472.0,386172.0,0.0,0.00%,682644.0,Trend Entry (Str: 0.05)
"Aug 10, 2020",MEGA,BUY,148.0,230.0,-34040.0,262432.0,420212.0,0.0,0.00%,682644.0,Trend Entry (Str: 0.05)
"Aug 10, 2020",PROFL,BUY,316.0,108.0,-34128.0,228304.0,454340.0,0.0,0.00%,682644.0,Trend Entry (Str: 0.03)
"Aug 10, 2020",JBBL,BUY,191.0,178.0,-33998.0,194306.0,488338.0,0.0,0.00%,682644.0,Trend Entry (Str: 0.03)
"Aug 10, 2020",MBL,BUY,145.0,235.0,-34075.0,160231.0,522413.0,0.0,0.00%,682644.0,Trend Entry (Str: 0.03)
"Aug 10, 2020",NBB,BUY,164.0,208.0,-34112.0,126119.0,556525.0,0.0,0.00%,682644.0,Trend Entry (Str: 0.03)
"Aug 10, 2020",PFL,BUY,223.0,153.0,-34119.0,92000.0,590644.0,0.0,0.00%,682644.0,Trend Entry (Str: 0.02)
"Aug 10, 2020",GBIME,BUY,133.0,256.0,-34048.0,57952.0,624692.0,0.0,0.00%,682644.0,Trend Entry (Str: 0.02)
"Aug 12, 2020",NABIL,BUY,40.0,836.0,-33440.0,24512.0,655962.0,0.0,0.00%,680474.0,Trend Entry (Str: 0.04)
"Aug 12, 2020",PCBL,BUY,90.0,271.0,-24390.0,122.0,680352.0,0.0,0.00%,680474.0,Trend Entry (Str: 0.02)
"Aug 13, 2020",ICFC,SELL,193.0,177.0,34161.0,34283.0,638468.0,-1737.0,-4.84%,672751.0,Trailing Stop (7% drop) - exactly 7.81% drop
"Aug 18, 2020",CZBIL,SELL,174.0,193.0,33582.0,67865.0,602055.0,-2610.0,-7.21%,669920.0,Trailing Stop (7% drop) - exactly 7.21% drop
"Aug 19, 2020",NBB,SELL,164.0,193.0,31652.0,99517.0,563891.0,-2460.0,-7.21%,663408.0,Trailing Stop (7% drop) - exactly 7.66% drop
"Aug 19, 2020",PFL,SELL,223.0,144.0,32112.0,131629.0,531779.0,-2007.0,-5.88%,663408.0,Trailing Stop (7% drop) - exactly 7.69% drop
"Aug 30, 2020",CORBL,BUY,276.0,123.0,-33948.0,97681.0,582871.0,0.0,0.00%,680552.0,Trend Entry (Str: 0.04)
"Sep 06, 2020",AHPC,SELL,357.0,123.0,43911.0,141592.0,556981.0,9639.0,28.12%,698573.0,Take Profit (25% up) - exactly 28.12% up
"Sep 06, 2020",JFL,BUY,205.0,170.0,-34850.0,106742.0,591831.0,0.0,0.00%,698573.0,Trend Entry (Str: 0.03)
"Sep 06, 2020",MFIL,BUY,123.0,282.0,-34686.0,72056.0,626517.0,0.0,0.00%,698573.0,Trend Entry (Str: 0.01)
"Sep 10, 2020",AHPC,BUY,295.0,119.0,-35105.0,36951.0,666141.0,0.0,0.00%,703092.0,Trend Entry (Str: 0.19)
"Sep 13, 2020",EBL,BUY,48.0,735.0,-35280.0,1671.0,705354.0,0.0,0.00%,707025.0,Trend Entry (Str: 0.01)
"Sep 16, 2020",NHPC,SELL,626.0,72.0,45072.0,46743.0,681298.0,10642.0,30.91%,728041.0,Take Profit (25% up) - exactly 30.91% up
"Sep 16, 2020",AHPC,SELL,295.0,162.0,47790.0,94533.0,633508.0,12685.0,36.13%,728041.0,Take Profit (25% up) - exactly 36.13% up
"Sep 16, 2020",KBL,BUY,187.0,194.0,-36278.0,58255.0,669786.0,0.0,0.00%,728041.0,Trend Entry (Str: 0.03)
"Sep 16, 2020",NBB,BUY,179.0,203.0,-36337.0,21918.0,706123.0,0.0,0.00%,728041.0,Trend Entry (Str: 0.02)
"Sep 17, 2020",PFL,BUY,134.0,163.0,-21842.0,76.0,755134.0,0.0,0.00%,755210.0,Trend Entry (Str: 0.09)
"Sep 20, 2020",GMFIL,SELL,277.0,158.0,43766.0,43842.0,728941.0,9418.0,27.42%,772783.0,Take Profit (25% up) - exactly 27.42% up
"Sep 20, 2020",AHPC,BUY,231.0,167.0,-38577.0,5265.0,767518.0,0.0,0.00%,772783.0,Trend Entry (Str: 0.50)
"Sep 20, 2020",NHPC,BUY,65.0,80.0,-5200.0,65.0,772718.0,0.0,0.00%,772783.0,Trend Entry (Str: 0.38)
"Sep 22, 2020",PROFL,SELL,316.0,108.0,34128.0,34193.0,713144.0,0.0,0.00%,747337.0,Trailing Stop (7% drop) - exactly 10.74% drop
"Sep 22, 2020",ICFC,BUY,184.0,185.0,-34040.0,153.0,747184.0,0.0,0.00%,747337.0,Trend Entry (Str: 0.04)
"Sep 27, 2020",BFC,SELL,333.0,133.0,44289.0,44442.0,733393.0,10323.0,30.39%,777835.0,Take Profit (25% up) - exactly 30.39% up
"Sep 27, 2020",CORBL,SELL,276.0,158.0,43608.0,88050.0,689785.0,9660.0,28.46%,777835.0,Take Profit (25% up) - exactly 28.46% up
"Sep 27, 2020",GMFIL,BUY,235.0,165.0,-38775.0,49275.0,728560.0,0.0,0.00%,777835.0,Trend Entry (Str: 0.24)
"Sep 27, 2020",CZBIL,BUY,183.0,212.0,-38796.0,10479.0,767356.0,0.0,0.00%,777835.0,Trend Entry (Str: 0.08)
"Sep 27, 2020",PROFL,BUY,90.0,116.0,-10440.0,39.0,777796.0,0.0,0.00%,777835.0,Trend Entry (Str: 0.07)
"Sep 29, 2020",AHPC,SELL,231.0,209.0,48279.0,48318.0,726822.0,9702.0,25.15%,775140.0,Take Profit (25% up) - exactly 25.15% up
"Sep 29, 2020",EDBL,BUY,125.0,309.0,-38625.0,9693.0,765447.0,0.0,0.00%,775140.0,Trend Entry (Str: 0.02)
"Oct 01, 2020",NHPC,SELL,65.0,104.0,6760.0,16453.0,772110.0,1560.0,30.00%,788563.0,Take Profit (25% up) - exactly 30.00% up
"Oct 01, 2020",CORBL,BUY,89.0,183.0,-16287.0,166.0,788397.0,0.0,0.00%,788563.0,Trend Entry (Str: 0.35)
"Oct 05, 2020",PROFL,SELL,90.0,129.0,11610.0,11776.0,785340.0,1170.0,11.21%,797116.0,Trailing Stop (7% drop) - exactly 7.19% drop
"Oct 05, 2020",AHPC,BUY,47.0,250.0,-11750.0,26.0,797090.0,0.0,0.00%,797116.0,Trend Entry (Str: 0.64)
"Oct 07, 2020",PFL,SELL,134.0,204.0,27336.0,27362.0,787404.0,5494.0,25.15%,814766.0,Take Profit (25% up) - exactly 25.15% up
"Oct 07, 2020",NHPC,BUY,226.0,121.0,-27346.0,16.0,814750.0,0.0,0.00%,814766.0,Trend Entry (Str: 0.59)
"Oct 08, 2020",MBL,SELL,145.0,232.0,33640.0,33656.0,783191.0,-435.0,-1.28%,816847.0,Trailing Stop (7% drop) - exactly 7.20% drop
"Oct 08, 2020",JFL,SELL,205.0,215.0,44075.0,77731.0,739116.0,9225.0,26.47%,816847.0,Take Profit (25% up) - exactly 26.47% up
"Oct 08, 2020",BFC,BUY,272.0,150.0,-40800.0,36931.0,779916.0,0.0,0.00%,816847.0,Trend Entry (Str: 0.27)
"Oct 11, 2020",ICFC,SELL,184.0,246.0,45264.0,82195.0,733930.0,11224.0,32.97%,816125.0,Take Profit (25% up) - exactly 32.97% up
"Oct 11, 2020",PFL,BUY,199.0,205.0,-40795.0,41400.0,774725.0,0.0,0.00%,816125.0,Trend Entry (Str: 0.25)
"Oct 11, 2020",PROFL,BUY,287.0,142.0,-40754.0,646.0,815479.0,0.0,0.00%,816125.0,Trend Entry (Str: 0.22)
"Oct 13, 2020",ALICL,SELL,53.0,715.0,37895.0,38541.0,767226.0,3922.0,11.54%,805767.0,Trailing Stop (7% drop) - exactly 7.62% drop
"Oct 13, 2020",AHPC,SELL,47.0,249.0,11703.0,50244.0,755523.0,-47.0,-0.40%,805767.0,Trailing Stop (7% drop) - exactly 7.43% drop
"Oct 13, 2020",NHPC,SELL,226.0,111.0,25086.0,75330.0,730437.0,-2260.0,-8.26%,805767.0,Trailing Stop (7% drop) - exactly 9.76% drop
"Oct 13, 2020",BFC,SELL,272.0,142.0,38624.0,113954.0,691813.0,-2176.0,-5.33%,805767.0,Trailing Stop (7% drop) - exactly 7.79% drop
"Oct 13, 2020",JFL,BUY,184.0,218.0,-40112.0,73842.0,731925.0,0.0,0.00%,805767.0,Trend Entry (Str: 0.15)
"Oct 15, 2020",CORBL,SELL,89.0,198.0,17622.0,91464.0,703483.0,1335.0,8.20%,794947.0,Trailing Stop (7% drop) - exactly 7.04% drop
"Oct 15, 2020",PFL,SELL,199.0,179.0,35621.0,127085.0,667862.0,-5174.0,-12.68%,794947.0,Trailing Stop (7% drop) - exactly 12.68% drop
"Oct 15, 2020",PROFL,SELL,287.0,128.0,36736.0,163821.0,631126.0,-4018.0,-9.86%,794947.0,Trailing Stop (7% drop) - exactly 9.86% drop
"Oct 15, 2020",ICFC,BUY,149.0,266.0,-39634.0,124187.0,670760.0,0.0,0.00%,794947.0,Trend Entry (Str: 0.32)
"Oct 15, 2020",SANIMA,BUY,115.0,345.0,-39675.0,84512.0,710435.0,0.0,0.00%,794947.0,Trend Entry (Str: 0.00)
"Oct 18, 2020",GMFIL,SELL,235.0,169.0,39715.0,124227.0,668131.0,940.0,2.42%,792358.0,Trailing Stop (7% drop) - exactly 9.63% drop
"Oct 19, 2020",NHPC,BUY,350.0,114.0,-39900.0,84327.0,714756.0,0.0,0.00%,799083.0,Trend Entry (Str: 0.25)
"Oct 20, 2020",BFC,BUY,275.0,146.0,-40150.0,44177.0,761111.0,0.0,0.00%,805288.0,Trend Entry (Str: 0.13)
"Oct 22, 2020",GMFIL,BUY,223.0,182.0,-40586.0,3591.0,811718.0,0.0,0.00%,815309.0,Trend Entry (Str: 0.12)
"Oct 22, 2020",PROFL,BUY,26.0,137.0,-3562.0,29.0,815280.0,0.0,0.00%,815309.0,Trend Entry (Str: 0.10)
"Oct 28, 2020",KBL,SELL,187.0,246.0,46002.0,46031.0,795157.0,9724.0,26.80%,841188.0,Take Profit (25% up) - exactly 26.80% up
"Oct 28, 2020",AHPC,BUY,175.0,239.0,-41825.0,4206.0,836982.0,0.0,0.00%,841188.0,Trend Entry (Str: 0.11)
"Oct 28, 2020",PFL,BUY,21.0,194.0,-4074.0,132.0,841056.0,0.0,0.00%,841188.0,Trend Entry (Str: 0.10)
"Nov 01, 2020",PCBL,SELL,90.0,342.0,30780.0,30912.0,802941.0,6390.0,26.20%,833853.0,Take Profit (25% up) - exactly 26.20% up
"Nov 01, 2020",CORBL,BUY,154.0,200.0,-30800.0,112.0,833741.0,0.0,0.00%,833853.0,Trend Entry (Str: 0.10)
"Nov 02, 2020",SANIMA,SELL,115.0,322.0,37030.0,37142.0,793205.0,-2645.0,-6.67%,830347.0,Trailing Stop (7% drop) - exactly 9.80% drop
"Nov 02, 2020",KBL,BUY,157.0,236.0,-37052.0,90.0,830257.0,0.0,0.00%,830347.0,Trend Entry (Str: 0.06)
"Nov 05, 2020",EBL,SELL,48.0,675.0,32400.0,32490.0,795319.0,-2880.0,-8.16%,827809.0,Trailing Stop (7% drop) - exactly 10.00% drop
"Nov 05, 2020",PCBL,BUY,92.0,351.0,-32292.0,198.0,827611.0,0.0,0.00%,827809.0,Trend Entry (Str: 0.16)
"Nov 12, 2020",ICFC,SELL,149.0,290.0,43210.0,43408.0,800196.0,3576.0,9.02%,843604.0,Trailing Stop (7% drop) - exactly 7.64% drop
"Nov 12, 2020",AHPC,SELL,175.0,249.0,43575.0,86983.0,756621.0,1750.0,4.18%,843604.0,Trailing Stop (7% drop) - exactly 7.09% drop
"Nov 12, 2020",ALICL,BUY,53.0,782.0,-41446.0,45537.0,798067.0,0.0,0.00%,843604.0,Trend Entry (Str: 0.06)
"Nov 12, 2020",SBI,BUY,98.0,428.0,-41944.0,3593.0,840011.0,0.0,0.00%,843604.0,Trend Entry (Str: 0.00)
"Nov 18, 2020",CORBL,SELL,154.0,225.0,34650.0,38243.0,811755.0,3850.0,12.50%,849998.0,Trailing Stop (7% drop) - exactly 7.02% drop
"Nov 22, 2020",CORBL,BUY,172.0,222.0,-38184.0,59.0,872278.0,0.0,0.00%,872337.0,Trend Entry (Str: 0.07)
"Nov 25, 2020",NICA,SELL,61.0,634.0,38674.0,38733.0,851267.0,2806.0,7.82%,890000.0,Trailing Stop (7% drop) - exactly 9.04% drop
"Nov 25, 2020",ICFC,BUY,129.0,298.0,-38442.0,291.0,889709.0,0.0,0.00%,890000.0,Trend Entry (Str: 0.04)
"Nov 26, 2020",NABIL,SELL,40.0,1130.0,45200.0,45491.0,851357.0,11760.0,35.17%,896848.0,Take Profit (25% up) - exactly 35.17% up
"Nov 26, 2020",MFIL,SELL,123.0,355.0,43665.0,89156.0,807692.0,8979.0,25.89%,896848.0,Take Profit (25% up) - exactly 25.89% up
"Nov 26, 2020",NBB,SELL,179.0,263.0,47077.0,136233.0,760615.0,10740.0,29.56%,896848.0,Take Profit (25% up) - exactly 29.56% up
"Nov 26, 2020",NHPC,SELL,350.0,128.0,44800.0,181033.0,715815.0,4900.0,12.28%,896848.0,Trailing Stop (7% drop) - exactly 7.25% drop
"Nov 26, 2020",MBL,BUY,185.0,242.0,-44770.0,136263.0,760585.0,0.0,0.00%,896848.0,Trend Entry (Str: 0.05)
"Nov 29, 2020",ADBL,SELL,80.0,554.0,44320.0,180583.0,758413.0,10320.0,30.35%,938996.0,Take Profit (25% up) - exactly 30.35% up
"Nov 29, 2020",MEGA,SELL,148.0,289.0,42772.0,223355.0,715641.0,8732.0,25.65%,938996.0,Take Profit (25% up) - exactly 25.65% up
"Nov 29, 2020",JBBL,SELL,191.0,234.0,44694.0,268049.0,670947.0,10696.0,31.46%,938996.0,Take Profit (25% up) - exactly 31.46% up
"Nov 29, 2020",GBIME,SELL,133.0,349.0,46417.0,314466.0,624530.0,12369.0,36.33%,938996.0,Take Profit (25% up) - exactly 36.33% up
"Nov 29, 2020",KBL,SELL,157.0,303.0,47571.0,362037.0,576959.0,10519.0,28.39%,938996.0,Take Profit (25% up) - exactly 28.39% up
"Nov 30, 2020",LICN,SELL,25.0,1839.0,45975.0,408012.0,531157.0,10500.0,29.60%,939169.0,Take Profit (25% up) - exactly 29.60% up
"Nov 30, 2020",NBB,BUY,148.0,317.0,-46916.0,361096.0,578073.0,0.0,0.00%,939169.0,Trend Entry (Str: 0.35)
"Nov 30, 2020",NABIL,BUY,40.0,1159.0,-46360.0,314736.0,624433.0,0.0,0.00%,939169.0,Trend Entry (Str: 0.26)
"Nov 30, 2020",MFIL,BUY,123.0,380.0,-46740.0,267996.0,671173.0,0.0,0.00%,939169.0,Trend Entry (Str: 0.14)
"Nov 30, 2020",NHPC,BUY,353.0,133.0,-46949.0,221047.0,718122.0,0.0,0.00%,939169.0,Trend Entry (Str: 0.12)
"Nov 30, 2020",AHPC,BUY,186.0,252.0,-46872.0,174175.0,764994.0,0.0,0.00%,939169.0,Trend Entry (Str: 0.02)
"Dec 01, 2020",JFL,SELL,184.0,245.0,45080.0,219255.0,705214.0,4968.0,12.39%,924469.0,Trailing Stop (7% drop) - exactly 7.20% drop
"Dec 01, 2020",PFL,SELL,21.0,199.0,4179.0,223434.0,701035.0,105.0,2.58%,924469.0,Trailing Stop (7% drop) - exactly 7.87% drop
"Dec 01, 2020",PCBL,SELL,92.0,394.0,36248.0,259682.0,664787.0,3956.0,12.25%,924469.0,Trailing Stop (7% drop) - exactly 7.08% drop
"Dec 03, 2020",NABBC,SELL,22.0,295.0,6490.0,266172.0,648267.0,-2904.0,-30.91%,914439.0,Trailing Stop (7% drop) - exactly 30.91% drop
"Dec 03, 2020",PROFL,SELL,26.0,134.0,3484.0,269656.0,644783.0,-78.0,-2.19%,914439.0,Trailing Stop (7% drop) - exactly 7.59% drop
"Dec 03, 2020",SBI,SELL,98.0,432.0,42336.0,311992.0,602447.0,392.0,0.93%,914439.0,Trailing Stop (7% drop) - exactly 7.10% drop
"Dec 03, 2020",GBIME,BUY,132.0,345.0,-45540.0,266452.0,647987.0,0.0,0.00%,914439.0,Trend Entry (Str: 0.14)
"Dec 03, 2020",MEGA,BUY,168.0,272.0,-45696.0,220756.0,693683.0,0.0,0.00%,914439.0,Trend Entry (Str: 0.10)
"Dec 03, 2020",ADBL,BUY,85.0,532.0,-45220.0,175536.0,738903.0,0.0,0.00%,914439.0,Trend Entry (Str: 0.09)
"Dec 03, 2020",JBBL,BUY,199.0,229.0,-45571.0,129965.0,784474.0,0.0,0.00%,914439.0,Trend Entry (Str: 0.07)
"Dec 03, 2020",EBL,BUY,65.0,702.0,-45630.0,84335.0,830104.0,0.0,0.00%,914439.0,Trend Entry (Str: 0.01)
"Dec 06, 2020",NMB,SELL,79.0,445.0,35155.0,119490.0,769405.0,1264.0,3.73%,888895.0,Trailing Stop (7% drop) - exactly 7.10% drop
"Dec 06, 2020",CZBIL,SELL,183.0,231.0,42273.0,161763.0,727132.0,3477.0,8.96%,888895.0,Trailing Stop (7% drop) - exactly 11.49% drop
"Dec 06, 2020",BFC,SELL,275.0,135.0,37125.0,198888.0,690007.0,-3025.0,-7.53%,888895.0,Trailing Stop (7% drop) - exactly 8.16% drop
"Dec 06, 2020",ALICL,SELL,53.0,829.0,43937.0,242825.0,646070.0,2491.0,6.01%,888895.0,Trailing Stop (7% drop) - exactly 10.57% drop
"Dec 06, 2020",MBL,SELL,185.0,241.0,44585.0,287410.0,601485.0,-185.0,-0.41%,888895.0,Trailing Stop (7% drop) - exactly 9.40% drop
"Dec 06, 2020",NBB,SELL,148.0,262.0,38776.0,326186.0,562709.0,-8140.0,-17.35%,888895.0,Trailing Stop (7% drop) - exactly 17.35% drop
"Dec 06, 2020",NHPC,SELL,353.0,123.0,43419.0,369605.0,519290.0,-3530.0,-7.52%,888895.0,Trailing Stop (7% drop) - exactly 7.52% drop
"Dec 06, 2020",LICN,BUY,23.0,1855.0,-42665.0,326940.0,561955.0,0.0,0.00%,888895.0,Trend Entry (Str: 0.15)
"Dec 07, 2020",EDBL,SELL,125.0,349.0,43625.0,370565.0,533604.0,5000.0,12.94%,904169.0,Trailing Stop (7% drop) - exactly 7.18% drop
"Dec 07, 2020",GMFIL,SELL,223.0,193.0,43039.0,413604.0,490565.0,2453.0,6.04%,904169.0,Trailing Stop (7% drop) - exactly 7.21% drop
"Dec 08, 2020",CORBL,SELL,172.0,210.0,36120.0,449724.0,452931.0,-2064.0,-5.41%,902655.0,Trailing Stop (7% drop) - exactly 7.89% drop
"Dec 08, 2020",JFL,BUY,181.0,249.0,-45069.0,404655.0,498000.0,0.0,0.00%,902655.0,Trend Entry (Str: 0.07)
"Dec 10, 2020",AHPC,SELL,186.0,246.0,45756.0,450411.0,438411.0,-1116.0,-2.38%,888822.0,Trailing Stop (7% drop) - exactly 8.89% drop
"Dec 13, 2020",NBB,BUY,161.0,278.0,-44758.0,405653.0,494509.0,0.0,0.00%,900162.0,Trend Entry (Str: 0.11)
"Dec 13, 2020",ALICL,BUY,50.0,893.0,-44650.0,361003.0,539159.0,0.0,0.00%,900162.0,Trend Entry (Str: 0.10)
"Dec 13, 2020",PCBL,BUY,112.0,401.0,-44912.0,316091.0,584071.0,0.0,0.00%,900162.0,Trend Entry (Str: 0.08)
"Dec 13, 2020",GMFIL,BUY,218.0,206.0,-44908.0,271183.0,628979.0,0.0,0.00%,900162.0,Trend Entry (Str: 0.06)
"Dec 13, 2020",NMB,BUY,99.0,454.0,-44946.0,226237.0,673925.0,0.0,0.00%,900162.0,Trend Entry (Str: 0.04)
"Dec 14, 2020",EDBL,BUY,126.0,359.0,-45234.0,181003.0,728801.0,0.0,0.00%,909804.0,Trend Entry (Str: 0.05)
"Dec 14, 2020",MBL,BUY,181.0,251.0,-45431.0,135572.0,774232.0,0.0,0.00%,909804.0,Trend Entry (Str: 0.05)
"Dec 17, 2020",NICA,BUY,65.0,690.0,-44850.0,90722.0,808418.0,0.0,0.00%,899140.0,Trend Entry (Str: 0.07)
"Dec 20, 2020",MFIL,SELL,123.0,374.0,46002.0,136724.0,731717.0,-738.0,-1.58%,868441.0,Trailing Stop (7% drop) - exactly 8.56% drop
"Dec 20, 2020",ADBL,SELL,85.0,492.0,41820.0,178544.0,689897.0,-3400.0,-7.52%,868441.0,Trailing Stop (7% drop) - exactly 10.87% drop
"Dec 20, 2020",JBBL,SELL,199.0,217.0,43183.0,221727.0,646714.0,-2388.0,-5.24%,868441.0,Trailing Stop (7% drop) - exactly 8.82% drop
"Dec 20, 2020",LICN,SELL,23.0,1860.0,42780.0,264507.0,603934.0,115.0,0.27%,868441.0,Trailing Stop (7% drop) - exactly 11.00% drop
"Dec 20, 2020",JFL,SELL,181.0,225.0,40725.0,305232.0,563209.0,-4344.0,-9.64%,868441.0,Trailing Stop (7% drop) - exactly 10.71% drop
"Dec 20, 2020",ALICL,SELL,50.0,846.0,42300.0,347532.0,520909.0,-2350.0,-5.26%,868441.0,Trailing Stop (7% drop) - exactly 10.95% drop
"Dec 23, 2020",NABIL,SELL,40.0,1489.0,59560.0,407092.0,499116.0,13200.0,28.47%,906208.0,Take Profit (25% up) - exactly 28.47% up
"Dec 24, 2020",ALICL,BUY,48.0,925.0,-44400.0,362692.0,540095.0,0.0,0.00%,902787.0,Trend Entry (Str: 0.07)
"Dec 24, 2020",MFIL,BUY,115.0,390.0,-44850.0,317842.0,584945.0,0.0,0.00%,902787.0,Trend Entry (Str: 0.04)
"Dec 24, 2020",JBBL,BUY,198.0,227.0,-44946.0,272896.0,629891.0,0.0,0.00%,902787.0,Trend Entry (Str: 0.02)
"Dec 27, 2020",NBB,SELL,161.0,247.0,39767.0,312663.0,577540.0,-4991.0,-11.15%,890203.0,Trailing Stop (7% drop) - exactly 11.15% drop
"Dec 27, 2020",NABIL,BUY,32.0,1384.0,-44288.0,268375.0,621828.0,0.0,0.00%,890203.0,Trend Entry (Str: 0.22)
"Dec 28, 2020",NMB,SELL,99.0,423.0,41877.0,310252.0,581825.0,-3069.0,-6.83%,892077.0,Trailing Stop (7% drop) - exactly 7.44% drop
"Dec 30, 2020",GBIME,SELL,132.0,306.0,40392.0,350644.0,526042.0,-5148.0,-11.30%,876686.0,Trailing Stop (7% drop) - exactly 14.76% drop
"Dec 30, 2020",NICA,SELL,65.0,870.0,56550.0,407194.0,469492.0,11700.0,26.09%,876686.0,Take Profit (25% up) - exactly 26.09% up
"Dec 30, 2020",MFIL,SELL,115.0,337.0,38755.0,445949.0,430737.0,-6095.0,-13.59%,876686.0,Trailing Stop (7% drop) - exactly 13.59% drop
"Dec 31, 2020",NABIL,SELL,32.0,1100.0,35200.0,481149.0,400641.0,-9088.0,-20.52%,881790.0,Trailing Stop (7% drop) - exactly 20.63% drop
"Dec 31, 2020",LICN,BUY,22.0,1927.0,-42394.0,438755.0,443035.0,0.0,0.00%,881790.0,Trend Entry (Str: 0.02)
"Jan 03, 2021",ICFC,SELL,129.0,266.0,34314.0,473069.0,419428.0,-4128.0,-10.74%,892497.0,Trailing Stop (7% drop) - exactly 11.33% drop
"Jan 03, 2021",MEGA,SELL,168.0,261.0,43848.0,516917.0,375580.0,-1848.0,-4.04%,892497.0,Trailing Stop (7% drop) - exactly 9.69% drop
"Jan 03, 2021",NICA,BUY,49.0,899.0,-44051.0,472866.0,419631.0,0.0,0.00%,892497.0,Trend Entry (Str: 0.25)
"Jan 03, 2021",CZBIL,BUY,164.0,272.0,-44608.0,428258.0,464239.0,0.0,0.00%,892497.0,Trend Entry (Str: 0.12)
"Jan 04, 2021",PCBL,SELL,112.0,407.0,45584.0,473842.0,409445.0,672.0,1.50%,883287.0,Trailing Stop (7% drop) - exactly 13.03% drop
"Jan 05, 2021",GMFIL,SELL,218.0,191.0,41638.0,515480.0,365549.0,-3270.0,-7.28%,881029.0,Trailing Stop (7% drop) - exactly 8.61% drop
"Jan 05, 2021",SANIMA,BUY,128.0,344.0,-44032.0,471448.0,409581.0,0.0,0.00%,881029.0,Trend Entry (Str: 0.08)
"Jan 06, 2021",NABBC,BUY,77.0,575.0,-44275.0,427173.0,460187.0,0.0,0.00%,887360.0,Trend Entry (Str: 0.27)
"Jan 07, 2021",CORBL,BUY,191.0,234.0,-44694.0,382479.0,515062.0,0.0,0.00%,897541.0,Trend Entry (Str: 0.10)
"Jan 07, 2021",KBL,BUY,170.0,263.0,-44710.0,337769.0,559772.0,0.0,0.00%,897541.0,Trend Entry (Str: 0.07)
"Jan 07, 2021",BFC,BUY,320.0,140.0,-44800.0,292969.0,604572.0,0.0,0.00%,897541.0,Trend Entry (Str: 0.05)
"Jan 10, 2021",PCBL,BUY,103.0,444.0,-45732.0,247237.0,671999.0,0.0,0.00%,919236.0,Trend Entry (Str: 0.09)
"Jan 10, 2021",JFL,BUY,177.0,259.0,-45843.0,201394.0,717842.0,0.0,0.00%,919236.0,Trend Entry (Str: 0.07)
"Jan 11, 2021",NABBC,SELL,77.0,764.0,58828.0,260222.0,664510.0,14553.0,32.87%,924732.0,Take Profit (25% up) - exactly 32.87% up
"Jan 12, 2021",CORBL,SELL,191.0,310.0,59210.0,319432.0,619196.0,14516.0,32.48%,938628.0,Take Profit (25% up) - exactly 32.48% up
"Jan 12, 2021",SBI,BUY,96.0,484.0,-46464.0,272968.0,665660.0,0.0,0.00%,938628.0,Trend Entry (Str: 0.15)
"Jan 12, 2021",NBB,BUY,167.0,280.0,-46760.0,226208.0,712420.0,0.0,0.00%,938628.0,Trend Entry (Str: 0.05)
"Jan 12, 2021",MEGA,BUY,167.0,281.0,-46927.0,179281.0,759347.0,0.0,0.00%,938628.0,Trend Entry (Str: 0.04)
"Jan 12, 2021",PROFL,BUY,355.0,132.0,-46860.0,132421.0,806207.0,0.0,0.00%,938628.0,Trend Entry (Str: 0.02)
"Jan 13, 2021",JBBL,SELL,198.0,224.0,44352.0,176773.0,761516.0,-594.0,-1.32%,938289.0,Trailing Stop (7% drop) - exactly 7.05% drop
"Jan 17, 2021",CORBL,BUY,126.0,375.0,-47250.0,129523.0,819423.0,0.0,0.00%,948946.0,Trend Entry (Str: 0.63)
"Jan 17, 2021",PFL,BUY,218.0,217.0,-47306.0,82217.0,866729.0,0.0,0.00%,948946.0,Trend Entry (Str: 0.16)
"Jan 17, 2021",AHPC,BUY,201.0,235.0,-47235.0,34982.0,913964.0,0.0,0.00%,948946.0,Trend Entry (Str: 0.04)
"Jan 18, 2021",SBI,SELL,96.0,449.0,43104.0,78086.0,887648.0,-3360.0,-7.23%,965734.0,Trailing Stop (7% drop) - exactly 7.23% drop
"Jan 19, 2021",PROFL,SELL,355.0,165.0,58575.0,136661.0,842367.0,11715.0,25.00%,979028.0,Take Profit (25% up)
"Jan 19, 2021",NABBC,BUY,72.0,679.0,-48888.0,87773.0,891255.0,0.0,0.00%,979028.0,Trend Entry (Str: 0.29)
"Jan 20, 2021",BFC,SELL,320.0,177.0,56640.0,144413.0,859640.0,11840.0,26.43%,1004053.0,Take Profit (25% up) - exactly 26.43% up
"Jan 21, 2021",LICN,SELL,22.0,2480.0,54560.0,198973.0,816453.0,12166.0,28.70%,1015426.0,Take Profit (25% up) - exactly 28.70% up
"Jan 21, 2021",CORBL,SELL,126.0,547.0,68922.0,267895.0,747531.0,21672.0,45.87%,1015426.0,Take Profit (25% up) - exactly 45.87% up
"Jan 21, 2021",MFIL,BUY,121.0,418.0,-50578.0,217317.0,798109.0,0.0,0.00%,1015426.0,Trend Entry (Str: 0.12)
"Jan 21, 2021",GMFIL,BUY,225.0,225.0,-50625.0,166692.0,848734.0,0.0,0.00%,1015426.0,Trend Entry (Str: 0.12)
"Jan 21, 2021",ICFC,BUY,161.0,314.0,-50554.0,116138.0,899288.0,0.0,0.00%,1015426.0,Trend Entry (Str: 0.11)
"Jan 21, 2021",NMB,BUY,116.0,435.0,-50460.0,65678.0,949748.0,0.0,0.00%,1015426.0,Trend Entry (Str: 0.01)
"Jan 24, 2021",ALICL,SELL,48.0,1175.0,56400.0,122078.0,901087.0,12000.0,27.03%,1023165.0,Take Profit (25% up) - exactly 27.03% up
"Jan 24, 2021",NABBC,SELL,72.0,627.0,45144.0,167222.0,855943.0,-3744.0,-7.66%,1023165.0,Trailing Stop (7% drop) - exactly 15.95% drop
"Jan 24, 2021",PROFL,BUY,276.0,185.0,-51060.0,116162.0,907003.0,0.0,0.00%,1023165.0,Trend Entry (Str: 0.36)
"Jan 24, 2021",BFC,BUY,284.0,180.0,-51120.0,65042.0,958123.0,0.0,0.00%,1023165.0,Trend Entry (Str: 0.28)
"Jan 25, 2021",PFL,SELL,218.0,275.0,59950.0,124992.0,896009.0,12644.0,26.73%,1021001.0,Take Profit (25% up) - exactly 26.73% up
"Jan 25, 2021",CORBL,BUY,92.0,550.0,-50600.0,74392.0,946609.0,0.0,0.00%,1021001.0,Trend Entry (Str: 0.91)
"Jan 25, 2021",LICN,BUY,21.0,2370.0,-49770.0,24622.0,996379.0,0.0,0.00%,1021001.0,Trend Entry (Str: 0.14)
"Jan 25, 2021",NHPC,BUY,192.0,128.0,-24576.0,46.0,1020955.0,0.0,0.00%,1021001.0,Trend Entry (Str: 0.09)
"Jan 28, 2021",MBL,SELL,181.0,276.0,49956.0,50002.0,940508.0,4525.0,9.96%,990510.0,Trailing Stop (7% drop) - exactly 8.91% drop
"Jan 28, 2021",CZBIL,SELL,164.0,284.0,46576.0,96578.0,893932.0,1968.0,4.41%,990510.0,Trailing Stop (7% drop) - exactly 7.49% drop
"Jan 28, 2021",SANIMA,SELL,128.0,343.0,43904.0,140482.0,850028.0,-128.0,-0.29%,990510.0,Trailing Stop (7% drop) - exactly 8.78% drop
"Jan 28, 2021",JFL,SELL,177.0,277.0,49029.0,189511.0,800999.0,3186.0,6.95%,990510.0,Trailing Stop (7% drop) - exactly 7.97% drop
"Jan 28, 2021",GMFIL,SELL,225.0,209.0,47025.0,236536.0,753974.0,-3600.0,-7.11%,990510.0,Trailing Stop (7% drop) - exactly 7.11% drop
"Jan 28, 2021",PROFL,SELL,276.0,159.0,43884.0,280420.0,710090.0,-7176.0,-14.05%,990510.0,Trailing Stop (7% drop) - exactly 14.05% drop
"Jan 28, 2021",BFC,SELL,284.0,163.0,46292.0,326712.0,663798.0,-4828.0,-9.44%,990510.0,Trailing Stop (7% drop) - exactly 9.44% drop
"Jan 28, 2021",ALICL,BUY,42.0,1166.0,-48972.0,277740.0,712770.0,0.0,0.00%,990510.0,Trend Entry (Str: 0.16)
"Jan 28, 2021",GBIME,BUY,145.0,341.0,-49445.0,228295.0,762215.0,0.0,0.00%,990510.0,Trend Entry (Str: 0.02)
"Jan 31, 2021",EBL,SELL,65.0,770.0,50050.0,278345.0,694243.0,4420.0,9.69%,972588.0,Trailing Stop (7% drop) - exactly 7.89% drop
"Jan 31, 2021",NICA,SELL,49.0,860.0,42140.0,320485.0,652103.0,-1911.0,-4.34%,972588.0,Trailing Stop (7% drop) - exactly 7.23% drop
"Jan 31, 2021",NBB,SELL,167.0,287.0,47929.0,368414.0,604174.0,1169.0,2.50%,972588.0,Trailing Stop (7% drop) - exactly 7.12% drop
"Jan 31, 2021",MEGA,SELL,167.0,274.0,45758.0,414172.0,558416.0,-1169.0,-2.49%,972588.0,Trailing Stop (7% drop) - exactly 8.67% drop
"Jan 31, 2021",ICFC,SELL,161.0,279.0,44919.0,459091.0,513497.0,-5635.0,-11.15%,972588.0,Trailing Stop (7% drop) - exactly 11.15% drop
"Jan 31, 2021",CORBL,SELL,92.0,530.0,48760.0,507851.0,464737.0,-1840.0,-3.64%,972588.0,Trailing Stop (7% drop) - exactly 7.02% drop
"Jan 31, 2021",NABBC,BUY,71.0,677.0,-48067.0,459784.0,512804.0,0.0,0.00%,972588.0,Trend Entry (Str: 0.19)
"Feb 01, 2021",PFL,BUY,177.0,276.0,-48852.0,410932.0,571087.0,0.0,0.00%,982019.0,Trend Entry (Str: 0.32)
"Feb 03, 2021",CZBIL,BUY,170.0,291.0,-49470.0,361462.0,631316.0,0.0,0.00%,992778.0,Trend Entry (Str: 0.04)
"Feb 04, 2021",MBL,BUY,173.0,287.0,-49651.0,311811.0,683722.0,0.0,0.00%,995533.0,Trend Entry (Str: 0.05)
"Feb 04, 2021",SANIMA,BUY,139.0,358.0,-49762.0,262049.0,733484.0,0.0,0.00%,995533.0,Trend Entry (Str: 0.03)
"Feb 07, 2021",NABBC,SELL,71.0,627.0,44517.0,306566.0,700747.0,-3550.0,-7.39%,1007313.0,Trailing Stop (7% drop) - exactly 7.39% drop
"Feb 07, 2021",PFL,SELL,177.0,269.0,47613.0,354179.0,653134.0,-1239.0,-2.54%,1007313.0,Trailing Stop (7% drop) - exactly 7.88% drop
"Feb 07, 2021",GMFIL,BUY,233.0,216.0,-50328.0,303851.0,703462.0,0.0,0.00%,1007313.0,Trend Entry (Str: 0.05)
"Feb 08, 2021",NBB,BUY,168.0,306.0,-51408.0,252443.0,777416.0,0.0,0.00%,1029859.0,Trend Entry (Str: 0.08)
"Feb 08, 2021",MEGA,BUY,172.0,298.0,-51256.0,201187.0,828672.0,0.0,0.00%,1029859.0,Trend Entry (Str: 0.06)
"Feb 08, 2021",ICFC,BUY,170.0,302.0,-51340.0,149847.0,880012.0,0.0,0.00%,1029859.0,Trend Entry (Str: 0.05)
"Feb 08, 2021",ADBL,BUY,111.0,462.0,-51282.0,98565.0,931294.0,0.0,0.00%,1029859.0,Trend Entry (Str: 0.02)
"Feb 08, 2021",EBL,BUY,65.0,792.0,-51480.0,47085.0,982774.0,0.0,0.00%,1029859.0,Trend Entry (Str: 0.01)
"Feb 09, 2021",CORBL,BUY,85.0,551.0,-46835.0,250.0,1021057.0,0.0,0.00%,1021307.0,Trend Entry (Str: 0.34)
"Feb 10, 2021",GBIME,SELL,145.0,448.0,64960.0,65210.0,976715.0,15515.0,31.38%,1041925.0,Take Profit (25% up) - exactly 31.38% up
"Feb 10, 2021",PROFL,BUY,315.0,165.0,-51975.0,13235.0,1028690.0,0.0,0.00%,1041925.0,Trend Entry (Str: 0.09)
"Feb 11, 2021",PFL,BUY,46.0,284.0,-13064.0,171.0,1040877.0,0.0,0.00%,1041048.0,Trend Entry (Str: 0.20)
"Feb 14, 2021",AHPC,SELL,201.0,303.0,60903.0,61074.0,973428.0,13668.0,28.94%,1034502.0,Take Profit (25% up) - exactly 28.94% up
"Feb 14, 2021",NHPC,SELL,192.0,134.0,25728.0,86802.0,947700.0,1152.0,4.69%,1034502.0,Trailing Stop (7% drop) - exactly 7.59% drop
"Feb 14, 2021",GBIME,BUY,117.0,441.0,-51597.0,35205.0,999297.0,0.0,0.00%,1034502.0,Trend Entry (Str: 0.23)
"Feb 14, 2021",NABIL,BUY,28.0,1221.0,-34188.0,1017.0,1033485.0,0.0,0.00%,1034502.0,Trend Entry (Str: 0.08)
"Feb 15, 2021",MFIL,SELL,121.0,540.0,65340.0,66357.0,1005354.0,14762.0,29.19%,1071711.0,Take Profit (25% up) - exactly 29.19% up
"Feb 16, 2021",JBBL,BUY,232.0,235.0,-54520.0,11837.0,1081733.0,0.0,0.00%,1093570.0,Trend Entry (Str: 0.03)
"Feb 16, 2021",BFC,BUY,72.0,163.0,-11736.0,101.0,1093469.0,0.0,0.00%,1093570.0,Trend Entry (Str: 0.02)
"Feb 17, 2021",CORBL,SELL,85.0,722.0,61370.0,61471.0,1046879.0,14535.0,31.03%,1108350.0,Take Profit (25% up) - exactly 31.03% up
"Feb 18, 2021",AHPC,BUY,177.0,316.0,-55932.0,5539.0,1116943.0,0.0,0.00%,1122482.0,Trend Entry (Str: 0.21)
"Feb 21, 2021",EDBL,SELL,126.0,454.0,57204.0,62743.0,1048966.0,11970.0,26.46%,1111709.0,Take Profit (25% up) - exactly 26.46% up
"Feb 21, 2021",LICN,SELL,21.0,2426.0,50946.0,113689.0,998020.0,1176.0,2.36%,1111709.0,Trailing Stop (7% drop) - exactly 12.17% drop
"Feb 21, 2021",CORBL,BUY,73.0,760.0,-55480.0,58209.0,1053500.0,0.0,0.00%,1111709.0,Trend Entry (Str: 0.44)
"Feb 21, 2021",NHPC,BUY,378.0,147.0,-55566.0,2643.0,1109066.0,0.0,0.00%,1111709.0,Trend Entry (Str: 0.12)
"Feb 22, 2021",ALICL,SELL,42.0,1346.0,56532.0,59175.0,1029395.0,7560.0,15.44%,1088570.0,Trailing Stop (7% drop) - exactly 7.24% drop
"Feb 22, 2021",MEGA,SELL,172.0,310.0,53320.0,112495.0,976075.0,2064.0,4.03%,1088570.0,Trailing Stop (7% drop) - exactly 7.19% drop
"Feb 22, 2021",PFL,SELL,46.0,277.0,12742.0,125237.0,963333.0,-322.0,-2.46%,1088570.0,Trailing Stop (7% drop) - exactly 7.36% drop
"Feb 22, 2021",NICA,BUY,59.0,918.0,-54162.0,71075.0,1017495.0,0.0,0.00%,1088570.0,Trend Entry (Str: 0.02)
"Feb 25, 2021",MBL,SELL,173.0,311.0,53803.0,124878.0,944924.0,4152.0,8.36%,1069802.0,Trailing Stop (7% drop) - exactly 7.44% drop
"Feb 25, 2021",GMFIL,SELL,233.0,219.0,51027.0,175905.0,893897.0,699.0,1.39%,1069802.0,Trailing Stop (7% drop) - exactly 7.20% drop
"Feb 25, 2021",GBIME,SELL,117.0,464.0,54288.0,230193.0,839609.0,2691.0,5.22%,1069802.0,Trailing Stop (7% drop) - exactly 7.20% drop
"Feb 25, 2021",AHPC,SELL,177.0,335.0,59295.0,289488.0,780314.0,3363.0,6.01%,1069802.0,Trailing Stop (7% drop) - exactly 7.20% drop
"Feb 25, 2021",CORBL,SELL,73.0,686.0,50078.0,339566.0,730236.0,-5402.0,-9.74%,1069802.0,Trailing Stop (7% drop) - exactly 9.74% drop
"Feb 25, 2021",EDBL,BUY,122.0,438.0,-53436.0,286130.0,783672.0,0.0,0.00%,1069802.0,Trend Entry (Str: 0.07)
"Feb 28, 2021",KBL,SELL,170.0,298.0,50660.0,336790.0,708801.0,5950.0,13.31%,1045591.0,Trailing Stop (7% drop) - exactly 8.02% drop
"Feb 28, 2021",PCBL,SELL,103.0,436.0,44908.0,381698.0,663893.0,-824.0,-1.80%,1045591.0,Trailing Stop (7% drop) - exactly 9.17% drop
"Feb 28, 2021",NMB,SELL,116.0,430.0,49880.0,431578.0,614013.0,-580.0,-1.15%,1045591.0,Trailing Stop (7% drop) - exactly 9.28% drop
"Feb 28, 2021",CZBIL,SELL,170.0,298.0,50660.0,482238.0,563353.0,1190.0,2.41%,1045591.0,Trailing Stop (7% drop) - exactly 9.42% drop
"Feb 28, 2021",SANIMA,SELL,139.0,364.0,50596.0,532834.0,512757.0,834.0,1.68%,1045591.0,Trailing Stop (7% drop) - exactly 8.77% drop
"Feb 28, 2021",ICFC,SELL,170.0,302.0,51340.0,584174.0,461417.0,0.0,0.00%,1045591.0,Trailing Stop (7% drop) - exactly 7.36% drop
"Feb 28, 2021",JBBL,SELL,232.0,224.0,51968.0,636142.0,409449.0,-2552.0,-4.68%,1045591.0,Trailing Stop (7% drop) - exactly 8.20% drop
"Feb 28, 2021",BFC,SELL,72.0,161.0,11592.0,647734.0,397857.0,-144.0,-1.23%,1045591.0,Trailing Stop (7% drop) - exactly 9.55% drop
"Mar 01, 2021",CORBL,BUY,72.0,719.0,-51768.0,595966.0,453226.0,0.0,0.00%,1049192.0,Trend Entry (Str: 0.19)
"Mar 02, 2021",NBB,SELL,168.0,301.0,50568.0,646534.0,387816.0,-840.0,-1.63%,1034350.0,Trailing Stop (7% drop) - exactly 8.51% drop
"Mar 02, 2021",ADBL,SELL,111.0,435.0,48285.0,694819.0,339531.0,-2997.0,-5.84%,1034350.0,Trailing Stop (7% drop) - exactly 8.03% drop
"Mar 02, 2021",EBL,SELL,65.0,765.0,49725.0,744544.0,289806.0,-1755.0,-3.41%,1034350.0,Trailing Stop (7% drop) - exactly 8.71% drop
"Mar 02, 2021",NABIL,SELL,28.0,1274.0,35672.0,780216.0,254134.0,1484.0,4.34%,1034350.0,Trailing Stop (7% drop) - exactly 8.41% drop
"Mar 02, 2021",NHPC,SELL,378.0,142.0,53676.0,833892.0,200458.0,-1890.0,-3.40%,1034350.0,Trailing Stop (7% drop) - exactly 10.13% drop
"Mar 03, 2021",PROFL,SELL,315.0,158.0,49770.0,883662.0,149102.0,-2205.0,-4.24%,1032764.0,Trailing Stop (7% drop) - exactly 8.14% drop
"Mar 03, 2021",EDBL,SELL,122.0,406.0,49532.0,933194.0,99570.0,-3904.0,-7.31%,1032764.0,Trailing Stop (7% drop) - exactly 7.31% drop
"Mar 04, 2021",AHPC,BUY,153.0,338.0,-51714.0,881480.0,153145.0,0.0,0.00%,1034625.0,Trend Entry (Str: 0.15)
"Mar 04, 2021",KBL,BUY,167.0,308.0,-51436.0,830044.0,204581.0,0.0,0.00%,1034625.0,Trend Entry (Str: 0.02)
"Mar 07, 2021",EDBL,BUY,114.0,450.0,-51300.0,778744.0,255157.0,0.0,0.00%,1033901.0,Trend Entry (Str: 0.09)
"Mar 07, 2021",GBIME,BUY,111.0,462.0,-51282.0,727462.0,306439.0,0.0,0.00%,1033901.0,Trend Entry (Str: 0.08)
"Mar 07, 2021",NHPC,BUY,335.0,154.0,-51590.0,675872.0,358029.0,0.0,0.00%,1033901.0,Trend Entry (Str: 0.08)
"Mar 07, 2021",CZBIL,BUY,168.0,307.0,-51576.0,624296.0,409605.0,0.0,0.00%,1033901.0,Trend Entry (Str: 0.01)
"Mar 14, 2021",NICA,SELL,59.0,859.0,50681.0,674977.0,349081.0,-3481.0,-6.43%,1024058.0,Trailing Stop (7% drop) - exactly 7.14% drop
"Mar 14, 2021",CORBL,SELL,72.0,665.0,47880.0,722857.0,301201.0,-3888.0,-7.51%,1024058.0,Trailing Stop (7% drop) - exactly 7.51% drop
"Mar 14, 2021",GBIME,SELL,111.0,428.0,47508.0,770365.0,253693.0,-3774.0,-7.36%,1024058.0,Trailing Stop (7% drop) - exactly 7.36% drop
"Mar 15, 2021",AHPC,SELL,153.0,335.0,51255.0,821620.0,199132.0,-459.0,-0.89%,1020752.0,Trailing Stop (7% drop) - exactly 9.46% drop
"Mar 16, 2021",EDBL,SELL,114.0,418.0,47652.0,869272.0,153765.0,-3648.0,-7.11%,1023037.0,Trailing Stop (7% drop) - exactly 7.11% drop
"Mar 18, 2021",CORBL,BUY,76.0,670.0,-50920.0,818352.0,207029.0,0.0,0.00%,1025381.0,Trend Entry (Str: 0.03)
"Mar 21, 2021",NBB,BUY,144.0,355.0,-51120.0,767232.0,259184.0,0.0,0.00%,1026416.0,Trend Entry (Str: 0.14)
"Mar 21, 2021",EDBL,BUY,117.0,435.0,-50895.0,716337.0,310079.0,0.0,0.00%,1026416.0,Trend Entry (Str: 0.03)
"Mar 29, 2021",NBB,SELL,144.0,363.0,52272.0,768609.0,256690.0,1152.0,2.25%,1025299.0,Trailing Stop (7% drop) - exactly 7.16% drop
"Apr 01, 2021",MEGA,BUY,168.0,307.0,-51576.0,717033.0,315527.0,0.0,0.00%,1032560.0,Trend Entry (Str: 0.02)
"Apr 04, 2021",NBB,BUY,139.0,371.0,-51569.0,665464.0,371682.0,0.0,0.00%,1037146.0,Trend Entry (Str: 0.12)
"Apr 05, 2021",PFL,BUY,179.0,289.0,-51731.0,613733.0,423132.0,0.0,0.00%,1036865.0,Trend Entry (Str: 0.08)
"Apr 05, 2021",SANIMA,BUY,138.0,375.0,-51750.0,561983.0,474882.0,0.0,0.00%,1036865.0,Trend Entry (Str: 0.02)
"Apr 05, 2021",LICN,BUY,22.0,2323.0,-51106.0,510877.0,525988.0,0.0,0.00%,1036865.0,Trend Entry (Str: 0.02)
"Apr 06, 2021",JBBL,BUY,209.0,249.0,-52041.0,458836.0,585584.0,0.0,0.00%,1044420.0,Trend Entry (Str: 0.10)
"Apr 06, 2021",PROFL,BUY,307.0,170.0,-52190.0,406646.0,637774.0,0.0,0.00%,1044420.0,Trend Entry (Str: 0.05)
"Apr 06, 2021",MFIL,BUY,102.0,509.0,-51918.0,354728.0,689692.0,0.0,0.00%,1044420.0,Trend Entry (Str: 0.05)
"Apr 06, 2021",GMFIL,BUY,233.0,224.0,-52192.0,302536.0,741884.0,0.0,0.00%,1044420.0,Trend Entry (Str: 0.04)
"Apr 06, 2021",NICA,BUY,56.0,918.0,-51408.0,251128.0,793292.0,0.0,0.00%,1044420.0,Trend Entry (Str: 0.03)
"Apr 06, 2021",ALICL,BUY,40.0,1299.0,-51960.0,199168.0,845252.0,0.0,0.00%,1044420.0,Trend Entry (Str: 0.03)
"Apr 06, 2021",ICFC,BUY,167.0,311.0,-51937.0,147231.0,897189.0,0.0,0.00%,1044420.0,Trend Entry (Str: 0.03)
"Apr 06, 2021",MBL,BUY,167.0,311.0,-51937.0,95294.0,949126.0,0.0,0.00%,1044420.0,Trend Entry (Str: 0.02)
"Apr 07, 2021",NABIL,BUY,39.0,1317.0,-51363.0,43931.0,999122.0,0.0,0.00%,1043053.0,Trend Entry (Str: 0.04)
"Apr 07, 2021",ADBL,BUY,100.0,437.0,-43700.0,231.0,1042822.0,0.0,0.00%,1043053.0,Trend Entry (Str: 0.00)
"Apr 12, 2021",NHPC,SELL,335.0,171.0,57285.0,57516.0,1014134.0,5695.0,11.04%,1071650.0,Trailing Stop (7% drop) - exactly 7.07% drop
"Apr 12, 2021",EDBL,SELL,117.0,555.0,64935.0,122451.0,949199.0,14040.0,27.59%,1071650.0,Take Profit (25% up) - exactly 27.59% up
"Apr 12, 2021",NABBC,BUY,91.0,585.0,-53235.0,69216.0,1002434.0,0.0,0.00%,1071650.0,Trend Entry (Str: 0.06)
"Apr 12, 2021",BFC,BUY,313.0,171.0,-53523.0,15693.0,1055957.0,0.0,0.00%,1071650.0,Trend Entry (Str: 0.05)
"Apr 12, 2021",JFL,BUY,58.0,269.0,-15602.0,91.0,1071559.0,0.0,0.00%,1071650.0,Trend Entry (Str: 0.02)
"Apr 21, 2021",JBBL,SELL,209.0,260.0,54340.0,54431.0,1009285.0,2299.0,4.42%,1063716.0,Trailing Stop (7% drop) - exactly 7.80% drop
"Apr 21, 2021",EDBL,BUY,97.0,546.0,-52962.0,1469.0,1062247.0,0.0,0.00%,1063716.0,Trend Entry (Str: 0.15)
"Apr 25, 2021",CZBIL,SELL,168.0,309.0,51912.0,53381.0,981890.0,336.0,0.65%,1035271.0,Trailing Stop (7% drop) - exactly 7.21% drop
"Apr 25, 2021",NBB,SELL,139.0,368.0,51152.0,104533.0,930738.0,-417.0,-0.81%,1035271.0,Trailing Stop (7% drop) - exactly 8.68% drop
"Apr 25, 2021",PFL,SELL,179.0,295.0,52805.0,157338.0,877933.0,1074.0,2.08%,1035271.0,Trailing Stop (7% drop) - exactly 7.52% drop
"Apr 25, 2021",SANIMA,SELL,138.0,369.0,50922.0,208260.0,827011.0,-828.0,-1.60%,1035271.0,Trailing Stop (7% drop) - exactly 7.75% drop
"Apr 25, 2021",LICN,SELL,22.0,2164.0,47608.0,255868.0,779403.0,-3498.0,-6.84%,1035271.0,Trailing Stop (7% drop) - exactly 9.61% drop
"Apr 25, 2021",MFIL,SELL,102.0,494.0,50388.0,306256.0,729015.0,-1530.0,-2.95%,1035271.0,Trailing Stop (7% drop) - exactly 8.35% drop
"Apr 25, 2021",NICA,SELL,56.0,908.0,50848.0,357104.0,678167.0,-560.0,-1.09%,1035271.0,Trailing Stop (7% drop) - exactly 7.25% drop
"Apr 25, 2021",ALICL,SELL,40.0,1226.0,49040.0,406144.0,629127.0,-2920.0,-5.62%,1035271.0,Trailing Stop (7% drop) - exactly 7.12% drop
"Apr 25, 2021",ICFC,SELL,167.0,310.0,51770.0,457914.0,577357.0,-167.0,-0.32%,1035271.0,Trailing Stop (7% drop) - exactly 8.82% drop
"Apr 25, 2021",MBL,SELL,167.0,299.0,49933.0,507847.0,527424.0,-2004.0,-3.86%,1035271.0,Trailing Stop (7% drop) - exactly 8.00% drop
"Apr 25, 2021",NABIL,SELL,39.0,1270.0,49530.0,557377.0,477894.0,-1833.0,-3.57%,1035271.0,Trailing Stop (7% drop) - exactly 7.97% drop
"Apr 25, 2021",NABBC,SELL,91.0,527.0,47957.0,605334.0,429937.0,-5278.0,-9.91%,1035271.0,Trailing Stop (7% drop) - exactly 11.43% drop
"Apr 26, 2021",KBL,SELL,167.0,312.0,52104.0,657438.0,362296.0,668.0,1.30%,1019734.0,Trailing Stop (7% drop) - exactly 7.96% drop
"Apr 26, 2021",MEGA,SELL,168.0,295.0,49560.0,706998.0,312736.0,-2016.0,-3.91%,1019734.0,Trailing Stop (7% drop) - exactly 9.79% drop
"Apr 26, 2021",PROFL,SELL,307.0,173.0,53111.0,760109.0,259625.0,921.0,1.76%,1019734.0,Trailing Stop (7% drop) - exactly 10.36% drop
"Apr 26, 2021",GMFIL,SELL,233.0,227.0,52891.0,813000.0,206734.0,699.0,1.34%,1019734.0,Trailing Stop (7% drop) - exactly 10.98% drop
"Apr 26, 2021",ADBL,SELL,100.0,412.0,41200.0,854200.0,165534.0,-2500.0,-5.72%,1019734.0,Trailing Stop (7% drop) - exactly 8.04% drop
"Apr 26, 2021",BFC,SELL,313.0,171.0,53523.0,907723.0,112011.0,0.0,0.00%,1019734.0,Trailing Stop (7% drop) - exactly 8.56% drop
"Apr 26, 2021",JFL,SELL,58.0,246.0,14268.0,921991.0,97743.0,-1334.0,-8.55%,1019734.0,Trailing Stop (7% drop) - exactly 9.89% drop
"Apr 26, 2021",EDBL,SELL,97.0,507.0,49179.0,971170.0,48564.0,-3783.0,-7.14%,1019734.0,Trailing Stop (7% drop) - exactly 7.14% drop
"Apr 29, 2021",SANIMA,BUY,129.0,394.0,-50826.0,920344.0,100986.0,0.0,0.00%,1021330.0,Trend Entry (Str: 0.05)
"Apr 29, 2021",NBB,BUY,134.0,379.0,-50786.0,869558.0,151772.0,0.0,0.00%,1021330.0,Trend Entry (Str: 0.03)
"May 02, 2021",AHPC,BUY,168.0,303.0,-50904.0,818654.0,204222.0,0.0,0.00%,1022876.0,Trend Entry (Str: 0.13)
"May 02, 2021",JBBL,BUY,191.0,267.0,-50997.0,767657.0,255219.0,0.0,0.00%,1022876.0,Trend Entry (Str: 0.08)
"May 02, 2021",EDBL,BUY,96.0,531.0,-50976.0,716681.0,306195.0,0.0,0.00%,1022876.0,Trend Entry (Str: 0.07)
"May 02, 2021",BFC,BUY,282.0,181.0,-51042.0,665639.0,357237.0,0.0,0.00%,1022876.0,Trend Entry (Str: 0.07)
"May 02, 2021",PROFL,BUY,282.0,181.0,-51042.0,614597.0,408279.0,0.0,0.00%,1022876.0,Trend Entry (Str: 0.06)
"May 02, 2021",CZBIL,BUY,163.0,313.0,-51019.0,563578.0,459298.0,0.0,0.00%,1022876.0,Trend Entry (Str: 0.01)
"May 02, 2021",MEGA,BUY,166.0,307.0,-50962.0,512616.0,510260.0,0.0,0.00%,1022876.0,Trend Entry (Str: 0.00)
"May 09, 2021",GMFIL,BUY,215.0,237.0,-50955.0,461661.0,558221.0,0.0,0.00%,1019882.0,Trend Entry (Str: 0.01)
"May 12, 2021",ALICL,BUY,40.0,1281.0,-51240.0,410421.0,624644.0,0.0,0.00%,1035065.0,Trend Entry (Str: 0.01)
"May 13, 2021",GMFIL,SELL,215.0,300.0,64500.0,474921.0,578306.0,13545.0,26.58%,1053227.0,Take Profit (25% up) - exactly 26.58% up
"May 13, 2021",NHPC,BUY,294.0,179.0,-52626.0,422295.0,630932.0,0.0,0.00%,1053227.0,Trend Entry (Str: 0.10)
"May 13, 2021",JFL,BUY,189.0,278.0,-52542.0,369753.0,683474.0,0.0,0.00%,1053227.0,Trend Entry (Str: 0.05)
"May 13, 2021",LICN,BUY,22.0,2330.0,-51260.0,318493.0,734734.0,0.0,0.00%,1053227.0,Trend Entry (Str: 0.02)
"May 16, 2021",NABBC,BUY,85.0,624.0,-53040.0,265453.0,806529.0,0.0,0.00%,1071982.0,Trend Entry (Str: 0.12)
"May 16, 2021",ICFC,BUY,158.0,338.0,-53404.0,212049.0,859933.0,0.0,0.00%,1071982.0,Trend Entry (Str: 0.06)
"May 17, 2021",PROFL,SELL,282.0,244.0,68808.0,280857.0,807746.0,17766.0,34.81%,1088603.0,Take Profit (25% up) - exactly 34.81% up
"May 17, 2021",GMFIL,BUY,187.0,290.0,-54230.0,226627.0,861976.0,0.0,0.00%,1088603.0,Trend Entry (Str: 0.17)
"May 17, 2021",MFIL,BUY,101.0,534.0,-53934.0,172693.0,915910.0,0.0,0.00%,1088603.0,Trend Entry (Str: 0.05)
"May 18, 2021",BFC,SELL,282.0,242.0,68244.0,240937.0,886252.0,17202.0,33.70%,1127189.0,Take Profit (25% up) - exactly 33.70% up
"May 18, 2021",MBL,BUY,174.0,323.0,-56202.0,184735.0,942454.0,0.0,0.00%,1127189.0,Trend Entry (Str: 0.04)
"May 18, 2021",KBL,BUY,172.0,327.0,-56244.0,128491.0,998698.0,0.0,0.00%,1127189.0,Trend Entry (Str: 0.02)
"May 20, 2021",AHPC,SELL,168.0,380.0,63840.0,192331.0,969050.0,12936.0,25.41%,1161381.0,Take Profit (25% up) - exactly 25.41% up
"May 20, 2021",PFL,BUY,170.0,340.0,-57800.0,134531.0,1026850.0,0.0,0.00%,1161381.0,Trend Entry (Str: 0.12)
"May 23, 2021",EDBL,SELL,96.0,671.0,64416.0,198947.0,1012313.0,13440.0,26.37%,1211260.0,Take Profit (25% up) - exactly 26.37% up
"May 23, 2021",JFL,SELL,189.0,362.0,68418.0,267365.0,943895.0,15876.0,30.22%,1211260.0,Take Profit (25% up) - exactly 30.22% up
"May 23, 2021",BFC,BUY,208.0,290.0,-60320.0,207045.0,1004215.0,0.0,0.00%,1211260.0,Trend Entry (Str: 0.50)
"May 23, 2021",PROFL,BUY,222.0,272.0,-60384.0,146661.0,1064599.0,0.0,0.00%,1211260.0,Trend Entry (Str: 0.39)
"May 23, 2021",ADBL,BUY,136.0,445.0,-60520.0,86141.0,1125119.0,0.0,0.00%,1211260.0,Trend Entry (Str: 0.04)
"May 23, 2021",NMB,BUY,138.0,436.0,-60168.0,25973.0,1185287.0,0.0,0.00%,1211260.0,Trend Entry (Str: 0.04)
"May 23, 2021",PCBL,BUY,57.0,449.0,-25593.0,380.0,1210880.0,0.0,0.00%,1211260.0,Trend Entry (Str: 0.03)
"May 27, 2021",NHPC,SELL,294.0,235.0,69090.0,69470.0,1157950.0,16464.0,31.28%,1227420.0,Take Profit (25% up) - exactly 31.28% up
"May 27, 2021",AHPC,BUY,130.0,472.0,-61360.0,8110.0,1219310.0,0.0,0.00%,1227420.0,Trend Entry (Str: 0.50)
"May 27, 2021",JFL,BUY,23.0,343.0,-7889.0,221.0,1227199.0,0.0,0.00%,1227420.0,Trend Entry (Str: 0.22)
"May 30, 2021",JBBL,SELL,191.0,363.0,69333.0,69554.0,1193528.0,18336.0,35.96%,1263082.0,Take Profit (25% up) - exactly 35.96% up
"May 30, 2021",ICFC,SELL,158.0,439.0,69362.0,138916.0,1124166.0,15958.0,29.88%,1263082.0,Take Profit (25% up) - exactly 29.88% up
"May 30, 2021",GMFIL,SELL,187.0,364.0,68068.0,206984.0,1056098.0,13838.0,25.52%,1263082.0,Take Profit (25% up) - exactly 25.52% up
"May 30, 2021",MFIL,SELL,101.0,682.0,68882.0,275866.0,987216.0,14948.0,27.72%,1263082.0,Take Profit (25% up) - exactly 27.72% up
"May 30, 2021",EDBL,BUY,98.0,640.0,-62720.0,213146.0,1049936.0,0.0,0.00%,1263082.0,Trend Entry (Str: 0.15)
"May 30, 2021",GBIME,BUY,141.0,447.0,-63027.0,150119.0,1112963.0,0.0,0.00%,1263082.0,Trend Entry (Str: 0.03)
"May 30, 2021",SBI,BUY,154.0,410.0,-63140.0,86979.0,1176103.0,0.0,0.00%,1263082.0,Trend Entry (Str: 0.01)
"May 31, 2021",NABBC,SELL,85.0,781.0,66385.0,153364.0,1095873.0,13345.0,25.16%,1249237.0,Take Profit (25% up) - exactly 25.16% up
"May 31, 2021",AHPC,SELL,130.0,430.0,55900.0,209264.0,1039973.0,-5460.0,-8.90%,1249237.0,Trailing Stop (7% drop) - exactly 8.90% drop
"May 31, 2021",NHPC,BUY,260.0,240.0,-62400.0,146864.0,1102373.0,0.0,0.00%,1249237.0,Trend Entry (Str: 0.35)
"Jun 02, 2021",PFL,SELL,170.0,430.0,73100.0,219964.0,1051707.0,15300.0,26.47%,1271671.0,Take Profit (25% up) - exactly 26.47% up
"Jun 03, 2021",MFIL,BUY,78.0,825.0,-64350.0,155614.0,1147626.0,0.0,0.00%,1303240.0,Trend Entry (Str: 0.46)
"Jun 03, 2021",GMFIL,BUY,159.0,408.0,-64872.0,90742.0,1212498.0,0.0,0.00%,1303240.0,Trend Entry (Str: 0.39)
"Jun 03, 2021",JBBL,BUY,158.0,410.0,-64780.0,25962.0,1277278.0,0.0,0.00%,1303240.0,Trend Entry (Str: 0.38)
"Jun 03, 2021",ICFC,BUY,56.0,462.0,-25872.0,90.0,1303150.0,0.0,0.00%,1303240.0,Trend Entry (Str: 0.31)
"Jun 06, 2021",CZBIL,SELL,163.0,394.0,64222.0,64312.0,1268789.0,13203.0,25.88%,1333101.0,Take Profit (25% up) - exactly 25.88% up
"Jun 06, 2021",PFL,BUY,131.0,490.0,-64190.0,122.0,1332979.0,0.0,0.00%,1333101.0,Trend Entry (Str: 0.47)
"Jun 07, 2021",PROFL,SELL,222.0,341.0,75702.0,75824.0,1291133.0,15318.0,25.37%,1366957.0,Take Profit (25% up) - exactly 25.37% up
"Jun 07, 2021",CIT,BUY,16.0,4113.0,-65808.0,10016.0,1356941.0,0.0,0.00%,1366957.0,Trend Entry (Str: 0.04)
"Jun 08, 2021",CORBL,SELL,76.0,698.0,53048.0,63064.0,1364390.0,2128.0,4.18%,1427454.0,Trailing Stop (7% drop) - exactly 7.30% drop
"Jun 08, 2021",BFC,SELL,208.0,393.0,81744.0,144808.0,1282646.0,21424.0,35.52%,1427454.0,Take Profit (25% up) - exactly 35.52% up
"Jun 08, 2021",JFL,SELL,23.0,462.0,10626.0,155434.0,1272020.0,2737.0,34.69%,1427454.0,Take Profit (25% up) - exactly 34.69% up
"Jun 08, 2021",ICFC,SELL,56.0,580.0,32480.0,187914.0,1239540.0,6608.0,25.54%,1427454.0,Take Profit (25% up) - exactly 25.54% up
"Jun 08, 2021",NABIL,BUY,54.0,1315.0,-71010.0,116904.0,1310550.0,0.0,0.00%,1427454.0,Trend Entry (Str: 0.02)
"Jun 08, 2021",NICA,BUY,77.0,916.0,-70532.0,46372.0,1381082.0,0.0,0.00%,1427454.0,Trend Entry (Str: 0.01)
"Jun 08, 2021",EBL,BUY,62.0,740.0,-45880.0,492.0,1426962.0,0.0,0.00%,1427454.0,Trend Entry (Str: 0.01)
"Jun 10, 2021",EDBL,SELL,98.0,805.0,78890.0,79382.0,1355975.0,16170.0,25.78%,1435357.0,Take Profit (25% up) - exactly 25.78% up
"Jun 10, 2021",GMFIL,SELL,159.0,514.0,81726.0,161108.0,1274249.0,16854.0,25.98%,1435357.0,Take Profit (25% up) - exactly 25.98% up
"Jun 10, 2021",PFL,SELL,131.0,713.0,93403.0,254511.0,1180846.0,29213.0,45.51%,1435357.0,Take Profit (25% up) - exactly 45.51% up
"Jun 10, 2021",AHPC,BUY,136.0,526.0,-71536.0,182975.0,1252382.0,0.0,0.00%,1435357.0,Trend Entry (Str: 0.39)
"Jun 10, 2021",CZBIL,BUY,185.0,386.0,-71410.0,111565.0,1323792.0,0.0,0.00%,1435357.0,Trend Entry (Str: 0.15)
"Jun 13, 2021",NHPC,SELL,260.0,309.0,80340.0,191905.0,1275647.0,17940.0,28.75%,1467552.0,Take Profit (25% up) - exactly 28.75% up
"Jun 13, 2021",MFIL,SELL,78.0,1118.0,87204.0,279109.0,1188443.0,22854.0,35.52%,1467552.0,Take Profit (25% up) - exactly 35.52% up
"Jun 13, 2021",JBBL,SELL,158.0,519.0,82002.0,361111.0,1106441.0,17222.0,26.59%,1467552.0,Take Profit (25% up) - exactly 26.59% up
"Jun 13, 2021",ICFC,BUY,107.0,682.0,-72974.0,288137.0,1179415.0,0.0,0.00%,1467552.0,Trend Entry (Str: 0.67)
"Jun 13, 2021",BFC,BUY,168.0,435.0,-73080.0,215057.0,1252495.0,0.0,0.00%,1467552.0,Trend Entry (Str: 0.61)
"Jun 13, 2021",PROFL,BUY,174.0,421.0,-73254.0,141803.0,1325749.0,0.0,0.00%,1467552.0,Trend Entry (Str: 0.60)
"Jun 13, 2021",JFL,BUY,147.0,499.0,-73353.0,68450.0,1399102.0,0.0,0.00%,1467552.0,Trend Entry (Str: 0.49)
"Jun 13, 2021",CORBL,BUY,92.0,743.0,-68356.0,94.0,1467458.0,0.0,0.00%,1467552.0,Trend Entry (Str: 0.06)
"Jun 14, 2021",SANIMA,SELL,129.0,498.0,64242.0,64336.0,1435281.0,13416.0,26.40%,1499617.0,Take Profit (25% up) - exactly 26.40% up
"Jun 14, 2021",MEGA,SELL,166.0,385.0,63910.0,128246.0,1371371.0,12948.0,25.41%,1499617.0,Take Profit (25% up) - exactly 25.41% up
"Jun 14, 2021",MBL,SELL,174.0,411.0,71514.0,199760.0,1299857.0,15312.0,27.24%,1499617.0,Take Profit (25% up) - exactly 27.24% up
"Jun 14, 2021",PFL,BUY,99.0,756.0,-74844.0,124916.0,1374701.0,0.0,0.00%,1499617.0,Trend Entry (Str: 0.85)
"Jun 14, 2021",GMFIL,BUY,129.0,579.0,-74691.0,50225.0,1449392.0,0.0,0.00%,1499617.0,Trend Entry (Str: 0.63)
"Jun 14, 2021",EDBL,BUY,57.0,875.0,-49875.0,350.0,1499267.0,0.0,0.00%,1499617.0,Trend Entry (Str: 0.38)
"Jun 16, 2021",ALICL,SELL,40.0,1406.0,56240.0,56590.0,1367487.0,5000.0,9.76%,1424077.0,Trailing Stop (7% drop) - exactly 8.40% drop
"Jun 16, 2021",AHPC,SELL,136.0,514.0,69904.0,126494.0,1297583.0,-1632.0,-2.28%,1424077.0,Trailing Stop (7% drop) - exactly 10.45% drop
"Jun 17, 2021",ICFC,SELL,107.0,632.0,67624.0,194118.0,1240057.0,-5350.0,-7.33%,1434175.0,Trailing Stop (7% drop) - exactly 9.20% drop
"Jun 17, 2021",BFC,SELL,168.0,424.0,71232.0,265350.0,1168825.0,-1848.0,-2.53%,1434175.0,Trailing Stop (7% drop) - exactly 10.36% drop
"Jun 17, 2021",PROFL,SELL,174.0,390.0,67860.0,333210.0,1100965.0,-5394.0,-7.36%,1434175.0,Trailing Stop (7% drop) - exactly 11.36% drop
"Jun 17, 2021",JFL,SELL,147.0,460.0,67620.0,400830.0,1033345.0,-5733.0,-7.82%,1434175.0,Trailing Stop (7% drop) - exactly 7.82% drop
"Jun 17, 2021",CORBL,SELL,92.0,683.0,62836.0,463666.0,970509.0,-5520.0,-8.08%,1434175.0,Trailing Stop (7% drop) - exactly 8.08% drop
"Jun 17, 2021",MFIL,BUY,68.0,1045.0,-71060.0,392606.0,1041569.0,0.0,0.00%,1434175.0,Trend Entry (Str: 0.41)
"Jun 17, 2021",JBBL,BUY,148.0,482.0,-71336.0,321270.0,1112905.0,0.0,0.00%,1434175.0,Trend Entry (Str: 0.31)
"Jun 17, 2021",NHPC,BUY,240.0,298.0,-71520.0,249750.0,1184425.0,0.0,0.00%,1434175.0,Trend Entry (Str: 0.29)
"Jun 20, 2021",PFL,SELL,99.0,648.0,64152.0,313902.0,1095197.0,-10692.0,-14.29%,1409099.0,Trailing Stop (7% drop) - exactly 14.29% drop
"Jun 20, 2021",GMFIL,SELL,129.0,499.0,64371.0,378273.0,1030826.0,-10320.0,-13.82%,1409099.0,Trailing Stop (7% drop) - exactly 13.82% drop
"Jun 20, 2021",EDBL,SELL,57.0,790.0,45030.0,423303.0,985796.0,-4845.0,-9.71%,1409099.0,Trailing Stop (7% drop) - exactly 9.71% drop
"Jun 21, 2021",NBB,SELL,134.0,398.0,53332.0,476635.0,909725.0,2546.0,5.01%,1386360.0,Trailing Stop (7% drop) - exactly 8.08% drop
"Jun 21, 2021",LICN,SELL,22.0,2390.0,52580.0,529215.0,857145.0,1320.0,2.58%,1386360.0,Trailing Stop (7% drop) - exactly 9.13% drop
"Jun 21, 2021",KBL,SELL,172.0,365.0,62780.0,591995.0,794365.0,6536.0,11.62%,1386360.0,Trailing Stop (7% drop) - exactly 7.59% drop
"Jun 21, 2021",CZBIL,SELL,185.0,373.0,69005.0,661000.0,725360.0,-2405.0,-3.37%,1386360.0,Trailing Stop (7% drop) - exactly 7.90% drop
"Jun 22, 2021",CIT,SELL,16.0,3785.0,60560.0,721560.0,683939.0,-5248.0,-7.97%,1405499.0,Trailing Stop (7% drop) - exactly 10.48% drop
"Jun 22, 2021",SANIMA,BUY,144.0,485.0,-69840.0,651720.0,753779.0,0.0,0.00%,1405499.0,Trend Entry (Str: 0.07)
"Jun 24, 2021",JBBL,SELL,148.0,448.0,66304.0,718024.0,672527.0,-5032.0,-7.05%,1390551.0,Trailing Stop (7% drop) - exactly 7.05% drop
"Jun 28, 2021",MEGA,BUY,188.0,372.0,-69936.0,648088.0,756607.0,0.0,0.00%,1404695.0,Trend Entry (Str: 0.05)
"Jun 29, 2021",MFIL,SELL,68.0,970.0,65960.0,714048.0,679898.0,-5100.0,-7.18%,1393946.0,Trailing Stop (7% drop) - exactly 7.62% drop
"Jul 01, 2021",PFL,BUY,111.0,627.0,-69597.0,644451.0,747685.0,0.0,0.00%,1392136.0,Trend Entry (Str: 0.14)
"Jul 01, 2021",BFC,BUY,178.0,390.0,-69420.0,575031.0,817105.0,0.0,0.00%,1392136.0,Trend Entry (Str: 0.07)
"Jul 01, 2021",JBBL,BUY,154.0,451.0,-69454.0,505577.0,886559.0,0.0,0.00%,1392136.0,Trend Entry (Str: 0.06)
"Jul 01, 2021",GMFIL,BUY,146.0,476.0,-69496.0,436081.0,956055.0,0.0,0.00%,1392136.0,Trend Entry (Str: 0.06)
"Jul 01, 2021",EDBL,BUY,89.0,781.0,-69509.0,366572.0,1025564.0,0.0,0.00%,1392136.0,Trend Entry (Str: 0.06)
"Jul 01, 2021",JFL,BUY,163.0,425.0,-69275.0,297297.0,1094839.0,0.0,0.00%,1392136.0,Trend Entry (Str: 0.04)
"Jul 04, 2021",MFIL,BUY,69.0,1000.0,-69000.0,228297.0,1153822.0,0.0,0.00%,1382119.0,Trend Entry (Str: 0.09)
"Jul 05, 2021",NHPC,SELL,240.0,305.0,73200.0,301497.0,1061849.0,1680.0,2.35%,1363346.0,Trailing Stop (7% drop) - exactly 10.29% drop
"Jul 05, 2021",PFL,SELL,111.0,579.0,64269.0,365766.0,997580.0,-5328.0,-7.66%,1363346.0,Trailing Stop (7% drop) - exactly 7.66% drop
"Jul 06, 2021",GMFIL,SELL,146.0,439.0,64094.0,429860.0,931131.0,-5402.0,-7.77%,1360991.0,Trailing Stop (7% drop) - exactly 7.77% drop
"Jul 06, 2021",CORBL,BUY,83.0,818.0,-67894.0,361966.0,999025.0,0.0,0.00%,1360991.0,Trend Entry (Str: 0.15)
"Jul 07, 2021",BFC,SELL,178.0,358.0,63724.0,425690.0,932792.0,-5696.0,-8.21%,1358482.0,Trailing Stop (7% drop) - exactly 8.21% drop
"Jul 11, 2021",CORBL,SELL,83.0,770.0,63910.0,489600.0,915185.0,-3984.0,-5.87%,1404785.0,Trailing Stop (7% drop) - exactly 7.23% drop
"Jul 11, 2021",NHPC,BUY,221.0,317.0,-70057.0,419543.0,985242.0,0.0,0.00%,1404785.0,Trend Entry (Str: 0.07)
"Jul 15, 2021",MFIL,SELL,69.0,1280.0,88320.0,507863.0,908630.0,19320.0,28.00%,1416493.0,Take Profit (25% up) - exactly 28.00% up
"Jul 15, 2021",NBB,BUY,162.0,436.0,-70632.0,437231.0,979262.0,0.0,0.00%,1416493.0,Trend Entry (Str: 0.06)
"Jul 18, 2021",NABBC,BUY,105.0,691.2,-72576.0,364655.0,1098203.3,0.0,0.00%,1462858.3,Trend Entry (Str: 0.02)
"Jul 19, 2021",MFIL,BUY,59.0,1240.0,-73160.0,291495.0,1174272.0,0.0,0.00%,1465767.0,Trend Entry (Str: 0.17)
"Jul 19, 2021",ICFC,BUY,112.0,653.0,-73136.0,218359.0,1247408.0,0.0,0.00%,1465767.0,Trend Entry (Str: 0.11)
"Jul 19, 2021",CZBIL,BUY,179.0,408.0,-73032.0,145327.0,1320440.0,0.0,0.00%,1465767.0,Trend Entry (Str: 0.06)
"Jul 19, 2021",PROFL,BUY,187.0,390.0,-72930.0,72397.0,1393370.0,0.0,0.00%,1465767.0,Trend Entry (Str: 0.06)
"Jul 19, 2021",BFC,BUY,172.0,420.0,-72240.0,157.0,1465610.0,0.0,0.00%,1465767.0,Trend Entry (Str: 0.05)
"Jul 22, 2021",ADBL,SELL,136.0,588.0,79968.0,80125.0,1405475.4,19448.0,32.13%,1485600.4,Take Profit (25% up) - exactly 32.13% up
"Jul 22, 2021",PFL,BUY,103.0,718.0,-73954.0,6171.0,1479429.4,0.0,0.00%,1485600.4,Trend Entry (Str: 0.12)
"Jul 22, 2021",KBL,BUY,15.0,392.7,-5890.5,280.5,1485319.9,0.0,0.00%,1485600.4,Trend Entry (Str: 0.05)
"Jul 25, 2021",EDBL,SELL,89.0,1001.0,89089.0,89369.5,1450134.8,19580.0,28.17%,1539504.3,Take Profit (25% up) - exactly 28.17% up
"Jul 25, 2021",MBL,BUY,173.0,442.5,-76552.5,12817.0,1526687.3,0.0,0.00%,1539504.3,Trend Entry (Str: 0.13)
"Jul 25, 2021",GMFIL,BUY,24.0,527.0,-12648.0,169.0,1539335.3,0.0,0.00%,1539504.3,Trend Entry (Str: 0.06)
"Jul 26, 2021",JFL,SELL,163.0,566.5,92339.5,92508.5,1445306.6,23064.5,33.29%,1537815.1,Take Profit (25% up) - exactly 33.29% up
"Jul 26, 2021",ADBL,BUY,132.0,579.0,-76428.0,16080.5,1521734.6,0.0,0.00%,1537815.1,Trend Entry (Str: 0.17)
"Jul 26, 2021",AHPC,BUY,30.0,532.0,-15960.0,120.5,1537694.6,0.0,0.00%,1537815.1,Trend Entry (Str: 0.11)
"Aug 04, 2021",NABBC,SELL,105.0,875.0,91875.0,91995.5,1494693.4,19299.0,26.59%,1586688.9,Take Profit (25% up) - exactly 26.59% up
"Aug 04, 2021",JFL,BUY,129.0,611.0,-78819.0,13176.5,1573512.4,0.0,0.00%,1586688.9,Trend Entry (Str: 0.26)
"Aug 04, 2021",CORBL,BUY,16.0,779.0,-12464.0,712.5,1585976.4,0.0,0.00%,1586688.9,Trend Entry (Str: 0.03)
"Aug 08, 2021",CZBIL,SELL,179.0,410.0,73390.0,74102.5,1517257.3,358.0,0.49%,1591359.8,Trailing Stop (7% drop) - exactly 7.24% drop
"Aug 08, 2021",NABBC,BUY,86.0,860.0,-73960.0,142.5,1591217.3,0.0,0.00%,1591359.8,Trend Entry (Str: 0.20)
"Aug 09, 2021",NHPC,SELL,221.0,419.0,92599.0,92741.5,1519998.0,22542.0,32.18%,1612739.5,Take Profit (25% up) - exactly 32.18% up
"Aug 09, 2021",PROFL,SELL,187.0,494.0,92378.0,185119.5,1427620.0,19448.0,26.67%,1612739.5,Take Profit (25% up) - exactly 26.67% up
"Aug 09, 2021",BFC,SELL,172.0,526.0,90472.0,275591.5,1337148.0,18232.0,25.24%,1612739.5,Take Profit (25% up) - exactly 25.24% up
"Aug 09, 2021",EDBL,BUY,76.0,1051.8,-79936.8,195654.7,1417084.8,0.0,0.00%,1612739.5,Trend Entry (Str: 0.16)
"Aug 09, 2021",CIT,BUY,19.0,4200.0,-79800.0,115854.7,1496884.8,0.0,0.00%,1612739.5,Trend Entry (Str: 0.12)
"Aug 10, 2021",CORBL,SELL,16.0,985.0,15760.0,131614.7,1542013.8,3296.0,26.44%,1673628.5,Take Profit (25% up) - exactly 26.44% up
"Aug 10, 2021",LICN,BUY,33.0,2488.0,-82104.0,49510.7,1624117.8,0.0,0.00%,1673628.5,Trend Entry (Str: 0.03)
"Aug 11, 2021",ICFC,SELL,112.0,894.4,100172.8,149683.5,1516143.2,27036.8,36.97%,1665826.7,Take Profit (25% up) - exactly 36.97% up
"Aug 12, 2021",JBBL,SELL,154.0,576.0,88704.0,238387.5,1439521.2,19250.0,27.72%,1677908.7,Take Profit (25% up) - exactly 27.72% up
"Aug 12, 2021",CZBIL,BUY,201.0,416.0,-83616.0,154771.5,1523137.2,0.0,0.00%,1677908.7,Trend Entry (Str: 0.03)
"Aug 15, 2021",ICFC,BUY,81.0,1020.0,-82620.0,72151.5,1588469.6,0.0,0.00%,1660621.1,Trend Entry (Str: 0.53)
"Aug 15, 2021",BFC,BUY,132.0,544.0,-71808.0,343.5,1660277.6,0.0,0.00%,1660621.1,Trend Entry (Str: 0.21)
"Aug 16, 2021",SBI,SELL,154.0,410.5,63217.0,63560.5,1583963.6,77.0,0.12%,1647524.1,Trailing Stop (7% drop) - exactly 7.02% drop
"Aug 16, 2021",NICA,SELL,77.0,988.0,76076.0,139636.5,1507887.6,5544.0,7.86%,1647524.1,Trailing Stop (7% drop) - exactly 7.92% drop
"Aug 16, 2021",CORBL,BUY,76.0,1073.6,-81593.6,58042.9,1589481.2,0.0,0.00%,1647524.1,Trend Entry (Str: 0.30)
"Aug 16, 2021",NHPC,BUY,132.0,438.9,-57934.8,108.1,1647416.0,0.0,0.00%,1647524.1,Trend Entry (Str: 0.24)
"Aug 17, 2021",NMB,SELL,138.0,473.0,65274.0,65382.1,1596318.2,5106.0,8.49%,1661700.3,Trailing Stop (7% drop) - exactly 7.40% drop
"Aug 17, 2021",PROFL,BUY,125.0,519.9,-64987.5,394.6,1661305.7,0.0,0.00%,1661700.3,Trend Entry (Str: 0.20)
"Aug 18, 2021",GMFIL,SELL,24.0,670.0,16080.0,16474.6,1678430.6,3432.0,27.13%,1694905.2,Take Profit (25% up) - exactly 27.13% up
"Aug 18, 2021",AHPC,SELL,30.0,690.8,20724.0,37198.6,1657706.6,4764.0,29.85%,1694905.2,Take Profit (25% up) - exactly 29.85% up
"Aug 18, 2021",JBBL,BUY,59.0,623.0,-36757.0,441.6,1694463.6,0.0,0.00%,1694905.2,Trend Entry (Str: 0.24)
"Aug 19, 2021",KBL,SELL,15.0,380.0,5700.0,6141.6,1667749.6,-190.5,-3.23%,1673891.2,Trailing Stop (7% drop) - exactly 7.27% drop
"Aug 19, 2021",ICFC,SELL,81.0,1030.0,83430.0,89571.6,1584319.6,810.0,0.98%,1673891.2,Trailing Stop (7% drop) - exactly 7.18% drop
"Aug 19, 2021",ALICL,BUY,56.0,1489.0,-83384.0,6187.6,1667703.6,0.0,0.00%,1673891.2,Trend Entry (Str: 0.06)
"Aug 24, 2021",MEGA,SELL,188.0,372.0,69936.0,76123.6,1572443.9,0.0,0.00%,1648567.5,Trailing Stop (7% drop) - exactly 7.16% drop
"Aug 24, 2021",CORBL,SELL,76.0,965.0,73340.0,149463.6,1499103.9,-8253.6,-10.12%,1648567.5,Trailing Stop (7% drop) - exactly 10.12% drop
"Aug 24, 2021",NHPC,SELL,132.0,432.9,57142.8,206606.4,1441961.1,-792.0,-1.37%,1648567.5,Trailing Stop (7% drop) - exactly 13.07% drop
"Aug 24, 2021",ICFC,BUY,77.0,1069.9,-82382.3,124224.1,1524343.4,0.0,0.00%,1648567.5,Trend Entry (Str: 0.42)
"Aug 24, 2021",AHPC,BUY,123.0,670.0,-82410.0,41814.1,1606753.4,0.0,0.00%,1648567.5,Trend Entry (Str: 0.20)
"Aug 24, 2021",GMFIL,BUY,64.0,650.0,-41600.0,214.1,1648353.4,0.0,0.00%,1648567.5,Trend Entry (Str: 0.14)
"Aug 25, 2021",GBIME,SELL,141.0,463.0,65283.0,65497.1,1559006.3,2256.0,3.58%,1624503.4,Trailing Stop (7% drop) - exactly 7.40% drop
"Aug 25, 2021",PFL,SELL,103.0,795.0,81885.0,147382.1,1477121.3,7931.0,10.72%,1624503.4,Trailing Stop (7% drop) - exactly 8.20% drop
"Aug 25, 2021",EDBL,SELL,76.0,1080.0,82080.0,229462.1,1395041.3,2143.2,2.68%,1624503.4,Trailing Stop (7% drop) - exactly 7.69% drop
"Aug 25, 2021",CIT,SELL,19.0,3880.0,73720.0,303182.1,1321321.3,-6080.0,-7.62%,1624503.4,Trailing Stop (7% drop) - exactly 7.62% drop
"Aug 25, 2021",BFC,SELL,132.0,549.0,72468.0,375650.1,1248853.3,660.0,0.92%,1624503.4,Trailing Stop (7% drop) - exactly 8.35% drop
"Aug 25, 2021",JBBL,SELL,59.0,567.8,33500.2,409150.3,1215353.1,-3256.8,-8.86%,1624503.4,Trailing Stop (7% drop) - exactly 8.86% drop
"Aug 26, 2021",SANIMA,SELL,144.0,522.0,75168.0,484318.3,1164592.6,5328.0,7.63%,1648910.9,Trailing Stop (7% drop) - exactly 7.27% drop
"Aug 29, 2021",NBB,SELL,162.0,456.0,73872.0,558190.3,1103086.4,3240.0,4.59%,1661276.7,Trailing Stop (7% drop) - exactly 8.60% drop
"Aug 29, 2021",MBL,SELL,173.0,406.0,70238.0,628428.3,1032848.4,-6314.5,-8.25%,1661276.7,Trailing Stop (7% drop) - exactly 8.33% drop
"Aug 29, 2021",JFL,SELL,129.0,796.0,102684.0,731112.3,930164.4,23865.0,30.28%,1661276.7,Take Profit (25% up) - exactly 30.28% up
"Aug 29, 2021",NABBC,SELL,86.0,1137.4,97816.4,828928.7,832348.0,23856.4,32.26%,1661276.7,Take Profit (25% up) - exactly 32.26% up
"Aug 29, 2021",LICN,SELL,33.0,2286.0,75438.0,904366.7,756910.0,-6666.0,-8.12%,1661276.7,Trailing Stop (7% drop) - exactly 8.12% drop
"Aug 29, 2021",BFC,BUY,134.0,615.5,-82477.0,821889.7,839387.0,0.0,0.00%,1661276.7,Trend Entry (Str: 0.23)
"Aug 29, 2021",CORBL,BUY,76.0,1080.0,-82080.0,739809.7,921467.0,0.0,0.00%,1661276.7,Trend Entry (Str: 0.23)
"Aug 29, 2021",NHPC,BUY,179.0,461.5,-82608.5,657201.2,1004075.5,0.0,0.00%,1661276.7,Trend Entry (Str: 0.18)
"Aug 29, 2021",JBBL,BUY,139.0,593.5,-82496.5,574704.7,1086572.0,0.0,0.00%,1661276.7,Trend Entry (Str: 0.13)
"Aug 29, 2021",PFL,BUY,98.0,845.0,-82810.0,491894.7,1169382.0,0.0,0.00%,1661276.7,Trend Entry (Str: 0.10)
"Aug 31, 2021",EBL,SELL,62.0,729.5,45229.0,537123.7,1096711.7,-651.0,-1.42%,1633835.4,Trailing Stop (7% drop) - exactly 7.66% drop
"Aug 31, 2021",MFIL,SELL,59.0,1268.0,74812.0,611935.7,1021899.7,1652.0,2.26%,1633835.4,Trailing Stop (7% drop) - exactly 7.45% drop
"Aug 31, 2021",ADBL,SELL,132.0,544.0,71808.0,683743.7,950091.7,-4620.0,-6.04%,1633835.4,Trailing Stop (7% drop) - exactly 8.57% drop
"Aug 31, 2021",ALICL,SELL,56.0,1355.0,75880.0,759623.7,874211.7,-7504.0,-9.00%,1633835.4,Trailing Stop (7% drop) - exactly 9.00% drop
"Aug 31, 2021",ICFC,SELL,77.0,1068.9,82305.3,841929.0,791906.4,-77.0,-0.09%,1633835.4,Trailing Stop (7% drop) - exactly 9.17% drop
"Sep 01, 2021",GMFIL,SELL,64.0,670.0,42880.0,884809.0,735766.6,1280.0,3.08%,1620575.6,Trailing Stop (7% drop) - exactly 10.07% drop
"Sep 02, 2021",AHPC,SELL,123.0,694.0,85362.0,970171.0,625159.6,2952.0,3.58%,1595330.6,Trailing Stop (7% drop) - exactly 10.45% drop
"Sep 02, 2021",BFC,SELL,134.0,545.1,73043.4,1043214.4,552116.2,-9433.6,-11.44%,1595330.6,Trailing Stop (7% drop) - exactly 11.44% drop
"Sep 02, 2021",CORBL,SELL,76.0,996.0,75696.0,1118910.4,476420.2,-6384.0,-7.78%,1595330.6,Trailing Stop (7% drop) - exactly 11.86% drop
"Sep 02, 2021",NHPC,SELL,179.0,424.0,75896.0,1194806.4,400524.2,-6712.5,-8.13%,1595330.6,Trailing Stop (7% drop) - exactly 8.13% drop
"Sep 02, 2021",JBBL,SELL,139.0,543.9,75602.1,1270408.5,324922.1,-6894.4,-8.36%,1595330.6,Trailing Stop (7% drop) - exactly 8.36% drop
"Sep 02, 2021",PFL,SELL,98.0,769.0,75362.0,1345770.5,249560.1,-7448.0,-8.99%,1595330.6,Trailing Stop (7% drop) - exactly 8.99% drop
"Sep 02, 2021",NABBC,BUY,74.0,1069.0,-79106.0,1266664.5,328666.1,0.0,0.00%,1595330.6,Trend Entry (Str: 0.21)
"Sep 02, 2021",JFL,BUY,104.0,762.0,-79248.0,1187416.5,407914.1,0.0,0.00%,1595330.6,Trend Entry (Str: 0.17)
"Sep 05, 2021",PCBL,SELL,57.0,485.0,27645.0,1215061.5,361539.6,2052.0,8.02%,1576601.1,Trailing Stop (7% drop) - exactly 8.32% drop
"Sep 05, 2021",NABIL,SELL,54.0,1388.0,74952.0,1290013.5,286587.6,3942.0,5.55%,1576601.1,Trailing Stop (7% drop) - exactly 8.62% drop
"Sep 06, 2021",AHPC,BUY,113.0,705.6,-79732.8,1210280.7,386889.5,0.0,0.00%,1597170.2,Trend Entry (Str: 0.14)
"Sep 06, 2021",GMFIL,BUY,117.0,680.9,-79665.3,1130615.4,466554.8,0.0,0.00%,1597170.2,Trend Entry (Str: 0.11)
"Sep 08, 2021",PROFL,SELL,125.0,501.0,62625.0,1193240.4,373132.1,-2362.5,-3.64%,1566372.5,Trailing Stop (7% drop) - exactly 9.57% drop
"Sep 08, 2021",NABBC,SELL,74.0,960.0,71040.0,1264280.4,302092.1,-8066.0,-10.20%,1566372.5,Trailing Stop (7% drop) - exactly 10.20% drop
"Sep 09, 2021",CZBIL,SELL,201.0,389.3,78249.3,1342529.7,224911.8,-5366.7,-6.42%,1567441.5,Trailing Stop (7% drop) - exactly 7.09% drop
"Sep 09, 2021",JFL,SELL,104.0,708.5,73684.0,1416213.7,151227.8,-5564.0,-7.02%,1567441.5,Trailing Stop (7% drop) - exactly 7.02% drop
"Sep 12, 2021",NHPC,BUY,168.0,467.5,-78540.0,1337673.7,236252.3,0.0,0.00%,1573926.0,Trend Entry (Str: 0.11)
"Sep 12, 2021",JBBL,BUY,137.0,573.0,-78501.0,1259172.7,314753.3,0.0,0.00%,1573926.0,Trend Entry (Str: 0.05)
"Sep 13, 2021",JFL,BUY,104.0,749.0,-77896.0,1181276.7,388436.7,0.0,0.00%,1569713.4,Trend Entry (Str: 0.08)
"Sep 13, 2021",BFC,BUY,140.0,558.0,-78120.0,1103156.7,466556.7,0.0,0.00%,1569713.4,Trend Entry (Str: 0.04)
"Sep 14, 2021",GMFIL,SELL,117.0,629.9,73698.3,1176855.0,385749.0,-5967.0,-7.49%,1562604.0,Trailing Stop (7% drop) - exactly 7.49% drop
"Sep 15, 2021",AHPC,SELL,113.0,675.3,76308.9,1253163.9,299448.0,-3423.9,-4.29%,1552611.9,Trailing Stop (7% drop) - exactly 8.13% drop
"Sep 15, 2021",CORBL,BUY,74.0,1040.0,-76960.0,1176203.9,376408.0,0.0,0.00%,1552611.9,Trend Entry (Str: 0.06)
"Sep 16, 2021",NHPC,SELL,168.0,432.0,72576.0,1248779.9,283896.0,-5964.0,-7.59%,1532675.9,Trailing Stop (7% drop) - exactly 7.69% drop
"Sep 16, 2021",JBBL,SELL,137.0,526.0,72062.0,1320841.9,211834.0,-6439.0,-8.20%,1532675.9,Trailing Stop (7% drop) - exactly 8.20% drop
"Sep 20, 2021",JFL,SELL,104.0,614.0,63856.0,1384697.9,128648.0,-14040.0,-18.02%,1513345.9,Trailing Stop (7% drop) - exactly 18.02% drop
"Sep 20, 2021",BFC,SELL,140.0,458.0,64120.0,1448817.9,64528.0,-14000.0,-17.92%,1513345.9,Trailing Stop (7% drop) - exactly 17.92% drop
"Sep 20, 2021",CORBL,SELL,74.0,872.0,64528.0,1513345.9,0.0,-12432.0,-16.15%,1513345.9,Trailing Stop (7% drop) - exactly 16.15% drop
"Sep 22, 2021",NHPC,BUY,168.0,449.0,-75432.0,1437913.9,75432.0,0.0,0.00%,1513345.9,Trend Entry (Str: 0.03)
"Sep 28, 2021",NHPC,SELL,168.0,403.0,67704.0,1505617.9,0.0,-7728.0,-10.24%,1505617.9,Trailing Stop (7% drop) - exactly 10.24% drop
"Oct 06, 2021",SANIMA,BUY,147.0,509.0,-74823.0,1430794.9,74823.0,0.0,0.00%,1505617.9,Trend Entry (Str: 0.01)
"Oct 17, 2021",NABIL,BUY,50.0,1482.0,-74100.0,1356694.9,149070.0,0.0,0.00%,1505764.9,Trend Entry (Str: 0.04)
"Oct 24, 2021",SANIMA,SELL,147.0,402.0,59094.0,1415788.9,73545.0,-15729.0,-21.02%,1489333.9,Trailing Stop (7% drop) - exactly 21.48% drop
"Oct 28, 2021",BFC,BUY,127.0,586.0,-74422.0,1341366.9,154322.0,0.0,0.00%,1495688.9,Trend Entry (Str: 0.27)
"Oct 28, 2021",LICN,BUY,36.0,2070.0,-74520.0,1266846.9,228842.0,0.0,0.00%,1495688.9,Trend Entry (Str: 0.06)
"Oct 28, 2021",MFIL,BUY,66.0,1123.0,-74118.0,1192728.9,302960.0,0.0,0.00%,1495688.9,Trend Entry (Str: 0.06)
"Oct 28, 2021",EBL,BUY,101.0,739.0,-74639.0,1118089.9,377599.0,0.0,0.00%,1495688.9,Trend Entry (Str: 0.03)
"Nov 01, 2021",EBL,SELL,101.0,674.4,68114.4,1186204.3,304141.0,-6524.6,-8.74%,1490345.3,Trailing Stop (7% drop) - exactly 8.74% drop
"Nov 01, 2021",ICFC,BUY,85.0,872.1,-74128.5,1112075.8,378269.5,0.0,0.00%,1490345.3,Trend Entry (Str: 0.18)
"Nov 01, 2021",JFL,BUY,116.0,640.0,-74240.0,1037835.8,452509.5,0.0,0.00%,1490345.3,Trend Entry (Str: 0.07)
"Nov 01, 2021",ALICL,BUY,58.0,1270.0,-73660.0,964175.8,526169.5,0.0,0.00%,1490345.3,Trend Entry (Str: 0.05)
"Nov 01, 2021",ADBL,BUY,143.0,521.0,-74503.0,889672.8,600672.5,0.0,0.00%,1490345.3,Trend Entry (Str: 0.01)
"Nov 02, 2021",JBBL,BUY,125.0,594.0,-74250.0,815422.8,681268.3,0.0,0.00%,1496691.1,Trend Entry (Str: 0.18)
"Nov 02, 2021",GMFIL,BUY,125.0,596.0,-74500.0,740922.8,755768.3,0.0,0.00%,1496691.1,Trend Entry (Str: 0.15)
"Nov 02, 2021",PROFL,BUY,164.0,454.0,-74456.0,666466.8,830224.3,0.0,0.00%,1496691.1,Trend Entry (Str: 0.12)
"Nov 02, 2021",PFL,BUY,115.0,650.0,-74750.0,591716.8,904974.3,0.0,0.00%,1496691.1,Trend Entry (Str: 0.09)
"Nov 02, 2021",NHPC,BUY,175.0,426.0,-74550.0,517166.8,979524.3,0.0,0.00%,1496691.1,Trend Entry (Str: 0.05)
"Nov 02, 2021",CIT,BUY,21.0,3475.0,-72975.0,444191.8,1052499.3,0.0,0.00%,1496691.1,Trend Entry (Str: 0.03)
"Nov 08, 2021",EDBL,BUY,112.0,672.0,-75264.0,368927.8,1147138.0,0.0,0.00%,1516065.8,Trend Entry (Str: 0.12)
"Nov 08, 2021",AHPC,BUY,146.0,518.0,-75628.0,293299.8,1222766.0,0.0,0.00%,1516065.8,Trend Entry (Str: 0.08)
"Nov 08, 2021",MEGA,BUY,222.0,340.1,-75502.2,217797.6,1298268.2,0.0,0.00%,1516065.8,Trend Entry (Str: 0.02)
"Nov 08, 2021",CORBL,BUY,90.0,840.0,-75600.0,142197.6,1373868.2,0.0,0.00%,1516065.8,Trend Entry (Str: 0.01)
"Nov 08, 2021",NMB,BUY,183.0,414.0,-75762.0,66435.6,1449630.2,0.0,0.00%,1516065.8,Trend Entry (Str: 0.01)
"Nov 09, 2021",BFC,SELL,127.0,540.0,68580.0,135015.6,1326734.3,-5842.0,-7.85%,1461749.9,Trailing Stop (7% drop) - exactly 7.85% drop
"Nov 09, 2021",ICFC,SELL,85.0,956.7,81319.5,216335.1,1245414.8,7191.0,9.70%,1461749.9,Trailing Stop (7% drop) - exactly 10.00% drop
"Nov 09, 2021",JBBL,SELL,125.0,549.0,68625.0,284960.1,1176789.8,-5625.0,-7.58%,1461749.9,Trailing Stop (7% drop) - exactly 7.58% drop
"Nov 09, 2021",GMFIL,SELL,125.0,550.0,68750.0,353710.1,1108039.8,-5750.0,-7.72%,1461749.9,Trailing Stop (7% drop) - exactly 7.72% drop
"Nov 09, 2021",PROFL,SELL,164.0,419.4,68781.6,422491.7,1039258.2,-5674.4,-7.62%,1461749.9,Trailing Stop (7% drop) - exactly 7.62% drop
"Nov 11, 2021",MFIL,SELL,66.0,1038.0,68508.0,490999.7,949429.5,-5610.0,-7.57%,1440429.2,Trailing Stop (7% drop) - exactly 9.74% drop
"Nov 11, 2021",PFL,SELL,115.0,614.5,70667.5,561667.2,878762.0,-4082.5,-5.46%,1440429.2,Trailing Stop (7% drop) - exactly 8.28% drop
"Nov 14, 2021",AHPC,SELL,146.0,475.0,69350.0,631017.2,811050.2,-6278.0,-8.30%,1442067.4,Trailing Stop (7% drop) - exactly 8.30% drop
"Nov 14, 2021",JBBL,BUY,128.0,560.0,-71680.0,559337.2,882730.2,0.0,0.00%,1442067.4,Trend Entry (Str: 0.10)
"Nov 15, 2021",SBI,BUY,205.0,354.0,-72570.0,486767.2,966015.8,0.0,0.00%,1452783.0,Trend Entry (Str: 0.00)
"Nov 16, 2021",BFC,BUY,132.0,555.0,-73260.0,413507.2,1055869.4,0.0,0.00%,1469376.6,Trend Entry (Str: 0.16)
"Nov 16, 2021",GMFIL,BUY,129.0,567.0,-73143.0,340364.2,1129012.4,0.0,0.00%,1469376.6,Trend Entry (Str: 0.10)
"Nov 16, 2021",PFL,BUY,113.0,647.0,-73111.0,267253.2,1202123.4,0.0,0.00%,1469376.6,Trend Entry (Str: 0.09)
"Nov 16, 2021",PROFL,BUY,168.0,435.0,-73080.0,194173.2,1275203.4,0.0,0.00%,1469376.6,Trend Entry (Str: 0.09)
"Nov 16, 2021",MFIL,BUY,66.0,1106.7,-73042.2,121131.0,1348245.6,0.0,0.00%,1469376.6,Trend Entry (Str: 0.04)
"Nov 16, 2021",NABBC,BUY,92.0,790.0,-72680.0,48451.0,1420925.6,0.0,0.00%,1469376.6,Trend Entry (Str: 0.04)
"Nov 16, 2021",NICA,BUY,55.0,870.0,-47850.0,601.0,1468775.6,0.0,0.00%,1469376.6,Trend Entry (Str: 0.03)
"Nov 21, 2021",ADBL,SELL,143.0,504.0,72072.0,72673.0,1395818.6,-2431.0,-3.26%,1468491.6,Trailing Stop (7% drop) - exactly 7.17% drop
"Nov 23, 2021",NABIL,SELL,50.0,1537.0,76850.0,149523.0,1283764.6,2750.0,3.71%,1433287.6,Trailing Stop (7% drop) - exactly 7.02% drop
"Nov 23, 2021",JFL,SELL,116.0,700.0,81200.0,230723.0,1202564.6,6960.0,9.38%,1433287.6,Trailing Stop (7% drop) - exactly 7.92% drop
"Nov 23, 2021",EDBL,SELL,112.0,623.0,69776.0,300499.0,1132788.6,-5488.0,-7.29%,1433287.6,Trailing Stop (7% drop) - exactly 7.29% drop
"Nov 23, 2021",PFL,SELL,113.0,589.0,66557.0,367056.0,1066231.6,-6554.0,-8.96%,1433287.6,Trailing Stop (7% drop) - exactly 8.96% drop
"Nov 25, 2021",JBBL,SELL,128.0,531.0,67968.0,435024.0,998830.7,-3712.0,-5.18%,1433854.7,Trailing Stop (7% drop) - exactly 7.65% drop
"Nov 25, 2021",NABBC,SELL,92.0,879.0,80868.0,515892.0,917962.7,8188.0,11.27%,1433854.7,Trailing Stop (7% drop) - exactly 7.73% drop
"Nov 28, 2021",LICN,SELL,36.0,1921.1,69159.6,585051.6,816522.0,-5360.4,-7.19%,1401573.6,Trailing Stop (7% drop) - exactly 9.60% drop
"Nov 28, 2021",ALICL,SELL,58.0,1195.0,69310.0,654361.6,747212.0,-4350.0,-5.91%,1401573.6,Trailing Stop (7% drop) - exactly 8.99% drop
"Nov 28, 2021",NHPC,SELL,175.0,409.0,71575.0,725936.6,675637.0,-2975.0,-3.99%,1401573.6,Trailing Stop (7% drop) - exactly 11.66% drop
"Nov 28, 2021",CIT,SELL,21.0,3180.0,66780.0,792716.6,608857.0,-6195.0,-8.49%,1401573.6,Trailing Stop (7% drop) - exactly 8.75% drop
"Nov 28, 2021",NMB,SELL,183.0,379.0,69357.0,862073.6,539500.0,-6405.0,-8.45%,1401573.6,Trailing Stop (7% drop) - exactly 8.45% drop
"Nov 28, 2021",BFC,SELL,132.0,506.0,66792.0,928865.6,472708.0,-6468.0,-8.83%,1401573.6,Trailing Stop (7% drop) - exactly 8.83% drop
"Nov 28, 2021",GMFIL,SELL,129.0,519.0,66951.0,995816.6,405757.0,-6192.0,-8.47%,1401573.6,Trailing Stop (7% drop) - exactly 8.47% drop
"Nov 28, 2021",PROFL,SELL,168.0,396.0,66528.0,1062344.6,339229.0,-6552.0,-8.97%,1401573.6,Trailing Stop (7% drop) - exactly 8.97% drop
"Nov 28, 2021",MFIL,SELL,66.0,1068.0,70488.0,1132832.6,268741.0,-2554.2,-3.50%,1401573.6,Trailing Stop (7% drop) - exactly 9.49% drop
"Nov 28, 2021",ICFC,BUY,75.0,932.0,-69900.0,1062932.6,338641.0,0.0,0.00%,1401573.6,Trend Entry (Str: 0.14)
"Nov 29, 2021",CORBL,SELL,90.0,862.0,77580.0,1140512.6,250984.5,1980.0,2.62%,1391497.1,Trailing Stop (7% drop) - exactly 7.14% drop
"Nov 29, 2021",NICA,SELL,55.0,800.0,44000.0,1184512.6,206984.5,-3850.0,-8.05%,1391497.1,Trailing Stop (7% drop) - exactly 8.57% drop
"Nov 30, 2021",MEGA,SELL,222.0,285.0,63270.0,1247782.6,138910.0,-12232.2,-16.20%,1386692.6,Trailing Stop (7% drop) - exactly 16.20% drop
"Dec 01, 2021",NABBC,BUY,75.0,920.0,-69000.0,1178782.6,204775.0,0.0,0.00%,1383557.6,Trend Entry (Str: 0.15)
"Dec 02, 2021",ICFC,SELL,75.0,816.0,61200.0,1239982.6,143380.0,-8700.0,-12.45%,1383362.6,Trailing Stop (7% drop) - exactly 12.45% drop
"Dec 05, 2021",CORBL,BUY,75.0,920.0,-69000.0,1170982.6,211100.0,0.0,0.00%,1382082.6,Trend Entry (Str: 0.08)
"Dec 09, 2021",NABBC,SELL,75.0,856.0,64200.0,1235182.6,140959.5,-4800.0,-6.96%,1376142.1,Trailing Stop (7% drop) - exactly 8.34% drop
"Dec 12, 2021",CORBL,SELL,75.0,844.0,63300.0,1298482.6,72365.0,-5700.0,-8.26%,1370847.6,Trailing Stop (7% drop) - exactly 8.95% drop
"Dec 16, 2021",CORBL,BUY,76.0,891.4,-67746.4,1230736.2,139906.4,0.0,0.00%,1370642.6,Trend Entry (Str: 0.02)
"Dec 28, 2021",MBL,BUY,214.0,319.0,-68266.0,1162470.2,203603.9,0.0,0.00%,1366074.1,Trend Entry (Str: 0.04)
"Dec 28, 2021",NBB,BUY,185.0,369.0,-68265.0,1094205.2,271868.9,0.0,0.00%,1366074.1,Trend Entry (Str: 0.03)
"Dec 29, 2021",ADBL,BUY,139.0,492.0,-68388.0,1025817.2,345905.9,0.0,0.00%,1371723.1,Trend Entry (Str: 0.04)
"Jan 02, 2022",ADBL,SELL,139.0,411.0,57129.0,1082946.2,285616.0,-11259.0,-16.46%,1368562.2,Trailing Stop (7% drop) - exactly 16.46% drop
"Jan 03, 2022",CIT,BUY,20.0,3309.9,-66198.0,1016748.2,352696.5,0.0,0.00%,1369444.7,Trend Entry (Str: 0.08)
"Jan 03, 2022",LICN,BUY,34.0,1963.0,-66742.0,950006.2,419438.5,0.0,0.00%,1369444.7,Trend Entry (Str: 0.03)
"Jan 04, 2022",CZBIL,BUY,228.0,302.0,-68856.0,881150.2,500768.6,0.0,0.00%,1381918.8,Trend Entry (Str: 0.10)
"Jan 04, 2022",SANIMA,BUY,180.0,381.9,-68742.0,812408.2,569510.6,0.0,0.00%,1381918.8,Trend Entry (Str: 0.08)
"Jan 04, 2022",ALICL,BUY,58.0,1180.0,-68440.0,743968.2,637950.6,0.0,0.00%,1381918.8,Trend Entry (Str: 0.05)
"Jan 04, 2022",AHPC,BUY,155.0,445.0,-68975.0,674993.2,706925.6,0.0,0.00%,1381918.8,Trend Entry (Str: 0.03)
"Jan 05, 2022",EBL,BUY,114.0,597.0,-68058.0,606935.2,765513.0,0.0,0.00%,1372448.2,Trend Entry (Str: 0.07)
"Jan 05, 2022",MEGA,BUY,227.0,301.0,-68327.0,538608.2,833840.0,0.0,0.00%,1372448.2,Trend Entry (Str: 0.06)
"Jan 05, 2022",KBL,BUY,262.0,261.0,-68382.0,470226.2,902222.0,0.0,0.00%,1372448.2,Trend Entry (Str: 0.05)
"Jan 06, 2022",NICA,BUY,82.0,838.0,-68716.0,401510.2,985622.3,0.0,0.00%,1387132.5,Trend Entry (Str: 0.09)
"Jan 09, 2022",JFL,BUY,108.0,650.0,-70200.0,331310.2,1084480.5,0.0,0.00%,1415790.7,Trend Entry (Str: 0.09)
"Jan 09, 2022",GBIME,BUY,213.0,332.0,-70716.0,260594.2,1155196.5,0.0,0.00%,1415790.7,Trend Entry (Str: 0.07)
"Jan 10, 2022",CORBL,SELL,76.0,500.2,38015.2,298609.4,1073004.5,-29731.2,-43.89%,1371613.9,Trailing Stop (7% drop) - exactly 49.32% drop
"Jan 10, 2022",GMFIL,BUY,139.0,490.0,-68110.0,230499.4,1141114.5,0.0,0.00%,1371613.9,Trend Entry (Str: 0.08)
"Jan 11, 2022",PROFL,BUY,162.0,424.0,-68688.0,161811.4,1219433.2,0.0,0.00%,1381244.6,Trend Entry (Str: 0.16)
"Jan 11, 2022",BFC,BUY,131.0,525.0,-68775.0,93036.4,1288208.2,0.0,0.00%,1381244.6,Trend Entry (Str: 0.13)
"Jan 11, 2022",EDBL,BUY,117.0,590.0,-69030.0,24006.4,1357238.2,0.0,0.00%,1381244.6,Trend Entry (Str: 0.11)
"Jan 12, 2022",PFL,BUY,42.0,560.0,-23520.0,486.4,1360638.9,0.0,0.00%,1361125.3,Trend Entry (Str: 0.17)
"Jan 17, 2022",AHPC,SELL,155.0,571.3,88551.5,89037.9,1335633.6,19576.5,28.38%,1424671.5,Take Profit (25% up) - exactly 28.38% up
"Jan 17, 2022",ICFC,BUY,91.0,781.0,-71071.0,17966.9,1406704.6,0.0,0.00%,1424671.5,Trend Entry (Str: 0.21)
"Jan 17, 2022",NHPC,BUY,43.0,411.9,-17711.7,255.2,1424416.3,0.0,0.00%,1424671.5,Trend Entry (Str: 0.13)
"Jan 24, 2022",SANIMA,SELL,180.0,367.0,66060.0,66315.2,1293877.1,-2682.0,-3.90%,1360192.3,Trailing Stop (7% drop) - exactly 7.32% drop
"Jan 24, 2022",EBL,SELL,114.0,582.0,66348.0,132663.2,1227529.1,-1710.0,-2.51%,1360192.3,Trailing Stop (7% drop) - exactly 7.62% drop
"Jan 24, 2022",KBL,SELL,262.0,262.0,68644.0,201307.2,1158885.1,262.0,0.38%,1360192.3,Trailing Stop (7% drop) - exactly 8.42% drop
"Jan 24, 2022",JFL,SELL,108.0,654.0,70632.0,271939.2,1088253.1,432.0,0.62%,1360192.3,Trailing Stop (7% drop) - exactly 8.53% drop
"Jan 24, 2022",GMFIL,SELL,139.0,479.0,66581.0,338520.2,1021672.1,-1529.0,-2.24%,1360192.3,Trailing Stop (7% drop) - exactly 8.59% drop
"Jan 24, 2022",PROFL,SELL,162.0,389.1,63034.2,401554.4,958637.9,-5653.8,-8.23%,1360192.3,Trailing Stop (7% drop) - exactly 9.49% drop
"Jan 24, 2022",BFC,SELL,131.0,514.0,67334.0,468888.4,891303.9,-1441.0,-2.10%,1360192.3,Trailing Stop (7% drop) - exactly 8.70% drop
"Jan 24, 2022",EDBL,SELL,117.0,554.0,64818.0,533706.4,826485.9,-4212.0,-6.10%,1360192.3,Trailing Stop (7% drop) - exactly 8.43% drop
"Jan 24, 2022",PFL,SELL,42.0,544.0,22848.0,556554.4,803637.9,-672.0,-2.86%,1360192.3,Trailing Stop (7% drop) - exactly 9.24% drop
"Jan 24, 2022",ICFC,SELL,91.0,705.0,64155.0,620709.4,739482.9,-6916.0,-9.73%,1360192.3,Trailing Stop (7% drop) - exactly 9.73% drop
"Jan 24, 2022",NHPC,SELL,43.0,377.0,16211.0,636920.4,723271.9,-1500.7,-8.47%,1360192.3,Trailing Stop (7% drop) - exactly 8.47% drop
"Jan 25, 2022",CZBIL,SELL,228.0,294.2,67077.6,703998.0,657627.5,-1778.4,-2.58%,1361625.5,Trailing Stop (7% drop) - exactly 7.19% drop
"Jan 26, 2022",SBI,SELL,205.0,388.0,79540.0,783538.0,552189.3,6970.0,9.60%,1335727.3,Trailing Stop (7% drop) - exactly 7.18% drop
"Jan 26, 2022",CIT,SELL,20.0,3306.0,66120.0,849658.0,486069.3,-78.0,-0.12%,1335727.3,Trailing Stop (7% drop) - exactly 7.52% drop
"Jan 26, 2022",ALICL,SELL,58.0,1021.0,59218.0,908876.0,426851.3,-9222.0,-13.47%,1335727.3,Trailing Stop (7% drop) - exactly 23.86% drop
"Jan 26, 2022",MEGA,SELL,227.0,285.1,64717.7,973593.7,362133.6,-3609.3,-5.28%,1335727.3,Trailing Stop (7% drop) - exactly 8.33% drop
"Jan 30, 2022",PFL,BUY,108.0,620.0,-66960.0,906633.7,436494.0,0.0,0.00%,1343127.7,Trend Entry (Str: 0.21)
"Jan 30, 2022",AHPC,BUY,123.0,545.0,-67035.0,839598.7,503529.0,0.0,0.00%,1343127.7,Trend Entry (Str: 0.14)
"Jan 30, 2022",JFL,BUY,95.0,701.0,-66595.0,773003.7,570124.0,0.0,0.00%,1343127.7,Trend Entry (Str: 0.10)
"Jan 30, 2022",ICFC,BUY,91.0,732.0,-66612.0,706391.7,636736.0,0.0,0.00%,1343127.7,Trend Entry (Str: 0.10)
"Jan 30, 2022",NABBC,BUY,113.0,591.2,-66805.6,639586.1,703541.6,0.0,0.00%,1343127.7,Trend Entry (Str: 0.09)
"Jan 30, 2022",PROFL,BUY,163.0,411.9,-67139.7,572446.4,770681.3,0.0,0.00%,1343127.7,Trend Entry (Str: 0.08)
"Jan 30, 2022",NHPC,BUY,169.0,395.9,-66907.1,505539.3,837588.4,0.0,0.00%,1343127.7,Trend Entry (Str: 0.07)
"Jan 30, 2022",CIT,BUY,19.0,3439.0,-65341.0,440198.3,902929.4,0.0,0.00%,1343127.7,Trend Entry (Str: 0.05)
"Jan 30, 2022",JBBL,BUY,145.0,460.0,-66700.0,373498.3,969629.4,0.0,0.00%,1343127.7,Trend Entry (Str: 0.05)
"Feb 01, 2022",GMFIL,BUY,134.0,500.0,-67000.0,306498.3,1036512.5,0.0,0.00%,1343010.8,Trend Entry (Str: 0.06)
"Feb 01, 2022",EDBL,BUY,115.0,579.0,-66585.0,239913.3,1103097.5,0.0,0.00%,1343010.8,Trend Entry (Str: 0.05)
"Feb 03, 2022",SBI,BUY,167.0,398.0,-66466.0,173447.3,1163810.1,0.0,0.00%,1337257.4,Trend Entry (Str: 0.04)
"Feb 03, 2022",CZBIL,BUY,223.0,299.0,-66677.0,106770.3,1230487.1,0.0,0.00%,1337257.4,Trend Entry (Str: 0.01)
"Feb 06, 2022",MBL,SELL,214.0,320.1,68501.4,175271.7,1141723.3,235.4,0.34%,1316995.0,Trailing Stop (7% drop) - exactly 7.49% drop
"Feb 07, 2022",LICN,SELL,34.0,2005.0,68170.0,243441.7,1056271.1,1428.0,2.14%,1299712.8,Trailing Stop (7% drop) - exactly 16.42% drop
"Feb 07, 2022",NICA,SELL,82.0,843.0,69126.0,312567.7,987145.1,410.0,0.60%,1299712.8,Trailing Stop (7% drop) - exactly 8.07% drop
"Feb 07, 2022",JFL,SELL,95.0,595.0,56525.0,369092.7,930620.1,-10070.0,-15.12%,1299712.8,Trailing Stop (7% drop) - exactly 15.12% drop
"Feb 08, 2022",PFL,SELL,108.0,576.0,62208.0,431300.7,861342.3,-4752.0,-7.10%,1292643.0,Trailing Stop (7% drop) - exactly 7.10% drop
"Feb 09, 2022",EDBL,SELL,115.0,536.0,61640.0,492940.7,793005.4,-4945.0,-7.43%,1285946.1,Trailing Stop (7% drop) - exactly 7.43% drop
"Feb 10, 2022",NABBC,SELL,113.0,545.0,61585.0,554525.7,729292.3,-5220.6,-7.81%,1283818.0,Trailing Stop (7% drop) - exactly 7.81% drop
"Feb 10, 2022",GMFIL,SELL,134.0,459.0,61506.0,616031.7,667786.3,-5494.0,-8.20%,1283818.0,Trailing Stop (7% drop) - exactly 8.20% drop
"Feb 13, 2022",GBIME,SELL,213.0,338.0,71994.0,688025.7,571143.1,1278.0,1.81%,1259168.8,Trailing Stop (7% drop) - exactly 7.65% drop
"Feb 13, 2022",AHPC,SELL,123.0,543.0,66789.0,754814.7,504354.1,-246.0,-0.37%,1259168.8,Trailing Stop (7% drop) - exactly 9.35% drop
"Feb 13, 2022",ICFC,SELL,91.0,672.0,61152.0,815966.7,443202.1,-5460.0,-8.20%,1259168.8,Trailing Stop (7% drop) - exactly 8.56% drop
"Feb 13, 2022",PROFL,SELL,163.0,370.0,60310.0,876276.7,382892.1,-6829.7,-10.17%,1259168.8,Trailing Stop (7% drop) - exactly 10.17% drop
"Feb 13, 2022",JBBL,SELL,145.0,412.1,59754.5,936031.2,323137.6,-6945.5,-10.41%,1259168.8,Trailing Stop (7% drop) - exactly 10.41% drop
"Feb 13, 2022",CZBIL,SELL,223.0,277.2,61815.6,997846.8,261322.0,-4861.4,-7.29%,1259168.8,Trailing Stop (7% drop) - exactly 7.29% drop
"Feb 20, 2022",CIT,SELL,19.0,3150.0,59850.0,1057696.8,200263.8,-5491.0,-8.40%,1257960.6,Trailing Stop (7% drop) - exactly 8.40% drop
"Feb 20, 2022",SBI,SELL,167.0,366.9,61272.3,1118969.1,138991.5,-5193.7,-7.81%,1257960.6,Trailing Stop (7% drop) - exactly 7.81% drop
"Feb 27, 2022",NHPC,SELL,169.0,366.0,61854.0,1180823.1,68265.0,-5053.1,-7.55%,1249088.1,Trailing Stop (7% drop) - exactly 16.44% drop
"Mar 23, 2022",JBBL,BUY,147.0,422.0,-62034.0,1118789.1,130299.0,0.0,0.00%,1249088.1,Trend Entry (Str: 0.02)
"Mar 24, 2022",LICN,BUY,29.0,2101.2,-60934.8,1057854.3,189366.9,0.0,0.00%,1247221.2,Trend Entry (Str: 0.06)
"Mar 24, 2022",ALICL,BUY,66.0,932.0,-61512.0,996342.3,250878.9,0.0,0.00%,1247221.2,Trend Entry (Str: 0.05)
"Mar 24, 2022",NABBC,BUY,117.0,533.0,-62361.0,933981.3,313239.9,0.0,0.00%,1247221.2,Trend Entry (Str: 0.01)
"Mar 28, 2022",NABBC,SELL,117.0,495.0,57915.0,991896.3,247567.2,-4446.0,-7.13%,1239463.5,Trailing Stop (7% drop) - exactly 7.13% drop
"Mar 29, 2022",JBBL,SELL,147.0,389.0,57183.0,1049079.3,187207.2,-4851.0,-7.82%,1236286.5,Trailing Stop (7% drop) - exactly 7.82% drop
"Apr 03, 2022",ALICL,SELL,66.0,848.0,55968.0,1105047.3,127767.2,-5544.0,-9.01%,1232814.5,Trailing Stop (7% drop) - exactly 9.01% drop
"Apr 05, 2022",LICN,SELL,29.0,1951.0,56579.0,1161626.3,68265.0,-4355.8,-7.15%,1229891.3,Trailing Stop (7% drop) - exactly 8.70% drop
"Apr 27, 2022",NICA,BUY,78.0,781.8,-60980.4,1100645.9,129245.4,0.0,0.00%,1229891.3,Trend Entry (Str: 0.02)
"May 12, 2022",BFC,BUY,143.0,429.8,-61461.4,1039184.5,192750.4,0.0,0.00%,1231934.9,Trend Entry (Str: 0.05)
"May 20, 2022",BFC,SELL,143.0,394.0,56342.0,1095526.5,129105.0,-5119.4,-8.33%,1224631.5,Trailing Stop (7% drop) - exactly 8.33% drop
"May 20, 2022",NHPC,BUY,219.0,279.0,-61101.0,1034425.5,190206.0,0.0,0.00%,1224631.5,Trend Entry (Str: 0.06)
"May 31, 2022",NHPC,SELL,219.0,259.0,56721.0,1091146.5,126975.6,-4380.0,-7.17%,1218122.1,Trailing Stop (7% drop) - exactly 8.16% drop
"Jun 02, 2022",NICA,SELL,78.0,744.5,58071.0,1149217.5,68265.0,-2909.4,-4.77%,1217482.5,Trailing Stop (7% drop) - exactly 7.86% drop
"Jun 02, 2022",NABBC,BUY,159.0,381.0,-60579.0,1088638.5,128844.0,0.0,0.00%,1217482.5,Trend Entry (Str: 0.04)
"Jun 02, 2022",MEGA,BUY,256.0,237.0,-60672.0,1027966.5,189516.0,0.0,0.00%,1217482.5,Trend Entry (Str: 0.02)
"Jun 13, 2022",NABBC,SELL,159.0,388.0,61692.0,1089658.5,128937.0,1113.0,1.84%,1218595.5,Trailing Stop (7% drop) - exactly 8.27% drop
"Jul 01, 2022",LICN,BUY,41.0,1469.0,-60229.0,1029429.5,189166.0,0.0,0.00%,1218595.5,Trend Entry (Str: 0.14)
"Jul 03, 2022",CIT,BUY,22.0,2664.0,-58608.0,970821.5,246954.0,0.0,0.00%,1217775.5,Trend Entry (Str: 0.09)
"Jul 04, 2022",GMFIL,BUY,190.0,320.0,-60800.0,910021.5,307681.0,0.0,0.00%,1217702.5,Trend Entry (Str: 0.17)
"Jul 04, 2022",ALICL,BUY,99.0,610.0,-60390.0,849631.5,368071.0,0.0,0.00%,1217702.5,Trend Entry (Str: 0.09)
"Jul 05, 2022",PFL,BUY,167.0,361.0,-60287.0,789344.5,421991.0,0.0,0.00%,1211335.5,Trend Entry (Str: 0.05)
"Jul 05, 2022",ICFC,BUY,138.0,437.2,-60333.6,729010.9,482324.6,0.0,0.00%,1211335.5,Trend Entry (Str: 0.04)
"Jul 06, 2022",MFIL,BUY,137.0,445.0,-60965.0,668045.9,554577.9,0.0,0.00%,1222623.8,Trend Entry (Str: 0.05)
"Jul 06, 2022",NABIL,BUY,70.0,864.0,-60480.0,607565.9,615057.9,0.0,0.00%,1222623.8,Trend Entry (Str: 0.04)
"Jul 06, 2022",PROFL,BUY,251.0,243.1,-61018.1,546547.8,676076.0,0.0,0.00%,1222623.8,Trend Entry (Str: 0.03)
"Jul 06, 2022",EDBL,BUY,166.0,367.0,-60922.0,485625.8,736998.0,0.0,0.00%,1222623.8,Trend Entry (Str: 0.03)
"Jul 07, 2022",BFC,BUY,160.0,380.0,-60800.0,424825.8,792086.3,0.0,0.00%,1216912.1,Trend Entry (Str: 0.06)
"Jul 07, 2022",JFL,BUY,160.0,380.0,-60800.0,364025.8,852886.3,0.0,0.00%,1216912.1,Trend Entry (Str: 0.05)
"Jul 07, 2022",JBBL,BUY,202.0,300.0,-60600.0,303425.8,913486.3,0.0,0.00%,1216912.1,Trend Entry (Str: 0.02)
"Jul 07, 2022",NABBC,BUY,158.0,385.0,-60830.0,242595.8,974316.3,0.0,0.00%,1216912.1,Trend Entry (Str: 0.01)
"Jul 07, 2022",ADBL,BUY,184.0,330.0,-60720.0,181875.8,1035036.3,0.0,0.00%,1216912.1,Trend Entry (Str: 0.01)
"Jul 08, 2022",CORBL,BUY,198.0,300.0,-59400.0,122475.8,1069534.7,0.0,0.00%,1192010.5,Trend Entry (Str: 0.04)
"Jul 11, 2022",NBB,MERGER_SWAP,185.0,792.0,63003.6,122475.8,1018421.8,0.0,0.00%,1140897.6,Swapped 185 NBB into 79.55 NABIL
"Jul 11, 2022",LICN,SELL,41.0,1415.0,58015.0,180490.8,955145.4,-2214.0,-3.68%,1135636.2,Trailing Stop (7% drop) - exactly 8.70% drop
"Jul 11, 2022",CIT,SELL,22.0,2429.0,53438.0,233928.8,901707.4,-5170.0,-8.82%,1135636.2,Trailing Stop (7% drop) - exactly 9.03% drop
"Jul 11, 2022",GMFIL,SELL,190.0,285.1,54169.0,288097.8,847538.4,-6631.0,-10.91%,1135636.2,Trailing Stop (7% drop) - exactly 10.91% drop
"Jul 11, 2022",ALICL,SELL,99.0,560.0,55440.0,343537.8,792098.4,-4950.0,-8.20%,1135636.2,Trailing Stop (7% drop) - exactly 9.24% drop
"Jul 11, 2022",PFL,SELL,167.0,327.0,54609.0,398146.8,737489.4,-5678.0,-9.42%,1135636.2,Trailing Stop (7% drop) - exactly 11.62% drop
"Jul 11, 2022",ICFC,SELL,138.0,413.0,56994.0,455140.8,680495.4,-3339.6,-5.54%,1135636.2,Trailing Stop (7% drop) - exactly 8.83% drop
"Jul 11, 2022",MFIL,SELL,137.0,406.0,55622.0,510762.8,624873.4,-5343.0,-8.76%,1135636.2,Trailing Stop (7% drop) - exactly 8.76% drop
"Jul 11, 2022",PROFL,SELL,251.0,216.0,54216.0,564978.8,570657.4,-6802.1,-11.15%,1135636.2,Trailing Stop (7% drop) - exactly 11.15% drop
"Jul 11, 2022",BFC,SELL,160.0,344.0,55040.0,620018.8,515617.4,-5760.0,-9.47%,1135636.2,Trailing Stop (7% drop) - exactly 9.47% drop
"Jul 11, 2022",JFL,SELL,160.0,341.1,54576.0,674594.8,461041.4,-6224.0,-10.24%,1135636.2,Trailing Stop (7% drop) - exactly 10.24% drop
"Jul 11, 2022",JBBL,SELL,202.0,277.0,55954.0,730548.8,405087.4,-4646.0,-7.67%,1135636.2,Trailing Stop (7% drop) - exactly 7.67% drop
"Jul 11, 2022",NABBC,SELL,158.0,354.9,56074.2,786623.0,349013.2,-4755.8,-7.82%,1135636.2,Trailing Stop (7% drop) - exactly 7.82% drop
"Jul 12, 2022",EDBL,SELL,166.0,324.0,53784.0,840407.0,291338.4,-7138.0,-11.72%,1131745.4,Trailing Stop (7% drop) - exactly 11.96% drop
"Jul 12, 2022",CORBL,SELL,198.0,275.0,54450.0,894857.0,236888.4,-4950.0,-8.33%,1131745.4,Trailing Stop (7% drop) - exactly 8.33% drop
"Jul 13, 2022",NHPC,BUY,231.0,245.0,-56595.0,838262.0,296070.45,0.0,0.00%,1134332.45,Trend Entry (Str: 0.04)
"Jul 15, 2022",GMFIL,BUY,185.0,307.0,-56795.0,781467.0,357040.2,0.0,0.00%,1138507.2,Trend Entry (Str: 0.10)
"Jul 15, 2022",PROFL,BUY,231.0,246.0,-56826.0,724641.0,413866.2,0.0,0.00%,1138507.2,Trend Entry (Str: 0.06)
"Jul 15, 2022",ICFC,BUY,126.0,450.0,-56700.0,667941.0,470566.2,0.0,0.00%,1138507.2,Trend Entry (Str: 0.06)
"Jul 15, 2022",BFC,BUY,150.0,377.5,-56625.0,611316.0,527191.2,0.0,0.00%,1138507.2,Trend Entry (Str: 0.06)
"Jul 15, 2022",MFIL,BUY,127.0,447.0,-56769.0,554547.0,583960.2,0.0,0.00%,1138507.2,Trend Entry (Str: 0.06)
"Jul 15, 2022",JFL,BUY,153.0,372.0,-56916.0,497631.0,640876.2,0.0,0.00%,1138507.2,Trend Entry (Str: 0.04)
"Jul 15, 2022",JBBL,BUY,188.0,302.2,-56813.6,440817.4,697689.8,0.0,0.00%,1138507.2,Trend Entry (Str: 0.04)
"Jul 15, 2022",NABBC,BUY,149.0,380.0,-56620.0,384197.4,754309.8,0.0,0.00%,1138507.2,Trend Entry (Str: 0.01)
"Jul 17, 2022",CORBL,BUY,185.0,306.0,-56610.0,327587.4,807266.1,0.0,0.00%,1134853.5,Trend Entry (Str: 0.09)
"Jul 17, 2022",CIT,BUY,22.0,2547.0,-56034.0,271553.4,863300.1,0.0,0.00%,1134853.5,Trend Entry (Str: 0.04)
"Jul 17, 2022",PFL,BUY,159.0,355.5,-56524.5,215028.9,919824.6,0.0,0.00%,1134853.5,Trend Entry (Str: 0.04)
"Jul 18, 2022",LICN,BUY,39.0,1457.9,-56858.1,158170.8,985639.5,0.0,0.00%,1143810.3,Trend Entry (Str: 0.09)
"Jul 18, 2022",ALICL,BUY,97.0,586.0,-56842.0,101328.8,1042481.5,0.0,0.00%,1143810.3,Trend Entry (Str: 0.04)
"Jul 19, 2022",NMB,BUY,217.0,267.9,-58134.3,43194.5,1120034.2,0.0,0.00%,1163228.7,Trend Entry (Str: 0.04)
"Jul 19, 2022",MBL,BUY,175.0,246.2,-43085.0,109.5,1163119.2,0.0,0.00%,1163228.7,Trend Entry (Str: 0.04)
"Jul 27, 2022",JFL,SELL,153.0,467.7,71558.1,71667.6,1185015.2,14642.1,25.73%,1256682.8,Take Profit (25% up) - exactly 25.73% up
"Jul 27, 2022",EBL,BUY,130.0,480.0,-62400.0,9267.6,1247415.2,0.0,0.00%,1256682.8,Trend Entry (Str: 0.07)
"Jul 27, 2022",AHPC,BUY,24.0,381.0,-9144.0,123.6,1256559.2,0.0,0.00%,1256682.8,Trend Entry (Str: 0.07)
"Jul 28, 2022",GMFIL,SELL,185.0,407.8,75443.0,75566.6,1203080.7,18648.0,32.83%,1278647.3,Take Profit (25% up) - exactly 32.83% up
"Jul 28, 2022",ICFC,SELL,126.0,566.0,71316.0,146882.6,1131764.7,14616.0,25.78%,1278647.3,Take Profit (25% up) - exactly 25.78% up
"Jul 28, 2022",PFL,SELL,159.0,452.0,71868.0,218750.6,1059896.7,15343.5,27.14%,1278647.3,Take Profit (25% up) - exactly 27.14% up
"Jul 28, 2022",EDBL,BUY,160.0,398.9,-63824.0,154926.6,1123720.7,0.0,0.00%,1278647.3,Trend Entry (Str: 0.14)
"Jul 31, 2022",JFL,BUY,134.0,487.0,-65258.0,89668.6,1222968.85,0.0,0.00%,1312637.45,Trend Entry (Str: 0.25)
"Jul 31, 2022",NICA,BUY,90.0,725.0,-65250.0,24418.6,1288218.85,0.0,0.00%,1312637.45,Trend Entry (Str: 0.04)
"Jul 31, 2022",KBL,BUY,118.0,206.4,-24355.2,63.4,1312574.05,0.0,0.00%,1312637.45,Trend Entry (Str: 0.04)
"Aug 02, 2022",PROFL,SELL,231.0,320.0,73920.0,73983.4,1230544.95,17094.0,30.08%,1304528.35,Take Profit (25% up) - exactly 30.08% up
"Aug 02, 2022",PFL,BUY,142.0,457.0,-64894.0,9089.4,1295438.95,0.0,0.00%,1304528.35,Trend Entry (Str: 0.19)
"Aug 02, 2022",GMFIL,BUY,23.0,388.0,-8924.0,165.4,1304362.95,0.0,0.00%,1304528.35,Trend Entry (Str: 0.18)
"Aug 04, 2022",NABBC,SELL,149.0,478.3,71266.7,71432.1,1209163.1,14646.7,25.87%,1280595.2,Take Profit (25% up) - exactly 25.87% up
"Aug 04, 2022",EDBL,SELL,160.0,389.0,62240.0,133672.1,1146923.1,-1584.0,-2.48%,1280595.2,Trailing Stop (7% drop) - exactly 8.69% drop
"Aug 04, 2022",SBI,BUY,217.0,294.0,-63798.0,69874.1,1210721.1,0.0,0.00%,1280595.2,Trend Entry (Str: 0.02)
"Aug 05, 2022",NABIL,SELL,149.55,819.7,122586.14,192460.24,1060862.7,-6158.86,-4.78%,1253322.94,Trailing Stop (7% drop) - exactly 7.38% drop
"Aug 05, 2022",NHPC,SELL,231.0,262.0,60522.0,252982.24,1000340.7,3927.0,6.94%,1253322.94,Trailing Stop (7% drop) - exactly 8.04% drop
"Aug 05, 2022",MFIL,SELL,127.0,467.0,59309.0,312291.24,941031.7,2540.0,4.47%,1253322.94,Trailing Stop (7% drop) - exactly 10.14% drop
"Aug 05, 2022",JBBL,SELL,188.0,318.0,59784.0,372075.24,881247.7,2970.4,5.23%,1253322.94,Trailing Stop (7% drop) - exactly 8.62% drop
"Aug 05, 2022",CORBL,SELL,185.0,329.5,60957.5,433032.74,820290.2,4347.5,7.68%,1253322.94,Trailing Stop (7% drop) - exactly 8.47% drop
"Aug 07, 2022",PFL,SELL,142.0,425.0,60350.0,493382.74,764553.0,-4544.0,-7.00%,1257935.74,Trailing Stop (7% drop) - exactly 7.00% drop
"Aug 08, 2022",BFC,SELL,150.0,409.9,61485.0,554867.74,695676.0,4860.0,8.58%,1250543.74,Trailing Stop (7% drop) - exactly 8.71% drop
"Aug 08, 2022",ALICL,SELL,97.0,622.0,60334.0,615201.74,635342.0,3492.0,6.14%,1250543.74,Trailing Stop (7% drop) - exactly 7.85% drop
"Aug 08, 2022",JFL,SELL,134.0,444.0,59496.0,674697.74,575846.0,-5762.0,-8.83%,1250543.74,Trailing Stop (7% drop) - exactly 8.83% drop
"Aug 08, 2022",NABBC,BUY,128.0,484.9,-62067.2,612630.54,637913.2,0.0,0.00%,1250543.74,Trend Entry (Str: 0.18)
"Aug 09, 2022",LICN,SELL,39.0,1436.0,56004.0,668634.54,572053.5,-854.1,-1.50%,1240688.04,Trailing Stop (7% drop) - exactly 7.06% drop
"Aug 09, 2022",MBL,SELL,175.0,238.5,41737.5,710372.04,530316.0,-1347.5,-3.13%,1240688.04,Trailing Stop (7% drop) - exactly 8.48% drop
"Aug 09, 2022",AHPC,SELL,24.0,359.0,8616.0,718988.04,521700.0,-528.0,-5.77%,1240688.04,Trailing Stop (7% drop) - exactly 10.03% drop
"Aug 09, 2022",GMFIL,SELL,23.0,356.0,8188.0,727176.04,513512.0,-736.0,-8.25%,1240688.04,Trailing Stop (7% drop) - exactly 8.25% drop
"Aug 10, 2022",CIT,SELL,22.0,2254.0,49588.0,776764.04,448179.3,-6446.0,-11.50%,1224943.34,Trailing Stop (7% drop) - exactly 25.17% drop
"Aug 10, 2022",NICA,SELL,90.0,674.0,60660.0,837424.04,387519.3,-4590.0,-7.03%,1224943.34,Trailing Stop (7% drop) - exactly 7.03% drop
"Aug 14, 2022",NMB,SELL,217.0,250.9,54445.3,891869.34,327971.2,-3689.0,-6.35%,1219840.54,Trailing Stop (7% drop) - exactly 7.76% drop
"Aug 14, 2022",KBL,SELL,118.0,201.4,23765.2,915634.54,304206.0,-590.0,-2.42%,1219840.54,Trailing Stop (7% drop) - exactly 7.06% drop
"Aug 15, 2022",PROFL,BUY,203.0,301.0,-61103.0,854531.54,369844.2,0.0,0.00%,1224375.74,Trend Entry (Str: 0.08)
"Aug 15, 2022",GMFIL,BUY,162.0,377.0,-61074.0,793457.54,430918.2,0.0,0.00%,1224375.74,Trend Entry (Str: 0.07)
"Aug 15, 2022",ICFC,BUY,113.0,540.0,-61020.0,732437.54,491938.2,0.0,0.00%,1224375.74,Trend Entry (Str: 0.06)
"Aug 15, 2022",AHPC,BUY,165.0,370.0,-61050.0,671387.54,552988.2,0.0,0.00%,1224375.74,Trend Entry (Str: 0.01)
"Aug 15, 2022",CORBL,BUY,187.0,327.0,-61149.0,610238.54,614137.2,0.0,0.00%,1224375.74,Trend Entry (Str: 0.01)
"Aug 15, 2022",JBBL,BUY,193.0,316.0,-60988.0,549250.54,675125.2,0.0,0.00%,1224375.74,Trend Entry (Str: 0.00)
"Aug 18, 2022",NHPC,BUY,235.0,260.5,-61217.5,488033.04,741305.4,0.0,0.00%,1229338.44,Trend Entry (Str: 0.01)
"Aug 26, 2022",GMFIL,SELL,162.0,354.9,57493.8,545526.84,656018.4,-3580.2,-5.86%,1201545.24,Trailing Stop (7% drop) - exactly 7.82% drop
"Aug 26, 2022",ICFC,SELL,113.0,503.0,56839.0,602365.84,599179.4,-4181.0,-6.85%,1201545.24,Trailing Stop (7% drop) - exactly 7.02% drop
"Aug 26, 2022",CORBL,SELL,187.0,306.0,57222.0,659587.84,541957.4,-3927.0,-6.42%,1201545.24,Trailing Stop (7% drop) - exactly 7.55% drop
"Aug 28, 2022",SBI,SELL,217.0,276.0,59892.0,719479.84,468685.0,-3906.0,-6.12%,1188164.84,Trailing Stop (7% drop) - exactly 8.61% drop
"Aug 28, 2022",NABBC,SELL,128.0,431.0,55168.0,774647.84,413517.0,-6899.2,-11.12%,1188164.84,Trailing Stop (7% drop) - exactly 11.12% drop
"Aug 28, 2022",AHPC,SELL,165.0,341.0,56265.0,830912.84,357252.0,-4785.0,-7.84%,1188164.84,Trailing Stop (7% drop) - exactly 7.84% drop
"Aug 28, 2022",NHPC,SELL,235.0,238.0,55930.0,886842.84,301322.0,-5287.5,-8.64%,1188164.84,Trailing Stop (7% drop) - exactly 8.64% drop
"Aug 31, 2022",PROFL,SELL,203.0,288.0,58464.0,945306.84,238838.8,-2639.0,-4.32%,1184145.64,Trailing Stop (7% drop) - exactly 9.43% drop
"Aug 31, 2022",JBBL,SELL,193.0,286.0,55198.0,1000504.84,183640.8,-5790.0,-9.49%,1184145.64,Trailing Stop (7% drop) - exactly 9.49% drop
"Sep 02, 2022",EBL,SELL,130.0,485.0,63050.0,1063554.84,119552.0,650.0,1.04%,1183106.84,Trailing Stop (7% drop) - exactly 7.44% drop
"Sep 20, 2022",ADBL,SELL,184.0,305.1,56138.4,1119693.24,60672.0,-4581.6,-7.55%,1180365.24,Trailing Stop (7% drop) - exactly 9.47% drop
"Oct 12, 2022",NABIL,BUY,74.0,794.0,-58756.0,1060937.24,119428.0,0.0,0.00%,1180365.24,Trend Entry (Str: 0.02)
"Oct 17, 2022",EBL,BUY,117.0,504.0,-58968.0,1001969.24,178396.0,0.0,0.00%,1180365.24,Trend Entry (Str: 0.04)
"Oct 17, 2022",MBL,BUY,264.0,223.0,-58872.0,943097.24,237268.0,0.0,0.00%,1180365.24,Trend Entry (Str: 0.01)
"Oct 20, 2022",SANIMA,BUY,231.0,254.0,-58674.0,884423.24,293784.0,0.0,0.00%,1178207.24,Trend Entry (Str: 0.02)
"Oct 20, 2022",ADBL,BUY,186.0,316.0,-58776.0,825647.24,352560.0,0.0,0.00%,1178207.24,Trend Entry (Str: 0.00)
"Oct 31, 2022",SBI,BUY,205.0,289.0,-59245.0,766402.24,421804.0,0.0,0.00%,1188206.24,Trend Entry (Str: 0.07)
"Nov 01, 2022",NICA,BUY,86.0,695.0,-59770.0,706632.24,490613.9,0.0,0.00%,1197246.14,Trend Entry (Str: 0.11)
"Nov 01, 2022",NMB,BUY,240.0,249.0,-59760.0,646872.24,550373.9,0.0,0.00%,1197246.14,Trend Entry (Str: 0.05)
"Nov 02, 2022",MFIL,BUY,142.0,420.0,-59640.0,587232.24,607886.5,0.0,0.00%,1195118.74,Trend Entry (Str: 0.08)
"Nov 02, 2022",PCBL,BUY,247.0,241.5,-59650.5,527581.74,667537.0,0.0,0.00%,1195118.74,Trend Entry (Str: 0.07)
"Nov 02, 2022",GMFIL,BUY,176.0,338.0,-59488.0,468093.74,727025.0,0.0,0.00%,1195118.74,Trend Entry (Str: 0.03)
"Nov 06, 2022",JBBL,BUY,203.0,295.0,-59885.0,408208.74,790192.5,0.0,0.00%,1198401.24,Trend Entry (Str: 0.07)
"Nov 07, 2022",CORBL,BUY,203.0,293.0,-59479.0,348729.74,844774.8,0.0,0.00%,1193504.54,Trend Entry (Str: 0.08)
"Nov 07, 2022",PROFL,BUY,209.0,285.0,-59565.0,289164.74,904339.8,0.0,0.00%,1193504.54,Trend Entry (Str: 0.05)
"Nov 07, 2022",EDBL,BUY,181.0,329.0,-59549.0,229615.74,963888.8,0.0,0.00%,1193504.54,Trend Entry (Str: 0.05)
"Nov 08, 2022",CIT,BUY,30.0,1925.0,-57750.0,171865.74,1016777.9,0.0,0.00%,1188643.64,Trend Entry (Str: 0.03)
"Nov 09, 2022",LICN,BUY,43.0,1342.0,-57706.0,114159.74,1046258.3,0.0,0.00%,1160418.04,Trend Entry (Str: 0.06)
"Nov 10, 2022",GMFIL,SELL,176.0,310.0,54560.0,168719.74,977847.8,-4928.0,-8.28%,1146567.54,Trailing Stop (7% drop) - exactly 8.50% drop
"Nov 10, 2022",JBBL,SELL,203.0,270.1,54830.3,223550.04,923017.5,-5054.7,-8.44%,1146567.54,Trailing Stop (7% drop) - exactly 8.44% drop
"Nov 13, 2022",SBI,SELL,205.0,284.1,58240.5,281790.54,857428.4,-1004.5,-1.70%,1139218.94,Trailing Stop (7% drop) - exactly 8.03% drop
"Nov 13, 2022",MFIL,SELL,142.0,410.0,58220.0,340010.54,799208.4,-1420.0,-2.38%,1139218.94,Trailing Stop (7% drop) - exactly 8.07% drop
"Nov 13, 2022",CORBL,SELL,203.0,266.0,53998.0,394008.54,745210.4,-5481.0,-9.22%,1139218.94,Trailing Stop (7% drop) - exactly 9.22% drop
"Nov 13, 2022",PROFL,SELL,209.0,263.0,54967.0,448975.54,690243.4,-4598.0,-7.72%,1139218.94,Trailing Stop (7% drop) - exactly 7.72% drop
"Nov 13, 2022",EDBL,SELL,181.0,299.9,54281.9,503257.44,635961.5,-5267.1,-8.84%,1139218.94,Trailing Stop (7% drop) - exactly 8.84% drop
"Nov 14, 2022",ALICL,BUY,120.0,475.9,-57108.0,446149.44,696434.3,0.0,0.00%,1142583.74,Trend Entry (Str: 0.05)
"Nov 16, 2022",JBBL,BUY,203.0,281.0,-57043.0,389106.44,757363.8,0.0,0.00%,1146470.24,Trend Entry (Str: 0.02)
"Nov 17, 2022",CORBL,BUY,199.0,290.0,-57710.0,331396.44,826120.1,0.0,0.00%,1157516.54,Trend Entry (Str: 0.07)
"Nov 17, 2022",SBI,BUY,196.0,295.0,-57820.0,273576.44,883940.1,0.0,0.00%,1157516.54,Trend Entry (Str: 0.06)
"Nov 17, 2022",NHPC,BUY,283.0,204.0,-57732.0,215844.44,941672.1,0.0,0.00%,1157516.54,Trend Entry (Str: 0.05)
"Nov 17, 2022",PROFL,BUY,207.0,279.0,-57753.0,158091.44,999425.1,0.0,0.00%,1157516.54,Trend Entry (Str: 0.04)
"Nov 17, 2022",PFL,BUY,168.0,344.0,-57792.0,100299.44,1057217.1,0.0,0.00%,1157516.54,Trend Entry (Str: 0.04)
"Nov 17, 2022",ICFC,BUY,128.0,451.0,-57728.0,42571.44,1114945.1,0.0,0.00%,1157516.54,Trend Entry (Str: 0.03)
"Nov 23, 2022",MEGA,SELL,256.0,220.0,56320.0,98891.44,1049489.7,-4352.0,-7.17%,1148381.14,Trailing Stop (7% drop) - exactly 7.17% drop
"Nov 24, 2022",JFL,BUY,148.0,390.0,-57720.0,41171.44,1117258.1,0.0,0.00%,1158429.54,Trend Entry (Str: 0.09)
"Nov 24, 2022",MFIL,BUY,95.0,430.0,-40850.0,321.44,1158108.1,0.0,0.00%,1158429.54,Trend Entry (Str: 0.06)
"Nov 29, 2022",EBL,SELL,117.0,471.0,55107.0,55428.44,1110596.3,-3861.0,-6.55%,1166024.74,Trailing Stop (7% drop) - exactly 13.61% drop
"Nov 29, 2022",AHPC,BUY,199.0,278.0,-55322.0,106.44,1165918.3,0.0,0.00%,1166024.74,Trend Entry (Str: 0.02)
"Dec 05, 2022",SANIMA,SELL,231.0,242.0,55902.0,56008.44,1091401.3,-2772.0,-4.72%,1147409.74,Trailing Stop (7% drop) - exactly 11.03% drop
"Dec 05, 2022",PFL,SELL,168.0,337.9,56767.2,112775.64,1034634.1,-1024.8,-1.77%,1147409.74,Trailing Stop (7% drop) - exactly 8.18% drop
"Dec 06, 2022",NMB,SELL,240.0,236.7,56808.0,169583.64,969060.7,-2952.0,-4.94%,1138644.34,Trailing Stop (7% drop) - exactly 8.22% drop
"Dec 06, 2022",CORBL,SELL,199.0,275.0,54725.0,224308.64,914335.7,-2985.0,-5.17%,1138644.34,Trailing Stop (7% drop) - exactly 7.35% drop
"Dec 07, 2022",PROFL,SELL,207.0,281.0,58167.0,282475.64,846703.1,414.0,0.72%,1129178.74,Trailing Stop (7% drop) - exactly 7.87% drop
"Dec 07, 2022",ICFC,SELL,128.0,424.0,54272.0,336747.64,792431.1,-3456.0,-5.99%,1129178.74,Trailing Stop (7% drop) - exactly 7.22% drop
"Dec 11, 2022",NABIL,SELL,74.0,846.0,62604.0,399351.64,716907.6,3848.0,6.55%,1116259.24,Trailing Stop (7% drop) - exactly 7.34% drop
"Dec 11, 2022",JBBL,SELL,203.0,271.1,55033.3,454384.94,661874.3,-2009.7,-3.52%,1116259.24,Trailing Stop (7% drop) - exactly 8.01% drop
"Dec 11, 2022",SBI,SELL,196.0,281.0,55076.0,509460.94,606798.3,-2744.0,-4.75%,1116259.24,Trailing Stop (7% drop) - exactly 7.32% drop
"Dec 11, 2022",JFL,SELL,148.0,364.2,53901.6,563362.54,552896.7,-3818.4,-6.62%,1116259.24,Trailing Stop (7% drop) - exactly 9.85% drop
"Dec 11, 2022",MFIL,SELL,95.0,411.1,39054.5,602417.04,513842.2,-1795.5,-4.40%,1116259.24,Trailing Stop (7% drop) - exactly 7.62% drop
"Dec 12, 2022",MBL,SELL,264.0,214.0,56496.0,658913.04,461247.0,-2376.0,-4.04%,1120160.04,Trailing Stop (7% drop) - exactly 7.76% drop
"Dec 15, 2022",PCBL,SELL,247.0,224.5,55451.5,714364.54,398804.6,-4199.0,-7.04%,1113169.14,Trailing Stop (7% drop) - exactly 7.04% drop
"Dec 15, 2022",LICN,SELL,43.0,1386.1,59602.3,773966.84,339202.3,1896.3,3.29%,1113169.14,Trailing Stop (7% drop) - exactly 7.53% drop
"Dec 18, 2022",NHPC,SELL,283.0,190.0,53770.0,827736.84,279912.0,-3962.0,-6.86%,1107648.84,Trailing Stop (7% drop) - exactly 9.95% drop
"Dec 18, 2022",AHPC,SELL,199.0,254.0,50546.0,878282.84,229366.0,-4776.0,-8.63%,1107648.84,Trailing Stop (7% drop) - exactly 8.63% drop
"Dec 26, 2022",LICN,BUY,39.0,1410.1,-54993.9,823288.94,294617.9,0.0,0.00%,1117906.84,Trend Entry (Str: 0.03)
"Dec 28, 2022",JFL,BUY,134.0,420.0,-56280.0,767008.94,359358.4,0.0,0.00%,1126367.34,Trend Entry (Str: 0.12)
"Dec 28, 2022",NABBC,BUY,143.0,393.0,-56199.0,710809.94,415557.4,0.0,0.00%,1126367.34,Trend Entry (Str: 0.09)
"Dec 29, 2022",EDBL,BUY,170.0,335.0,-56950.0,653859.94,485411.2,0.0,0.00%,1139271.14,Trend Entry (Str: 0.09)
"Jan 01, 2023",ALICL,SELL,120.0,632.0,75840.0,729699.94,415918.8,18732.0,32.80%,1145618.74,Take Profit (25% up) - exactly 32.80% up
"Jan 01, 2023",PROFL,BUY,179.0,320.0,-57280.0,672419.94,473198.8,0.0,0.00%,1145618.74,Trend Entry (Str: 0.11)
"Jan 01, 2023",GMFIL,BUY,166.0,343.0,-56938.0,615481.94,530136.8,0.0,0.00%,1145618.74,Trend Entry (Str: 0.08)
"Jan 02, 2023",NHPC,BUY,236.0,243.0,-57348.0,558133.94,593561.0,0.0,0.00%,1151694.94,Trend Entry (Str: 0.19)
"Jan 02, 2023",BFC,BUY,161.0,357.0,-57477.0,500656.94,651038.0,0.0,0.00%,1151694.94,Trend Entry (Str: 0.13)
"Jan 02, 2023",PFL,BUY,148.0,388.0,-57424.0,443232.94,708462.0,0.0,0.00%,1151694.94,Trend Entry (Str: 0.13)
"Jan 02, 2023",AHPC,BUY,192.0,299.0,-57408.0,385824.94,765870.0,0.0,0.00%,1151694.94,Trend Entry (Str: 0.09)
"Jan 02, 2023",CORBL,BUY,188.0,306.0,-57528.0,328296.94,823398.0,0.0,0.00%,1151694.94,Trend Entry (Str: 0.08)
"Jan 02, 2023",JBBL,BUY,189.0,304.0,-57456.0,270840.94,880854.0,0.0,0.00%,1151694.94,Trend Entry (Str: 0.07)
"Jan 02, 2023",CZBIL,BUY,296.0,194.2,-57483.2,213357.74,938337.2,0.0,0.00%,1151694.94,Trend Entry (Str: 0.06)
"Jan 03, 2023",MBL,BUY,243.0,235.0,-57105.0,156252.74,986183.9,0.0,0.00%,1142436.64,Trend Entry (Str: 0.07)
"Jan 03, 2023",SBI,BUY,191.0,299.0,-57109.0,99143.74,1043292.9,0.0,0.00%,1142436.64,Trend Entry (Str: 0.04)
"Jan 03, 2023",ICFC,BUY,126.0,451.0,-56826.0,42317.74,1100118.9,0.0,0.00%,1142436.64,Trend Entry (Str: 0.03)
"Jan 04, 2023",EBL,BUY,81.0,520.0,-42120.0,197.74,1182284.9,0.0,0.00%,1182482.64,Trend Entry (Str: 0.10)
"Jan 12, 2023",JFL,SELL,134.0,425.3,56990.2,57187.94,1142146.2,710.2,1.26%,1199334.14,Trailing Stop (7% drop) - exactly 7.54% drop
"Jan 12, 2023",PROFL,SELL,179.0,342.0,61218.0,118405.94,1080928.2,3938.0,6.88%,1199334.14,Trailing Stop (7% drop) - exactly 8.80% drop
"Jan 12, 2023",GMFIL,SELL,166.0,356.1,59112.6,177518.54,1021815.6,2174.6,3.82%,1199334.14,Trailing Stop (7% drop) - exactly 8.22% drop
"Jan 12, 2023",BFC,SELL,161.0,355.0,57155.0,234673.54,964660.6,-322.0,-0.56%,1199334.14,Trailing Stop (7% drop) - exactly 9.55% drop
"Jan 12, 2023",PFL,SELL,148.0,386.0,57128.0,291801.54,907532.6,-296.0,-0.52%,1199334.14,Trailing Stop (7% drop) - exactly 9.18% drop
"Jan 12, 2023",CORBL,SELL,188.0,317.0,59596.0,351397.54,847936.6,2068.0,3.59%,1199334.14,Trailing Stop (7% drop) - exactly 8.09% drop
"Jan 12, 2023",ALICL,BUY,87.0,684.0,-59508.0,291889.54,907444.6,0.0,0.00%,1199334.14,Trend Entry (Str: 0.20)
"Jan 12, 2023",SANIMA,BUY,230.0,260.1,-59823.0,232066.54,967267.6,0.0,0.00%,1199334.14,Trend Entry (Str: 0.08)
"Jan 12, 2023",NMB,BUY,243.0,246.0,-59778.0,172288.54,1027045.6,0.0,0.00%,1199334.14,Trend Entry (Str: 0.03)
"Jan 12, 2023",PCBL,BUY,260.0,230.0,-59800.0,112488.54,1086845.6,0.0,0.00%,1199334.14,Trend Entry (Str: 0.03)
"Jan 17, 2023",PROFL,BUY,168.0,360.0,-60480.0,52008.54,1163041.9,0.0,0.00%,1215050.44,Trend Entry (Str: 0.17)
"Jan 17, 2023",CORBL,BUY,153.0,339.0,-51867.0,141.54,1214908.9,0.0,0.00%,1215050.44,Trend Entry (Str: 0.16)
"Jan 19, 2023",LICN,SELL,39.0,1530.0,59670.0,59811.54,1157994.9,4676.1,8.50%,1217806.44,Trailing Stop (7% drop) - exactly 7.20% drop
"Jan 19, 2023",PFL,BUY,146.0,408.0,-59568.0,243.54,1217562.9,0.0,0.00%,1217806.44,Trend Entry (Str: 0.14)
"Jan 23, 2023",ADBL,SELL,186.0,312.1,58050.6,58294.14,1145749.1,-725.4,-1.23%,1204043.24,Trailing Stop (7% drop) - exactly 9.80% drop
"Jan 23, 2023",MFIL,BUY,124.0,469.0,-58156.0,138.14,1203905.1,0.0,0.00%,1204043.24,Trend Entry (Str: 0.10)
"Jan 24, 2023",CORBL,SELL,153.0,319.0,48807.0,48945.14,1165071.1,-3060.0,-5.90%,1214016.24,Trailing Stop (7% drop) - exactly 7.46% drop
"Jan 24, 2023",GMFIL,BUY,126.0,387.0,-48762.0,183.14,1213833.1,0.0,0.00%,1214016.24,Trend Entry (Str: 0.15)
"Jan 29, 2023",EDBL,SELL,170.0,345.0,58650.0,58833.14,1134462.9,1700.0,2.99%,1193296.04,Trailing Stop (7% drop) - exactly 8.00% drop
"Jan 29, 2023",CZBIL,SELL,296.0,194.4,57542.4,116375.54,1076920.5,59.2,0.10%,1193296.04,Trailing Stop (7% drop) - exactly 7.87% drop
"Jan 29, 2023",KBL,BUY,305.0,195.0,-59475.0,56900.54,1136395.5,0.0,0.00%,1193296.04,Trend Entry (Str: 0.03)
"Jan 30, 2023",CIT,SELL,30.0,2061.0,61830.0,118730.54,1043614.3,4080.0,7.06%,1162344.84,Trailing Stop (7% drop) - exactly 8.40% drop
"Jan 30, 2023",NHPC,SELL,236.0,259.0,61124.0,179854.54,982490.3,3776.0,6.58%,1162344.84,Trailing Stop (7% drop) - exactly 8.48% drop
"Jan 30, 2023",JBBL,SELL,189.0,297.0,56133.0,235987.54,926357.3,-1323.0,-2.30%,1162344.84,Trailing Stop (7% drop) - exactly 8.62% drop
"Jan 30, 2023",ICFC,SELL,126.0,465.0,58590.0,294577.54,867767.3,1764.0,3.10%,1162344.84,Trailing Stop (7% drop) - exactly 7.92% drop
"Jan 30, 2023",PROFL,SELL,168.0,333.0,55944.0,350521.54,811823.3,-4536.0,-7.50%,1162344.84,Trailing Stop (7% drop) - exactly 7.50% drop
"Jan 30, 2023",PFL,SELL,146.0,395.0,57670.0,408191.54,754153.3,-1898.0,-3.19%,1162344.84,Trailing Stop (7% drop) - exactly 9.82% drop
"Jan 30, 2023",GMFIL,SELL,126.0,359.9,45347.4,453538.94,708805.9,-3414.6,-7.00%,1162344.84,Trailing Stop (7% drop) - exactly 7.00% drop
"Jan 31, 2023",NABBC,SELL,143.0,430.1,61504.3,515043.24,639045.4,5305.3,9.44%,1154088.64,Trailing Stop (7% drop) - exactly 9.45% drop
"Feb 01, 2023",AHPC,SELL,192.0,302.0,57984.0,573027.24,575377.5,576.0,1.00%,1148404.74,Trailing Stop (7% drop) - exactly 14.20% drop
"Feb 01, 2023",MBL,SELL,243.0,234.1,56886.3,629913.54,518491.2,-218.7,-0.38%,1148404.74,Trailing Stop (7% drop) - exactly 7.83% drop
"Feb 02, 2023",ALICL,SELL,87.0,670.0,58290.0,688203.54,456158.6,-1218.0,-2.05%,1144362.14,Trailing Stop (7% drop) - exactly 7.27% drop
"Feb 02, 2023",SANIMA,SELL,230.0,245.0,56350.0,744553.54,399808.6,-3473.0,-5.81%,1144362.14,Trailing Stop (7% drop) - exactly 7.20% drop
"Feb 02, 2023",MFIL,SELL,124.0,451.3,55961.2,800514.74,343847.4,-2194.8,-3.77%,1144362.14,Trailing Stop (7% drop) - exactly 8.18% drop
"Feb 05, 2023",PFL,BUY,134.0,425.3,-56990.2,743524.54,401776.6,0.0,0.00%,1145301.14,Trend Entry (Str: 0.10)
"Feb 06, 2023",MBL,BUY,236.0,243.0,-57348.0,686176.54,464254.0,0.0,0.00%,1150430.54,Trend Entry (Str: 0.03)
"Feb 07, 2023",PROFL,BUY,156.0,370.0,-57720.0,628456.54,533339.5,0.0,0.00%,1161796.04,Trend Entry (Str: 0.10)
"Feb 07, 2023",MFIL,BUY,118.0,492.0,-58056.0,570400.54,591395.5,0.0,0.00%,1161796.04,Trend Entry (Str: 0.09)
"Feb 07, 2023",NHPC,BUY,218.0,266.0,-57988.0,512412.54,649383.5,0.0,0.00%,1161796.04,Trend Entry (Str: 0.07)
"Feb 07, 2023",ALICL,BUY,82.0,708.0,-58056.0,454356.54,707439.5,0.0,0.00%,1161796.04,Trend Entry (Str: 0.07)
"Feb 07, 2023",CORBL,BUY,177.0,328.0,-58056.0,396300.54,765495.5,0.0,0.00%,1161796.04,Trend Entry (Str: 0.05)
"Feb 07, 2023",ICFC,BUY,119.0,488.0,-58072.0,338228.54,823567.5,0.0,0.00%,1161796.04,Trend Entry (Str: 0.04)
"Feb 07, 2023",EDBL,BUY,161.0,360.0,-57960.0,280268.54,881527.5,0.0,0.00%,1161796.04,Trend Entry (Str: 0.04)
"Feb 07, 2023",SANIMA,BUY,227.0,255.5,-57998.5,222270.04,939526.0,0.0,0.00%,1161796.04,Trend Entry (Str: 0.03)
"Feb 08, 2023",NABBC,BUY,131.0,440.9,-57757.9,164512.14,990986.4,0.0,0.00%,1155498.54,Trend Entry (Str: 0.03)
"Feb 12, 2023",PCBL,SELL,260.0,213.0,55380.0,219892.14,909004.1,-4420.0,-7.39%,1128896.24,Trailing Stop (7% drop) - exactly 7.39% drop
"Feb 12, 2023",PFL,SELL,134.0,408.0,54672.0,274564.14,854332.1,-2318.2,-4.07%,1128896.24,Trailing Stop (7% drop) - exactly 7.25% drop
"Feb 15, 2023",NMB,SELL,243.0,232.9,56594.7,331158.84,789842.2,-3183.3,-5.33%,1121001.04,Trailing Stop (7% drop) - exactly 7.21% drop
"Feb 16, 2023",MBL,SELL,236.0,232.0,54752.0,385910.84,722202.5,-2596.0,-4.53%,1108113.34,Trailing Stop (7% drop) - exactly 7.01% drop
"Feb 16, 2023",PROFL,SELL,156.0,339.0,52884.0,438794.84,669318.5,-4836.0,-8.38%,1108113.34,Trailing Stop (7% drop) - exactly 8.38% drop
"Feb 16, 2023",MFIL,SELL,118.0,453.0,53454.0,492248.84,615864.5,-4602.0,-7.93%,1108113.34,Trailing Stop (7% drop) - exactly 7.93% drop
"Feb 16, 2023",NHPC,SELL,218.0,244.0,53192.0,545440.84,562672.5,-4796.0,-8.27%,1108113.34,Trailing Stop (7% drop) - exactly 8.96% drop
"Feb 16, 2023",ALICL,SELL,82.0,656.0,53792.0,599232.84,508880.5,-4264.0,-7.34%,1108113.34,Trailing Stop (7% drop) - exactly 7.34% drop
"Feb 16, 2023",ICFC,SELL,119.0,451.0,53669.0,652901.84,455211.5,-4403.0,-7.58%,1108113.34,Trailing Stop (7% drop) - exactly 7.58% drop
"Feb 16, 2023",EDBL,SELL,161.0,343.0,55223.0,708124.84,399988.5,-2737.0,-4.72%,1108113.34,Trailing Stop (7% drop) - exactly 7.05% drop
"Feb 16, 2023",SANIMA,SELL,227.0,238.0,54026.0,762150.84,345962.5,-3972.5,-6.85%,1108113.34,Trailing Stop (7% drop) - exactly 8.00% drop
"Feb 20, 2023",SBI,SELL,191.0,325.0,62075.0,824225.84,279520.3,4966.0,8.70%,1103746.14,Trailing Stop (7% drop) - exactly 7.93% drop
"Feb 23, 2023",EBL,SELL,81.0,511.0,41391.0,865616.84,237673.5,-729.0,-1.73%,1103290.34,Trailing Stop (7% drop) - exactly 7.09% drop
"Feb 23, 2023",KBL,SELL,305.0,181.2,55266.0,920882.84,182407.5,-4209.0,-7.08%,1103290.34,Trailing Stop (7% drop) - exactly 7.08% drop
"Feb 23, 2023",CORBL,SELL,177.0,320.5,56728.5,977611.34,125679.0,-1327.5,-2.29%,1103290.34,Trailing Stop (7% drop) - exactly 7.10% drop
"Mar 05, 2023",NABBC,SELL,131.0,400.0,52400.0,1030011.34,68284.0,-5357.9,-9.28%,1098295.34,Trailing Stop (7% drop) - exactly 9.28% drop
"Mar 13, 2023",NICA,SELL,86.0,777.0,66822.0,1096833.34,0.0,7052.0,11.80%,1096833.34,Trailing Stop (7% drop) - exactly 8.05% drop
"Mar 28, 2023",CIT,BUY,26.0,2057.0,-53482.0,1043351.34,53482.0,0.0,0.00%,1096833.34,Trend Entry (Str: 0.01)
"Apr 05, 2023",SANIMA,BUY,228.0,240.0,-54720.0,988631.34,107448.0,0.0,0.00%,1096079.34,Trend Entry (Str: 0.00)
"Apr 16, 2023",NMB,BUY,233.0,235.0,-54755.0,933876.34,164533.0,0.0,0.00%,1098409.34,Trend Entry (Str: 0.05)
"Apr 19, 2023",GBIME,BUY,284.0,193.3,-54897.2,878979.14,219901.4,0.0,0.00%,1098880.54,Trend Entry (Str: 0.04)
"Apr 19, 2023",EBL,BUY,107.0,511.5,-54730.5,824248.64,274631.9,0.0,0.00%,1098880.54,Trend Entry (Str: 0.02)
"Apr 19, 2023",MBL,BUY,241.0,227.1,-54731.1,769517.54,329363.0,0.0,0.00%,1098880.54,Trend Entry (Str: 0.01)
"Apr 20, 2023",SBI,BUY,170.0,322.9,-54893.0,714624.54,384078.8,0.0,0.00%,1098703.34,Trend Entry (Str: 0.03)
"Apr 25, 2023",NICA,BUY,74.0,735.0,-54390.0,660234.54,439509.6,0.0,0.00%,1099744.14,Trend Entry (Str: 0.03)
"Apr 25, 2023",PCBL,BUY,274.0,200.0,-54800.0,605434.54,494309.6,0.0,0.00%,1099744.14,Trend Entry (Str: 0.01)
"May 02, 2023",MFIL,BUY,124.0,438.0,-54312.0,551122.54,542892.1,0.0,0.00%,1094014.64,Trend Entry (Str: 0.01)
"May 23, 2023",PFL,BUY,139.0,397.8,-55294.2,495828.34,613000.8,0.0,0.00%,1108829.14,Trend Entry (Str: 0.12)
"May 23, 2023",LICN,BUY,40.0,1373.0,-54920.0,440908.34,667920.8,0.0,0.00%,1108829.14,Trend Entry (Str: 0.06)
"May 28, 2023",JBBL,BUY,205.0,267.9,-54919.5,385988.84,716704.5,0.0,0.00%,1102693.34,Trend Entry (Str: 0.02)
"May 28, 2023",EDBL,BUY,190.0,289.9,-55081.0,330907.84,771785.5,0.0,0.00%,1102693.34,Trend Entry (Str: 0.02)
"May 28, 2023",ICFC,BUY,131.0,419.1,-54902.1,276005.74,826687.6,0.0,0.00%,1102693.34,Trend Entry (Str: 0.01)
"May 30, 2023",PFL,SELL,139.0,355.0,49345.0,325350.74,756330.1,-5949.2,-10.76%,1081680.84,Trailing Stop (7% drop) - exactly 10.76% drop
"May 30, 2023",CORBL,BUY,181.0,297.5,-53847.5,271503.24,810177.6,0.0,0.00%,1081680.84,Trend Entry (Str: 0.02)
"May 30, 2023",CZBIL,BUY,309.0,174.7,-53982.3,217520.94,864159.9,0.0,0.00%,1081680.84,Trend Entry (Str: 0.00)
"May 31, 2023",NMB,SELL,233.0,221.0,51493.0,269013.94,794188.3,-3262.0,-5.96%,1063202.24,Trailing Stop (7% drop) - exactly 7.53% drop
"May 31, 2023",LICN,SELL,40.0,1272.0,50880.0,319893.94,743308.3,-4040.0,-7.36%,1063202.24,Trailing Stop (7% drop) - exactly 7.48% drop
"Jun 04, 2023",ALICL,BUY,91.0,594.0,-54054.0,265839.94,818386.8,0.0,0.00%,1084226.74,Trend Entry (Str: 0.05)
"Jun 04, 2023",LICN,BUY,40.0,1341.9,-53676.0,212163.94,872062.8,0.0,0.00%,1084226.74,Trend Entry (Str: 0.04)
"Jun 04, 2023",NHPC,BUY,245.0,221.0,-54145.0,158018.94,926207.8,0.0,0.00%,1084226.74,Trend Entry (Str: 0.03)
"Jun 04, 2023",NABBC,BUY,141.0,383.0,-54003.0,104015.94,980210.8,0.0,0.00%,1084226.74,Trend Entry (Str: 0.00)
"Jun 05, 2023",AHPC,BUY,185.0,289.0,-53465.0,50550.94,1023367.5,0.0,0.00%,1073918.44,Trend Entry (Str: 0.01)
"Jun 05, 2023",JFL,BUY,141.0,357.0,-50337.0,213.94,1073704.5,0.0,0.00%,1073918.44,Trend Entry (Str: 0.01)
"Jun 18, 2023",NHPC,SELL,245.0,199.8,48951.0,49164.94,1107314.5,-5194.0,-9.59%,1156479.44,Trailing Stop (7% drop) - exactly 13.88% drop
"Jun 18, 2023",GMFIL,BUY,146.0,334.8,-48880.8,284.14,1156195.3,0.0,0.00%,1156479.44,Trend Entry (Str: 0.10)
"Jun 19, 2023",CIT,SELL,26.0,2598.0,67548.0,67832.14,1107825.5,14066.0,26.30%,1175657.64,Take Profit (25% up) - exactly 26.30% up
"Jun 19, 2023",PROFL,BUY,170.0,344.0,-58480.0,9352.14,1166305.5,0.0,0.00%,1175657.64,Trend Entry (Str: 0.15)
"Jun 19, 2023",BFC,BUY,27.0,343.0,-9261.0,91.14,1175566.5,0.0,0.00%,1175657.64,Trend Entry (Str: 0.12)
"Jun 22, 2023",JFL,SELL,141.0,385.1,54299.1,54390.24,1086299.9,3962.1,7.87%,1140690.14,Trailing Stop (7% drop) - exactly 7.85% drop
"Jun 25, 2023",LICN,SELL,40.0,1742.4,69696.0,124086.24,1064346.4,16020.0,29.85%,1188432.64,Take Profit (25% up) - exactly 29.85% up
"Jun 25, 2023",CIT,BUY,22.0,2651.0,-58322.0,65764.24,1122668.4,0.0,0.00%,1188432.64,Trend Entry (Str: 0.16)
"Jun 25, 2023",PFL,BUY,149.0,396.5,-59078.5,6685.74,1181746.9,0.0,0.00%,1188432.64,Trend Entry (Str: 0.07)
"Jun 26, 2023",AHPC,SELL,185.0,288.1,53298.5,59984.24,1146442.1,-166.5,-0.31%,1206426.34,Trailing Stop (7% drop) - exactly 7.96% drop
"Jun 26, 2023",JFL,BUY,144.0,414.9,-59745.6,238.64,1206187.7,0.0,0.00%,1206426.34,Trend Entry (Str: 0.12)
"Jun 27, 2023",MFIL,SELL,124.0,550.0,68200.0,68438.64,1175495.4,13888.0,25.57%,1243934.04,Take Profit (25% up) - exactly 25.57% up
"Jun 27, 2023",ICFC,SELL,131.0,530.0,69430.0,137868.64,1106065.4,14527.9,26.46%,1243934.04,Take Profit (25% up) - exactly 26.46% up
"Jun 27, 2023",KBL,BUY,364.0,170.8,-62171.2,75697.44,1168236.6,0.0,0.00%,1243934.04,Trend Entry (Str: 0.04)
"Jun 27, 2023",ADBL,BUY,261.0,237.4,-61961.4,13736.04,1230198.0,0.0,0.00%,1243934.04,Trend Entry (Str: 0.03)
"Jun 27, 2023",NABIL,BUY,22.0,608.9,-13395.8,340.24,1243593.8,0.0,0.00%,1243934.04,Trend Entry (Str: 0.03)
"Jun 28, 2023",ALICL,SELL,91.0,772.0,70252.0,70592.24,1152678.3,16198.0,29.97%,1223270.54,Take Profit (25% up) - exactly 29.97% up
"Jun 28, 2023",PROFL,SELL,170.0,438.6,74562.0,145154.24,1078116.3,16082.0,27.50%,1223270.54,Take Profit (25% up) - exactly 27.50% up
"Jul 02, 2023",JBBL,SELL,205.0,288.1,59060.5,204214.74,991951.0,4141.0,7.54%,1196165.74,Trailing Stop (7% drop) - exactly 8.16% drop
"Jul 02, 2023",GMFIL,SELL,146.0,364.0,53144.0,257358.74,938807.0,4263.2,8.72%,1196165.74,Trailing Stop (7% drop) - exactly 7.14% drop
"Jul 02, 2023",PROFL,BUY,138.0,432.0,-59616.0,197742.74,998423.0,0.0,0.00%,1196165.74,Trend Entry (Str: 0.33)
"Jul 02, 2023",ALICL,BUY,77.0,775.0,-59675.0,138067.74,1058098.0,0.0,0.00%,1196165.74,Trend Entry (Str: 0.22)
"Jul 02, 2023",MFIL,BUY,112.0,530.0,-59360.0,78707.74,1117458.0,0.0,0.00%,1196165.74,Trend Entry (Str: 0.15)
"Jul 02, 2023",LICN,BUY,36.0,1648.0,-59328.0,19379.74,1176786.0,0.0,0.00%,1196165.74,Trend Entry (Str: 0.14)
"Jul 02, 2023",ICFC,BUY,38.0,508.0,-19304.0,75.74,1196090.0,0.0,0.00%,1196165.74,Trend Entry (Str: 0.13)
"Jul 03, 2023",SBI,SELL,170.0,344.0,58480.0,58555.74,1132372.4,3587.0,6.53%,1190928.14,Trailing Stop (7% drop) - exactly 7.45% drop
"Jul 03, 2023",EDBL,SELL,190.0,316.0,60040.0,118595.74,1072332.4,4959.0,9.00%,1190928.14,Trailing Stop (7% drop) - exactly 7.03% drop
"Jul 03, 2023",PFL,SELL,149.0,384.0,57216.0,175811.74,1015116.4,-1862.5,-3.15%,1190928.14,Trailing Stop (7% drop) - exactly 7.29% drop
"Jul 03, 2023",JFL,SELL,144.0,393.0,56592.0,232403.74,958524.4,-3153.6,-5.28%,1190928.14,Trailing Stop (7% drop) - exactly 7.53% drop
"Jul 04, 2023",CIT,SELL,22.0,2139.0,47058.0,279461.74,904587.0,-11264.0,-19.31%,1184048.74,Trailing Stop (7% drop) - exactly 19.86% drop
"Jul 04, 2023",KBL,SELL,364.0,158.1,57548.4,337010.14,847038.6,-4622.8,-7.44%,1184048.74,Trailing Stop (7% drop) - exactly 7.44% drop
"Jul 05, 2023",MBL,SELL,241.0,225.9,54441.9,391452.04,779937.8,-289.2,-0.53%,1171389.84,Trailing Stop (7% drop) - exactly 8.17% drop
"Jul 05, 2023",CZBIL,SELL,309.0,166.0,51294.0,442746.04,728643.8,-2688.3,-4.98%,1171389.84,Trailing Stop (7% drop) - exactly 7.21% drop
"Jul 05, 2023",NABBC,SELL,141.0,397.3,56019.3,498765.34,672624.5,2016.3,3.73%,1171389.84,Trailing Stop (7% drop) - exactly 10.11% drop
"Jul 05, 2023",BFC,SELL,27.0,330.3,8918.1,507683.44,663706.4,-342.9,-3.70%,1171389.84,Trailing Stop (7% drop) - exactly 7.22% drop
"Jul 09, 2023",GBIME,SELL,284.0,178.9,50807.6,558491.04,618443.9,-4089.6,-7.45%,1176934.94,Trailing Stop (7% drop) - exactly 7.45% drop
"Jul 09, 2023",GMFIL,BUY,158.0,372.0,-58776.0,499715.04,677219.9,0.0,0.00%,1176934.94,Trend Entry (Str: 0.11)
"Jul 09, 2023",PFL,BUY,148.0,396.0,-58608.0,441107.04,735827.9,0.0,0.00%,1176934.94,Trend Entry (Str: 0.04)
"Jul 10, 2023",PROFL,SELL,138.0,428.0,59064.0,500171.04,682881.9,-552.0,-0.93%,1183052.94,Trailing Stop (7% drop) - exactly 7.16% drop
"Jul 10, 2023",BFC,BUY,168.0,351.8,-59102.4,441068.64,741984.3,0.0,0.00%,1183052.94,Trend Entry (Str: 0.09)
"Jul 10, 2023",JFL,BUY,146.0,403.9,-58969.4,382099.24,800953.7,0.0,0.00%,1183052.94,Trend Entry (Str: 0.05)
"Jul 11, 2023",JBBL,BUY,198.0,302.0,-59796.0,322303.24,873896.9,0.0,0.00%,1196200.14,Trend Entry (Str: 0.06)
"Jul 11, 2023",EDBL,BUY,182.0,328.0,-59696.0,262607.24,933592.9,0.0,0.00%,1196200.14,Trend Entry (Str: 0.06)
"Jul 11, 2023",NABBC,BUY,141.0,423.0,-59643.0,202964.24,993235.9,0.0,0.00%,1196200.14,Trend Entry (Str: 0.05)
"Jul 12, 2023",CORBL,SELL,181.0,377.0,68237.0,271201.24,923775.0,14389.5,26.72%,1194976.24,Take Profit (25% up) - exactly 26.72% up
"Jul 13, 2023",SBI,BUY,172.0,342.9,-58978.8,212222.44,972757.0,0.0,0.00%,1184979.44,Trend Entry (Str: 0.01)
"Jul 16, 2023",CORBL,BUY,169.0,350.0,-59150.0,153072.44,1035958.4,0.0,0.00%,1189030.84,Trend Entry (Str: 0.09)
"Jul 18, 2023",PROFL,BUY,141.0,435.0,-61335.0,91737.44,1139432.1,0.0,0.00%,1231169.54,Trend Entry (Str: 0.14)
"Jul 19, 2023",CZBIL,BUY,320.0,193.2,-61824.0,29913.44,1207900.2,0.0,0.00%,1237813.64,Trend Entry (Str: 0.12)
"Jul 19, 2023",KBL,BUY,166.0,179.8,-29846.8,66.64,1237747.0,0.0,0.00%,1237813.64,Trend Entry (Str: 0.10)
"Jul 23, 2023",SANIMA,SELL,228.0,301.0,68628.0,68694.64,1206056.9,13908.0,25.42%,1274751.54,Take Profit (25% up) - exactly 25.42% up
"Jul 23, 2023",GBIME,BUY,285.0,222.9,-63526.5,5168.14,1269583.4,0.0,0.00%,1274751.54,Trend Entry (Str: 0.20)
"Jul 23, 2023",MBL,BUY,19.0,265.0,-5035.0,133.14,1274618.4,0.0,0.00%,1274751.54,Trend Entry (Str: 0.13)
"Jul 25, 2023",CORBL,SELL,169.0,358.0,60502.0,60635.14,1160482.8,1352.0,2.29%,1221117.94,Trailing Stop (7% drop) - exactly 8.18% drop
"Jul 25, 2023",CZBIL,SELL,320.0,186.4,59648.0,120283.14,1100834.8,-2176.0,-3.52%,1221117.94,Trailing Stop (7% drop) - exactly 7.26% drop
"Jul 25, 2023",NMB,BUY,258.0,236.6,-61042.8,59240.34,1161877.6,0.0,0.00%,1221117.94,Trend Entry (Str: 0.03)
"Jul 27, 2023",ALICL,SELL,77.0,718.0,55286.0,114526.34,1082187.7,-4389.0,-7.35%,1196714.04,Trailing Stop (7% drop) - exactly 7.35% drop
"Jul 27, 2023",MFIL,SELL,112.0,525.5,58856.0,173382.34,1023331.7,-504.0,-0.85%,1196714.04,Trailing Stop (7% drop) - exactly 7.97% drop
"Jul 27, 2023",LICN,SELL,36.0,1518.0,54648.0,228030.34,968683.7,-4680.0,-7.89%,1196714.04,Trailing Stop (7% drop) - exactly 8.28% drop
"Jul 27, 2023",ICFC,SELL,38.0,499.0,18962.0,246992.34,949721.7,-342.0,-1.77%,1196714.04,Trailing Stop (7% drop) - exactly 7.88% drop
"Jul 27, 2023",GMFIL,SELL,158.0,390.2,61651.6,308643.94,888070.1,2875.6,4.89%,1196714.04,Trailing Stop (7% drop) - exactly 7.32% drop
"Jul 27, 2023",PFL,SELL,148.0,386.0,57128.0,365771.94,830942.1,-1480.0,-2.53%,1196714.04,Trailing Stop (7% drop) - exactly 8.10% drop
"Jul 27, 2023",BFC,SELL,168.0,335.0,56280.0,422051.94,774662.1,-2822.4,-4.78%,1196714.04,Trailing Stop (7% drop) - exactly 8.47% drop
"Jul 27, 2023",JFL,SELL,146.0,399.0,58254.0,480305.94,716408.1,-715.4,-1.21%,1196714.04,Trailing Stop (7% drop) - exactly 7.64% drop
"Jul 27, 2023",JBBL,SELL,198.0,325.0,64350.0,544655.94,652058.1,4554.0,7.62%,1196714.04,Trailing Stop (7% drop) - exactly 7.93% drop
"Jul 27, 2023",EDBL,SELL,182.0,326.0,59332.0,603987.94,592726.1,-364.0,-0.61%,1196714.04,Trailing Stop (7% drop) - exactly 7.39% drop
"Jul 27, 2023",NABBC,SELL,141.0,412.0,58092.0,662079.94,534634.1,-1551.0,-2.60%,1196714.04,Trailing Stop (7% drop) - exactly 9.45% drop
"Jul 27, 2023",KBL,SELL,166.0,175.0,29050.0,691129.94,505584.1,-796.8,-2.67%,1196714.04,Trailing Stop (7% drop) - exactly 7.85% drop
"Jul 27, 2023",SANIMA,BUY,208.0,286.4,-59571.2,631558.74,565155.3,0.0,0.00%,1196714.04,Trend Entry (Str: 0.08)
"Jul 30, 2023",ADBL,SELL,261.0,246.8,64414.8,695973.54,494160.2,2453.4,3.96%,1190133.74,Trailing Stop (7% drop) - exactly 7.57% drop
"Jul 30, 2023",SBI,SELL,172.0,344.8,59305.6,755279.14,434854.6,326.8,0.55%,1190133.74,Trailing Stop (7% drop) - exactly 7.81% drop
"Jul 30, 2023",PROFL,SELL,141.0,412.0,58092.0,813371.14,376762.6,-3243.0,-5.29%,1190133.74,Trailing Stop (7% drop) - exactly 9.17% drop
"Jul 31, 2023",CZBIL,BUY,311.0,192.0,-59712.0,753659.14,440932.2,0.0,0.00%,1194591.34,Trend Entry (Str: 0.08)
"Aug 01, 2023",PCBL,SELL,274.0,204.0,55896.0,809555.14,381928.2,1096.0,2.00%,1191483.34,Trailing Stop (7% drop) - exactly 7.69% drop
"Aug 06, 2023",ADBL,BUY,224.0,265.0,-59360.0,750195.14,441000.6,0.0,0.00%,1191195.74,Trend Entry (Str: 0.10)
"Aug 07, 2023",GBIME,SELL,285.0,213.0,60705.0,810900.14,377954.7,-2821.5,-4.44%,1188854.84,Trailing Stop (7% drop) - exactly 7.79% drop
"Aug 07, 2023",JBBL,BUY,181.0,328.0,-59368.0,751532.14,437322.7,0.0,0.00%,1188854.84,Trend Entry (Str: 0.06)
"Aug 08, 2023",NABIL,SELL,22.0,600.0,13200.0,764732.14,417249.8,-195.8,-1.46%,1181981.94,Trailing Stop (7% drop) - exactly 7.55% drop
"Aug 14, 2023",GBIME,BUY,277.0,216.0,-59832.0,704900.14,492820.1,0.0,0.00%,1197720.24,Trend Entry (Str: 0.06)
"Aug 27, 2023",JBBL,SELL,181.0,304.0,55024.0,759924.14,419796.9,-4344.0,-7.32%,1179721.04,Trailing Stop (7% drop) - exactly 7.32% drop
"Sep 03, 2023",NMB,SELL,258.0,221.3,57095.4,817019.54,357933.3,-3947.4,-6.47%,1174952.84,Trailing Stop (7% drop) - exactly 7.41% drop
"Sep 05, 2023",GBIME,SELL,277.0,200.1,55427.7,872447.24,301849.0,-4404.3,-7.36%,1174296.24,Trailing Stop (7% drop) - exactly 7.36% drop
"Sep 10, 2023",MBL,SELL,19.0,259.2,4924.8,877372.04,297506.6,-110.2,-2.19%,1174878.64,Trailing Stop (7% drop) - exactly 7.20% drop
"Sep 18, 2023",EBL,SELL,107.0,583.0,62381.0,939753.04,234225.8,7650.5,13.98%,1173978.84,Trailing Stop (7% drop) - exactly 7.17% drop
"Sep 21, 2023",GMFIL,BUY,156.0,376.0,-58656.0,881097.04,294410.2,0.0,0.00%,1175507.24,Trend Entry (Str: 0.08)
"Sep 21, 2023",MFIL,BUY,108.0,540.0,-58320.0,822777.04,352730.2,0.0,0.00%,1175507.24,Trend Entry (Str: 0.04)
"Sep 21, 2023",SBI,BUY,175.0,335.0,-58625.0,764152.04,411355.2,0.0,0.00%,1175507.24,Trend Entry (Str: 0.01)
"Sep 24, 2023",ICFC,BUY,120.0,487.0,-58440.0,705712.04,466171.0,0.0,0.00%,1171883.04,Trend Entry (Str: 0.04)
"Sep 24, 2023",EDBL,BUY,182.0,321.8,-58567.6,647144.44,524738.6,0.0,0.00%,1171883.04,Trend Entry (Str: 0.03)
"Sep 25, 2023",PROFL,BUY,184.0,317.4,-58401.6,588742.84,581351.9,0.0,0.00%,1170094.74,Trend Entry (Str: 0.04)
"Sep 25, 2023",CORBL,BUY,177.0,329.0,-58233.0,530509.84,639584.9,0.0,0.00%,1170094.74,Trend Entry (Str: 0.02)
"Sep 26, 2023",AHPC,BUY,249.0,236.0,-58764.0,471745.84,705951.4,0.0,0.00%,1177697.24,Trend Entry (Str: 0.11)
"Sep 26, 2023",BFC,BUY,184.0,320.0,-58880.0,412865.84,764831.4,0.0,0.00%,1177697.24,Trend Entry (Str: 0.03)
"Sep 27, 2023",NHPC,BUY,371.0,157.0,-58247.0,354618.84,812925.0,0.0,0.00%,1167543.84,Trend Entry (Str: 0.06)
"Sep 27, 2023",JFL,BUY,160.0,363.0,-58080.0,296538.84,871005.0,0.0,0.00%,1167543.84,Trend Entry (Str: 0.02)
"Sep 27, 2023",NABIL,BUY,98.0,591.5,-57967.0,238571.84,928972.0,0.0,0.00%,1167543.84,Trend Entry (Str: 0.00)
"Oct 01, 2023",SANIMA,SELL,208.0,277.2,57657.6,296229.44,852541.6,-1913.6,-3.21%,1148771.04,Trailing Stop (7% drop) - exactly 9.41% drop
"Oct 02, 2023",NICA,SELL,74.0,761.5,56351.0,352580.44,799408.7,1961.0,3.61%,1151989.14,Trailing Stop (7% drop) - exactly 7.36% drop
"Oct 02, 2023",PFL,BUY,160.0,358.1,-57296.0,295284.44,856704.7,0.0,0.00%,1151989.14,Trend Entry (Str: 0.01)
"Oct 02, 2023",GBIME,BUY,277.0,207.4,-57449.8,237834.64,914154.5,0.0,0.00%,1151989.14,Trend Entry (Str: 0.01)
"Oct 03, 2023",CZBIL,SELL,311.0,178.4,55482.4,293317.04,850167.2,-4229.6,-7.08%,1143484.24,Trailing Stop (7% drop) - exactly 7.28% drop
"Oct 04, 2023",KBL,BUY,357.0,161.0,-57477.0,235840.04,914683.2,0.0,0.00%,1150523.24,Trend Entry (Str: 0.01)
"Oct 04, 2023",PCBL,BUY,312.0,184.0,-57408.0,178432.04,972091.2,0.0,0.00%,1150523.24,Trend Entry (Str: 0.01)
"Oct 08, 2023",GMFIL,SELL,156.0,344.0,53664.0,232096.04,899808.3,-4992.0,-8.51%,1131904.34,Trailing Stop (7% drop) - exactly 8.51% drop
"Oct 08, 2023",AHPC,SELL,249.0,219.0,54531.0,286627.04,845277.3,-4233.0,-7.20%,1131904.34,Trailing Stop (7% drop) - exactly 7.20% drop
"Oct 10, 2023",SBI,SELL,175.0,308.8,54040.0,340667.04,779216.1,-4585.0,-7.82%,1119883.14,Trailing Stop (7% drop) - exactly 7.82% drop
"Oct 10, 2023",PROFL,SELL,184.0,300.0,55200.0,395867.04,724016.1,-3201.6,-5.48%,1119883.14,Trailing Stop (7% drop) - exactly 8.81% drop
"Oct 10, 2023",NHPC,SELL,371.0,145.7,54054.7,449921.74,669961.4,-4192.3,-7.20%,1119883.14,Trailing Stop (7% drop) - exactly 7.20% drop
"Oct 12, 2023",ADBL,SELL,224.0,248.3,55619.2,505540.94,610735.2,-3740.8,-6.30%,1116276.14,Trailing Stop (7% drop) - exactly 7.11% drop
"Oct 12, 2023",ICFC,SELL,120.0,454.1,54492.0,560032.94,556243.2,-3948.0,-6.76%,1116276.14,Trailing Stop (7% drop) - exactly 7.33% drop
"Oct 16, 2023",MFIL,SELL,108.0,498.0,53784.0,613816.94,496362.5,-4536.0,-7.78%,1110179.44,Trailing Stop (7% drop) - exactly 7.78% drop
"Oct 16, 2023",BFC,SELL,184.0,295.3,54335.2,668152.14,442027.3,-4544.8,-7.72%,1110179.44,Trailing Stop (7% drop) - exactly 7.72% drop
"Oct 17, 2023",EDBL,SELL,182.0,310.0,56420.0,724572.14,389136.7,-2147.6,-3.67%,1113708.84,Trailing Stop (7% drop) - exactly 7.74% drop
"Oct 29, 2023",NABBC,BUY,149.0,374.0,-55726.0,668846.14,449331.0,0.0,0.00%,1118177.14,Trend Entry (Str: 0.01)
"Nov 05, 2023",CORBL,SELL,177.0,309.0,54693.0,723539.14,383782.3,-3540.0,-6.08%,1107321.44,Trailing Stop (7% drop) - exactly 8.58% drop
"Nov 05, 2023",JFL,SELL,160.0,329.0,52640.0,776179.14,331142.3,-5440.0,-9.37%,1107321.44,Trailing Stop (7% drop) - exactly 9.37% drop
"Nov 05, 2023",PFL,SELL,160.0,330.0,52800.0,828979.14,278342.3,-4496.0,-7.85%,1107321.44,Trailing Stop (7% drop) - exactly 7.85% drop
"Nov 23, 2023",NABIL,SELL,98.0,515.0,50470.0,879449.14,227284.1,-7497.0,-12.93%,1106733.24,Trailing Stop (7% drop) - exactly 12.93% drop
"Nov 27, 2023",CIT,BUY,27.0,1989.0,-53703.0,825746.14,282977.0,0.0,0.00%,1108723.14,Trend Entry (Str: 0.04)
"Nov 27, 2023",MFIL,BUY,104.0,528.0,-54912.0,770834.14,337889.0,0.0,0.00%,1108723.14,Trend Entry (Str: 0.03)
"Nov 28, 2023",LICN,BUY,39.0,1410.0,-54990.0,715844.14,388976.0,0.0,0.00%,1104820.14,Trend Entry (Str: 0.05)
"Nov 30, 2023",EBL,BUY,116.0,473.0,-54868.0,660976.14,437181.1,0.0,0.00%,1098157.24,Trend Entry (Str: 0.01)
"Dec 03, 2023",GBIME,SELL,277.0,196.0,54292.0,715268.14,377945.2,-3157.8,-5.50%,1093213.34,Trailing Stop (7% drop) - exactly 7.11% drop
"Dec 03, 2023",MFIL,SELL,104.0,489.0,50856.0,766124.14,327089.2,-4056.0,-7.39%,1093213.34,Trailing Stop (7% drop) - exactly 7.56% drop
"Dec 03, 2023",CORBL,BUY,167.0,327.0,-54609.0,711515.14,381698.2,0.0,0.00%,1093213.34,Trend Entry (Str: 0.02)
"Dec 06, 2023",KBL,SELL,357.0,149.6,53407.2,764922.34,328504.1,-4069.8,-7.08%,1093426.44,Trailing Stop (7% drop) - exactly 7.08% drop
"Dec 10, 2023",NHPC,BUY,376.0,147.8,-55572.8,709349.54,404785.9,0.0,0.00%,1114135.44,Trend Entry (Str: 0.11)
"Dec 10, 2023",ALICL,BUY,83.0,671.0,-55693.0,653656.54,460478.9,0.0,0.00%,1114135.44,Trend Entry (Str: 0.08)
"Dec 10, 2023",SANIMA,BUY,220.0,253.0,-55660.0,597996.54,516138.9,0.0,0.00%,1114135.44,Trend Entry (Str: 0.06)
"Dec 10, 2023",ICFC,BUY,117.0,474.0,-55458.0,542538.54,571596.9,0.0,0.00%,1114135.44,Trend Entry (Str: 0.06)
"Dec 10, 2023",GMFIL,BUY,161.0,346.0,-55706.0,486832.54,627302.9,0.0,0.00%,1114135.44,Trend Entry (Str: 0.05)
"Dec 10, 2023",MFIL,BUY,108.0,513.0,-55404.0,431428.54,682706.9,0.0,0.00%,1114135.44,Trend Entry (Str: 0.01)
"Dec 11, 2023",BFC,BUY,176.0,312.0,-54912.0,376516.54,725006.5,0.0,0.00%,1101523.04,Trend Entry (Str: 0.06)
"Dec 11, 2023",AHPC,BUY,250.0,219.9,-54975.0,321541.54,779981.5,0.0,0.00%,1101523.04,Trend Entry (Str: 0.05)
"Dec 12, 2023",PFL,BUY,155.0,359.5,-55722.5,265819.04,851190.4,0.0,0.00%,1117009.44,Trend Entry (Str: 0.07)
"Dec 12, 2023",PROFL,BUY,183.0,304.0,-55632.0,210187.04,906822.4,0.0,0.00%,1117009.44,Trend Entry (Str: 0.06)
"Dec 12, 2023",SBI,BUY,176.0,317.0,-55792.0,154395.04,962614.4,0.0,0.00%,1117009.44,Trend Entry (Str: 0.06)
"Dec 13, 2023",EDBL,BUY,164.0,342.0,-56088.0,98307.04,1024976.1,0.0,0.00%,1123283.14,Trend Entry (Str: 0.11)
"Dec 13, 2023",JFL,BUY,153.0,365.1,-55860.3,42446.74,1080836.4,0.0,0.00%,1123283.14,Trend Entry (Str: 0.07)
"Dec 13, 2023",JBBL,BUY,141.0,300.0,-42300.0,146.74,1123136.4,0.0,0.00%,1123283.14,Trend Entry (Str: 0.07)
"Dec 21, 2023",EDBL,SELL,164.0,339.0,55596.0,55742.74,1102292.6,-492.0,-0.88%,1158035.34,Trailing Stop (7% drop) - exactly 7.15% drop
"Dec 21, 2023",CZBIL,BUY,302.0,184.0,-55568.0,174.74,1157860.6,0.0,0.00%,1158035.34,Trend Entry (Str: 0.09)
"Dec 24, 2023",NABBC,SELL,149.0,376.2,56053.8,56228.54,1083504.4,327.8,0.59%,1139732.94,Trailing Stop (7% drop) - exactly 8.24% drop
"Dec 24, 2023",JBBL,SELL,141.0,296.6,41820.6,98049.14,1041683.8,-479.4,-1.13%,1139732.94,Trailing Stop (7% drop) - exactly 7.86% drop
"Dec 24, 2023",KBL,BUY,351.0,162.0,-56862.0,41187.14,1098545.8,0.0,0.00%,1139732.94,Trend Entry (Str: 0.04)
"Dec 24, 2023",MBL,BUY,201.0,203.9,-40983.9,203.24,1139529.7,0.0,0.00%,1139732.94,Trend Entry (Str: 0.04)
"Dec 27, 2023",GMFIL,SELL,161.0,356.1,57332.1,57535.34,1069988.6,1626.1,2.92%,1127523.94,Trailing Stop (7% drop) - exactly 8.22% drop
"Dec 27, 2023",PROFL,SELL,183.0,311.5,57004.5,114539.84,1012984.1,1372.5,2.47%,1127523.94,Trailing Stop (7% drop) - exactly 7.29% drop
"Dec 27, 2023",JFL,SELL,153.0,362.9,55523.7,170063.54,957460.4,-336.6,-0.60%,1127523.94,Trailing Stop (7% drop) - exactly 7.19% drop
"Dec 27, 2023",NICA,BUY,108.0,520.0,-56160.0,113903.54,1013620.4,0.0,0.00%,1127523.94,Trend Entry (Str: 0.02)
"Dec 27, 2023",GBIME,BUY,276.0,204.1,-56331.6,57571.94,1069952.0,0.0,0.00%,1127523.94,Trend Entry (Str: 0.01)
"Dec 28, 2023",NHPC,SELL,376.0,155.0,58280.0,115851.94,1008432.2,2707.2,4.87%,1124284.14,Trailing Stop (7% drop) - exactly 8.55% drop
"Dec 28, 2023",AHPC,SELL,250.0,230.6,57650.0,173501.94,950782.2,2675.0,4.87%,1124284.14,Trailing Stop (7% drop) - exactly 7.39% drop
"Jan 01, 2024",ICFC,SELL,117.0,476.0,55692.0,229193.94,891824.1,234.0,0.42%,1121018.04,Trailing Stop (7% drop) - exactly 7.03% drop
"Jan 01, 2024",MFIL,SELL,108.0,523.0,56484.0,285677.94,835340.1,1080.0,1.95%,1121018.04,Trailing Stop (7% drop) - exactly 8.08% drop
"Jan 02, 2024",EBL,SELL,116.0,505.0,58580.0,344257.94,765235.8,3712.0,6.77%,1109493.74,Trailing Stop (7% drop) - exactly 7.51% drop
"Jan 02, 2024",ALICL,SELL,83.0,637.0,52871.0,397128.94,712364.8,-2822.0,-5.07%,1109493.74,Trailing Stop (7% drop) - exactly 7.95% drop
"Jan 02, 2024",SANIMA,SELL,220.0,251.0,55220.0,452348.94,657144.8,-440.0,-0.79%,1109493.74,Trailing Stop (7% drop) - exactly 7.04% drop
"Jan 02, 2024",BFC,SELL,176.0,314.5,55352.0,507700.94,601792.8,440.0,0.80%,1109493.74,Trailing Stop (7% drop) - exactly 7.77% drop
"Jan 02, 2024",PFL,SELL,155.0,345.0,53475.0,561175.94,548317.8,-2247.5,-4.03%,1109493.74,Trailing Stop (7% drop) - exactly 7.53% drop
"Jan 03, 2024",SBI,SELL,176.0,301.2,53011.2,614187.14,496706.6,-2780.8,-4.98%,1110893.74,Trailing Stop (7% drop) - exactly 7.04% drop
"Jan 03, 2024",NHPC,BUY,342.0,162.0,-55404.0,558783.14,552110.6,0.0,0.00%,1110893.74,Trend Entry (Str: 0.11)
"Jan 04, 2024",LICN,SELL,39.0,1400.0,54600.0,613383.14,494474.5,-390.0,-0.71%,1107857.64,Trailing Stop (7% drop) - exactly 7.22% drop
"Jan 04, 2024",AHPC,BUY,234.0,236.6,-55364.4,558018.74,549838.9,0.0,0.00%,1107857.64,Trend Entry (Str: 0.07)
"Jan 04, 2024",NABBC,BUY,139.0,396.1,-55057.9,502960.84,604896.8,0.0,0.00%,1107857.64,Trend Entry (Str: 0.06)
"Jan 07, 2024",PCBL,SELL,312.0,195.2,60902.4,563863.24,541030.9,3494.4,6.09%,1104894.14,Trailing Stop (7% drop) - exactly 7.53% drop
"Jan 07, 2024",CZBIL,SELL,302.0,168.6,50917.2,614780.44,490113.7,-4650.8,-8.37%,1104894.14,Trailing Stop (7% drop) - exactly 8.37% drop
"Jan 07, 2024",PFL,BUY,153.0,360.0,-55080.0,559700.44,545193.7,0.0,0.00%,1104894.14,Trend Entry (Str: 0.03)
"Jan 08, 2024",PROFL,BUY,177.0,313.0,-55401.0,504299.44,604316.6,0.0,0.00%,1108616.04,Trend Entry (Str: 0.03)
"Jan 08, 2024",GMFIL,BUY,153.0,362.0,-55386.0,448913.44,659702.6,0.0,0.00%,1108616.04,Trend Entry (Str: 0.03)
"Jan 08, 2024",BFC,BUY,173.0,320.0,-55360.0,393553.44,715062.6,0.0,0.00%,1108616.04,Trend Entry (Str: 0.03)
"Jan 08, 2024",ALICL,BUY,84.0,657.0,-55188.0,338365.44,770250.6,0.0,0.00%,1108616.04,Trend Entry (Str: 0.01)
"Jan 08, 2024",JBBL,BUY,189.0,293.0,-55377.0,282988.44,825627.6,0.0,0.00%,1108616.04,Trend Entry (Str: 0.01)
"Jan 09, 2024",EDBL,BUY,160.0,353.9,-56624.0,226364.44,906499.2,0.0,0.00%,1132863.64,Trend Entry (Str: 0.09)
"Jan 09, 2024",JFL,BUY,150.0,376.9,-56535.0,169829.44,963034.2,0.0,0.00%,1132863.64,Trend Entry (Str: 0.06)
"Jan 09, 2024",ICFC,BUY,115.0,490.0,-56350.0,113479.44,1019384.2,0.0,0.00%,1132863.64,Trend Entry (Str: 0.04)
"Jan 09, 2024",EBL,BUY,110.0,512.0,-56320.0,57159.44,1075704.2,0.0,0.00%,1132863.64,Trend Entry (Str: 0.02)
"Jan 09, 2024",MFIL,BUY,105.0,534.8,-56154.0,1005.44,1131858.2,0.0,0.00%,1132863.64,Trend Entry (Str: 0.02)
"Jan 17, 2024",CORBL,SELL,167.0,409.0,68303.0,69308.44,1091968.6,13694.0,25.08%,1161277.04,Take Profit (25% up) - exactly 25.08% up
"Jan 17, 2024",PCBL,BUY,275.0,210.9,-57997.5,11310.94,1149966.1,0.0,0.00%,1161277.04,Trend Entry (Str: 0.06)
"Jan 17, 2024",SANIMA,BUY,42.0,265.0,-11130.0,180.94,1161096.1,0.0,0.00%,1161277.04,Trend Entry (Str: 0.05)
"Jan 21, 2024",AHPC,SELL,234.0,295.9,69240.6,69421.54,1075151.9,13876.2,25.06%,1144573.44,Take Profit (25% up) - exactly 25.06% up
"Jan 21, 2024",PROFL,SELL,177.0,325.4,57595.8,127017.34,1017556.1,2194.8,3.96%,1144573.44,Trailing Stop (7% drop) - exactly 9.06% drop
"Jan 21, 2024",BFC,SELL,173.0,320.5,55446.5,182463.84,962109.6,86.5,0.16%,1144573.44,Trailing Stop (7% drop) - exactly 8.43% drop
"Jan 21, 2024",CORBL,BUY,146.0,390.0,-56940.0,125523.84,1019049.6,0.0,0.00%,1144573.44,Trend Entry (Str: 0.08)
"Jan 22, 2024",CIT,SELL,27.0,2125.0,57375.0,182898.84,943142.6,3672.0,6.84%,1126041.44,Trailing Stop (7% drop) - exactly 7.61% drop
"Jan 22, 2024",GMFIL,SELL,153.0,353.5,54085.5,236984.34,889057.1,-1300.5,-2.35%,1126041.44,Trailing Stop (7% drop) - exactly 10.05% drop
"Jan 22, 2024",JBBL,SELL,189.0,301.0,56889.0,293873.34,832168.1,1512.0,2.73%,1126041.44,Trailing Stop (7% drop) - exactly 7.10% drop
"Jan 22, 2024",EDBL,SELL,160.0,358.0,57280.0,351153.34,774888.1,656.0,1.16%,1126041.44,Trailing Stop (7% drop) - exactly 8.21% drop
"Jan 22, 2024",JFL,SELL,150.0,361.1,54165.0,405318.34,720723.1,-2370.0,-4.19%,1126041.44,Trailing Stop (7% drop) - exactly 7.17% drop
"Jan 22, 2024",SANIMA,SELL,42.0,245.2,10298.4,415616.74,710424.7,-831.6,-7.47%,1126041.44,Trailing Stop (7% drop) - exactly 7.47% drop
"Jan 23, 2024",NICA,SELL,108.0,478.6,51688.8,467305.54,658975.1,-4471.2,-7.96%,1126280.64,Trailing Stop (7% drop) - exactly 7.96% drop
"Jan 24, 2024",MBL,SELL,201.0,192.0,38592.0,505897.54,617685.2,-2391.9,-5.84%,1123582.74,Trailing Stop (7% drop) - exactly 7.91% drop
"Jan 24, 2024",MFIL,SELL,105.0,513.0,53865.0,559762.54,563820.2,-2289.0,-4.08%,1123582.74,Trailing Stop (7% drop) - exactly 7.23% drop
"Jan 30, 2024",JBBL,BUY,183.0,307.9,-56345.7,503416.84,626930.1,0.0,0.00%,1130346.94,Trend Entry (Str: 0.01)
"Jan 31, 2024",PFL,SELL,153.0,361.0,55233.0,558649.84,561844.8,153.0,0.28%,1120494.64,Trailing Stop (7% drop) - exactly 7.44% drop
"Feb 01, 2024",KBL,SELL,351.0,149.0,52299.0,610948.84,500016.2,-4563.0,-8.02%,1110965.04,Trailing Stop (7% drop) - exactly 8.59% drop
"Feb 01, 2024",NHPC,SELL,342.0,168.0,57456.0,668404.84,442560.2,2052.0,3.70%,1110965.04,Trailing Stop (7% drop) - exactly 7.18% drop
"Feb 04, 2024",GBIME,SELL,276.0,194.6,53709.6,722114.44,391529.2,-2622.0,-4.65%,1113643.64,Trailing Stop (7% drop) - exactly 7.07% drop
"Feb 05, 2024",ICFC,SELL,115.0,477.6,54924.0,777038.44,339167.7,-1426.0,-2.53%,1116206.14,Trailing Stop (7% drop) - exactly 7.26% drop
"Feb 05, 2024",BFC,BUY,168.0,332.0,-55776.0,721262.44,394943.7,0.0,0.00%,1116206.14,Trend Entry (Str: 0.02)
"Feb 05, 2024",PFL,BUY,150.0,370.0,-55500.0,665762.44,450443.7,0.0,0.00%,1116206.14,Trend Entry (Str: 0.01)
"Feb 06, 2024",EDBL,BUY,155.0,358.9,-55629.5,610132.94,509150.5,0.0,0.00%,1119283.44,Trend Entry (Str: 0.02)
"Feb 07, 2024",JFL,BUY,152.0,368.0,-55936.0,554196.94,565410.0,0.0,0.00%,1119606.94,Trend Entry (Str: 0.01)
"Feb 12, 2024",NHPC,BUY,328.0,172.0,-56416.0,497780.94,632985.7,0.0,0.00%,1130766.64,Trend Entry (Str: 0.03)
"Feb 15, 2024",ICFC,BUY,112.0,500.0,-56000.0,441780.94,684294.0,0.0,0.00%,1126074.94,Trend Entry (Str: 0.03)
"Feb 20, 2024",ALICL,SELL,84.0,606.0,50904.0,492684.94,615251.2,-4284.0,-7.76%,1107936.14,Trailing Stop (7% drop) - exactly 14.41% drop
"Feb 21, 2024",PCBL,SELL,275.0,197.8,54395.0,547079.94,557955.0,-3602.5,-6.21%,1105034.94,Trailing Stop (7% drop) - exactly 7.14% drop
"Feb 21, 2024",CORBL,SELL,146.0,416.1,60750.6,607830.54,497204.4,3810.6,6.69%,1105034.94,Trailing Stop (7% drop) - exactly 7.53% drop
"Feb 22, 2024",EBL,SELL,110.0,512.3,56353.0,664183.54,437671.1,33.0,0.06%,1101854.64,Trailing Stop (7% drop) - exactly 7.53% drop
"Feb 22, 2024",NHPC,SELL,328.0,157.2,51561.6,715745.14,386109.5,-4854.4,-8.60%,1101854.64,Trailing Stop (7% drop) - exactly 8.60% drop
"Feb 26, 2024",CORBL,BUY,128.0,428.5,-54848.0,660897.14,443100.2,0.0,0.00%,1103997.34,Trend Entry (Str: 0.06)
"Feb 29, 2024",JBBL,SELL,183.0,284.0,51972.0,712869.14,374245.2,-4373.7,-7.76%,1087114.34,Trailing Stop (7% drop) - exactly 8.33% drop
"Feb 29, 2024",BFC,SELL,168.0,315.0,52920.0,765789.14,321325.2,-2856.0,-5.12%,1087114.34,Trailing Stop (7% drop) - exactly 9.74% drop
"Feb 29, 2024",PFL,SELL,150.0,354.0,53100.0,818889.14,268225.2,-2400.0,-4.32%,1087114.34,Trailing Stop (7% drop) - exactly 9.28% drop
"Feb 29, 2024",EDBL,SELL,155.0,339.0,52545.0,871434.14,215680.2,-3084.5,-5.54%,1087114.34,Trailing Stop (7% drop) - exactly 7.63% drop
"Feb 29, 2024",JFL,SELL,152.0,354.0,53808.0,925242.14,161872.2,-2128.0,-3.80%,1087114.34,Trailing Stop (7% drop) - exactly 8.29% drop
"Mar 03, 2024",ICFC,SELL,112.0,464.0,51968.0,977210.14,108519.0,-4032.0,-7.20%,1085729.14,Trailing Stop (7% drop) - exactly 7.20% drop
"Mar 04, 2024",BFC,BUY,161.0,338.4,-54482.4,922727.74,169570.7,0.0,0.00%,1092298.44,Trend Entry (Str: 0.03)
"Mar 05, 2024",NABBC,SELL,139.0,398.0,55322.0,978049.74,104582.0,264.1,0.48%,1082631.74,Trailing Stop (7% drop) - exactly 7.44% drop
"Mar 10, 2024",ICFC,BUY,110.0,493.0,-54230.0,923819.74,164877.8,0.0,0.00%,1088697.54,Trend Entry (Str: 0.02)
"Mar 12, 2024",CIT,BUY,25.0,2163.0,-54075.0,869744.74,220972.8,0.0,0.00%,1090717.54,Trend Entry (Str: 0.03)
"Mar 14, 2024",JFL,BUY,141.0,385.0,-54285.0,815459.74,275347.9,0.0,0.00%,1090807.64,Trend Entry (Str: 0.04)
"Mar 14, 2024",MBL,BUY,291.0,187.0,-54417.0,761042.74,329764.9,0.0,0.00%,1090807.64,Trend Entry (Str: 0.03)
"Mar 14, 2024",SBI,BUY,185.0,294.6,-54501.0,706541.74,384265.9,0.0,0.00%,1090807.64,Trend Entry (Str: 0.01)
"Mar 14, 2024",SANIMA,BUY,222.0,245.0,-54390.0,652151.74,438655.9,0.0,0.00%,1090807.64,Trend Entry (Str: 0.01)
"Mar 17, 2024",PFL,BUY,140.0,389.0,-54460.0,597691.74,494176.4,0.0,0.00%,1091868.14,Trend Entry (Str: 0.05)
"Mar 17, 2024",EDBL,BUY,147.0,369.6,-54331.2,543360.54,548507.6,0.0,0.00%,1091868.14,Trend Entry (Str: 0.04)
"Mar 17, 2024",NMB,BUY,280.0,194.3,-54404.0,488956.54,602911.6,0.0,0.00%,1091868.14,Trend Entry (Str: 0.04)
"Mar 17, 2024",GMFIL,BUY,147.0,369.9,-54375.3,434581.24,657286.9,0.0,0.00%,1091868.14,Trend Entry (Str: 0.04)
"Mar 17, 2024",GBIME,BUY,285.0,191.5,-54577.5,380003.74,711864.4,0.0,0.00%,1091868.14,Trend Entry (Str: 0.01)
"Mar 18, 2024",JBBL,BUY,178.0,306.0,-54468.0,325535.74,767158.6,0.0,0.00%,1092694.34,Trend Entry (Str: 0.02)
"Mar 18, 2024",LICN,BUY,39.0,1376.0,-53664.0,271871.74,820822.6,0.0,0.00%,1092694.34,Trend Entry (Str: 0.01)
"Mar 18, 2024",MFIL,BUY,105.0,518.0,-54390.0,217481.74,875212.6,0.0,0.00%,1092694.34,Trend Entry (Str: 0.01)
"Mar 18, 2024",NABIL,BUY,118.0,461.0,-54398.0,163083.74,929610.6,0.0,0.00%,1092694.34,Trend Entry (Str: 0.01)
"Mar 18, 2024",PROFL,BUY,170.0,320.0,-54400.0,108683.74,984010.6,0.0,0.00%,1092694.34,Trend Entry (Str: 0.01)
"Mar 18, 2024",ADBL,BUY,232.0,235.0,-54520.0,54163.74,1038530.6,0.0,0.00%,1092694.34,Trend Entry (Str: 0.01)
"Mar 21, 2024",NABBC,BUY,124.0,435.0,-53940.0,223.74,1086069.5,0.0,0.00%,1086293.24,Trend Entry (Str: 0.04)
"Mar 27, 2024",NMB,SELL,280.0,180.3,50484.0,50707.74,1011906.0,-3920.0,-7.21%,1062613.74,Trailing Stop (7% drop) - exactly 7.21% drop
"Apr 01, 2024",MBL,SELL,291.0,173.9,50604.9,101312.64,951651.9,-3812.1,-7.01%,1052964.54,Trailing Stop (7% drop) - exactly 7.01% drop
"Apr 10, 2024",PFL,SELL,140.0,507.0,70980.0,172292.64,921002.4,16520.0,30.33%,1093295.04,Take Profit (25% up) - exactly 30.33% up
"Apr 14, 2024",GBIME,SELL,285.0,179.0,51015.0,223307.64,869782.2,-3562.5,-6.53%,1093089.84,Trailing Stop (7% drop) - exactly 7.21% drop
"Apr 14, 2024",PFL,BUY,100.0,546.0,-54600.0,168707.64,924382.2,0.0,0.00%,1093089.84,Trend Entry (Str: 0.37)
"Apr 15, 2024",SBI,SELL,185.0,275.0,50875.0,219582.64,862706.6,-3626.0,-6.65%,1082289.24,Trailing Stop (7% drop) - exactly 7.38% drop
"Apr 16, 2024",JFL,SELL,141.0,429.0,60489.0,280071.64,790082.5,6204.0,11.43%,1070154.14,Trailing Stop (7% drop) - exactly 7.18% drop
"Apr 18, 2024",GMFIL,SELL,147.0,354.0,52038.0,332109.64,734308.3,-2337.3,-4.30%,1066417.94,Trailing Stop (7% drop) - exactly 7.33% drop
"Apr 18, 2024",JBBL,SELL,178.0,281.0,50018.0,382127.64,684290.3,-4450.0,-8.17%,1066417.94,Trailing Stop (7% drop) - exactly 8.47% drop
"Apr 18, 2024",NABBC,SELL,124.0,400.0,49600.0,431727.64,634690.3,-4340.0,-8.05%,1066417.94,Trailing Stop (7% drop) - exactly 8.05% drop
"Apr 21, 2024",NABIL,SELL,118.0,428.0,50504.0,482231.64,588364.4,-3894.0,-7.16%,1070596.04,Trailing Stop (7% drop) - exactly 7.16% drop
"Apr 21, 2024",JFL,BUY,118.0,450.0,-53100.0,429131.64,641464.4,0.0,0.00%,1070596.04,Trend Entry (Str: 0.13)
"Apr 22, 2024",BFC,SELL,161.0,343.0,55223.0,484354.64,578529.2,740.6,1.36%,1062883.84,Trailing Stop (7% drop) - exactly 7.60% drop
"Apr 22, 2024",ICFC,SELL,110.0,492.0,54120.0,538474.64,524409.2,-110.0,-0.20%,1062883.84,Trailing Stop (7% drop) - exactly 7.67% drop
"Apr 25, 2024",NABBC,BUY,124.0,432.1,-53580.4,484894.24,591069.9,0.0,0.00%,1075964.14,Trend Entry (Str: 0.03)
"Apr 25, 2024",GMFIL,BUY,145.0,370.0,-53650.0,431244.24,644719.9,0.0,0.00%,1075964.14,Trend Entry (Str: 0.02)
"Apr 28, 2024",BFC,BUY,139.0,394.0,-54766.0,376478.24,720231.6,0.0,0.00%,1096709.84,Trend Entry (Str: 0.12)
"Apr 29, 2024",PFL,SELL,100.0,731.5,73150.0,449628.24,670200.9,18550.0,33.97%,1119829.14,Take Profit (25% up) - exactly 33.97% up
"Apr 30, 2024",ICFC,BUY,102.0,551.0,-56202.0,393426.24,734254.9,0.0,0.00%,1127681.14,Trend Entry (Str: 0.08)
"May 05, 2024",CORBL,SELL,128.0,444.2,56857.6,450283.84,644492.1,2009.6,3.66%,1094775.94,Trailing Stop (7% drop) - exactly 8.64% drop
"May 05, 2024",LICN,SELL,39.0,1257.0,49023.0,499306.84,595469.1,-4641.0,-8.65%,1094775.94,Trailing Stop (7% drop) - exactly 8.65% drop
"May 05, 2024",PROFL,SELL,170.0,330.1,56117.0,555423.84,539352.1,1717.0,3.16%,1094775.94,Trailing Stop (7% drop) - exactly 9.01% drop
"May 05, 2024",PFL,BUY,74.0,736.0,-54464.0,500959.84,593816.1,0.0,0.00%,1094775.94,Trend Entry (Str: 0.49)
"May 06, 2024",JFL,SELL,118.0,502.1,59247.8,560207.64,527195.8,6147.8,11.58%,1087403.44,Trailing Stop (7% drop) - exactly 7.87% drop
"May 09, 2024",PFL,SELL,74.0,665.0,49210.0,609417.64,491904.2,-5254.0,-9.65%,1101321.84,Trailing Stop (7% drop) - exactly 9.65% drop
"May 09, 2024",CORBL,BUY,117.0,467.5,-54697.5,554720.14,546601.7,0.0,0.00%,1101321.84,Trend Entry (Str: 0.06)
"May 09, 2024",PROFL,BUY,160.0,343.5,-54960.0,499760.14,601561.7,0.0,0.00%,1101321.84,Trend Entry (Str: 0.05)
"May 09, 2024",JBBL,BUY,188.0,292.0,-54896.0,444864.14,656457.7,0.0,0.00%,1101321.84,Trend Entry (Str: 0.01)
"May 12, 2024",PCBL,BUY,285.0,193.0,-55005.0,389859.14,713871.5,0.0,0.00%,1103730.64,Trend Entry (Str: 0.01)
"May 13, 2024",EBL,BUY,109.0,509.9,-55579.1,334280.04,777517.9,0.0,0.00%,1111797.94,Trend Entry (Str: 0.02)
"May 15, 2024",JFL,BUY,107.0,516.0,-55212.0,279068.04,834524.0,0.0,0.00%,1113592.04,Trend Entry (Str: 0.12)
"May 15, 2024",ALICL,BUY,96.0,575.5,-55248.0,223820.04,889772.0,0.0,0.00%,1113592.04,Trend Entry (Str: 0.04)
"May 16, 2024",ICFC,SELL,102.0,511.0,52122.0,275942.04,834450.0,-4080.0,-7.26%,1110392.04,Trailing Stop (7% drop) - exactly 7.26% drop
"May 16, 2024",NIBL,BUY,353.0,157.0,-55421.0,220521.04,889871.0,0.0,0.00%,1110392.04,Trend Entry (Str: 0.03)
"May 16, 2024",CZBIL,BUY,351.0,158.0,-55458.0,165063.04,945329.0,0.0,0.00%,1110392.04,Trend Entry (Str: 0.00)
"May 19, 2024",NABBC,SELL,124.0,558.0,69192.0,234255.04,895783.0,15611.6,29.14%,1130038.04,Take Profit (25% up) - exactly 29.14% up
"May 19, 2024",PFL,BUY,83.0,675.0,-56025.0,178230.04,951808.0,0.0,0.00%,1130038.04,Trend Entry (Str: 0.16)
"May 19, 2024",NMB,BUY,308.0,183.0,-56364.0,121866.04,1008172.0,0.0,0.00%,1130038.04,Trend Entry (Str: 0.05)
"May 19, 2024",KBL,BUY,407.0,138.8,-56491.6,65374.44,1064663.6,0.0,0.00%,1130038.04,Trend Entry (Str: 0.03)
"May 20, 2024",SBI,BUY,193.0,296.0,-57128.0,8246.44,1138975.7,0.0,0.00%,1147222.14,Trend Entry (Str: 0.06)
"May 21, 2024",NICA,BUY,19.0,429.5,-8160.5,85.94,1166631.9,0.0,0.00%,1166717.84,Trend Entry (Str: 0.15)
"May 26, 2024",GMFIL,SELL,145.0,382.2,55419.0,55504.94,1108990.4,1769.0,3.30%,1164495.34,Trailing Stop (7% drop) - exactly 7.35% drop
"May 26, 2024",PFL,SELL,83.0,655.0,54365.0,109869.94,1054625.4,-1660.0,-2.96%,1164495.34,Trailing Stop (7% drop) - exactly 7.88% drop
"May 26, 2024",NABBC,BUY,102.0,570.0,-58140.0,51729.94,1112765.4,0.0,0.00%,1164495.34,Trend Entry (Str: 0.24)
"May 26, 2024",NABIL,BUY,100.0,517.0,-51700.0,29.94,1164465.4,0.0,0.00%,1164495.34,Trend Entry (Str: 0.18)
"May 29, 2024",NICA,SELL,19.0,414.0,7866.0,7895.94,1145825.7,-294.5,-3.61%,1153721.64,Trailing Stop (7% drop) - exactly 8.59% drop
"May 29, 2024",MBL,BUY,43.0,180.0,-7740.0,155.94,1153565.7,0.0,0.00%,1153721.64,Trend Entry (Str: 0.05)
"May 30, 2024",NMB,SELL,308.0,197.0,60676.0,60831.94,1080881.6,4312.0,7.65%,1141713.54,Trailing Stop (7% drop) - exactly 7.29% drop
"May 30, 2024",KBL,SELL,407.0,143.0,58201.0,119032.94,1022680.6,1709.4,3.03%,1141713.54,Trailing Stop (7% drop) - exactly 7.14% drop
"May 30, 2024",NABIL,SELL,100.0,478.3,47830.0,166862.94,974850.6,-3870.0,-7.49%,1141713.54,Trailing Stop (7% drop) - exactly 7.49% drop
"May 30, 2024",PFL,BUY,82.0,691.2,-56678.4,110184.54,1031529.0,0.0,0.00%,1141713.54,Trend Entry (Str: 0.07)
"May 30, 2024",LICN,BUY,41.0,1364.0,-55924.0,54260.54,1087453.0,0.0,0.00%,1141713.54,Trend Entry (Str: 0.03)
"Jun 02, 2024",NABBC,SELL,102.0,577.0,58854.0,113114.54,1028877.7,714.0,1.23%,1141992.24,Trailing Stop (7% drop) - exactly 9.13% drop
"Jun 02, 2024",NICA,BUY,134.0,424.0,-56816.0,56298.54,1085693.7,0.0,0.00%,1141992.24,Trend Entry (Str: 0.12)
"Jun 02, 2024",GMFIL,BUY,139.0,404.0,-56156.0,142.54,1141849.7,0.0,0.00%,1141992.24,Trend Entry (Str: 0.05)
"Jun 06, 2024",MFIL,SELL,105.0,500.0,52500.0,52642.54,1076095.2,-1890.0,-3.47%,1128737.74,Trailing Stop (7% drop) - exactly 7.06% drop
"Jun 06, 2024",NIBL,SELL,353.0,158.0,55774.0,108416.54,1020321.2,353.0,0.64%,1128737.74,Trailing Stop (7% drop) - exactly 7.60% drop
"Jun 06, 2024",PFL,SELL,82.0,613.7,50323.4,158739.94,969997.8,-6355.0,-11.21%,1128737.74,Trailing Stop (7% drop) - exactly 11.21% drop
"Jun 09, 2024",ADBL,SELL,232.0,255.0,59160.0,217899.94,907615.8,4640.0,8.51%,1125515.74,Trailing Stop (7% drop) - exactly 8.93% drop
"Jun 09, 2024",CZBIL,SELL,351.0,166.0,58266.0,276165.94,849349.8,2808.0,5.06%,1125515.74,Trailing Stop (7% drop) - exactly 7.26% drop
"Jun 10, 2024",PCBL,SELL,285.0,197.8,56373.0,332538.94,788546.8,1368.0,2.49%,1121085.74,Trailing Stop (7% drop) - exactly 7.09% drop
"Jun 10, 2024",JFL,SELL,107.0,563.5,60294.5,392833.44,728252.3,5082.5,9.21%,1121085.74,Trailing Stop (7% drop) - exactly 8.67% drop
"Jun 12, 2024",NABIL,BUY,118.0,483.0,-56994.0,335839.44,808310.2,0.0,0.00%,1144149.64,Trend Entry (Str: 0.05)
"Jun 12, 2024",KBL,BUY,402.0,142.0,-57084.0,278755.44,865394.2,0.0,0.00%,1144149.64,Trend Entry (Str: 0.02)
"Jun 12, 2024",GBIME,BUY,310.0,184.0,-57040.0,221715.44,922434.2,0.0,0.00%,1144149.64,Trend Entry (Str: 0.02)
"Jun 13, 2024",ADBL,BUY,216.0,266.0,-57456.0,164259.44,987983.5,0.0,0.00%,1152242.94,Trend Entry (Str: 0.04)
"Jun 13, 2024",CZBIL,BUY,338.0,170.0,-57460.0,106799.44,1045443.5,0.0,0.00%,1152242.94,Trend Entry (Str: 0.03)
"Jun 16, 2024",MFIL,BUY,109.0,521.0,-56789.0,50010.44,1088564.4,0.0,0.00%,1138574.84,Trend Entry (Str: 0.02)
"Jun 16, 2024",ICFC,BUY,95.0,525.4,-49913.0,97.44,1138477.4,0.0,0.00%,1138574.84,Trend Entry (Str: 0.02)
"Jun 18, 2024",SANIMA,SELL,222.0,248.1,55078.2,55175.64,1070792.5,688.2,1.27%,1125968.14,Trailing Stop (7% drop) - exactly 7.08% drop
"Jun 23, 2024",ALICL,SELL,96.0,560.0,53760.0,108935.64,1035510.4,-1488.0,-2.69%,1144446.04,Trailing Stop (7% drop) - exactly 7.05% drop
"Jun 23, 2024",JFL,BUY,100.0,570.0,-57000.0,51935.64,1092510.4,0.0,0.00%,1144446.04,Trend Entry (Str: 0.05)
"Jun 25, 2024",MBL,SELL,43.0,167.2,7189.6,59125.24,1086428.6,-550.4,-7.11%,1145553.84,Trailing Stop (7% drop) - exactly 7.11% drop
"Jun 26, 2024",GBIME,SELL,310.0,173.0,53630.0,112755.24,1025323.9,-3410.0,-5.98%,1138079.14,Trailing Stop (7% drop) - exactly 7.04% drop
"Jun 27, 2024",SBI,SELL,193.0,287.0,55391.0,168146.24,967190.5,-1737.0,-3.04%,1135336.74,Trailing Stop (7% drop) - exactly 7.27% drop
"Jun 30, 2024",NICA,SELL,134.0,394.1,52809.4,220955.64,911299.7,-4006.6,-7.05%,1132255.34,Trailing Stop (7% drop) - exactly 7.05% drop
"Jul 03, 2024",BFC,SELL,139.0,515.0,71585.0,292540.64,914217.3,16819.0,30.71%,1206757.94,Take Profit (25% up) - exactly 30.71% up
"Jul 03, 2024",CORBL,SELL,117.0,588.0,68796.0,361336.64,845421.3,14098.5,25.78%,1206757.94,Take Profit (25% up) - exactly 25.78% up
"Jul 03, 2024",PROFL,SELL,160.0,436.7,69872.0,431208.64,775549.3,14912.0,27.13%,1206757.94,Take Profit (25% up) - exactly 27.13% up
"Jul 04, 2024",CIT,SELL,25.0,1920.0,48000.0,479208.64,732008.4,-6075.0,-11.23%,1211217.04,Trailing Stop (7% drop) - exactly 11.62% drop
"Jul 07, 2024",CORBL,BUY,103.0,588.0,-60564.0,418644.64,796531.8,0.0,0.00%,1215176.44,Trend Entry (Str: 0.15)
"Jul 07, 2024",PROFL,BUY,144.0,421.0,-60624.0,358020.64,857155.8,0.0,0.00%,1215176.44,Trend Entry (Str: 0.11)
"Jul 07, 2024",BFC,BUY,122.0,494.1,-60280.2,297740.44,917436.0,0.0,0.00%,1215176.44,Trend Entry (Str: 0.10)
"Jul 07, 2024",NIBL,BUY,375.0,161.8,-60675.0,237065.44,978111.0,0.0,0.00%,1215176.44,Trend Entry (Str: 0.03)
"Jul 08, 2024",EDBL,SELL,147.0,465.0,68355.0,305420.44,911236.7,14023.8,25.81%,1216657.14,Take Profit (25% up) - exactly 25.81% up
"Jul 09, 2024",MBL,BUY,331.0,184.0,-60904.0,244516.44,975550.5,0.0,0.00%,1220066.94,Trend Entry (Str: 0.06)
"Jul 09, 2024",NICA,BUY,140.0,433.1,-60634.0,183882.44,1036184.5,0.0,0.00%,1220066.94,Trend Entry (Str: 0.05)
"Jul 09, 2024",SANIMA,BUY,232.0,262.2,-60830.4,123052.04,1097014.9,0.0,0.00%,1220066.94,Trend Entry (Str: 0.04)
"Jul 09, 2024",ALICL,BUY,103.0,590.0,-60770.0,62282.04,1157784.9,0.0,0.00%,1220066.94,Trend Entry (Str: 0.04)
"Jul 09, 2024",SBI,BUY,198.0,307.0,-60786.0,1496.04,1218570.9,0.0,0.00%,1220066.94,Trend Entry (Str: 0.03)
"Jul 11, 2024",JFL,SELL,100.0,755.8,75580.0,77076.04,1184554.9,18580.0,32.60%,1261630.94,Take Profit (25% up) - exactly 32.60% up
"Jul 11, 2024",NMB,BUY,297.0,212.0,-62964.0,14112.04,1247518.9,0.0,0.00%,1261630.94,Trend Entry (Str: 0.09)
"Jul 11, 2024",PCBL,BUY,66.0,211.0,-13926.0,186.04,1261444.9,0.0,0.00%,1261630.94,Trend Entry (Str: 0.05)
"Jul 15, 2024",GMFIL,SELL,139.0,520.0,72280.0,72466.04,1206008.5,16124.0,28.71%,1278474.54,Take Profit (25% up) - exactly 28.71% up
"Jul 15, 2024",JFL,BUY,86.0,742.5,-63855.0,8611.04,1269863.5,0.0,0.00%,1278474.54,Trend Entry (Str: 0.21)
"Jul 15, 2024",AHPC,BUY,48.0,177.9,-8539.2,71.84,1278402.7,0.0,0.00%,1278474.54,Trend Entry (Str: 0.14)
"Jul 17, 2024",ICFC,SELL,95.0,681.0,64695.0,64766.84,1291653.8,14782.0,29.62%,1356420.64,Take Profit (25% up) - exactly 29.62% up
"Jul 17, 2024",EDBL,BUY,129.0,500.0,-64500.0,266.84,1356153.8,0.0,0.00%,1356420.64,Trend Entry (Str: 0.22)
"Jul 18, 2024",KBL,SELL,402.0,178.1,71596.2,71863.04,1327470.7,14512.2,25.42%,1399333.74,Take Profit (25% up) - exactly 25.42% up
"Jul 18, 2024",CZBIL,SELL,338.0,221.0,74698.0,146561.04,1252772.7,17238.0,30.00%,1399333.74,Take Profit (25% up) - exactly 30.00% up
"Jul 18, 2024",NHPC,BUY,390.0,179.0,-69810.0,76751.04,1322582.7,0.0,0.00%,1399333.74,Trend Entry (Str: 0.21)
"Jul 18, 2024",GBIME,BUY,320.0,218.3,-69856.0,6895.04,1392438.7,0.0,0.00%,1399333.74,Trend Entry (Str: 0.19)
"Jul 21, 2024",ADBL,SELL,216.0,335.0,72360.0,79255.04,1346366.8,14904.0,25.94%,1425621.84,Take Profit (25% up) - exactly 25.94% up
"Jul 21, 2024",NIBL,SELL,375.0,218.0,81750.0,161005.04,1264616.8,21075.0,34.73%,1425621.84,Take Profit (25% up) - exactly 34.73% up
"Jul 21, 2024",SBI,SELL,198.0,391.0,77418.0,238423.04,1187198.8,16632.0,27.36%,1425621.84,Take Profit (25% up) - exactly 27.36% up
"Jul 21, 2024",PCBL,SELL,66.0,276.5,18249.0,256672.04,1168949.8,4323.0,31.04%,1425621.84,Take Profit (25% up) - exactly 31.04% up
"Jul 21, 2024",GMFIL,BUY,128.0,556.0,-71168.0,185504.04,1240117.8,0.0,0.00%,1425621.84,Trend Entry (Str: 0.21)
"Jul 21, 2024",ICFC,BUY,105.0,674.0,-70770.0,114734.04,1310887.8,0.0,0.00%,1425621.84,Trend Entry (Str: 0.16)
"Jul 22, 2024",KBL,BUY,371.0,190.9,-70823.9,43910.14,1374354.1,0.0,0.00%,1418264.24,Trend Entry (Str: 0.30)
"Jul 22, 2024",CZBIL,BUY,199.0,220.0,-43780.0,130.14,1418134.1,0.0,0.00%,1418264.24,Trend Entry (Str: 0.23)
"Jul 23, 2024",MFIL,SELL,109.0,655.9,71493.1,71623.24,1385746.8,14704.1,25.89%,1457370.04,Take Profit (25% up) - exactly 25.89% up
"Jul 23, 2024",PFL,BUY,111.0,644.0,-71484.0,139.24,1457230.8,0.0,0.00%,1457370.04,Trend Entry (Str: 0.05)
"Jul 28, 2024",JBBL,SELL,188.0,378.0,71064.0,71203.24,1466699.2,16168.0,29.45%,1537902.44,Take Profit (25% up) - exactly 29.45% up
"Jul 28, 2024",EBL,SELL,109.0,678.5,73956.5,145159.74,1392742.7,18377.4,33.07%,1537902.44,Take Profit (25% up) - exactly 33.07% up
"Jul 28, 2024",NABIL,SELL,118.0,633.4,74741.2,219900.94,1318001.5,17747.2,31.14%,1537902.44,Take Profit (25% up) - exactly 31.14% up
"Jul 28, 2024",MBL,SELL,331.0,251.4,83213.4,303114.34,1234788.1,22309.4,36.63%,1537902.44,Take Profit (25% up) - exactly 36.63% up
"Jul 28, 2024",NICA,SELL,140.0,552.0,77280.0,380394.34,1157508.1,16646.0,27.45%,1537902.44,Take Profit (25% up) - exactly 27.45% up
"Jul 28, 2024",SANIMA,SELL,232.0,357.5,82940.0,463334.34,1074568.1,22109.6,36.35%,1537902.44,Take Profit (25% up) - exactly 36.35% up
"Jul 28, 2024",ALICL,SELL,103.0,740.0,76220.0,539554.34,998348.1,15450.0,25.42%,1537902.44,Take Profit (25% up) - exactly 25.42% up
"Jul 28, 2024",NMB,SELL,297.0,275.0,81675.0,621229.34,916673.1,18711.0,29.72%,1537902.44,Take Profit (25% up) - exactly 29.72% up
"Jul 28, 2024",SBI,BUY,170.0,451.0,-76670.0,544559.34,993343.1,0.0,0.00%,1537902.44,Trend Entry (Str: 0.37)
"Jul 28, 2024",PCBL,BUY,259.0,295.9,-76638.1,467921.24,1069981.2,0.0,0.00%,1537902.44,Trend Entry (Str: 0.34)
"Jul 28, 2024",ADBL,BUY,198.0,387.2,-76665.6,391255.64,1146646.8,0.0,0.00%,1537902.44,Trend Entry (Str: 0.32)
"Jul 28, 2024",NIBL,BUY,319.0,240.9,-76847.1,314408.54,1223493.9,0.0,0.00%,1537902.44,Trend Entry (Str: 0.31)
"Jul 28, 2024",MFIL,BUY,115.0,668.0,-76820.0,237588.54,1300313.9,0.0,0.00%,1537902.44,Trend Entry (Str: 0.14)
"Jul 28, 2024",CIT,BUY,35.0,2190.0,-76650.0,160938.54,1376963.9,0.0,0.00%,1537902.44,Trend Entry (Str: 0.07)
"Jul 28, 2024",NABBC,BUY,131.0,583.1,-76386.1,84552.44,1453350.0,0.0,0.00%,1537902.44,Trend Entry (Str: 0.03)
"Jul 30, 2024",PROFL,SELL,144.0,543.4,78249.6,162802.04,1415812.9,17625.6,29.07%,1578614.94,Take Profit (25% up) - exactly 29.07% up
"Jul 31, 2024",AHPC,SELL,48.0,233.9,11227.2,174029.24,1458808.7,2688.0,31.48%,1632837.94,Take Profit (25% up) - exactly 31.48% up
"Aug 01, 2024",LICN,SELL,41.0,1742.0,71422.0,245451.24,1376044.0,15498.0,27.71%,1621495.24,Take Profit (25% up) - exactly 27.71% up
"Aug 01, 2024",BFC,SELL,122.0,632.5,77165.0,322616.24,1298879.0,16884.8,28.01%,1621495.24,Take Profit (25% up) - exactly 28.01% up
"Aug 01, 2024",MBL,BUY,313.0,259.0,-81067.0,241549.24,1379946.0,0.0,0.00%,1621495.24,Trend Entry (Str: 0.27)
"Aug 01, 2024",NMB,BUY,298.0,271.5,-80907.0,160642.24,1460853.0,0.0,0.00%,1621495.24,Trend Entry (Str: 0.23)
"Aug 01, 2024",NABIL,BUY,125.0,645.0,-80625.0,80017.24,1541478.0,0.0,0.00%,1621495.24,Trend Entry (Str: 0.22)
"Aug 01, 2024",SANIMA,BUY,231.0,345.0,-79695.0,322.24,1621173.0,0.0,0.00%,1621495.24,Trend Entry (Str: 0.20)
"Aug 05, 2024",JFL,SELL,86.0,770.0,66220.0,66542.24,1529929.7,2365.0,3.70%,1596471.94,Trailing Stop (7% drop) - exactly 9.94% drop
"Aug 05, 2024",PROFL,BUY,105.0,630.0,-66150.0,392.24,1596079.7,0.0,0.00%,1596471.94,Trend Entry (Str: 0.36)
"Aug 06, 2024",CORBL,SELL,103.0,639.0,65817.0,66209.24,1425772.7,5253.0,8.67%,1491981.94,Trailing Stop (7% drop) - exactly 7.70% drop
"Aug 06, 2024",EDBL,SELL,129.0,490.1,63222.9,129432.14,1362549.8,-1277.1,-1.98%,1491981.94,Trailing Stop (7% drop) - exactly 9.74% drop
"Aug 06, 2024",NHPC,SELL,390.0,192.9,75231.0,204663.14,1287318.8,5421.0,7.77%,1491981.94,Trailing Stop (7% drop) - exactly 8.14% drop
"Aug 06, 2024",GBIME,SELL,320.0,230.0,73600.0,278263.14,1213718.8,3744.0,5.36%,1491981.94,Trailing Stop (7% drop) - exactly 11.20% drop
"Aug 06, 2024",GMFIL,SELL,128.0,590.0,75520.0,353783.14,1138198.8,4352.0,6.12%,1491981.94,Trailing Stop (7% drop) - exactly 10.50% drop
"Aug 06, 2024",ICFC,SELL,105.0,679.0,71295.0,425078.14,1066903.8,525.0,0.74%,1491981.94,Trailing Stop (7% drop) - exactly 12.62% drop
"Aug 06, 2024",KBL,SELL,371.0,203.5,75498.5,500576.64,991405.3,4674.6,6.60%,1491981.94,Trailing Stop (7% drop) - exactly 8.33% drop
"Aug 06, 2024",CZBIL,SELL,199.0,231.0,45969.0,546545.64,945436.3,2189.0,5.00%,1491981.94,Trailing Stop (7% drop) - exactly 13.13% drop
"Aug 06, 2024",PFL,SELL,111.0,619.0,68709.0,615254.64,876727.3,-2775.0,-3.88%,1491981.94,Trailing Stop (7% drop) - exactly 11.81% drop
"Aug 06, 2024",SBI,SELL,170.0,415.9,70703.0,685957.64,806024.3,-5967.0,-7.78%,1491981.94,Trailing Stop (7% drop) - exactly 7.78% drop
"Aug 06, 2024",PCBL,SELL,259.0,273.0,70707.0,756664.64,735317.3,-5931.1,-7.74%,1491981.94,Trailing Stop (7% drop) - exactly 9.00% drop
"Aug 06, 2024",NIBL,SELL,319.0,217.5,69382.5,826047.14,665934.8,-7464.6,-9.71%,1491981.94,Trailing Stop (7% drop) - exactly 15.04% drop
"Aug 06, 2024",MFIL,SELL,115.0,692.5,79637.5,905684.64,586297.3,2817.5,3.67%,1491981.94,Trailing Stop (7% drop) - exactly 9.83% drop
"Aug 06, 2024",MBL,SELL,313.0,231.0,72303.0,977987.64,513994.3,-8764.0,-10.81%,1491981.94,Trailing Stop (7% drop) - exactly 10.81% drop
"Aug 06, 2024",NMB,SELL,298.0,238.0,70924.0,1048911.64,443070.3,-9983.0,-12.34%,1491981.94,Trailing Stop (7% drop) - exactly 12.34% drop
"Aug 06, 2024",SANIMA,SELL,231.0,310.0,71610.0,1120521.64,371460.3,-8085.0,-10.14%,1491981.94,Trailing Stop (7% drop) - exactly 10.14% drop
"Aug 06, 2024",AHPC,BUY,331.0,225.0,-74475.0,1046046.64,445935.3,0.0,0.00%,1491981.94,Trend Entry (Str: 0.21)
"Aug 06, 2024",EBL,BUY,110.0,673.0,-74030.0,972016.64,519965.3,0.0,0.00%,1491981.94,Trend Entry (Str: 0.15)
"Aug 06, 2024",ALICL,BUY,101.0,735.0,-74235.0,897781.64,594200.3,0.0,0.00%,1491981.94,Trend Entry (Str: 0.14)
"Aug 07, 2024",BFC,BUY,127.0,595.0,-75565.0,822216.64,691099.9,0.0,0.00%,1513316.54,Trend Entry (Str: 0.13)
"Aug 07, 2024",LICN,BUY,44.0,1700.0,-74800.0,747416.64,765899.9,0.0,0.00%,1513316.54,Trend Entry (Str: 0.13)
"Aug 11, 2024",NHPC,BUY,345.0,222.2,-76659.0,670757.64,864680.3,0.0,0.00%,1535437.94,Trend Entry (Str: 0.26)
"Aug 11, 2024",PCBL,BUY,263.0,291.8,-76743.4,594014.24,941423.7,0.0,0.00%,1535437.94,Trend Entry (Str: 0.18)
"Aug 11, 2024",MFIL,BUY,103.0,744.9,-76724.7,517289.54,1018148.4,0.0,0.00%,1535437.94,Trend Entry (Str: 0.15)
"Aug 11, 2024",GMFIL,BUY,125.0,612.0,-76500.0,440789.54,1094648.4,0.0,0.00%,1535437.94,Trend Entry (Str: 0.13)
"Aug 11, 2024",EDBL,BUY,142.0,539.9,-76665.8,364123.74,1171314.2,0.0,0.00%,1535437.94,Trend Entry (Str: 0.11)
"Aug 11, 2024",JBBL,BUY,205.0,374.0,-76670.0,287453.74,1247984.2,0.0,0.00%,1535437.94,Trend Entry (Str: 0.10)
"Aug 11, 2024",CORBL,BUY,113.0,676.0,-76388.0,211065.74,1324372.2,0.0,0.00%,1535437.94,Trend Entry (Str: 0.09)
"Aug 11, 2024",NIBL,BUY,326.0,235.0,-76610.0,134455.74,1400982.2,0.0,0.00%,1535437.94,Trend Entry (Str: 0.07)
"Aug 12, 2024",AHPC,SELL,331.0,302.8,100226.8,234682.54,1344551.3,25751.8,34.58%,1579233.84,Take Profit (25% up) - exactly 34.58% up
"Aug 12, 2024",KBL,BUY,355.0,222.0,-78810.0,155872.54,1423361.3,0.0,0.00%,1579233.84,Trend Entry (Str: 0.23)
"Aug 12, 2024",SBI,BUY,175.0,451.0,-78925.0,76947.54,1502286.3,0.0,0.00%,1579233.84,Trend Entry (Str: 0.20)
"Aug 12, 2024",CZBIL,BUY,302.0,254.0,-76708.0,239.54,1578994.3,0.0,0.00%,1579233.84,Trend Entry (Str: 0.17)
"Aug 14, 2024",PROFL,SELL,105.0,801.9,84199.5,84439.04,1560617.0,18049.5,27.29%,1645056.04,Take Profit (25% up) - exactly 27.29% up
"Aug 14, 2024",ICFC,BUY,98.0,838.0,-82124.0,2315.04,1642741.0,0.0,0.00%,1645056.04,Trend Entry (Str: 0.21)
"Aug 15, 2024",NHPC,SELL,345.0,279.0,96255.0,98570.04,1582848.0,19596.0,25.56%,1681418.04,Take Profit (25% up) - exactly 25.56% up
"Aug 15, 2024",GBIME,BUY,297.0,283.0,-84051.0,14519.04,1666899.0,0.0,0.00%,1681418.04,Trend Entry (Str: 0.25)
"Aug 15, 2024",MBL,BUY,52.0,278.0,-14456.0,63.04,1681355.0,0.0,0.00%,1681418.04,Trend Entry (Str: 0.23)
"Aug 18, 2024",LICN,SELL,44.0,2271.5,99946.0,100009.04,1590884.8,25146.0,33.62%,1690893.84,Take Profit (25% up) - exactly 33.62% up
"Aug 18, 2024",AHPC,BUY,265.0,319.0,-84535.0,15474.04,1675419.8,0.0,0.00%,1690893.84,Trend Entry (Str: 0.43)
"Aug 18, 2024",PROFL,BUY,21.0,734.0,-15414.0,60.04,1690833.8,0.0,0.00%,1690893.84,Trend Entry (Str: 0.34)
"Aug 25, 2024",CORBL,SELL,113.0,884.0,99892.0,99952.04,1614009.5,23504.0,30.77%,1713961.54,Take Profit (25% up) - exactly 30.77% up
"Aug 25, 2024",LICN,BUY,35.0,2419.0,-84665.0,15287.04,1698674.5,0.0,0.00%,1713961.54,Trend Entry (Str: 0.38)
"Aug 25, 2024",SANIMA,BUY,41.0,370.0,-15170.0,117.04,1713844.5,0.0,0.00%,1713961.54,Trend Entry (Str: 0.13)
"Aug 27, 2024",ADBL,SELL,198.0,382.0,75636.0,75753.04,1564977.5,-1029.6,-1.34%,1640730.54,Trailing Stop (7% drop) - exactly 8.83% drop
"Aug 27, 2024",CIT,SELL,35.0,2414.9,84521.5,160274.54,1480456.0,7871.5,10.27%,1640730.54,Trailing Stop (7% drop) - exactly 8.14% drop
"Aug 27, 2024",NABBC,SELL,131.0,623.0,81613.0,241887.54,1398843.0,5226.9,6.84%,1640730.54,Trailing Stop (7% drop) - exactly 9.53% drop
"Aug 27, 2024",NABIL,SELL,125.0,605.6,75700.0,317587.54,1323143.0,-4925.0,-6.11%,1640730.54,Trailing Stop (7% drop) - exactly 8.52% drop
"Aug 27, 2024",ALICL,SELL,101.0,749.9,75739.9,393327.44,1247403.1,1504.9,2.03%,1640730.54,Trailing Stop (7% drop) - exactly 7.19% drop
"Aug 27, 2024",BFC,SELL,127.0,664.0,84328.0,477655.44,1163075.1,8763.0,11.60%,1640730.54,Trailing Stop (7% drop) - exactly 8.16% drop
"Aug 27, 2024",PCBL,SELL,263.0,288.5,75875.5,553530.94,1087199.6,-867.9,-1.13%,1640730.54,Trailing Stop (7% drop) - exactly 8.12% drop
"Aug 27, 2024",MFIL,SELL,103.0,782.1,80556.3,634087.24,1006643.3,3831.6,4.99%,1640730.54,Trailing Stop (7% drop) - exactly 9.79% drop
"Aug 27, 2024",GMFIL,SELL,125.0,656.0,82000.0,716087.24,924643.3,5500.0,7.19%,1640730.54,Trailing Stop (7% drop) - exactly 8.39% drop
"Aug 27, 2024",NIBL,SELL,326.0,252.0,82152.0,798239.24,842491.3,5542.0,7.23%,1640730.54,Trailing Stop (7% drop) - exactly 10.32% drop
"Aug 27, 2024",KBL,SELL,355.0,229.9,81614.5,879853.74,760876.8,2804.5,3.56%,1640730.54,Trailing Stop (7% drop) - exactly 11.24% drop
"Aug 27, 2024",SBI,SELL,175.0,445.0,77875.0,957728.74,683001.8,-1050.0,-1.33%,1640730.54,Trailing Stop (7% drop) - exactly 8.62% drop
"Aug 27, 2024",CZBIL,SELL,302.0,250.0,75500.0,1033228.74,607501.8,-1208.0,-1.57%,1640730.54,Trailing Stop (7% drop) - exactly 9.91% drop
"Aug 27, 2024",ICFC,SELL,98.0,804.0,78792.0,1112020.74,528709.8,-3332.0,-4.06%,1640730.54,Trailing Stop (7% drop) - exactly 8.64% drop
"Aug 27, 2024",GBIME,SELL,297.0,258.0,76626.0,1188646.74,452083.8,-7425.0,-8.83%,1640730.54,Trailing Stop (7% drop) - exactly 10.10% drop
"Aug 27, 2024",MBL,SELL,52.0,264.0,13728.0,1202374.74,438355.8,-728.0,-5.04%,1640730.54,Trailing Stop (7% drop) - exactly 7.76% drop
"Aug 27, 2024",AHPC,SELL,265.0,306.0,81090.0,1283464.74,357265.8,-3445.0,-4.08%,1640730.54,Trailing Stop (7% drop) - exactly 10.00% drop
"Aug 27, 2024",PROFL,SELL,21.0,668.0,14028.0,1297492.74,343237.8,-1386.0,-8.99%,1640730.54,Trailing Stop (7% drop) - exactly 11.87% drop
"Aug 29, 2024",JBBL,SELL,205.0,382.0,78310.0,1375802.74,259149.0,1640.0,2.14%,1634951.74,Trailing Stop (7% drop) - exactly 8.61% drop
"Aug 29, 2024",CORBL,BUY,96.0,850.0,-81600.0,1294202.74,340749.0,0.0,0.00%,1634951.74,Trend Entry (Str: 0.24)
"Sep 01, 2024",LICN,SELL,35.0,2249.9,78746.5,1372949.24,253687.4,-5918.5,-6.99%,1626636.64,Trailing Stop (7% drop) - exactly 7.94% drop
"Sep 01, 2024",SANIMA,SELL,41.0,337.0,13817.0,1386766.24,239870.4,-1353.0,-8.92%,1626636.64,Trailing Stop (7% drop) - exactly 8.92% drop
"Sep 02, 2024",AHPC,BUY,253.0,322.6,-81617.8,1305148.44,330488.4,0.0,0.00%,1635636.84,Trend Entry (Str: 0.22)
"Sep 02, 2024",NHPC,BUY,328.0,248.6,-81540.8,1223607.64,412029.2,0.0,0.00%,1635636.84,Trend Entry (Str: 0.13)
"Sep 02, 2024",BFC,BUY,120.0,676.5,-81180.0,1142427.64,493209.2,0.0,0.00%,1635636.84,Trend Entry (Str: 0.12)
"Sep 02, 2024",ICFC,BUY,100.0,817.0,-81700.0,1060727.64,574909.2,0.0,0.00%,1635636.84,Trend Entry (Str: 0.09)
"Sep 02, 2024",GMFIL,BUY,122.0,670.0,-81740.0,978987.64,656649.2,0.0,0.00%,1635636.84,Trend Entry (Str: 0.08)
"Sep 02, 2024",SBI,BUY,175.0,465.0,-81375.0,897612.64,738024.2,0.0,0.00%,1635636.84,Trend Entry (Str: 0.08)
"Sep 02, 2024",JBBL,BUY,205.0,398.1,-81610.5,816002.14,819634.7,0.0,0.00%,1635636.84,Trend Entry (Str: 0.06)
"Sep 03, 2024",NABBC,BUY,127.0,645.0,-81915.0,734087.14,909373.8,0.0,0.00%,1643460.94,Trend Entry (Str: 0.07)
"Sep 03, 2024",ALICL,BUY,106.0,775.0,-82150.0,651937.14,991523.8,0.0,0.00%,1643460.94,Trend Entry (Str: 0.04)
"Sep 05, 2024",EDBL,SELL,142.0,690.0,97980.0,749917.14,871263.0,21314.2,27.80%,1621180.14,Take Profit (25% up) - exactly 27.80% up
"Sep 08, 2024",EBL,SELL,110.0,691.9,76109.0,826026.14,783402.0,2079.0,2.81%,1609428.14,Trailing Stop (7% drop) - exactly 10.14% drop
"Sep 08, 2024",AHPC,SELL,253.0,291.0,73623.0,899649.14,709779.0,-7994.8,-9.80%,1609428.14,Trailing Stop (7% drop) - exactly 9.80% drop
"Sep 08, 2024",NHPC,SELL,328.0,234.0,76752.0,976401.14,633027.0,-4788.8,-5.87%,1609428.14,Trailing Stop (7% drop) - exactly 8.24% drop
"Sep 08, 2024",BFC,SELL,120.0,626.1,75132.0,1051533.14,557895.0,-6048.0,-7.45%,1609428.14,Trailing Stop (7% drop) - exactly 7.45% drop
"Sep 08, 2024",ICFC,SELL,100.0,753.5,75350.0,1126883.14,482545.0,-6350.0,-7.77%,1609428.14,Trailing Stop (7% drop) - exactly 7.77% drop
"Sep 08, 2024",GMFIL,SELL,122.0,620.0,75640.0,1202523.14,406905.0,-6100.0,-7.46%,1609428.14,Trailing Stop (7% drop) - exactly 7.46% drop
"Sep 08, 2024",JBBL,SELL,205.0,375.0,76875.0,1279398.14,330030.0,-4735.5,-5.80%,1609428.14,Trailing Stop (7% drop) - exactly 7.06% drop
"Sep 09, 2024",SBI,SELL,175.0,429.0,75075.0,1354473.14,251829.0,-6300.0,-7.74%,1606302.14,Trailing Stop (7% drop) - exactly 7.74% drop
"Sep 09, 2024",EDBL,BUY,116.0,687.0,-79692.0,1274781.14,331521.0,0.0,0.00%,1606302.14,Trend Entry (Str: 0.22)
"Sep 10, 2024",ALICL,SELL,106.0,713.0,75578.0,1350359.14,258155.7,-6572.0,-8.00%,1608514.84,Trailing Stop (7% drop) - exactly 8.00% drop
"Sep 11, 2024",CORBL,SELL,96.0,900.0,86400.0,1436759.14,165355.4,4800.0,5.88%,1602114.54,Trailing Stop (7% drop) - exactly 10.00% drop
"Sep 16, 2024",NABBC,SELL,127.0,624.0,79248.0,1516007.14,74448.8,-2667.0,-3.26%,1590455.94,Trailing Stop (7% drop) - exactly 8.77% drop
"Sep 16, 2024",EDBL,SELL,116.0,641.8,74448.8,1590455.94,0.0,-5243.2,-6.58%,1590455.94,Trailing Stop (7% drop) - exactly 7.64% drop
"Sep 23, 2024",EDBL,BUY,117.0,679.0,-79443.0,1511012.94,79443.0,0.0,0.00%,1590455.94,Trend Entry (Str: 0.13)
"Sep 29, 2024",EDBL,SELL,117.0,616.0,72072.0,1583084.94,0.0,-7371.0,-9.28%,1583084.94,Trailing Stop (7% drop) - exactly 9.28% drop
"Oct 06, 2024",EDBL,BUY,119.0,665.0,-79135.0,1503949.94,79135.0,0.0,0.00%,1583084.94,Trend Entry (Str: 0.06)
"Oct 06, 2024",NIBL,BUY,330.0,239.5,-79035.0,1424914.94,158170.0,0.0,0.00%,1583084.94,Trend Entry (Str: 0.04)
"Oct 08, 2024",NMB,BUY,292.0,270.8,-79073.6,1345841.34,238320.6,0.0,0.00%,1584161.94,Trend Entry (Str: 0.06)
"Oct 08, 2024",SANIMA,BUY,221.0,358.0,-79118.0,1266723.34,317438.6,0.0,0.00%,1584161.94,Trend Entry (Str: 0.05)
"Oct 09, 2024",CZBIL,BUY,311.0,253.0,-78683.0,1188040.34,389579.7,0.0,0.00%,1577620.04,Trend Entry (Str: 0.06)
"Oct 09, 2024",PCBL,BUY,268.0,294.1,-78818.8,1109221.54,468398.5,0.0,0.00%,1577620.04,Trend Entry (Str: 0.05)
"Oct 09, 2024",SBI,BUY,172.0,456.5,-78518.0,1030703.54,546916.5,0.0,0.00%,1577620.04,Trend Entry (Str: 0.05)
"Oct 09, 2024",ADBL,BUY,205.0,383.5,-78617.5,952086.04,625534.0,0.0,0.00%,1577620.04,Trend Entry (Str: 0.04)
"Oct 15, 2024",KBL,BUY,342.0,231.5,-79173.0,872913.04,711436.3,0.0,0.00%,1584349.34,Trend Entry (Str: 0.05)
"Oct 15, 2024",MBL,BUY,306.0,258.2,-79009.2,793903.84,790445.5,0.0,0.00%,1584349.34,Trend Entry (Str: 0.05)
"Oct 15, 2024",GBIME,BUY,306.0,258.4,-79070.4,714833.44,869515.9,0.0,0.00%,1584349.34,Trend Entry (Str: 0.05)
"Oct 16, 2024",JFL,BUY,115.0,694.0,-79810.0,635023.44,964722.8,0.0,0.00%,1599746.24,Trend Entry (Str: 0.13)
"Oct 16, 2024",NICA,BUY,160.0,498.7,-79792.0,555231.44,1044514.8,0.0,0.00%,1599746.24,Trend Entry (Str: 0.07)
"Oct 16, 2024",PFL,BUY,124.0,645.0,-79980.0,475251.44,1124494.8,0.0,0.00%,1599746.24,Trend Entry (Str: 0.05)
"Oct 16, 2024",NABIL,BUY,131.0,608.0,-79648.0,395603.44,1204142.8,0.0,0.00%,1599746.24,Trend Entry (Str: 0.05)
"Oct 16, 2024",ALICL,BUY,108.0,734.9,-79369.2,316234.24,1283512.0,0.0,0.00%,1599746.24,Trend Entry (Str: 0.03)
"Oct 17, 2024",PROFL,BUY,121.0,659.0,-79739.0,236495.24,1371456.7,0.0,0.00%,1607951.94,Trend Entry (Str: 0.08)
"Oct 17, 2024",ICFC,BUY,102.0,784.0,-79968.0,156527.24,1451424.7,0.0,0.00%,1607951.94,Trend Entry (Str: 0.07)
"Oct 17, 2024",GMFIL,BUY,128.0,627.9,-80371.2,76156.04,1531795.9,0.0,0.00%,1607951.94,Trend Entry (Str: 0.07)
"Oct 17, 2024",BFC,BUY,120.0,630.0,-75600.0,556.04,1607395.9,0.0,0.00%,1607951.94,Trend Entry (Str: 0.06)
"Oct 21, 2024",JFL,SELL,115.0,629.5,72392.5,72948.54,1470115.1,-7417.5,-9.29%,1543063.64,Trailing Stop (7% drop) - exactly 9.29% drop
"Oct 21, 2024",NABBC,BUY,115.0,630.0,-72450.0,498.54,1542565.1,0.0,0.00%,1543063.64,Trend Entry (Str: 0.01)
"Oct 23, 2024",NMB,SELL,292.0,263.9,77058.8,77557.34,1476098.2,-2014.8,-2.55%,1553655.54,Trailing Stop (7% drop) - exactly 7.18% drop
"Oct 23, 2024",SANIMA,SELL,221.0,326.0,72046.0,149603.34,1404052.2,-7072.0,-8.94%,1553655.54,Trailing Stop (7% drop) - exactly 8.94% drop
"Oct 23, 2024",ADBL,SELL,205.0,367.0,75235.0,224838.34,1328817.2,-3382.5,-4.30%,1553655.54,Trailing Stop (7% drop) - exactly 7.18% drop
"Oct 23, 2024",NICA,SELL,160.0,452.0,72320.0,297158.34,1256497.2,-7472.0,-9.36%,1553655.54,Trailing Stop (7% drop) - exactly 9.36% drop
"Oct 23, 2024",MFIL,BUY,101.0,768.0,-77568.0,219590.34,1334065.2,0.0,0.00%,1553655.54,Trend Entry (Str: 0.09)
"Oct 24, 2024",EDBL,SELL,119.0,631.0,75089.0,294679.34,1249088.3,-4046.0,-5.11%,1543767.64,Trailing Stop (7% drop) - exactly 7.21% drop
"Oct 24, 2024",NIBL,SELL,330.0,236.0,77880.0,372559.34,1171208.3,-1155.0,-1.46%,1543767.64,Trailing Stop (7% drop) - exactly 7.85% drop
"Oct 24, 2024",CZBIL,SELL,311.0,234.6,72960.6,445519.94,1098247.7,-5722.4,-7.27%,1543767.64,Trailing Stop (7% drop) - exactly 9.77% drop
"Oct 27, 2024",KBL,SELL,342.0,228.0,77976.0,523495.94,1005455.0,-1197.0,-1.51%,1528950.94,Trailing Stop (7% drop) - exactly 7.32% drop
"Oct 27, 2024",MBL,SELL,306.0,247.5,75735.0,599230.94,929720.0,-3274.2,-4.14%,1528950.94,Trailing Stop (7% drop) - exactly 7.58% drop
"Oct 27, 2024",JFL,BUY,108.0,705.3,-76172.4,523058.54,1005892.4,0.0,0.00%,1528950.94,Trend Entry (Str: 0.15)
"Oct 28, 2024",SBI,SELL,172.0,481.0,82732.0,605790.54,954179.4,4214.0,5.37%,1559969.94,Trailing Stop (7% drop) - exactly 9.25% drop
"Oct 28, 2024",NHPC,BUY,343.0,227.0,-77861.0,527929.54,1032040.4,0.0,0.00%,1559969.94,Trend Entry (Str: 0.03)
"Oct 28, 2024",JBBL,BUY,217.0,358.0,-77686.0,450243.54,1109726.4,0.0,0.00%,1559969.94,Trend Entry (Str: 0.02)
"Oct 28, 2024",CORBL,BUY,85.0,908.8,-77248.0,372995.54,1186974.4,0.0,0.00%,1559969.94,Trend Entry (Str: 0.02)
"Oct 28, 2024",AHPC,BUY,281.0,277.0,-77837.0,295158.54,1264811.4,0.0,0.00%,1559969.94,Trend Entry (Str: 0.02)
"Nov 05, 2024",EDBL,BUY,115.0,677.0,-77855.0,217303.54,1343243.6,0.0,0.00%,1560547.14,Trend Entry (Str: 0.04)
"Nov 06, 2024",NABIL,SELL,131.0,564.6,73962.6,291266.14,1286237.9,-5685.4,-7.14%,1577504.04,Trailing Stop (7% drop) - exactly 7.14% drop
"Nov 10, 2024",NABBC,SELL,115.0,815.8,93817.0,385083.14,1234182.3,21367.0,29.49%,1619265.44,Take Profit (25% up) - exactly 29.49% up
"Nov 10, 2024",MBL,BUY,314.0,257.3,-80792.2,304290.94,1314974.5,0.0,0.00%,1619265.44,Trend Entry (Str: 0.03)
"Nov 10, 2024",KBL,BUY,349.0,231.5,-80793.5,223497.44,1395768.0,0.0,0.00%,1619265.44,Trend Entry (Str: 0.03)
"Nov 10, 2024",NMB,BUY,306.0,264.0,-80784.0,142713.44,1476552.0,0.0,0.00%,1619265.44,Trend Entry (Str: 0.01)
"Nov 11, 2024",CIT,BUY,36.0,2236.0,-80496.0,62217.44,1571438.4,0.0,0.00%,1633655.84,Trend Entry (Str: 0.02)
"Nov 12, 2024",JFL,SELL,108.0,899.0,97092.0,159309.44,1481461.9,20919.6,27.46%,1640771.34,Take Profit (25% up) - exactly 27.46% up
"Nov 14, 2024",CORBL,SELL,85.0,1158.0,98430.0,257739.44,1416837.9,21182.0,27.42%,1674577.34,Take Profit (25% up) - exactly 27.42% up
"Nov 14, 2024",NABBC,BUY,87.0,955.0,-83085.0,174654.44,1499922.9,0.0,0.00%,1674577.34,Trend Entry (Str: 0.42)
"Nov 14, 2024",EBL,BUY,136.0,614.0,-83504.0,91150.44,1583426.9,0.0,0.00%,1674577.34,Trend Entry (Str: 0.01)
"Nov 17, 2024",JFL,BUY,78.0,1062.0,-82836.0,8314.44,1660067.5,0.0,0.00%,1668381.94,Trend Entry (Str: 0.49)
"Nov 19, 2024",PCBL,SELL,268.0,275.0,73700.0,82014.44,1560886.4,-5118.8,-6.49%,1642900.84,Trailing Stop (7% drop) - exactly 7.72% drop
"Nov 19, 2024",ICFC,SELL,102.0,766.0,78132.0,160146.44,1482754.4,-1836.0,-2.30%,1642900.84,Trailing Stop (7% drop) - exactly 8.04% drop
"Nov 19, 2024",MBL,SELL,314.0,268.0,84152.0,244298.44,1398602.4,3359.8,4.16%,1642900.84,Trailing Stop (7% drop) - exactly 7.59% drop
"Nov 19, 2024",CORBL,BUY,74.0,1110.0,-82140.0,162158.44,1480742.4,0.0,0.00%,1642900.84,Trend Entry (Str: 0.18)
"Nov 21, 2024",GMFIL,SELL,128.0,662.1,84748.8,246907.24,1385723.9,4377.6,5.45%,1632631.14,Trailing Stop (7% drop) - exactly 7.64% drop
"Nov 21, 2024",MFIL,SELL,101.0,742.5,74992.5,321899.74,1310731.4,-2575.5,-3.32%,1632631.14,Trailing Stop (7% drop) - exactly 8.69% drop
"Nov 21, 2024",AHPC,SELL,281.0,276.0,77556.0,399455.74,1233175.4,-281.0,-0.36%,1632631.14,Trailing Stop (7% drop) - exactly 7.69% drop
"Nov 21, 2024",NABBC,SELL,87.0,1035.0,90045.0,489500.74,1143130.4,6960.0,8.38%,1632631.14,Trailing Stop (7% drop) - exactly 7.26% drop
"Nov 21, 2024",JFL,SELL,78.0,965.1,75277.8,564778.54,1067852.6,-7558.2,-9.12%,1632631.14,Trailing Stop (7% drop) - exactly 10.00% drop
"Nov 24, 2024",GBIME,SELL,306.0,236.8,72460.8,637239.34,983941.6,-6609.6,-8.36%,1621180.94,Trailing Stop (7% drop) - exactly 11.14% drop
"Nov 24, 2024",PROFL,SELL,121.0,679.0,82159.0,719398.34,901782.6,2420.0,3.03%,1621180.94,Trailing Stop (7% drop) - exactly 8.74% drop
"Nov 24, 2024",BFC,SELL,120.0,817.0,98040.0,817438.34,803742.6,22440.0,29.68%,1621180.94,Take Profit (25% up) - exactly 29.68% up
"Nov 24, 2024",NHPC,SELL,343.0,218.0,74774.0,892212.34,728968.6,-3087.0,-3.96%,1621180.94,Trailing Stop (7% drop) - exactly 8.21% drop
"Nov 24, 2024",EDBL,SELL,115.0,636.0,73140.0,965352.34,655828.6,-4715.0,-6.06%,1621180.94,Trailing Stop (7% drop) - exactly 7.13% drop
"Nov 24, 2024",KBL,SELL,349.0,218.0,76082.0,1041434.34,579746.6,-4711.5,-5.83%,1621180.94,Trailing Stop (7% drop) - exactly 7.16% drop
"Nov 25, 2024",JFL,BUY,81.0,1006.9,-81558.9,959875.44,675700.9,0.0,0.00%,1635576.34,Trend Entry (Str: 0.28)
"Nov 26, 2024",CORBL,SELL,74.0,1450.0,107300.0,1067175.44,576350.0,25160.0,30.63%,1643525.44,Take Profit (25% up) - exactly 30.63% up
"Nov 26, 2024",AHPC,BUY,288.0,285.0,-82080.0,985095.44,658430.0,0.0,0.00%,1643525.44,Trend Entry (Str: 0.02)
"Nov 27, 2024",NABBC,BUY,78.0,1051.0,-81978.0,903117.44,740593.0,0.0,0.00%,1643710.44,Trend Entry (Str: 0.32)
"Nov 27, 2024",GMFIL,BUY,119.0,690.0,-82110.0,821007.44,822703.0,0.0,0.00%,1643710.44,Trend Entry (Str: 0.07)
"Nov 27, 2024",MFIL,BUY,104.0,785.0,-81640.0,739367.44,904343.0,0.0,0.00%,1643710.44,Trend Entry (Str: 0.03)
"Nov 28, 2024",PFL,SELL,124.0,712.0,88288.0,827655.44,814626.6,8308.0,10.39%,1642282.04,Trailing Stop (7% drop) - exactly 7.89% drop
"Nov 28, 2024",BFC,BUY,96.0,849.7,-81571.2,746084.24,896197.8,0.0,0.00%,1642282.04,Trend Entry (Str: 0.22)
"Nov 28, 2024",NHPC,BUY,358.0,229.0,-81982.0,664102.24,978179.8,0.0,0.00%,1642282.04,Trend Entry (Str: 0.01)
"Dec 01, 2024",JFL,SELL,81.0,913.5,73993.5,738095.74,895140.6,-7565.4,-9.28%,1633236.34,Trailing Stop (7% drop) - exactly 10.00% drop
"Dec 01, 2024",CORBL,BUY,44.0,1831.5,-80586.0,657509.74,975726.6,0.0,0.00%,1633236.34,Trend Entry (Str: 0.67)
"Dec 01, 2024",EDBL,BUY,109.0,749.0,-81641.0,575868.74,1057367.6,0.0,0.00%,1633236.34,Trend Entry (Str: 0.13)
"Dec 03, 2024",PROFL,BUY,115.0,711.0,-81765.0,494103.74,1145212.0,0.0,0.00%,1639315.74,Trend Entry (Str: 0.02)
"Dec 04, 2024",BFC,SELL,96.0,790.0,75840.0,569943.74,1058229.0,-5731.2,-7.03%,1628172.74,Trailing Stop (7% drop) - exactly 7.03% drop
"Dec 05, 2024",CORBL,SELL,44.0,1699.3,74769.2,644712.94,970036.0,-5816.8,-7.22%,1614748.94,Trailing Stop (7% drop) - exactly 7.22% drop
"Dec 08, 2024",JBBL,SELL,217.0,385.0,83545.0,728257.94,864772.1,5859.0,7.54%,1593030.04,Trailing Stop (7% drop) - exactly 7.67% drop
"Dec 08, 2024",NMB,SELL,306.0,243.0,74358.0,802615.94,790414.1,-6426.0,-7.95%,1593030.04,Trailing Stop (7% drop) - exactly 9.33% drop
"Dec 08, 2024",AHPC,SELL,288.0,266.8,76838.4,879454.34,713575.7,-5241.6,-6.39%,1593030.04,Trailing Stop (7% drop) - exactly 8.00% drop
"Dec 08, 2024",MFIL,SELL,104.0,724.0,75296.0,954750.34,638279.7,-6344.0,-7.77%,1593030.04,Trailing Stop (7% drop) - exactly 7.77% drop
"Dec 08, 2024",NHPC,SELL,358.0,224.0,80192.0,1034942.34,558087.7,-1790.0,-2.18%,1593030.04,Trailing Stop (7% drop) - exactly 10.04% drop
"Dec 08, 2024",EDBL,SELL,109.0,680.0,74120.0,1109062.34,483967.7,-7521.0,-9.21%,1593030.04,Trailing Stop (7% drop) - exactly 9.21% drop
"Dec 08, 2024",LICN,BUY,56.0,1399.5,-78372.0,1030690.34,562339.7,0.0,0.00%,1593030.04,Trend Entry (Str: 0.02)
"Dec 09, 2024",GMFIL,SELL,119.0,635.0,75565.0,1106255.34,476840.5,-6545.0,-7.97%,1583095.84,Trailing Stop (7% drop) - exactly 7.97% drop
"Dec 09, 2024",PROFL,SELL,115.0,659.9,75888.5,1182143.84,400952.0,-5876.5,-7.19%,1583095.84,Trailing Stop (7% drop) - exactly 7.19% drop
"Dec 09, 2024",CORBL,BUY,46.0,1693.0,-77878.0,1104265.84,478830.0,0.0,0.00%,1583095.84,Trend Entry (Str: 0.33)
"Dec 10, 2024",JFL,BUY,83.0,947.9,-78675.7,1025590.14,551183.7,0.0,0.00%,1576773.84,Trend Entry (Str: 0.06)
"Dec 12, 2024",NABBC,SELL,78.0,1355.0,105690.0,1131280.14,458077.7,23712.0,28.92%,1589357.84,Take Profit (25% up) - exactly 28.92% up
"Dec 12, 2024",LICN,SELL,56.0,1229.0,68824.0,1200104.14,389253.7,-9548.0,-12.18%,1589357.84,Trailing Stop (7% drop) - exactly 12.18% drop
"Dec 16, 2024",JFL,SELL,83.0,801.0,66483.0,1266587.14,310630.0,-12192.7,-15.50%,1577217.14,Trailing Stop (7% drop) - exactly 16.28% drop
"Dec 16, 2024",NABBC,BUY,61.0,1275.0,-77775.0,1188812.14,388405.0,0.0,0.00%,1577217.14,Trend Entry (Str: 0.25)
"Dec 16, 2024",NHPC,BUY,339.0,232.4,-78783.6,1110028.54,467188.6,0.0,0.00%,1577217.14,Trend Entry (Str: 0.01)
"Dec 19, 2024",ALICL,SELL,108.0,713.9,77101.2,1187129.74,381406.2,-2268.0,-2.86%,1568535.94,Trailing Stop (7% drop) - exactly 7.17% drop
"Dec 19, 2024",CORBL,SELL,46.0,1565.0,71990.0,1259119.74,309416.2,-5888.0,-7.56%,1568535.94,Trailing Stop (7% drop) - exactly 7.56% drop
"Dec 22, 2024",CIT,SELL,36.0,2070.0,74520.0,1333639.74,227990.0,-5976.0,-7.42%,1561629.74,Trailing Stop (7% drop) - exactly 7.42% drop
"Dec 22, 2024",NABBC,SELL,61.0,1244.0,75884.0,1409523.74,152106.0,-1891.0,-2.43%,1561629.74,Trailing Stop (7% drop) - exactly 13.19% drop
"Dec 22, 2024",NHPC,SELL,339.0,214.0,72546.0,1482069.74,79560.0,-6237.6,-7.92%,1561629.74,Trailing Stop (7% drop) - exactly 7.92% drop
"Jan 15, 2025",CORBL,BUY,45.0,1720.0,-77400.0,1404669.74,156252.8,0.0,0.00%,1560922.54,Trend Entry (Str: 0.06)
"Jan 20, 2025",ALICL,BUY,107.0,724.0,-77468.0,1327201.74,231243.0,0.0,0.00%,1558444.74,Trend Entry (Str: 0.01)
"Jan 21, 2025",CORBL,SELL,45.0,1598.0,71910.0,1399111.74,160070.9,-5490.0,-7.09%,1559182.64,Trailing Stop (7% drop) - exactly 7.09% drop
"Jan 26, 2025",CORBL,BUY,36.0,2124.5,-76482.0,1322629.74,238249.7,0.0,0.00%,1560879.44,Trend Entry (Str: 0.30)
"Jan 27, 2025",NABBC,BUY,64.0,1218.0,-77952.0,1244677.74,319091.0,0.0,0.00%,1563768.74,Trend Entry (Str: 0.05)
"Jan 27, 2025",AHPC,BUY,295.0,265.0,-78175.0,1166502.74,397266.0,0.0,0.00%,1563768.74,Trend Entry (Str: 0.05)
"Feb 02, 2025",EDBL,BUY,116.0,680.0,-78880.0,1087622.74,497774.4,0.0,0.00%,1585397.14,Trend Entry (Str: 0.13)
"Feb 02, 2025",NHPC,BUY,350.0,226.0,-79100.0,1008522.74,576874.4,0.0,0.00%,1585397.14,Trend Entry (Str: 0.04)
"Feb 03, 2025",CORBL,SELL,36.0,2749.0,98964.0,1107486.74,485275.7,22482.0,29.40%,1592762.44,Take Profit (25% up) - exactly 29.40% up
"Feb 04, 2025",NMB,BUY,324.0,245.9,-79671.6,1027815.14,566381.3,0.0,0.00%,1594196.44,Trend Entry (Str: 0.02)
"Feb 06, 2025",NIBL,BUY,376.0,211.8,-79636.8,948178.34,644589.3,0.0,0.00%,1592767.64,Trend Entry (Str: 0.01)
"Feb 12, 2025",GMFIL,BUY,145.0,550.0,-79750.0,868428.34,734537.2,0.0,0.00%,1602965.54,Trend Entry (Str: 0.07)
"Feb 13, 2025",BFC,BUY,120.0,669.0,-80280.0,788148.34,818194.2,0.0,0.00%,1606342.54,Trend Entry (Str: 0.05)
"Feb 13, 2025",LICN,BUY,72.0,1115.1,-80287.2,707861.14,898481.4,0.0,0.00%,1606342.54,Trend Entry (Str: 0.01)
"Feb 13, 2025",MBL,BUY,349.0,229.9,-80235.1,627626.04,978716.5,0.0,0.00%,1606342.54,Trend Entry (Str: 0.00)
"Feb 16, 2025",ICFC,BUY,117.0,685.5,-80203.5,547422.54,1064025.4,0.0,0.00%,1611447.94,Trend Entry (Str: 0.05)
"Feb 17, 2025",PROFL,BUY,130.0,622.6,-80938.0,466484.54,1154133.7,0.0,0.00%,1620618.24,Trend Entry (Str: 0.08)
"Feb 17, 2025",MFIL,BUY,122.0,659.0,-80398.0,386086.54,1234531.7,0.0,0.00%,1620618.24,Trend Entry (Str: 0.03)
"Feb 17, 2025",ADBL,BUY,274.0,295.0,-80830.0,305256.54,1315361.7,0.0,0.00%,1620618.24,Trend Entry (Str: 0.01)
"Feb 18, 2025",SANIMA,BUY,265.0,305.0,-80825.0,224431.54,1393061.3,0.0,0.00%,1617492.84,Trend Entry (Str: 0.03)
"Feb 20, 2025",EDBL,SELL,116.0,779.0,90364.0,314795.54,1308246.6,11484.0,14.56%,1623042.14,Trailing Stop (7% drop) - exactly 7.06% drop
"Feb 20, 2025",PCBL,BUY,320.0,253.5,-81120.0,233675.54,1389366.6,0.0,0.00%,1623042.14,Trend Entry (Str: 0.03)
"Feb 20, 2025",CZBIL,BUY,378.0,214.4,-81043.2,152632.34,1470409.8,0.0,0.00%,1623042.14,Trend Entry (Str: 0.02)
"Feb 23, 2025",BFC,SELL,120.0,645.0,77400.0,230032.34,1393050.5,-2880.0,-3.59%,1623082.84,Trailing Stop (7% drop) - exactly 7.17% drop
"Feb 23, 2025",PFL,BUY,174.0,464.0,-80736.0,149296.34,1473786.5,0.0,0.00%,1623082.84,Trend Entry (Str: 0.06)
"Feb 23, 2025",NICA,BUY,217.0,373.1,-80962.7,68333.64,1554749.2,0.0,0.00%,1623082.84,Trend Entry (Str: 0.01)
"Feb 23, 2025",NABIL,BUY,139.0,489.9,-68096.1,237.54,1622845.3,0.0,0.00%,1623082.84,Trend Entry (Str: 0.00)
"Feb 27, 2025",NABBC,SELL,64.0,1611.8,103155.2,103392.74,1560030.0,25203.2,32.33%,1663422.74,Take Profit (25% up) - exactly 32.33% up
"Feb 27, 2025",KBL,BUY,379.0,219.0,-83001.0,20391.74,1643031.0,0.0,0.00%,1663422.74,Trend Entry (Str: 0.08)
"Feb 27, 2025",GBIME,BUY,88.0,230.0,-20240.0,151.74,1663271.0,0.0,0.00%,1663422.74,Trend Entry (Str: 0.04)
"Mar 06, 2025",LICN,SELL,72.0,1180.0,84960.0,85111.74,1563383.2,4672.8,5.82%,1648494.94,Trailing Stop (7% drop) - exactly 11.94% drop
"Mar 06, 2025",NABBC,BUY,45.0,1800.0,-81000.0,4111.74,1644383.2,0.0,0.00%,1648494.94,Trend Entry (Str: 0.29)
"Mar 09, 2025",AHPC,SELL,295.0,267.0,78765.0,82876.74,1541188.8,590.0,0.75%,1624065.54,Trailing Stop (7% drop) - exactly 7.29% drop
"Mar 09, 2025",GMFIL,SELL,145.0,527.0,76415.0,159291.74,1464773.8,-3335.0,-4.18%,1624065.54,Trailing Stop (7% drop) - exactly 7.87% drop
"Mar 09, 2025",PROFL,SELL,130.0,578.0,75140.0,234431.74,1389633.8,-5798.0,-7.16%,1624065.54,Trailing Stop (7% drop) - exactly 7.16% drop
"Mar 10, 2025",NHPC,SELL,350.0,219.9,76965.0,311396.74,1305819.0,-2135.0,-2.70%,1617215.74,Trailing Stop (7% drop) - exactly 7.02% drop
"Mar 10, 2025",PFL,SELL,174.0,459.0,79866.0,391262.74,1225953.0,-870.0,-1.08%,1617215.74,Trailing Stop (7% drop) - exactly 7.83% drop
"Mar 11, 2025",NIBL,SELL,376.0,216.0,81216.0,472478.74,1136616.3,1579.2,1.98%,1609095.04,Trailing Stop (7% drop) - exactly 7.49% drop
"Mar 11, 2025",MBL,SELL,349.0,229.7,80165.3,552644.04,1056451.0,-69.8,-0.09%,1609095.04,Trailing Stop (7% drop) - exactly 7.00% drop
"Mar 11, 2025",MFIL,SELL,122.0,625.0,76250.0,628894.04,980201.0,-4148.0,-5.16%,1609095.04,Trailing Stop (7% drop) - exactly 7.41% drop
"Mar 11, 2025",PCBL,SELL,320.0,255.0,81600.0,710494.04,898601.0,480.0,0.59%,1609095.04,Trailing Stop (7% drop) - exactly 7.94% drop
"Mar 11, 2025",CZBIL,SELL,378.0,213.0,80514.0,791008.04,818087.0,-529.2,-0.65%,1609095.04,Trailing Stop (7% drop) - exactly 7.31% drop
"Mar 11, 2025",NICA,SELL,217.0,379.0,82243.0,873251.04,735844.0,1280.3,1.58%,1609095.04,Trailing Stop (7% drop) - exactly 7.56% drop
"Mar 11, 2025",KBL,SELL,379.0,207.2,78528.8,951779.84,657315.2,-4472.2,-5.39%,1609095.04,Trailing Stop (7% drop) - exactly 7.00% drop
"Mar 11, 2025",JBBL,BUY,217.0,370.0,-80290.0,871489.84,737605.2,0.0,0.00%,1609095.04,Trend Entry (Str: 0.03)
"Mar 16, 2025",ALICL,SELL,107.0,753.0,80571.0,952060.84,651685.1,3103.0,4.01%,1603745.94,Trailing Stop (7% drop) - exactly 7.95% drop
"Mar 16, 2025",ICFC,SELL,117.0,632.0,73944.0,1026004.84,577741.1,-6259.5,-7.80%,1603745.94,Trailing Stop (7% drop) - exactly 7.80% drop
"Mar 19, 2025",ADBL,SELL,274.0,286.1,78391.4,1104396.24,496103.9,-2438.6,-3.02%,1600500.14,Trailing Stop (7% drop) - exactly 7.41% drop
"Mar 23, 2025",NMB,SELL,324.0,243.09,78761.16,1183157.4,410404.83,-910.44,-1.14%,1593562.22,Trailing Stop (7% drop) - exactly 9.13% drop
"Mar 23, 2025",SANIMA,SELL,265.0,298.22,79028.3,1262185.7,331376.53,-1796.7,-2.22%,1593562.23,Trailing Stop (7% drop) - exactly 7.61% drop
"Mar 23, 2025",NABIL,SELL,139.0,482.62,67084.18,1329269.88,264292.35,-1011.92,-1.49%,1593562.22,Trailing Stop (7% drop) - exactly 7.01% drop
"Mar 23, 2025",GBIME,SELL,88.0,216.08,19015.04,1348284.92,245277.31,-1224.96,-6.05%,1593562.23,Trailing Stop (7% drop) - exactly 8.05% drop
"Mar 23, 2025",JBBL,SELL,217.0,340.17,73816.89,1422101.81,171460.42,-6473.11,-8.06%,1593562.22,Trailing Stop (7% drop) - exactly 8.06% drop
"Mar 25, 2025",NABBC,SELL,45.0,1759.94,79197.3,1501299.11,81651.68,-1802.7,-2.23%,1582950.78,Trailing Stop (7% drop) - exactly 11.82% drop
"Apr 03, 2025",NABBC,BUY,43.0,1819.89,-78255.27,1423043.84,160581.51,0.0,0.00%,1583625.35,Trend Entry (Str: 0.04)
"Apr 10, 2025",NIBL,BUY,369.0,214.03,-78977.07,1344066.76,238069.88,0.0,0.00%,1582136.64,Trend Entry (Str: 0.00)
"Apr 16, 2025",SBI,BUY,184.0,428.86,-78910.24,1265156.53,318026.59,0.0,0.00%,1583183.12,Trend Entry (Str: 0.03)
"Apr 17, 2025",CORBL,BUY,34.0,2325.38,-79062.92,1186093.61,397572.22,0.0,0.00%,1583665.83,Trend Entry (Str: 0.23)
"Apr 17, 2025",KBL,BUY,375.0,211.03,-79136.25,1106957.36,476708.47,0.0,0.00%,1583665.83,Trend Entry (Str: 0.01)
"Apr 17, 2025",ADBL,BUY,271.0,291.96,-79121.16,1027836.2,555829.63,0.0,0.00%,1583665.83,Trend Entry (Str: 0.00)
"Apr 21, 2025",AHPC,BUY,289.0,275.14,-79515.46,948320.74,646211.66,0.0,0.00%,1594532.4,Trend Entry (Str: 0.06)
"Apr 21, 2025",SANIMA,BUY,255.0,311.91,-79537.05,868783.69,725748.71,0.0,0.00%,1594532.4,Trend Entry (Str: 0.03)
"Apr 22, 2025",CORBL,SELL,34.0,2471.9,84044.6,952828.29,627790.92,4981.68,6.30%,1580619.2,Trailing Stop (7% drop) - exactly 10.00% drop
"Apr 22, 2025",NHPC,BUY,353.0,223.27,-78814.31,874013.98,706605.23,0.0,0.00%,1580619.2,Trend Entry (Str: 0.05)
"Apr 23, 2025",SBI,SELL,184.0,409.59,75364.56,949378.54,619957.89,-3545.68,-4.49%,1569336.43,Trailing Stop (7% drop) - exactly 7.47% drop
"Apr 27, 2025",NABBC,SELL,43.0,1633.24,70229.32,1019607.86,553258.23,-8025.95,-10.26%,1572866.09,Trailing Stop (7% drop) - exactly 10.37% drop
"Apr 29, 2025",CORBL,BUY,33.0,2376.63,-78428.79,941179.07,627757.98,0.0,0.00%,1568937.05,Trend Entry (Str: 0.19)
"May 04, 2025",KBL,SELL,375.0,195.39,73271.25,1014450.32,554304.31,-5865.0,-7.41%,1568754.63,Trailing Stop (7% drop) - exactly 7.41% drop
"May 05, 2025",CORBL,SELL,33.0,2206.0,72798.0,1087248.32,473051.18,-5630.79,-7.18%,1560299.5,Trailing Stop (7% drop) - exactly 7.18% drop
"May 13, 2025",CORBL,BUY,34.0,2279.42,-77500.28,1009748.04,556136.08,0.0,0.00%,1565884.12,Trend Entry (Str: 0.09)
"May 14, 2025",AHPC,SELL,289.0,284.73,82286.97,1092035.01,469016.7,2771.51,3.49%,1561051.7,Trailing Stop (7% drop) - exactly 7.52% drop
"May 14, 2025",NHPC,SELL,353.0,220.76,77928.28,1169963.29,391088.42,-886.03,-1.12%,1561051.7,Trailing Stop (7% drop) - exactly 7.50% drop
"May 18, 2025",CORBL,SELL,34.0,1917.6,65198.4,1235161.68,312598.04,-12301.88,-15.87%,1547759.72,Trailing Stop (7% drop) - exactly 16.60% drop
"May 18, 2025",ICFC,BUY,127.0,607.39,-77138.53,1158023.16,389736.57,0.0,0.00%,1547759.72,Trend Entry (Str: 0.01)
"May 20, 2025",NHPC,BUY,343.0,226.83,-77802.69,1080220.47,478732.53,0.0,0.00%,1558953.0,Trend Entry (Str: 0.03)
"May 20, 2025",PFL,BUY,185.0,420.32,-77759.2,1002461.27,556491.73,0.0,0.00%,1558953.0,Trend Entry (Str: 0.02)
"May 20, 2025",MFIL,BUY,129.0,604.08,-77926.32,924534.94,634418.05,0.0,0.00%,1558953.0,Trend Entry (Str: 0.01)
"May 21, 2025",JBBL,BUY,230.0,337.63,-77654.9,846880.04,710486.63,0.0,0.00%,1557366.68,Trend Entry (Str: 0.02)
"May 22, 2025",GBIME,BUY,333.0,234.43,-78065.19,768814.86,796577.75,0.0,0.00%,1565392.6,Trend Entry (Str: 0.07)
"May 22, 2025",NABIL,BUY,156.0,499.55,-77929.8,690885.06,874507.55,0.0,0.00%,1565392.6,Trend Entry (Str: 0.03)
"May 26, 2025",KBL,BUY,360.0,216.21,-77835.6,613049.45,947505.76,0.0,0.00%,1560555.22,Trend Entry (Str: 0.07)
"May 26, 2025",CZBIL,BUY,364.0,213.94,-77874.16,535175.29,1025379.92,0.0,0.00%,1560555.22,Trend Entry (Str: 0.04)
"May 27, 2025",MBL,BUY,341.0,228.27,-77840.07,457335.22,1104017.99,0.0,0.00%,1561353.21,Trend Entry (Str: 0.04)
"May 27, 2025",NMB,BUY,310.0,251.39,-77930.9,379404.32,1181948.89,0.0,0.00%,1561353.21,Trend Entry (Str: 0.04)
"May 27, 2025",PCBL,BUY,310.0,251.4,-77934.0,301470.32,1259882.89,0.0,0.00%,1561353.21,Trend Entry (Str: 0.03)
"May 28, 2025",AHPC,BUY,271.0,290.73,-78787.83,222682.49,1358368.05,0.0,0.00%,1581050.54,Trend Entry (Str: 0.02)
"Jun 02, 2025",NICA,BUY,212.0,369.69,-78374.28,144308.21,1429285.32,0.0,0.00%,1573593.54,Trend Entry (Str: 0.04)
"Jun 03, 2025",CORBL,BUY,29.0,2649.81,-76844.49,67463.72,1477122.35,0.0,0.00%,1544586.08,Trend Entry (Str: 0.16)
"Jun 03, 2025",SBI,BUY,165.0,407.98,-67316.7,147.02,1544439.05,0.0,0.00%,1544586.08,Trend Entry (Str: 0.02)
"Jun 05, 2025",MBL,SELL,341.0,217.46,74153.86,74300.88,1452182.32,-3686.21,-4.74%,1526483.2,Trailing Stop (7% drop) - exactly 7.39% drop
"Jun 08, 2025",GBIME,SELL,333.0,231.56,77109.48,151410.36,1363071.04,-955.71,-1.22%,1514481.4,Trailing Stop (7% drop) - exactly 7.10% drop
"Jun 08, 2025",CORBL,SELL,29.0,2358.0,68382.0,219792.36,1294689.04,-8462.49,-11.01%,1514481.4,Trailing Stop (7% drop) - exactly 11.01% drop
"Jun 09, 2025",NABBC,BUY,44.0,1721.99,-75767.56,144024.8,1375649.26,0.0,0.00%,1519674.06,Trend Entry (Str: 0.07)
"Jun 11, 2025",KBL,SELL,360.0,205.54,73994.4,218019.2,1306453.93,-3841.2,-4.94%,1524473.14,Trailing Stop (7% drop) - exactly 7.44% drop
"Jun 11, 2025",GMFIL,BUY,155.0,491.76,-76222.8,141796.4,1382676.73,0.0,0.00%,1524473.14,Trend Entry (Str: 0.02)
"Jun 12, 2025",CZBIL,SELL,364.0,206.91,75315.24,217111.64,1301207.32,-2558.92,-3.29%,1518318.96,Trailing Stop (7% drop) - exactly 7.03% drop
"Jun 12, 2025",PCBL,SELL,310.0,239.79,74334.9,291446.54,1226872.42,-3599.1,-4.62%,1518318.96,Trailing Stop (7% drop) - exactly 7.00% drop
"Jun 15, 2025",JFL,BUY,158.0,475.93,-75196.94,216249.6,1296344.76,0.0,0.00%,1512594.37,Trend Entry (Str: 0.01)
"Jun 16, 2025",CORBL,BUY,29.0,2578.86,-74786.94,141462.66,1369646.32,0.0,0.00%,1511108.98,Trend Entry (Str: 0.12)
"Jun 17, 2025",NICA,SELL,212.0,342.68,72648.16,214110.82,1292013.98,-5726.12,-7.31%,1506124.81,Trailing Stop (7% drop) - exactly 7.31% drop
"Jun 17, 2025",NABBC,SELL,44.0,1558.0,68552.0,282662.82,1223461.98,-7215.56,-9.52%,1506124.81,Trailing Stop (7% drop) - exactly 9.52% drop
"Jun 22, 2025",NIBL,SELL,369.0,204.86,75593.34,358256.16,1110749.35,-3383.73,-4.28%,1469005.51,Trailing Stop (7% drop) - exactly 7.89% drop
"Jun 22, 2025",NMB,SELL,310.0,235.23,72921.3,431177.46,1037828.05,-5009.6,-6.43%,1469005.51,Trailing Stop (7% drop) - exactly 7.41% drop
"Jun 22, 2025",AHPC,SELL,271.0,285.44,77354.24,508531.7,960473.81,-1433.59,-1.82%,1469005.51,Trailing Stop (7% drop) - exactly 7.98% drop
"Jun 22, 2025",SBI,SELL,165.0,378.44,62442.6,570974.3,898031.21,-4874.1,-7.24%,1469005.51,Trailing Stop (7% drop) - exactly 8.68% drop
"Jun 22, 2025",CORBL,SELL,29.0,2140.67,62079.43,633053.74,835951.78,-12707.51,-16.99%,1469005.51,Trailing Stop (7% drop) - exactly 20.05% drop
"Jun 24, 2025",JBBL,SELL,230.0,316.52,72799.6,705853.34,763671.69,-4855.3,-6.25%,1469525.02,Trailing Stop (7% drop) - exactly 7.06% drop
"Jul 03, 2025",NABBC,BUY,44.0,1691.59,-74429.96,631423.38,874515.3,0.0,0.00%,1505938.68,Trend Entry (Str: 0.05)
"Jul 03, 2025",NIBL,BUY,348.0,215.87,-75122.76,556300.62,949638.06,0.0,0.00%,1505938.68,Trend Entry (Str: 0.03)
"Jul 06, 2025",PCBL,BUY,294.0,256.96,-75546.24,480754.38,1034391.82,0.0,0.00%,1515146.2,Trend Entry (Str: 0.05)
"Jul 07, 2025",SBI,BUY,183.0,409.05,-74856.15,405898.22,1092243.4,0.0,0.00%,1498141.62,Trend Entry (Str: 0.03)
"Jul 07, 2025",NMB,BUY,300.0,249.22,-74766.0,331132.22,1167009.4,0.0,0.00%,1498141.62,Trend Entry (Str: 0.02)
"Jul 07, 2025",MBL,BUY,331.0,225.79,-74736.49,256395.74,1241745.89,0.0,0.00%,1498141.62,Trend Entry (Str: 0.02)
"Jul 07, 2025",EDBL,BUY,128.0,584.94,-74872.32,181523.41,1316618.21,0.0,0.00%,1498141.62,Trend Entry (Str: 0.01)
"Jul 07, 2025",GBIME,BUY,314.0,238.38,-74851.32,106672.09,1391469.53,0.0,0.00%,1498141.62,Trend Entry (Str: 0.01)
"Jul 08, 2025",NHPC,SELL,343.0,210.8,72304.4,178976.5,1320028.65,-5498.29,-7.07%,1499005.14,Trailing Stop (7% drop) - exactly 7.07% drop
"Jul 08, 2025",PROFL,BUY,148.0,503.6,-74532.8,104443.7,1394561.45,0.0,0.00%,1499005.15,Trend Entry (Str: 0.03)
"Jul 08, 2025",BFC,BUY,152.0,490.93,-74621.36,29822.33,1469182.81,0.0,0.00%,1499005.15,Trend Entry (Str: 0.02)
"Jul 08, 2025",CIT,BUY,15.0,1912.54,-28688.1,1134.23,1497870.91,0.0,0.00%,1499005.15,Trend Entry (Str: 0.01)
"Jul 27, 2025",NABBC,SELL,44.0,1488.28,65484.32,66618.55,1572192.15,-8945.64,-12.02%,1638810.7,Trailing Stop (7% drop) - exactly 12.43% drop
"Jul 27, 2025",JBBL,BUY,170.0,391.08,-66483.6,134.96,1638675.75,0.0,0.00%,1638810.71,Trend Entry (Str: 0.15)
"Aug 03, 2025",EBL,SELL,136.0,711.01,96697.36,96832.32,1488530.75,13193.36,15.80%,1585363.06,Trailing Stop (7% drop) - exactly 7.04% drop
"Aug 03, 2025",PCBL,SELL,294.0,261.43,76860.42,173692.74,1411670.33,1314.18,1.74%,1585363.06,Trailing Stop (7% drop) - exactly 8.37% drop
"Aug 03, 2025",NMB,SELL,300.0,257.61,77283.0,250975.74,1334387.33,2517.0,3.37%,1585363.06,Trailing Stop (7% drop) - exactly 7.01% drop
"Aug 03, 2025",PROFL,SELL,148.0,536.07,79338.36,330314.09,1255048.97,4805.56,6.45%,1585363.06,Trailing Stop (7% drop) - exactly 7.21% drop
"Aug 03, 2025",JBBL,SELL,170.0,370.24,62940.8,393254.89,1192108.17,-3542.8,-5.33%,1585363.06,Trailing Stop (7% drop) - exactly 8.51% drop
"Aug 05, 2025",ICFC,SELL,127.0,660.55,83889.85,477144.74,1100803.97,6751.32,8.75%,1577948.71,Trailing Stop (7% drop) - exactly 7.69% drop
"Aug 05, 2025",PFL,SELL,185.0,418.03,77335.55,554480.29,1023468.42,-423.65,-0.54%,1577948.71,Trailing Stop (7% drop) - exactly 7.96% drop
"Aug 05, 2025",GMFIL,SELL,155.0,500.05,77507.75,631988.04,945960.67,1284.95,1.69%,1577948.71,Trailing Stop (7% drop) - exactly 7.34% drop
"Aug 05, 2025",NIBL,SELL,348.0,225.46,78460.08,710448.12,867500.59,3337.32,4.44%,1577948.71,Trailing Stop (7% drop) - exactly 7.08% drop
"Aug 05, 2025",EDBL,SELL,128.0,636.37,81455.36,791903.48,786045.23,6583.04,8.79%,1577948.71,Trailing Stop (7% drop) - exactly 8.45% drop
"Aug 05, 2025",BFC,SELL,152.0,518.87,78868.24,870771.72,707176.99,4246.88,5.69%,1577948.71,Trailing Stop (7% drop) - exactly 8.46% drop
"Aug 06, 2025",JFL,SELL,158.0,498.67,78789.86,949561.58,624696.47,3592.92,4.78%,1574258.05,Trailing Stop (7% drop) - exactly 8.02% drop
"Aug 07, 2025",NABBC,BUY,46.0,1688.15,-77654.9,871906.68,706408.05,0.0,0.00%,1578314.74,Trend Entry (Str: 0.02)
"Aug 11, 2025",ICFC,BUY,115.0,685.84,-78871.6,793035.08,784531.66,0.0,0.00%,1577566.74,Trend Entry (Str: 0.04)
"Aug 12, 2025",SBI,SELL,183.0,410.01,75031.83,868066.91,698752.46,175.68,0.23%,1566819.38,Trailing Stop (7% drop) - exactly 7.44% drop
"Aug 12, 2025",CIT,SELL,15.0,1940.53,29107.95,897174.86,669644.51,419.85,1.46%,1566819.38,Trailing Stop (7% drop) - exactly 7.60% drop
"Aug 13, 2025",MFIL,SELL,129.0,685.87,88477.23,985652.09,576755.42,10550.91,13.54%,1562407.51,Trailing Stop (7% drop) - exactly 7.21% drop
"Aug 13, 2025",GBIME,SELL,314.0,251.53,78980.42,1064632.51,497775.0,4129.1,5.52%,1562407.51,Trailing Stop (7% drop) - exactly 7.14% drop
"Aug 13, 2025",EBL,BUY,109.0,715.14,-77950.26,986682.25,575725.26,0.0,0.00%,1562407.51,Trend Entry (Str: 0.01)
"Aug 14, 2025",NABBC,SELL,46.0,1558.21,71677.66,1058359.91,504318.85,-5977.24,-7.70%,1562678.76,Trailing Stop (7% drop) - exactly 7.70% drop
"Aug 24, 2025",NABIL,SELL,156.0,513.56,80115.36,1138475.27,419356.93,2185.56,2.80%,1557832.2,Trailing Stop (7% drop) - exactly 7.40% drop
"Aug 24, 2025",MBL,SELL,331.0,245.99,81422.69,1219897.96,337934.24,6686.2,8.95%,1557832.2,Trailing Stop (7% drop) - exactly 7.30% drop
"Sep 08, 2025",EBL,SELL,109.0,711.56,77560.04,1297458.0,253530.96,-390.22,-0.50%,1550988.96,Trailing Stop (7% drop) - exactly 7.03% drop
"Sep 18, 2025",ADBL,SELL,271.0,298.7,80947.7,1378405.7,161764.5,1826.54,2.31%,1540170.2,Trailing Stop (7% drop) - exactly 12.04% drop
"Sep 18, 2025",SANIMA,SELL,255.0,348.9,88969.5,1467375.2,72795.0,9432.45,11.86%,1540170.2,Trailing Stop (7% drop) - exactly 10.37% drop
"Sep 18, 2025",ICFC,SELL,115.0,633.0,72795.0,1540170.2,0.0,-6076.6,-7.70%,1540170.2,Trailing Stop (7% drop) - exactly 7.78% drop
"Sep 30, 2025",NIBL,BUY,370.0,208.0,-76960.0,1463210.2,76960.0,0.0,0.00%,1540170.2,Trend Entry (Str: 0.01)
"Nov 02, 2025",SBI,BUY,191.0,401.0,-76591.0,1386619.2,152182.0,0.0,0.00%,1538801.2,Trend Entry (Str: 0.03)
"Nov 04, 2025",NABBC,BUY,96.0,793.0,-76128.0,1310491.2,226898.0,0.0,0.00%,1537389.2,Trend Entry (Str: 0.06)
"Nov 05, 2025",LICN,BUY,88.0,866.0,-76208.0,1234283.2,303360.0,0.0,0.00%,1537643.2,Trend Entry (Str: 0.04)
"Nov 06, 2025",BFC,BUY,154.0,497.9,-76676.6,1157606.6,382234.6,0.0,0.00%,1539841.2,Trend Entry (Str: 0.09)
"Nov 06, 2025",EDBL,BUY,125.0,613.0,-76625.0,1080981.6,458859.6,0.0,0.00%,1539841.2,Trend Entry (Str: 0.01)
"Nov 06, 2025",ALICL,BUY,162.0,473.2,-76658.4,1004323.2,535518.0,0.0,0.00%,1539841.2,Trend Entry (Str: 0.01)
"Nov 09, 2025",PROFL,BUY,159.0,479.0,-76161.0,928162.2,601762.4,0.0,0.00%,1529924.6,Trend Entry (Str: 0.02)
"Nov 09, 2025",GMFIL,BUY,165.0,462.8,-76362.0,851800.2,678124.4,0.0,0.00%,1529924.6,Trend Entry (Str: 0.02)
"Nov 09, 2025",PFL,BUY,196.0,390.0,-76440.0,775360.2,754564.4,0.0,0.00%,1529924.6,Trend Entry (Str: 0.01)
"Nov 13, 2025",PCBL,BUY,306.0,247.3,-75673.8,699686.4,815676.8,0.0,0.00%,1515363.2,Trend Entry (Str: 0.02)
"Nov 16, 2025",NIBL,SELL,370.0,191.0,70670.0,770356.4,738917.9,-6290.0,-8.17%,1509274.3,Trailing Stop (7% drop) - exactly 8.17% drop
"Nov 18, 2025",ADBL,BUY,241.0,314.5,-75794.5,694561.9,827360.6,0.0,0.00%,1521922.5,Trend Entry (Str: 0.00)
"Nov 25, 2025",EBL,BUY,117.0,657.0,-76869.0,617692.9,931160.0,0.0,0.00%,1548852.9,Trend Entry (Str: 0.03)
"Nov 26, 2025",NMB,BUY,308.0,251.8,-77554.4,540138.5,1011719.5,0.0,0.00%,1551858.0,Trend Entry (Str: 0.05)
"Nov 26, 2025",MBL,BUY,352.0,220.4,-77580.8,462557.7,1089300.3,0.0,0.00%,1551858.0,Trend Entry (Str: 0.04)
"Nov 26, 2025",MFIL,BUY,128.0,602.0,-77056.0,385501.7,1166356.3,0.0,0.00%,1551858.0,Trend Entry (Str: 0.03)
"Nov 26, 2025",JBBL,BUY,239.0,324.5,-77555.5,307946.2,1243911.8,0.0,0.00%,1551858.0,Trend Entry (Str: 0.02)
"Nov 26, 2025",AHPC,BUY,271.0,285.9,-77478.9,230467.3,1321390.7,0.0,0.00%,1551858.0,Trend Entry (Str: 0.02)
"Nov 27, 2025",NHPC,BUY,394.0,197.8,-77933.2,152534.1,1406747.8,0.0,0.00%,1559281.9,Trend Entry (Str: 0.03)
"Nov 27, 2025",ICFC,BUY,121.0,643.0,-77803.0,74731.1,1484550.8,0.0,0.00%,1559281.9,Trend Entry (Str: 0.02)
"Nov 27, 2025",CIT,BUY,39.0,1883.9,-73472.1,1259.0,1558022.9,0.0,0.00%,1559281.9,Trend Entry (Str: 0.02)
"Dec 01, 2025",NABBC,SELL,96.0,1030.2,98899.2,100158.2,1446361.9,22771.2,29.91%,1546520.1,Take Profit (25% up) - exactly 29.91% up
"Dec 01, 2025",ADBL,SELL,241.0,303.9,73239.9,173398.1,1373122.0,-2554.6,-3.37%,1546520.1,Trailing Stop (7% drop) - exactly 7.60% drop
"Dec 01, 2025",NICA,BUY,238.0,324.0,-77112.0,96286.1,1450234.0,0.0,0.00%,1546520.1,Trend Entry (Str: 0.02)
"Dec 01, 2025",NABIL,BUY,151.0,512.0,-77312.0,18974.1,1527546.0,0.0,0.00%,1546520.1,Trend Entry (Str: 0.01)
"Dec 01, 2025",NIBL,BUY,95.0,198.0,-18810.0,164.1,1546356.0,0.0,0.00%,1546520.1,Trend Entry (Str: 0.01)
"Dec 10, 2025",GMFIL,SELL,165.0,468.0,77220.0,77384.1,1448486.0,858.0,1.12%,1525870.1,Trailing Stop (7% drop) - exactly 7.14% drop
"Dec 10, 2025",NABBC,BUY,73.0,1031.9,-75328.7,2055.4,1523814.7,0.0,0.00%,1525870.1,Trend Entry (Str: 0.18)
"Dec 14, 2025",BFC,SELL,154.0,455.0,70070.0,72125.4,1448190.1,-6606.6,-8.62%,1520315.5,Trailing Stop (7% drop) - exactly 8.62% drop
"Dec 16, 2025",SANIMA,BUY,231.0,311.0,-71841.0,284.4,1547236.9,0.0,0.00%,1547521.3,Trend Entry (Str: 0.01)
"Dec 21, 2025",EDBL,SELL,125.0,568.3,71037.5,71321.9,1459232.5,-5587.5,-7.29%,1530554.4,Trailing Stop (7% drop) - exactly 7.29% drop
"Dec 21, 2025",PROFL,SELL,159.0,445.0,70755.0,142076.9,1388477.5,-5406.0,-7.10%,1530554.4,Trailing Stop (7% drop) - exactly 7.10% drop
"Dec 21, 2025",NABBC,SELL,73.0,1150.1,83957.3,226034.2,1304520.2,8628.6,11.45%,1530554.4,Trailing Stop (7% drop) - exactly 7.55% drop
"Dec 22, 2025",ALICL,SELL,162.0,456.9,74017.8,300052.0,1226141.5,-2640.6,-3.44%,1526193.5,Trailing Stop (7% drop) - exactly 7.47% drop
"Dec 22, 2025",NHPC,SELL,394.0,183.9,72456.6,372508.6,1153684.9,-5476.6,-7.03%,1526193.5,Trailing Stop (7% drop) - exactly 7.03% drop
"Dec 23, 2025",LICN,SELL,88.0,875.0,77000.0,449508.6,1077504.9,792.0,1.04%,1527013.5,Trailing Stop (7% drop) - exactly 7.89% drop
"Dec 23, 2025",PFL,SELL,196.0,355.2,69619.2,519127.8,1007885.7,-6820.8,-8.92%,1527013.5,Trailing Stop (7% drop) - exactly 9.16% drop
"Dec 24, 2025",NMB,SELL,308.0,235.1,72410.8,591538.6,935670.0,-5143.6,-6.63%,1527208.6,Trailing Stop (7% drop) - exactly 9.58% drop
"Dec 28, 2025",NABBC,BUY,67.0,1152.0,-77184.0,514354.6,1031540.3,0.0,0.00%,1545894.9,Trend Entry (Str: 0.15)
"Dec 28, 2025",GBIME,BUY,336.0,229.8,-77212.8,437141.8,1108753.1,0.0,0.00%,1545894.9,Trend Entry (Str: 0.02)
"Jan 01, 2026",CZBIL,BUY,386.0,198.8,-76736.8,360405.0,1177554.9,0.0,0.00%,1537959.9,Trend Entry (Str: 0.03)
"Jan 04, 2026",AHPC,SELL,271.0,259.0,70189.0,430594.0,1104481.8,-7289.9,-9.41%,1535075.8,Trailing Stop (7% drop) - exactly 9.41% drop
"Jan 05, 2026",PCBL,SELL,306.0,238.5,72981.0,503575.0,1039920.6,-2692.8,-3.56%,1543495.6,Trailing Stop (7% drop) - exactly 9.42% drop
"Jan 07, 2026",MFIL,SELL,128.0,760.0,97280.0,600855.0,957659.0,20224.0,26.25%,1558514.0,Take Profit (25% up) - exactly 26.25% up
"Jan 08, 2026",EDBL,BUY,129.0,601.0,-77529.0,523326.0,1037466.4,0.0,0.00%,1560792.4,Trend Entry (Str: 0.03)
"Jan 12, 2026",MFIL,BUY,101.0,765.0,-77265.0,446061.0,1111318.2,0.0,0.00%,1557379.2,Trend Entry (Str: 0.13)
"Jan 12, 2026",JFL,BUY,181.0,430.0,-77830.0,368231.0,1189148.2,0.0,0.00%,1557379.2,Trend Entry (Str: 0.03)
"Jan 13, 2026",ALICL,BUY,163.0,476.0,-77588.0,290643.0,1263208.4,0.0,0.00%,1553851.4,Trend Entry (Str: 0.02)
"Jan 13, 2026",ADBL,BUY,260.0,298.0,-77480.0,213163.0,1340688.4,0.0,0.00%,1553851.4,Trend Entry (Str: 0.01)
"Jan 18, 2026",PROFL,BUY,162.0,487.8,-79023.6,134139.4,1454550.4,0.0,0.00%,1588689.8,Trend Entry (Str: 0.07)
"Jan 20, 2026",NHPC,BUY,393.0,203.9,-80132.7,54006.7,1548793.5,0.0,0.00%,1602800.2,Trend Entry (Str: 0.08)
"Jan 20, 2026",BFC,BUY,111.0,485.5,-53890.5,116.2,1602684.0,0.0,0.00%,1602800.2,Trend Entry (Str: 0.04)
"Jan 21, 2026",NABBC,SELL,67.0,1538.0,103046.0,103162.2,1498865.9,25862.0,33.51%,1602028.1,Take Profit (25% up) - exactly 33.51% up
"Jan 21, 2026",KBL,BUY,430.0,185.9,-79937.0,23225.2,1578802.9,0.0,0.00%,1602028.1,Trend Entry (Str: 0.03)
"Jan 21, 2026",GMFIL,BUY,48.0,478.0,-22944.0,281.2,1601746.9,0.0,0.00%,1602028.1,Trend Entry (Str: 0.02)
