Date,Stock,Action,Price,Quantity,Amount,Remaining_Cash,Total_Shares
2/7/2021,NICA,BUY,874,10,8740,191260,10
2/7/2021,EBL,BUY,776,10,7760,183500,10
2/7/2021,NABIL,BUY,1114,10,11140,172360,10
2/7/2021,ICFC,BUY,295,10,2950,169410,10
2/7/2021,NMB,BUY,427,10,4270,165140,10
2/7/2021,PCBL,BUY,447,10,4470,160670,10
2/7/2021,MEGA,BUY,282,10,2820,157850,10
2/7/2021,MLBL,BUY,284,10,2840,155010,10
2/7/2021,EDBL,BUY,392,10,3920,151090,10
2/7/2021,ADBL,BUY,450,10,4500,146590,10
2/7/2021,PROFL,BUY,160,10,1600,144990,10
2/7/2021,NBB,BUY,292,10,2920,142070,10
2/8/2021,NHPC,BUY,140,10,1400,140670,10
2/8/2021,ICFC,SELL,302,10,3020,143690,0
2/8/2021,ADBL,SELL,462,10,4620,148310,0
2/8/2021,AKJCL,BUY,137,10,1370,146940,10
2/8/2021,EBL,SELL,792,10,7920,154860,0
2/8/2021,NICA,SELL,889,10,8890,163750,0
2/8/2021,DHPL,BUY,115,10,1150,162600,10
2/8/2021,NABIL,SELL,1165,10,11650,174250,0
2/8/2021,PCBL,SELL,462,10,4620,178870,0
2/8/2021,PROFL,BUY,160,10,1600,177270,20
2/8/2021,EDBL,SELL,403,10,4030,181300,0
2/8/2021,NMB,SELL,442,10,4420,185720,0
2/8/2021,NBB,SELL,306,10,3060,188780,0
2/8/2021,MEGA,SELL,298,10,2980,191760,0
2/8/2021,KKHC,BUY,114,10,1140,190620,10
2/8/2021,JOSHI,BUY,121,10,1210,189410,10
2/8/2021,MLBL,SELL,293,10,2930,192340,0
2/9/2021,EBL,BUY,782,10,7820,184520,10
2/9/2021,ADBL,BUY,453,10,4530,179990,10
2/9/2021,AKJCL,SELL,144,10,1440,181430,0
2/9/2021,JOSHI,BUY,120,10,1200,180230,20
2/9/2021,DHPL,BUY,114,10,1140,179090,20
2/9/2021,PROFL,SELL,164,10,1640,180730,10
2/9/2021,KKHC,SELL,116,10,1160,181890,0
2/9/2021,NHPC,BUY,140,10,1400,180490,20
2/10/2021,JOSHI,BUY,119,10,1190,179300,30
2/10/2021,KKHC,BUY,113,10,1130,178170,10
2/10/2021,PROFL,SELL,165,10,1650,179820,0
2/10/2021,ADBL,SELL,457,10,4570,184390,0
2/10/2021,NHPC,BUY,136,10,1360,183030,30
2/10/2021,DHPL,BUY,114,10,1140,181890,30
2/10/2021,EBL,BUY,779,10,7790,174100,20
2/11/2021,JOSHI,BUY,119,10,1190,172910,40
2/11/2021,KKHC,SELL,116,10,1160,174070,0
2/11/2021,DHPL,BUY,115,10,1150,172920,40
2/11/2021,ADBL,BUY,451,10,4510,168410,10
2/11/2021,EBL,SELL,785,10,7850,176260,10
2/11/2021,AKJCL,BUY,138,10,1380,174880,10
2/11/2021,RLI,BUY,736,10,7360,167520,10
2/11/2021,NHPC,BUY,135,10,1350,166170,40
2/14/2021,EBL,BUY,775,10,7750,158420,20
2/14/2021,AKJCL,SELL,143,10,1430,159850,0
2/14/2021,JOSHI,BUY,119,10,1190,158660,50
2/14/2021,RLI,BUY,726,10,7260,151400,20
2/14/2021,NICA,BUY,877,10,8770,142630,10
2/14/2021,DHPL,BUY,114,10,1140,141490,50
2/14/2021,ADBL,BUY,448,10,4480,137010,20
2/14/2021,CIT,BUY,4500,10,45000,92010,10
2/14/2021,NHPC,BUY,134,10,1340,90670,50
2/14/2021,KKHC,BUY,115,10,1150,89520,10
2/14/2021,PROFL,BUY,160,10,1600,87920,10
2/15/2021,RLI,SELL,760,10,7600,95520,10
2/15/2021,PROFL,SELL,166,10,1660,97180,0
2/15/2021,CIT,SELL,4689,10,46890,144070,0
2/15/2021,JOSHI,SELL,121,10,1210,145280,40
2/15/2021,KKHC,SELL,115,10,1150,146430,0
2/15/2021,NICA,SELL,917,10,9170,155600,0
2/15/2021,ADBL,SELL,456,10,4560,160160,10
2/15/2021,EBL,SELL,797,10,7970,168130,10
2/15/2021,NHPC,BUY,137,10,1370,166760,60
2/15/2021,DHPL,BUY,115,10,1150,165610,60
2/16/2021,ADBL,SELL,462,10,4620,170230,0
2/16/2021,RLI,BUY,745,10,7450,162780,20
2/16/2021,EBL,SELL,791,10,7910,170690,0
2/16/2021,KKHC,BUY,113,10,1130,169560,10
2/16/2021,HPPL,BUY,330,10,3300,166260,10
2/16/2021,PROFL,BUY,162,10,1620,164640,10
2/16/2021,NHPC,BUY,136,10,1360,163280,70
2/16/2021,JOSHI,BUY,118,10,1180,162100,50
2/16/2021,DHPL,BUY,114,10,1140,160960,70
2/17/2021,CIT,BUY,4600,10,46000,114960,10
2/17/2021,NHPC,BUY,135,10,1350,113610,80
2/17/2021,PROFL,SELL,165,10,1650,115260,0
2/17/2021,JOSHI,BUY,119,10,1190,114070,60
2/17/2021,AKJCL,BUY,141,10,1410,112660,10
2/17/2021,DHPL,BUY,114,10,1140,111520,80
2/17/2021,RLI,BUY,735,10,7350,104170,30
2/17/2021,BARUN,BUY,246,10,2460,101710,10
2/17/2021,HPPL,BUY,325,10,3250,98460,20
2/17/2021,KKHC,BUY,113,10,1130,97330,20
2/18/2021,AKJCL,SELL,142,10,1420,98750,0
2/18/2021,BARUN,BUY,243,10,2430,96320,20
2/18/2021,HPPL,SELL,352,10,3520,99840,10
2/18/2021,KKHC,BUY,112,10,1120,98720,30
2/18/2021,NHPC,BUY,137,10,1370,97350,90
2/18/2021,CIT,SELL,4705,10,47050,144400,0
2/18/2021,RLI,BUY,725,10,7250,137150,40
2/18/2021,JOSHI,BUY,118,10,1180,135970,70
2/18/2021,DHPL,BUY,113,10,1130,134840,90
2/21/2021,MFIL,BUY,511,10,5110,129730,10
2/21/2021,HPPL,SELL,344,10,3440,133170,0
2/21/2021,BARUN,BUY,246,10,2460,130710,30
2/21/2021,RLI,BUY,720,10,7200,123510,50
2/21/2021,DHPL,SELL,116,10,1160,124670,80
2/21/2021,JOSHI,SELL,123,10,1230,125900,60
2/21/2021,LICN,BUY,2426,10,24260,101640,10
2/21/2021,NHPC,SELL,147,10,1470,103110,80
2/21/2021,KKHC,SELL,117,10,1170,104280,20
2/22/2021,RLI,BUY,709,10,7090,97190,60
2/22/2021,BARUN,BUY,243,10,2430,94760,40
2/22/2021,KSBBL,BUY,315,10,3150,91610,10
2/22/2021,JBBL,BUY,233,10,2330,89280,10
2/22/2021,MFIL,BUY,510,10,5100,84180,20
2/22/2021,KKHC,SELL,128,10,1280,85460,10
2/22/2021,ICFC,BUY,316,10,3160,82300,10
2/22/2021,JOSHI,SELL,124,10,1240,83540,50
2/22/2021,NHPC,SELL,148,10,1480,85020,70
2/22/2021,DHPL,SELL,121,10,1210,86230,70
2/22/2021,PCBL,BUY,464,10,4640,81590,10
2/22/2021,LICN,BUY,2341,10,23410,58180,20
2/23/2021,SANIMA,BUY,377,10,3770,54410,10
2/23/2021,BARUN,BUY,241,10,2410,52000,50
2/23/2021,NHPC,SELL,146,10,1460,53460,60
2/23/2021,MFIL,BUY,509,10,5090,48370,30
2/23/2021,LICN,BUY,2320,10,23200,25170,30
2/23/2021,PCBL,BUY,468,10,4680,20490,20
2/23/2021,KKHC,SELL,123,10,1230,21720,0
2/23/2021,LBBL,BUY,259,10,2590,19130,10
2/23/2021,JBBL,BUY,235,10,2350,16780,20
2/23/2021,DHPL,SELL,119,10,1190,17970,60
2/23/2021,ICFC,BUY,315,10,3150,14820,20
2/23/2021,RLI,BUY,693,10,6930,7890,70
2/23/2021,MEGA,BUY,307,10,3070,4820,10
2/23/2021,ADBL,BUY,455,10,4550,270,10
2/24/2021,MEGA,SELL,313,10,3130,3400,0
2/24/2021,ICFC,BUY,315,10,3150,250,30
2/24/2021,DHPL,SELL,118,10,1180,1430,50
2/24/2021,NHPC,SELL,146,10,1460,2890,50
2/24/2021,JBBL,BUY,235,10,2350,540,30
2/25/2021,NHPC,SELL,158,10,1580,2120,40
2/28/2021,DHPL,BUY,113,10,1130,990,60
2/28/2021,NHPC,SELL,149,10,1490,2480,30
2/28/2021,KKHC,BUY,117,10,1170,1310,10
2/28/2021,JOSHI,BUY,117,10,1170,140,60
3/1/2021,NHPC,SELL,149,10,1490,1630,20
3/2/2021,NHPC,BUY,142,10,1420,210,30
3/3/2021,NHPC,SELL,149,10,1490,1700,20
3/4/2021,KKHC,BUY,119,10,1190,510,20
3/4/2021,JOSHI,SELL,119,10,1190,1700,50
3/4/2021,DHPL,BUY,115,10,1150,550,70
3/4/2021,NHPC,SELL,163,10,1630,2180,10
3/7/2021,JOSHI,BUY,118,10,1180,1000,60
3/7/2021,NHPC,SELL,154,10,1540,2540,0
3/7/2021,KKHC,BUY,116,10,1160,1380,30
3/7/2021,DHPL,BUY,115,10,1150,230,80
3/9/2021,BARUN,SELL,235,10,2350,2580,40
3/9/2021,AKJCL,BUY,142,10,1420,1160,10
3/9/2021,DHPL,BUY,113,10,1130,30,90
3/10/2021,BARUN,SELL,236,10,2360,2390,30
3/10/2021,JOSHI,BUY,117,10,1170,1220,70
3/14/2021,DHPL,SELL,114,10,1140,2360,80
3/14/2021,PROFL,BUY,155,10,1550,810,10
3/14/2021,AKJCL,SELL,144,10,1440,2250,0
3/14/2021,JOSHI,BUY,117,10,1170,1080,80
3/14/2021,BARUN,SELL,232,10,2320,3400,20
3/14/2021,JBBL,BUY,219,10,2190,1210,40
3/14/2021,KKHC,BUY,116,10,1160,50,40
3/15/2021,JOSHI,SELL,121,10,1210,1260,70
3/15/2021,KKHC,SELL,117,10,1170,2430,30
3/15/2021,DHPL,SELL,117,10,1170,3600,70
3/15/2021,MLBL,BUY,293,10,2930,670,10
3/16/2021,KKHC,SELL,128,10,1280,1950,20
3/16/2021,BARUN,SELL,231,10,2310,4260,10
3/16/2021,PROFL,BUY,154,10,1540,2720,20
3/16/2021,JOSHI,SELL,133,10,1330,4050,60
3/16/2021,DHPL,SELL,124,10,1240,5290,60
3/16/2021,EDBL,BUY,418,10,4180,1110,10
3/17/2021,BARUN,SELL,231,10,2310,3420,0
3/17/2021,MLBL,BUY,264,10,2640,780,20
3/17/2021,KKHC,SELL,140,10,1400,2180,10
3/17/2021,DHPL,SELL,131,10,1310,3490,50
3/17/2021,JOSHI,SELL,146,10,1460,4950,50
3/17/2021,PCBL,BUY,423,10,4230,720,30
3/17/2021,PROFL,SELL,161,10,1610,2330,10
3/17/2021,LICN,SELL,2271,10,22710,25040,20
3/17/2021,MFIL,SELL,475,10,4750,29790,20
3/17/2021,HPPL,BUY,407,10,4070,25720,10
3/17/2021,KSBBL,SELL,302,10,3020,28740,0
3/17/2021,JBBL,SELL,222,10,2220,30960,30
3/17/2021,NICA,BUY,865,10,8650,22310,10
3/17/2021,ICFC,BUY,294,10,2940,19370,40
3/17/2021,LBBL,BUY,242,10,2420,16950,20
3/18/2021,LICN,SELL,2354,10,23540,40490,10
3/18/2021,NMB,BUY,415,10,4150,36340,10
3/18/2021,MLBL,BUY,266,10,2660,33680,30
3/18/2021,ADBL,SELL,430,10,4300,37980,0
3/18/2021,BARUN,BUY,228,10,2280,35700,10
3/18/2021,PCBL,BUY,428,10,4280,31420,40
3/18/2021,JBBL,SELL,224,10,2240,33660,20
3/18/2021,LBBL,SELL,248,10,2480,36140,10
3/18/2021,EBL,BUY,734,10,7340,28800,10
3/18/2021,JOSHI,SELL,136,10,1360,30160,40
3/18/2021,HPPL,BUY,413,10,4130,26030,20
3/18/2021,NICA,SELL,872,10,8720,34750,0
3/18/2021,MFIL,SELL,492,10,4920,39670,10
3/18/2021,KKHC,SELL,133,10,1330,41000,0
3/18/2021,DHPL,SELL,124,10,1240,42240,40
3/18/2021,SANIMA,SELL,360,10,3600,45840,0
3/18/2021,AHPC,BUY,321,10,3210,42630,10
3/18/2021,RLI,SELL,657,10,6570,49200,60
3/18/2021,ICFC,SELL,300,10,3000,52200,30
3/18/2021,PROFL,SELL,159,10,1590,53790,0
3/18/2021,EDBL,SELL,436,10,4360,58150,0
3/18/2021,NABIL,BUY,1243,10,12430,45720,10
3/21/2021,AHPC,BUY,313,10,3130,42590,20
3/21/2021,PCBL,SELL,435,10,4350,46940,30
3/21/2021,AKJCL,BUY,145,10,1450,45490,10
3/21/2021,NMB,SELL,428,10,4280,49770,0
3/21/2021,HURJA,BUY,327,10,3270,46500,10
3/21/2021,BARUN,BUY,230,10,2300,44200,20
3/21/2021,LICN,SELL,2363,10,23630,67830,0
3/21/2021,HPPL,BUY,429,10,4290,63540,30
3/21/2021,MLBL,BUY,275,10,2750,60790,40
3/21/2021,RLI,SELL,680,10,6800,67590,50
3/21/2021,LBBL,SELL,253,10,2530,70120,0
3/21/2021,JOSHI,SELL,129,10,1290,71410,30
3/21/2021,MFIL,SELL,493,10,4930,76340,0
3/21/2021,NABIL,SELL,1259,10,12590,88930,0
3/21/2021,JBBL,SELL,227,10,2270,91200,10
3/21/2021,EBL,BUY,745,10,7450,83750,20
3/21/2021,DHPL,SELL,119,10,1190,84940,30
3/21/2021,ICFC,SELL,304,10,3040,87980,20
3/22/2021,DHPL,BUY,116,10,1160,86820,40
3/22/2021,RLI,SELL,667,10,6670,93490,40
3/22/2021,JOSHI,SELL,127,10,1270,94760,20
3/22/2021,HURJA,BUY,338,10,3380,91380,20
3/22/2021,EDBL,BUY,425,10,4250,87130,10
3/22/2021,AKJCL,SELL,154,10,1540,88670,0
3/22/2021,BARUN,BUY,229,10,2290,86380,30
3/22/2021,EBL,BUY,736,10,7360,79020,30
3/22/2021,ICFC,SELL,300,10,3000,82020,10
3/22/2021,JBBL,SELL,222,10,2220,84240,0
3/22/2021,MLBL,BUY,273,10,2730,81510,50
3/22/2021,HPPL,BUY,415,10,4150,77360,40
3/22/2021,AHPC,BUY,260,10,2600,74760,30
3/22/2021,PCBL,SELL,436,10,4360,79120,20
3/23/2021,PCBL,SELL,434,10,4340,83460,10
3/23/2021,SANIMA,BUY,356,10,3560,79900,10
3/23/2021,JOSHI,SELL,131,10,1310,81210,10
3/23/2021,AHPC,BUY,253,10,2530,78680,40
3/23/2021,HPPL,BUY,402,10,4020,74660,50
3/23/2021,PROFL,BUY,156,10,1560,73100,10
3/23/2021,ICFC,SELL,297,10,2970,76070,0
3/23/2021,HURJA,SELL,345,10,3450,79520,10
3/23/2021,EDBL,SELL,447,10,4470,83990,0
3/23/2021,EBL,BUY,733,10,7330,76660,40
3/23/2021,MLBL,BUY,268,10,2680,73980,60
3/23/2021,RLI,SELL,664,10,6640,80620,30
3/23/2021,DHPL,SELL,119,10,1190,81810,30
3/23/2021,BARUN,SELL,233,10,2330,84140,20
3/23/2021,NABIL,BUY,1234,10,12340,71800,10
3/24/2021,MLBL,BUY,270,10,2700,69100,70
3/24/2021,PROFL,SELL,159,10,1590,70690,0
3/24/2021,NABIL,SELL,1239,10,12390,83080,0
3/24/2021,BARUN,SELL,234,10,2340,85420,10
3/24/2021,HURJA,SELL,345,10,3450,88870,0
3/24/2021,HPPL,BUY,410,10,4100,84770,60
3/24/2021,AKJCL,BUY,150,10,1500,83270,10
3/24/2021,PCBL,SELL,443,10,4430,87700,0
3/24/2021,KKHC,BUY,125,10,1250,86450,10
3/24/2021,JOSHI,BUY,128,10,1280,85170,20
3/24/2021,RLI,SELL,670,10,6700,91870,20
3/24/2021,EBL,SELL,743,10,7430,99300,30
3/24/2021,DHPL,SELL,120,10,1200,100500,20
3/24/2021,SANIMA,SELL,364,10,3640,104140,0
3/24/2021,AHPC,BUY,249,10,2490,101650,50
3/25/2021,NABIL,BUY,1227,10,12270,89380,10
3/25/2021,HURJA,BUY,330,10,3300,86080,10
3/25/2021,KKHC,BUY,125,10,1250,84830,20
3/25/2021,PROFL,BUY,156,10,1560,83270,10
3/25/2021,RLI,SELL,665,10,6650,89920,10
3/25/2021,NHPC,BUY,162,10,1620,88300,10
3/25/2021,DHPL,SELL,121,10,1210,89510,10
3/25/2021,HPPL,BUY,398,10,3980,85530,70
3/25/2021,BARUN,SELL,235,10,2350,87880,0
3/25/2021,MFIL,BUY,475,10,4750,83130,10
3/25/2021,MLBL,BUY,270,10,2700,80430,80
3/25/2021,AKJCL,BUY,150,10,1500,78930,20
3/25/2021,EBL,SELL,735,10,7350,86280,20
3/25/2021,AHPC,BUY,245,10,2450,83830,60
3/25/2021,JOSHI,SELL,131,10,1310,85140,10
3/29/2021,ICFC,BUY,296,10,2960,82180,10
3/29/2021,EBL,SELL,737,10,7370,89550,10
3/29/2021,NICA,BUY,872,10,8720,80830,10
3/29/2021,JBBL,BUY,221,10,2210,78620,10
3/29/2021,RLI,SELL,674,10,6740,85360,0
3/29/2021,MLBL,BUY,268,10,2680,82680,90
3/29/2021,JOSHI,BUY,131,10,1310,81370,20
3/29/2021,AHPC,BUY,245,10,2450,78920,70
3/29/2021,LBBL,BUY,245,10,2450,76470,10
3/29/2021,HPPL,BUY,390,10,3900,72570,80
3/29/2021,NHPC,BUY,161,10,1610,70960,20
3/29/2021,MFIL,BUY,474,10,4740,66220,20
3/29/2021,PCBL,BUY,430,10,4300,61920,10
3/29/2021,DHPL,BUY,119,10,1190,60730,20
3/29/2021,KKHC,BUY,124,10,1240,59490,30
3/29/2021,HURJA,SELL,348,10,3480,62970,0
3/29/2021,NABIL,SELL,1232,10,12320,75290,0
3/29/2021,PROFL,SELL,160,10,1600,76890,0
3/29/2021,AKJCL,BUY,149,10,1490,75400,30
3/30/2021,LBBL,SELL,247,10,2470,77870,0
3/30/2021,NHPC,BUY,161,10,1610,76260,30
3/30/2021,AKJCL,BUY,150,10,1500,74760,40
3/30/2021,ICFC,SELL,300,10,3000,77760,0
3/30/2021,DHPL,BUY,118,10,1180,76580,30
3/30/2021,JBBL,BUY,221,10,2210,74370,20
3/30/2021,JOSHI,BUY,130,10,1300,73070,30
3/30/2021,KKHC,BUY,125,10,1250,71820,40
3/30/2021,MFIL,SELL,484,10,4840,76660,10
3/30/2021,HPPL,BUY,395,10,3950,72710,90
3/30/2021,NICA,BUY,872,10,8720,63990,20
3/30/2021,MLBL,BUY,267,10,2670,61320,100
3/30/2021,EBL,SELL,736,10,7360,68680,0
3/30/2021,AHPC,BUY,243,10,2430,66250,80
3/30/2021,PCBL,BUY,430,10,4300,61950,20
3/31/2021,PCBL,SELL,437,10,4370,66320,10
3/31/2021,MFIL,SELL,487,10,4870,71190,0
3/31/2021,MLBL,SELL,272,10,2720,73910,90
3/31/2021,KKHC,BUY,123,10,1230,72680,50
3/31/2021,JOSHI,BUY,130,10,1300,71380,40
3/31/2021,JBBL,SELL,224,10,2240,73620,10
3/31/2021,HPPL,BUY,393,10,3930,69690,100
3/31/2021,DHPL,BUY,118,10,1180,68510,40
3/31/2021,AKJCL,BUY,149,10,1490,67020,50
3/31/2021,AHPC,BUY,244,10,2440,64580,90
3/31/2021,HURJA,BUY,338,10,3380,61200,10
3/31/2021,LICN,BUY,2270,10,22700,38500,10
3/31/2021,NICA,SELL,903,10,9030,47530,10
3/31/2021,NHPC,BUY,161,10,1610,45920,40
4/1/2021,JOSHI,BUY,130,10,1300,44620,50
4/1/2021,DHPL,BUY,118,10,1180,43440,50
4/1/2021,NHPC,SELL,164,10,1640,45080,30
4/1/2021,JBBL,SELL,232,10,2320,47400,0
4/1/2021,NICA,SELL,907,10,9070,56470,0
4/1/2021,AKJCL,SELL,150,10,1500,57970,40
4/1/2021,HPPL,BUY,391,10,3910,54060,110
4/1/2021,HURJA,BUY,334,10,3340,50720,20
4/1/2021,KKHC,BUY,125,10,1250,49470,60
4/1/2021,MLBL,SELL,277,10,2770,52240,80
4/1/2021,PCBL,SELL,438,10,4380,56620,0
4/1/2021,LICN,BUY,2292,10,22920,33700,20
4/1/2021,AHPC,BUY,255,10,2550,31150,100
4/4/2021,HURJA,BUY,338,10,3380,27770,30
4/4/2021,HPPL,BUY,398,10,3980,23790,120
4/4/2021,MLBL,SELL,280,10,2800,26590,70
4/4/2021,KKHC,BUY,123,10,1230,25360,70
4/4/2021,JOSHI,BUY,128,10,1280,24080,60
4/4/2021,AHPC,SELL,272,10,2720,26800,90
4/4/2021,LICN,BUY,2301,10,23010,3790,30
4/4/2021,DHPL,SELL,119,10,1190,4980,40
4/4/2021,AKJCL,SELL,152,10,1520,6500,30
4/4/2021,NHPC,SELL,167,10,1670,8170,20
4/5/2021,DHPL,SELL,119,10,1190,9360,30
4/5/2021,KKHC,BUY,123,10,1230,8130,80
4/5/2021,JOSHI,SELL,130,10,1300,9430,50
4/5/2021,MLBL,SELL,279,10,2790,12220,60
4/5/2021,NBB,BUY,369,10,3690,8530,10
4/5/2021,AHPC,SELL,277,10,2770,11300,80
4/5/2021,NHPC,SELL,170,10,1700,13000,10
4/5/2021,HPPL,BUY,396,10,3960,9040,130
4/5/2021,HURJA,BUY,336,10,3360,5680,40
4/5/2021,AKJCL,BUY,150,10,1500,4180,40
4/5/2021,LICN,SELL,2323,10,23230,27410,20
4/6/2021,NBB,BUY,366,10,3660,23750,20
4/6/2021,NMB,BUY,424,10,4240,19510,10
4/6/2021,KKHC,SELL,128,10,1280,20790,70
4/6/2021,LICN,SELL,2314,10,23140,43930,10
4/6/2021,CIT,BUY,4275,10,42750,1180,10
4/6/2021,JOSHI,SELL,142,10,1420,2600,40
4/6/2021,AKJCL,SELL,158,10,1580,4180,30
4/6/2021,MLBL,SELL,285,10,2850,7030,50
4/6/2021,HPPL,SELL,420,10,4200,11230,120
4/6/2021,AHPC,SELL,277,10,2770,14000,70
4/6/2021,DHPL,SELL,129,10,1290,15290,20
4/6/2021,NHPC,SELL,184,10,1840,17130,0
4/6/2021,HURJA,BUY,339,10,3390,13740,50
4/7/2021,NMB,SELL,425,10,4250,17990,0
4/7/2021,HPPL,SELL,403,10,4030,22020,110
4/7/2021,AHPC,SELL,267,10,2670,24690,60
4/7/2021,HURJA,BUY,337,10,3370,21320,60
4/7/2021,JOSHI,SELL,138,10,1380,22700,30
4/7/2021,AKJCL,SELL,157,10,1570,24270,20
4/7/2021,NBB,BUY,367,10,3670,20600,30
4/7/2021,MLBL,SELL,292,10,2920,23520,40
4/7/2021,LICN,SELL,2348,10,23480,47000,0
4/7/2021,KKHC,SELL,138,10,1380,48380,60
4/7/2021,DHPL,SELL,127,10,1270,49650,10
4/8/2021,AHPC,SELL,264,10,2640,52290,50
4/8/2021,MLBL,SELL,292,10,2920,55210,30
4/8/2021,NMB,BUY,424,10,4240,50970,10
4/8/2021,CIT,BUY,4205,10,42050,8920,20
4/8/2021,AKJCL,SELL,155,10,1550,10470,10
4/8/2021,BARUN,BUY,245,10,2450,8020,10
4/8/2021,HURJA,BUY,333,10,3330,4690,70
4/8/2021,DHPL,SELL,126,10,1260,5950,0
4/8/2021,KKHC,SELL,134,10,1340,7290,50
4/8/2021,JOSHI,SELL,138,10,1380,8670,20
4/8/2021,NBB,BUY,368,10,3680,4990,40
4/8/2021,HPPL,SELL,402,10,4020,9010,100
4/12/2021,AKJCL,SELL,153,10,1530,10540,0
4/12/2021,HURJA,BUY,330,10,3300,7240,80
4/12/2021,AHPC,SELL,261,10,2610,9850,40
4/12/2021,HPPL,SELL,400,10,4000,13850,90
4/12/2021,NMB,SELL,431,10,4310,18160,0
4/12/2021,KKHC,SELL,130,10,1300,19460,40
4/12/2021,JOSHI,SELL,137,10,1370,20830,10
4/12/2021,NBB,SELL,379,10,3790,24620,30
4/12/2021,BARUN,BUY,242,10,2420,22200,20
4/12/2021,MLBL,SELL,295,10,2950,25150,20
4/13/2021,JOSHI,SELL,137,10,1370,26520,0
4/13/2021,HPPL,BUY,398,10,3980,22540,100
4/13/2021,RLI,BUY,728,10,7280,15260,10
4/13/2021,NBB,SELL,392,10,3920,19180,20
4/13/2021,KKHC,SELL,132,10,1320,20500,30
4/13/2021,NHPC,BUY,166,10,1660,18840,10
4/13/2021,BARUN,SELL,248,10,2480,21320,10
4/13/2021,MLBL,SELL,310,10,3100,24420,10
4/13/2021,AHPC,BUY,260,10,2600,21820,50
4/13/2021,HURJA,BUY,330,10,3300,18520,90
4/15/2021,NHPC,BUY,162,10,1620,16900,20
4/15/2021,HURJA,BUY,333,10,3330,13570,100
4/15/2021,RLI,BUY,725,10,7250,6320,20
4/15/2021,NBB,SELL,403,10,4030,10350,10
4/15/2021,HPPL,BUY,398,10,3980,6370,110
4/15/2021,AHPC,BUY,261,10,2610,3760,60
4/15/2021,BARUN,BUY,244,10,2440,1320,20
4/15/2021,KKHC,SELL,134,10,1340,2660,20
4/15/2021,MLBL,SELL,309,10,3090,5750,0
4/18/2021,BARUN,BUY,243,10,2430,3320,30
4/18/2021,HURJA,SELL,338,10,3380,6700,90
4/18/2021,HPPL,SELL,401,10,4010,10710,100
4/18/2021,NHPC,BUY,159,10,1590,9120,30
4/18/2021,RLI,BUY,718,10,7180,1940,30
4/18/2021,NBB,SELL,390,10,3900,5840,0
4/18/2021,KKHC,SELL,138,10,1380,7220,10
4/19/2021,NHPC,BUY,157,10,1570,5650,40
4/19/2021,HPPL,BUY,399,10,3990,1660,110
4/19/2021,AKJCL,BUY,152,10,1520,140,10
4/19/2021,KKHC,SELL,135,10,1350,1490,0
4/19/2021,HURJA,SELL,335,10,3350,4840,80
4/19/2021,NMB,BUY,424,10,4240,600,10
4/20/2021,AHPC,SELL,266,10,2660,3260,50
4/20/2021,HPPL,SELL,430,10,4300,7560,100
4/20/2021,HURJA,SELL,368,10,3680,11240,70
4/20/2021,MLBL,BUY,292,10,2920,8320,10
4/20/2021,NHPC,BUY,158,10,1580,6740,50
4/20/2021,ADBL,BUY,430,10,4300,2440,10
4/21/2021,HURJA,SELL,378,10,3780,6220,60
4/21/2021,ADBL,BUY,429,10,4290,1930,20
4/21/2021,NHPC,BUY,161,10,1610,320,60
4/21/2021,AKJCL,SELL,156,10,1560,1880,0
4/21/2021,HPPL,SELL,412,10,4120,6000,90
4/21/2021,SANIMA,BUY,377,10,3770,2230,10
4/22/2021,HPPL,SELL,412,10,4120,6350,80
4/22/2021,SANIMA,BUY,380,10,3800,2550,20
4/22/2021,NHPC,BUY,161,10,1610,940,70
4/22/2021,HURJA,SELL,365,10,3650,4590,50
4/22/2021,ADBL,BUY,428,10,4280,310,30
4/22/2021,MLBL,SELL,299,10,2990,3300,0
4/22/2021,AHPC,SELL,262,10,2620,5920,40
4/22/2021,PCBL,BUY,433,10,4330,1590,10
4/25/2021,JOSHI,BUY,137,10,1370,220,10
4/25/2021,HURJA,SELL,358,10,3580,3800,40
4/25/2021,JBBL,BUY,261,10,2610,1190,10
4/27/2021,AHPC,SELL,270,10,2700,3890,30
4/27/2021,CZBIL,BUY,309,10,3090,800,10
4/27/2021,HURJA,SELL,374,10,3740,4540,30
4/28/2021,PROFL,BUY,170,10,1700,2840,10
4/28/2021,NHPC,BUY,151,10,1510,1330,80
4/28/2021,DHPL,BUY,129,10,1290,40,10
4/28/2021,HURJA,SELL,390,10,3900,3940,20
4/28/2021,MLBL,BUY,281,10,2810,1130,10
4/28/2021,AHPC,SELL,273,10,2730,3860,20
4/28/2021,JBBL,BUY,258,10,2580,1280,20
4/29/2021,HURJA,SELL,389,10,3890,5170,10
4/29/2021,KSBBL,BUY,343,10,3430,1740,10
4/29/2021,HPPL,SELL,412,10,4120,5860,70
4/29/2021,AHPC,SELL,288,10,2880,8740,10
4/29/2021,MFIL,BUY,494,10,4940,3800,10
4/29/2021,LBBL,BUY,278,10,2780,1020,10
4/29/2021,BARUN,SELL,240,10,2400,3420,20
4/29/2021,PROFL,BUY,173,10,1730,1690,20
4/29/2021,DHPL,SELL,136,10,1360,3050,0
4/29/2021,NHPC,SELL,157,10,1570,4620,70
4/29/2021,MEGA,BUY,303,10,3030,1590,10
4/29/2021,JOSHI,BUY,136,10,1360,230,20
4/29/2021,SANIMA,SELL,394,10,3940,4170,10
4/29/2021,MLBL,BUY,284,10,2840,1330,20
5/2/2021,SANIMA,SELL,402,10,4020,5350,0
5/2/2021,BARUN,SELL,242,10,2420,7770,10
5/2/2021,CZBIL,SELL,313,10,3130,10900,0
5/2/2021,NMB,SELL,421,10,4210,15110,0
5/2/2021,PROFL,SELL,181,10,1810,16920,10
5/2/2021,PCBL,SELL,440,10,4400,21320,0
5/2/2021,NABIL,BUY,1275,10,12750,8570,10
5/2/2021,NHPC,SELL,158,10,1580,10150,60
5/2/2021,MEGA,SELL,307,10,3070,13220,0
5/2/2021,JBBL,SELL,267,10,2670,15890,10
5/2/2021,CIT,SELL,3910,10,39100,54990,10
5/2/2021,MFIL,BUY,495,10,4950,50040,20
5/2/2021,JOSHI,BUY,137,10,1370,48670,30
5/2/2021,EBL,BUY,743,10,7430,41240,10
5/2/2021,ADBL,SELL,424,10,4240,45480,20
5/2/2021,KSBBL,SELL,351,10,3510,48990,0
5/2/2021,RLI,SELL,707,10,7070,56060,20
5/2/2021,NICA,BUY,904,10,9040,47020,10
5/2/2021,HPPL,SELL,425,10,4250,51270,60
5/2/2021,HURJA,SELL,391,10,3910,55180,0
5/2/2021,AHPC,SELL,303,10,3030,58210,0
5/2/2021,ICFC,BUY,315,10,3150,55060,10
5/2/2021,MLBL,BUY,287,10,2870,52190,30
5/2/2021,LBBL,BUY,281,10,2810,49380,20
5/3/2021,BARUN,SELL,243,10,2430,51810,0
5/3/2021,NHPC,SELL,157,10,1570,53380,50
5/3/2021,CIT,SELL,3909,10,39090,92470,0
5/3/2021,MFIL,BUY,489,10,4890,87580,30
5/3/2021,CZBIL,BUY,308,10,3080,84500,10
5/3/2021,ICFC,BUY,314,10,3140,81360,20
5/3/2021,JOSHI,SELL,137,10,1370,82730,20
5/3/2021,AKJCL,BUY,153,10,1530,81200,10
5/3/2021,PROFL,BUY,177,10,1770,79430,20
5/3/2021,HPPL,SELL,411,10,4110,83540,50
5/3/2021,RLI,SELL,704,10,7040,90580,10
5/3/2021,NABIL,SELL,1284,10,12840,103420,0
5/3/2021,ADBL,BUY,418,10,4180,99240,30
5/3/2021,KKHC,BUY,132,10,1320,97920,10
5/3/2021,LBBL,BUY,276,10,2760,95160,30
5/3/2021,EBL,BUY,733,10,7330,87830,20
5/3/2021,NICA,BUY,898,10,8980,78850,20
5/3/2021,MEGA,BUY,304,10,3040,75810,10
5/3/2021,EDBL,BUY,529,10,5290,70520,10
5/3/2021,MLBL,BUY,284,10,2840,67680,40
5/3/2021,JBBL,SELL,264,10,2640,70320,0
5/4/2021,HPPL,SELL,411,10,4110,74430,40
5/4/2021,KKHC,SELL,137,10,1370,75800,0
5/4/2021,ICFC,BUY,311,10,3110,72690,30
5/4/2021,MFIL,BUY,489,10,4890,67800,40
5/4/2021,MLBL,BUY,282,10,2820,64980,50
5/4/2021,NHPC,SELL,162,10,1620,66600,40
5/4/2021,PROFL,BUY,176,10,1760,64840,30
5/4/2021,LBBL,BUY,278,10,2780,62060,40
5/4/2021,JOSHI,SELL,144,10,1440,63500,10
5/4/2021,AKJCL,SELL,159,10,1590,65090,0
5/4/2021,EBL,BUY,730,10,7300,57790,30
5/4/2021,RLI,SELL,698,10,6980,64770,0
5/4/2021,MEGA,BUY,301,10,3010,61760,20
5/4/2021,CZBIL,BUY,308,10,3080,58680,20
5/4/2021,ADBL,BUY,417,10,4170,54510,40
5/4/2021,EDBL,SELL,530,10,5300,59810,0
5/4/2021,NICA,BUY,890,10,8900,50910,30
5/5/2021,NABIL,BUY,1266,10,12660,38250,10
5/5/2021,ADBL,BUY,417,10,4170,34080,50
5/5/2021,JOSHI,SELL,158,10,1580,35660,0
5/5/2021,KSBBL,BUY,343,10,3430,32230,10
5/5/2021,PROFL,BUY,176,10,1760,30470,40
5/5/2021,HPPL,SELL,412,10,4120,34590,30
5/5/2021,MFIL,SELL,500,10,5000,39590,30
5/5/2021,LBBL,BUY,278,10,2780,36810,50
5/5/2021,NICA,BUY,887,10,8870,27940,40
5/5/2021,EBL,BUY,729,10,7290,20650,40
5/5/2021,NMB,BUY,414,10,4140,16510,10
5/5/2021,ICFC,BUY,312,10,3120,13390,40
5/5/2021,MLBL,BUY,282,10,2820,10570,60
5/5/2021,NHPC,SELL,167,10,1670,12240,30
5/5/2021,MEGA,BUY,302,10,3020,9220,30
5/6/2021,MFIL,SELL,509,10,5090,14310,20
5/6/2021,ICFC,SELL,317,10,3170,17480,30
5/6/2021,NMB,BUY,412,10,4120,13360,20
5/6/2021,NABIL,BUY,1265,10,12650,710,20
5/6/2021,CZBIL,SELL,311,10,3110,3820,10
5/6/2021,HURJA,BUY,368,10,3680,140,10
5/6/2021,KSBBL,SELL,344,10,3440,3580,0
5/6/2021,PROFL,SELL,180,10,1800,5380,30
5/6/2021,MEGA,SELL,304,10,3040,8420,20
5/6/2021,ADBL,BUY,417,10,4170,4250,60
5/6/2021,NHPC,SELL,165,10,1650,5900,20
5/6/2021,MLBL,BUY,281,10,2810,3090,70
5/6/2021,HPPL,SELL,411,10,4110,7200,20
5/9/2021,KSBBL,BUY,341,10,3410,3790,10
5/9/2021,HURJA,BUY,363,10,3630,160,20
5/9/2021,ICFC,SELL,314,10,3140,3300,20
5/9/2021,NHPC,SELL,160,10,1600,4900,10
5/9/2021,LBBL,BUY,274,10,2740,2160,60
5/9/2021,MEGA,SELL,306,10,3060,5220,10
5/9/2021,HPPL,SELL,408,10,4080,9300,10
5/9/2021,MLBL,BUY,279,10,2790,6510,80
5/9/2021,MFIL,SELL,502,10,5020,11530,10
5/9/2021,PROFL,SELL,179,10,1790,13320,20
5/9/2021,CZBIL,SELL,312,10,3120,16440,0
5/9/2021,ADBL,SELL,419,10,4190,20630,50
5/10/2021,EBL,BUY,726,10,7260,13370,50
5/10/2021,ADBL,SELL,420,10,4200,17570,40
5/10/2021,MLBL,BUY,280,10,2800,14770,90
5/10/2021,MEGA,SELL,307,10,3070,17840,0
5/10/2021,NICA,BUY,892,10,8920,8920,50
5/10/2021,HURJA,BUY,363,10,3630,5290,30
5/10/2021,KSBBL,BUY,341,10,3410,1880,20
5/10/2021,ICFC,SELL,315,10,3150,5030,10
5/10/2021,NHPC,SELL,160,10,1600,6630,0
5/10/2021,HPPL,SELL,408,10,4080,10710,0
5/10/2021,LBBL,SELL,277,10,2770,13480,50
5/10/2021,MFIL,SELL,507,10,5070,18550,0
5/10/2021,NBB,BUY,375,10,3750,14800,10
5/10/2021,NMB,BUY,414,10,4140,10660,30
5/10/2021,RLI,BUY,685,10,6850,3810,10
5/10/2021,PROFL,SELL,178,10,1780,5590,10
5/11/2021,PROFL,SELL,179,10,1790,7380,0
5/11/2021,KSBBL,SELL,345,10,3450,10830,10
5/11/2021,NICA,BUY,892,10,8920,1910,60
5/11/2021,LBBL,SELL,281,10,2810,4720,40
5/11/2021,HURJA,BUY,373,10,3730,990,40
5/11/2021,ICFC,SELL,316,10,3160,4150,0
5/11/2021,HPPL,BUY,409,10,4090,60,10
5/11/2021,NMB,SELL,418,10,4180,4240,20
5/11/2021,NBB,BUY,373,10,3730,510,20
5/11/2021,ADBL,SELL,421,10,4210,4720,30
5/11/2021,MLBL,SELL,283,10,2830,7550,80
5/12/2021,PCBL,BUY,428,10,4280,3270,10
5/12/2021,NMB,SELL,416,10,4160,7430,10
5/12/2021,LBBL,SELL,281,10,2810,10240,30
5/12/2021,EBL,BUY,726,10,7260,2980,60
5/12/2021,MLBL,BUY,282,10,2820,160,90
5/12/2021,HURJA,SELL,377,10,3770,3930,30
5/12/2021,HPPL,SELL,438,10,4380,8310,0
5/13/2021,ADBL,BUY,419,10,4190,4120,40
5/13/2021,HURJA,SELL,391,10,3910,8030,20
5/13/2021,RLI,BUY,688,10,6880,1150,20
5/13/2021,MLBL,SELL,287,10,2870,4020,80
5/13/2021,KSBBL,SELL,356,10,3560,7580,0
5/13/2021,NBB,BUY,375,10,3750,3830,30
5/13/2021,LBBL,SELL,288,10,2880,6710,20
5/16/2021,EBL,SELL,737,10,7370,14080,50
5/16/2021,NMB,SELL,423,10,4230,18310,0
5/16/2021,LBBL,SELL,299,10,2990,21300,10
5/16/2021,NBB,SELL,382,10,3820,25120,20
5/16/2021,PCBL,SELL,437,10,4370,29490,0
5/16/2021,NICA,SELL,903,10,9030,38520,50
5/16/2021,MLBL,SELL,303,10,3030,41550,70
5/16/2021,ADBL,SELL,425,10,4250,45800,30
5/16/2021,RLI,SELL,715,10,7150,52950,10
5/16/2021,NABIL,SELL,1288,10,12880,65830,10
5/16/2021,HURJA,SELL,387,10,3870,69700,10
5/17/2021,NICA,SELL,907,10,9070,78770,40
5/17/2021,EBL,SELL,737,10,7370,86140,40
5/17/2021,LBBL,SELL,297,10,2970,89110,0
5/17/2021,NABIL,SELL,1308,10,13080,102190,0
5/17/2021,RLI,SELL,711,10,7110,109300,0
5/17/2021,HURJA,SELL,399,10,3990,113290,0
5/17/2021,NBB,SELL,384,10,3840,117130,10
5/17/2021,ADBL,SELL,428,10,4280,121410,20
5/17/2021,MLBL,SELL,299,10,2990,124400,60
5/18/2021,NBB,SELL,384,10,3840,128240,0
5/18/2021,ADBL,SELL,433,10,4330,132570,10
5/18/2021,NICA,SELL,905,10,9050,141620,30
5/18/2021,MLBL,SELL,306,10,3060,144680,50
5/18/2021,EBL,SELL,737,10,7370,152050,30
5/19/2021,MLBL,SELL,300,10,3000,155050,40
5/19/2021,EBL,SELL,738,10,7380,162430,20
5/19/2021,ADBL,SELL,435,10,4350,166780,0
5/19/2021,NICA,SELL,905,10,9050,175830,20
5/20/2021,EBL,SELL,740,10,7400,183230,10
5/20/2021,MLBL,SELL,311,10,3110,186340,30
5/20/2021,HPPL,BUY,423,10,4230,182110,10
5/20/2021,NICA,SELL,906,10,9060,191170,10
5/23/2021,MLBL,SELL,342,10,3420,194590,20
5/23/2021,HURJA,BUY,386,10,3860,190730,10
5/23/2021,NICA,SELL,948,10,9480,200210,0
5/23/2021,EBL,SELL,758,10,7580,207790,0
5/23/2021,HPPL,BUY,426,10,4260,203530,20
5/24/2021,HPPL,SELL,436,10,4360,207890,10
5/24/2021,LICN,BUY,2353,10,23530,184360,10
5/24/2021,MLBL,SELL,332,10,3320,187680,10
5/24/2021,HURJA,SELL,390,10,3900,191580,0
5/24/2021,RLI,BUY,702,10,7020,184560,10
5/25/2021,MLBL,SELL,325,10,3250,187810,0
5/25/2021,RLI,SELL,725,10,7250,195060,0
5/25/2021,LICN,SELL,2399,10,23990,219050,0
5/25/2021,HPPL,SELL,436,10,4360,223410,0
5/27/2021,EBL,BUY,739,10,7390,216020,10
5/27/2021,NABIL,BUY,1294,10,12940,203080,10
5/27/2021,NICA,BUY,905,10,9050,194030,10
5/27/2021,LICN,BUY,2385,10,23850,170180,10
5/27/2021,NBB,BUY,383,10,3830,166350,10
5/27/2021,CIT,BUY,4003,10,40030,126320,10
5/30/2021,EBL,BUY,737,10,7370,118950,20
5/30/2021,NABIL,BUY,1300,10,13000,105950,20
5/30/2021,NICA,BUY,907,10,9070,96880,20
5/30/2021,LICN,BUY,2360,10,23600,73280,20
5/30/2021,CIT,BUY,4011,10,40110,33170,20
5/30/2021,NBB,SELL,388,10,3880,37050,0
5/31/2021,HURJA,BUY,378,10,3780,33270,10
5/31/2021,HPPL,BUY,416,10,4160,29110,10
5/31/2021,NICA,BUY,902,10,9020,20090,30
5/31/2021,NBB,BUY,384,10,3840,16250,10
5/31/2021,NABIL,BUY,1285,10,12850,3400,30
6/1/2021,MEGA,BUY,326,10,3260,140,10
6/2/2021,MEGA,SELL,332,10,3320,3460,0
6/2/2021,NBB,SELL,387,10,3870,7330,0
6/2/2021,ADBL,BUY,440,10,4400,2930,10
6/2/2021,HURJA,SELL,398,10,3980,6910,0
6/2/2021,HPPL,SELL,432,10,4320,11230,0
6/3/2021,ADBL,SELL,450,10,4500,15730,0
6/3/2021,RLI,BUY,718,10,7180,8550,10
6/3/2021,BARUN,BUY,429,10,4290,4260,10
6/3/2021,LICN,SELL,2390,10,23900,28160,10
6/3/2021,HURJA,BUY,386,10,3860,24300,10
6/3/2021,HPPL,BUY,416,10,4160,20140,10
6/3/2021,NICA,SELL,918,10,9180,29320,20
6/3/2021,EBL,BUY,733,10,7330,21990,30
6/3/2021,NABIL,SELL,1309,10,13090,35080,20
6/6/2021,NICA,SELL,928,10,9280,44360,10
6/6/2021,HURJA,BUY,371,10,3710,40650,20
6/6/2021,AHPC,BUY,425,10,4250,36400,10
6/6/2021,CIT,SELL,4112,10,41120,77520,10
6/6/2021,EBL,SELL,750,10,7500,85020,20
6/6/2021,DHPL,BUY,229,10,2290,82730,10
6/6/2021,NABIL,SELL,1330,10,13300,96030,10
6/6/2021,BARUN,BUY,424,10,4240,91790,20
6/6/2021,LICN,SELL,2390,10,23900,115690,0
6/6/2021,RLI,BUY,711,10,7110,108580,20
6/6/2021,HPPL,BUY,413,10,4130,104450,20
6/6/2021,AKJCL,BUY,241,10,2410,102040,10
6/6/2021,JOSHI,BUY,244,10,2440,99600,10
6/7/2021,NICA,BUY,908,10,9080,90520,20
6/7/2021,EBL,SELL,739,10,7390,97910,10
6/7/2021,RLI,BUY,713,10,7130,90780,30
6/7/2021,JOSHI,SELL,258,10,2580,93360,0
6/7/2021,CIT,SELL,4113,10,41130,134490,0
6/7/2021,AHPC,BUY,434,10,4340,130150,20
6/7/2021,AKJCL,SELL,260,10,2600,132750,0
6/7/2021,HPPL,BUY,423,10,4230,128520,30
6/7/2021,HURJA,BUY,387,10,3870,124650,30
6/7/2021,NABIL,SELL,1316,10,13160,137810,0
6/7/2021,BARUN,BUY,445,10,4450,133360,30
6/7/2021,DHPL,SELL,251,10,2510,135870,0
6/8/2021,NICA,SELL,916,10,9160,145030,10
6/8/2021,EBL,SELL,740,10,7400,152430,0
6/8/2021,HPPL,BUY,425,10,4250,148180,40
6/8/2021,AHPC,BUY,436,10,4360,143820,30
6/8/2021,HURJA,BUY,387,10,3870,139950,40
6/8/2021,BARUN,SELL,489,10,4890,144840,20
6/8/2021,RLI,SELL,758,10,7580,152420,20
6/9/2021,AHPC,SELL,479,10,4790,157210,20
6/9/2021,RLI,SELL,748,10,7480,164690,10
6/9/2021,HPPL,BUY,416,10,4160,160530,50
6/9/2021,NICA,SELL,914,10,9140,169670,0
6/9/2021,JOSHI,BUY,257,10,2570,167100,10
6/9/2021,HURJA,BUY,386,10,3860,163240,50
6/9/2021,EBL,BUY,736,10,7360,155880,10
6/9/2021,BARUN,SELL,537,10,5370,161250,10
6/10/2021,EBL,BUY,730,10,7300,153950,20
6/10/2021,NABIL,BUY,1304,10,13040,140910,10
6/10/2021,JOSHI,SELL,282,10,2820,143730,0
6/10/2021,RLI,SELL,741,10,7410,151140,0
6/10/2021,HPPL,SELL,431,10,4310,155450,40
6/10/2021,BARUN,SELL,590,10,5900,161350,0
6/10/2021,NICA,BUY,907,10,9070,152280,10
6/10/2021,HURJA,SELL,400,10,4000,156280,40
6/10/2021,AHPC,SELL,526,10,5260,161540,10
6/13/2021,HURJA,SELL,422,10,4220,165760,30
6/13/2021,PCBL,BUY,465,10,4650,161110,10
6/13/2021,EBL,SELL,740,10,7400,168510,10
6/13/2021,HPPL,SELL,474,10,4740,173250,30
6/13/2021,AHPC,SELL,574,10,5740,178990,0
6/13/2021,NABIL,BUY,1304,10,13040,165950,20
6/13/2021,NICA,BUY,902,10,9020,156930,20
6/14/2021,HURJA,SELL,411,10,4110,161040,20
6/14/2021,HPPL,SELL,513,10,5130,166170,20
6/14/2021,PCBL,SELL,484,10,4840,171010,0
6/14/2021,EBL,SELL,768,10,7680,178690,0
6/14/2021,NICA,BUY,910,10,9100,169590,30
6/14/2021,NABIL,SELL,1309,10,13090,182680,10
6/15/2021,NICA,BUY,905,10,9050,173630,40
6/15/2021,HPPL,SELL,505,10,5050,178680,10
6/15/2021,HURJA,BUY,391,10,3910,174770,30
6/15/2021,RLI,BUY,730,10,7300,167470,10
6/15/2021,NABIL,SELL,1312,10,13120,180590,0
6/16/2021,HURJA,BUY,359,10,3590,177000,40
6/16/2021,HPPL,SELL,459,10,4590,181590,0
6/16/2021,RLI,BUY,708,10,7080,174510,20
6/16/2021,NBB,BUY,418,10,4180,170330,10
6/16/2021,LICN,BUY,2446,10,24460,145870,10
6/16/2021,NABIL,BUY,1308,10,13080,132790,10
6/16/2021,MLBL,BUY,440,10,4400,128390,10
6/16/2021,NICA,BUY,900,10,9000,119390,50
6/17/2021,NBB,BUY,415,10,4150,115240,20
6/17/2021,NMB,BUY,451,10,4510,110730,10
6/17/2021,NABIL,BUY,1309,10,13090,97640,20
6/17/2021,RLI,BUY,712,10,7120,90520,30
6/17/2021,MLBL,BUY,441,10,4410,86110,20
6/17/2021,HPPL,BUY,447,10,4470,81640,10
6/17/2021,NICA,BUY,901,10,9010,72630,60
6/17/2021,LICN,BUY,2460,10,24600,48030,20
6/17/2021,HURJA,BUY,369,10,3690,44340,50
6/20/2021,JOSHI,BUY,294,10,2940,41400,10
6/20/2021,PROFL,BUY,369,10,3690,37710,10
6/20/2021,AKJCL,BUY,280,10,2800,34910,10
6/20/2021,NICA,BUY,893,10,8930,25980,70
6/20/2021,ICFC,BUY,605,10,6050,19930,10
6/20/2021,BARUN,BUY,512,10,5120,14810,10
6/20/2021,NBB,BUY,407,10,4070,10740,30
6/20/2021,CZBIL,BUY,383,10,3830,6910,10
6/20/2021,SANIMA,BUY,480,10,4800,2110,10
6/22/2021,BARUN,SELL,572,10,5720,7830,0
6/22/2021,ICFC,BUY,600,10,6000,1830,20
6/22/2021,NICA,SELL,905,10,9050,10880,60
6/22/2021,MLBL,BUY,422,10,4220,6660,30
6/22/2021,NMB,BUY,445,10,4450,2210,20
6/22/2021,SANIMA,SELL,485,10,4850,7060,0
6/22/2021,AKJCL,BUY,284,10,2840,4220,20
6/22/2021,NBB,BUY,410,10,4100,120,40
6/27/2021,NICA,SELL,916,10,9160,9280,50
6/27/2021,MEGA,BUY,368,10,3680,5600,10
6/27/2021,AKJCL,BUY,285,10,2850,2750,30
6/28/2021,DHPL,BUY,274,10,2740,10,10
6/28/2021,NICA,SELL,935,10,9350,9360,40
6/28/2021,KKHC,BUY,276,10,2760,6600,10
6/28/2021,MEGA,SELL,372,10,3720,10320,0
6/28/2021,NBB,BUY,408,10,4080,6240,50
6/28/2021,AKJCL,BUY,279,10,2790,3450,40
6/28/2021,JOSHI,BUY,280,10,2800,650,20
6/28/2021,NABIL,SELL,1302,10,13020,13670,10
6/28/2021,CZBIL,BUY,383,10,3830,9840,20
6/28/2021,HURJA,BUY,352,10,3520,6320,60
6/28/2021,AHPC,BUY,460,10,4600,1720,10
6/28/2021,NMB,SELL,445,10,4450,6170,10
6/28/2021,LBBL,BUY,582,10,5820,350,10
6/29/2021,NICA,SELL,915,10,9150,9500,30
6/29/2021,MEGA,BUY,363,10,3630,5870,10
6/29/2021,AHPC,BUY,442,10,4420,1450,20
6/30/2021,NABIL,SELL,1296,10,12960,14410,0
6/30/2021,KKHC,BUY,260,10,2600,11810,20
6/30/2021,MFIL,BUY,1003,10,10030,1780,10
6/30/2021,NICA,SELL,915,10,9150,10930,20
6/30/2021,KSBBL,BUY,514,10,5140,5790,10
6/30/2021,CZBIL,BUY,375,10,3750,2040,30
7/1/2021,NICA,SELL,911,10,9110,11150,10
7/1/2021,KKHC,BUY,270,10,2700,8450,30
7/1/2021,PROFL,BUY,347,10,3470,4980,20
7/1/2021,MFIL,SELL,1003,10,10030,15010,0
7/1/2021,HPPL,BUY,410,10,4100,10910,20
7/1/2021,EBL,BUY,730,10,7300,3610,10
7/1/2021,MLBL,SELL,412,10,4120,7730,20
7/1/2021,CZBIL,BUY,375,10,3750,3980,40
7/1/2021,DHPL,BUY,267,10,2670,1310,20
7/1/2021,MEGA,SELL,370,10,3700,5010,0
7/1/2021,AKJCL,BUY,271,10,2710,2300,50
7/1/2021,JOSHI,SELL,291,10,2910,5210,10
7/1/2021,AHPC,BUY,448,10,4480,730,30
7/4/2021,MLBL,SELL,408,10,4080,4810,10
7/4/2021,PROFL,BUY,344,10,3440,1370,30
7/4/2021,NICA,SELL,918,10,9180,10550,0
7/4/2021,AHPC,BUY,447,10,4470,6080,40
7/4/2021,NHPC,BUY,319,10,3190,2890,10
7/4/2021,AKJCL,BUY,265,10,2650,240,60
7/6/2021,MLBL,SELL,402,10,4020,4260,0
7/6/2021,KKHC,BUY,255,10,2550,1710,40
7/8/2021,CZBIL,SELL,380,10,3800,5510,30
7/8/2021,MEGA,BUY,365,10,3650,1860,10
7/8/2021,JOSHI,SELL,275,10,2750,4610,0
7/8/2021,HPPL,BUY,393,10,3930,680,30
7/8/2021,KSBBL,SELL,528,10,5280,5960,0
7/8/2021,EBL,SELL,735,10,7350,13310,0
7/8/2021,AKJCL,BUY,261,10,2610,10700,70
7/8/2021,HURJA,BUY,338,10,3380,7320,70
7/11/2021,HURJA,SELL,367,10,3670,10990,60
7/11/2021,PROFL,SELL,368,10,3680,14670,20
7/11/2021,CZBIL,SELL,393,10,3930,18600,20
7/11/2021,NHPC,SELL,317,10,3170,21770,0
7/11/2021,ICFC,SELL,583,10,5830,27600,10
7/11/2021,RLI,SELL,684,10,6840,34440,20
7/11/2021,NMB,SELL,445,10,4450,38890,0
7/11/2021,AKJCL,SELL,283,10,2830,41720,60
7/11/2021,LICN,SELL,2390,10,23900,65620,10
7/11/2021,MEGA,SELL,373,10,3730,69350,0
7/11/2021,KKHC,SELL,284,10,2840,72190,30
7/11/2021,AHPC,SELL,459,10,4590,76780,30
7/11/2021,LBBL,SELL,603,10,6030,82810,0
7/11/2021,HPPL,SELL,417,10,4170,86980,20
7/11/2021,DHPL,SELL,272,10,2720,89700,10
7/11/2021,NBB,SELL,414,10,4140,93840,40
7/12/2021,NBB,SELL,415,10,4150,97990,30
7/12/2021,CZBIL,SELL,384,10,3840,101830,10
7/12/2021,ICFC,SELL,583,10,5830,107660,0
7/12/2021,HPPL,BUY,402,10,4020,103640,30
7/12/2021,AHPC,SELL,444,10,4440,108080,20
7/12/2021,NHPC,BUY,304,10,3040,105040,10
7/12/2021,LICN,SELL,2332,10,23320,128360,0
7/12/2021,AKJCL,SELL,274,10,2740,131100,50
7/12/2021,RLI,SELL,668,10,6680,137780,10
7/12/2021,HURJA,SELL,361,10,3610,141390,50
7/12/2021,KKHC,SELL,269,10,2690,144080,20
7/12/2021,PROFL,SELL,364,10,3640,147720,10
7/12/2021,DHPL,SELL,265,10,2650,150370,0
7/13/2021,KKHC,SELL,270,10,2700,153070,10
7/13/2021,AHPC,SELL,451,10,4510,157580,10
7/13/2021,HURJA,SELL,358,10,3580,161160,40
7/13/2021,NBB,SELL,439,10,4390,165550,20
7/13/2021,AKJCL,SELL,275,10,2750,168300,40
7/13/2021,BARUN,BUY,520,10,5200,163100,10
7/13/2021,LICN,BUY,2310,10,23100,140000,10
7/13/2021,HPPL,SELL,420,10,4200,144200,20
7/13/2021,RLI,SELL,672,10,6720,150920,0
7/13/2021,PROFL,SELL,388,10,3880,154800,0
7/13/2021,CZBIL,SELL,390,10,3900,158700,0
7/13/2021,NHPC,BUY,307,10,3070,155630,20
7/14/2021,NBB,SELL,435,10,4350,159980,10
7/14/2021,HPPL,SELL,454,10,4540,164520,10
7/14/2021,LICN,SELL,2345,10,23450,187970,0
7/14/2021,BARUN,SELL,537,10,5370,193340,0
7/14/2021,HURJA,SELL,366,10,3660,197000,30
7/14/2021,KKHC,SELL,268,10,2680,199680,0
7/14/2021,AHPC,SELL,465,10,4650,204330,0
7/14/2021,AKJCL,SELL,279,10,2790,207120,30
7/14/2021,NHPC,SELL,310,10,3100,210220,10
7/15/2021,HPPL,SELL,449,10,4490,214710,0
7/15/2021,NBB,SELL,436,10,4360,219070,0
7/15/2021,NHPC,SELL,310,10,3100,222170,0
7/15/2021,AKJCL,SELL,289,10,2890,225060,20
7/15/2021,HURJA,SELL,360,10,3600,228660,20
7/18/2021,HURJA,SELL,368,10,3680,232340,10
7/18/2021,AKJCL,SELL,293,10,2930,235270,10
7/19/2021,AKJCL,SELL,290,10,2900,238170,0
7/19/2021,HURJA,SELL,390,10,3900,242070,0
7/25/2021,LBBL,BUY,586.9,10,5869,236201,10
7/25/2021,KSBBL,BUY,587,10,5870,230331,10
7/25/2021,JBBL,BUY,480.3,10,4803,225528,10
7/26/2021,KSBBL,BUY,581,10,5810,219718,20
7/26/2021,LBBL,BUY,582,10,5820,213898,20
7/26/2021,JBBL,BUY,480,10,4800,209098,20
7/27/2021,JBBL,SELL,483,10,4830,213928,10
7/27/2021,KSBBL,BUY,581,10,5810,208118,30
7/27/2021,LBBL,BUY,590,10,5900,202218,30
7/28/2021,KSBBL,BUY,584.5,10,5845,196373,40
7/28/2021,JBBL,SELL,486,10,4860,201233,0
7/28/2021,LBBL,BUY,580,10,5800,195433,40
7/29/2021,LBBL,SELL,611,10,6110,201543,30
7/29/2021,KSBBL,BUY,581,10,5810,195733,50
7/29/2021,MEGA,BUY,384.5,10,3845,191888,10
7/29/2021,NICA,BUY,1036,10,10360,181528,10
7/29/2021,EBL,BUY,765.8,10,7658,173870,10
8/1/2021,NMB,BUY,487.8,10,4878,168992,10
8/1/2021,SANIMA,BUY,534.6,10,5346,163646,10
8/1/2021,RLI,BUY,705,10,7050,156596,10
8/1/2021,NBB,BUY,463,10,4630,151966,10
8/1/2021,PCBL,BUY,507,10,5070,146896,10
8/1/2021,MFIL,BUY,1286,10,12860,134036,10
8/1/2021,NICA,BUY,1029.9,10,10299,123737,20
8/1/2021,CZBIL,BUY,415,10,4150,119587,10
8/1/2021,KSBBL,BUY,582,10,5820,113767,60
8/1/2021,LICN,BUY,2460,10,24600,89167,10
8/1/2021,EBL,BUY,763,10,7630,81537,20
8/1/2021,LBBL,SELL,626.9,10,6269,87806,20
8/1/2021,MEGA,BUY,384,10,3840,83966,20
8/2/2021,MEGA,BUY,384.2,10,3842,80124,30
8/2/2021,PCBL,BUY,509,10,5090,75034,20
8/2/2021,EBL,BUY,762,10,7620,67414,30
8/2/2021,MFIL,BUY,1275,10,12750,54664,20
8/2/2021,CZBIL,BUY,414.8,10,4148,50516,20
8/2/2021,LICN,SELL,2493,10,24930,75446,0
8/2/2021,NICA,BUY,1026,10,10260,65186,30
8/2/2021,KSBBL,BUY,576.6,10,5766,59420,70
8/2/2021,LBBL,SELL,615,10,6150,65570,10
8/2/2021,NMB,BUY,484,10,4840,60730,20
8/2/2021,SANIMA,BUY,536,10,5360,55370,20
8/2/2021,JBBL,BUY,479,10,4790,50580,10
8/2/2021,RLI,BUY,708.8,10,7088,43492,20
8/2/2021,NBB,BUY,464.9,10,4649,38843,20
8/3/2021,EBL,BUY,767,10,7670,31173,40
8/3/2021,LBBL,SELL,615,10,6150,37323,0
8/3/2021,MEGA,BUY,383.8,10,3838,33485,40
8/3/2021,NBB,SELL,483,10,4830,38315,10
8/3/2021,SANIMA,BUY,538,10,5380,32935,30
8/3/2021,NICA,BUY,1027.7,10,10277,22658,40
8/3/2021,PCBL,BUY,509,10,5090,17568,30
8/3/2021,KSBBL,BUY,577,10,5770,11798,80
8/3/2021,JBBL,BUY,478,10,4780,7018,20
8/3/2021,RLI,SELL,712,10,7120,14138,10
8/3/2021,CZBIL,BUY,413.2,10,4132,10006,30
8/3/2021,MFIL,SELL,1310,10,13100,23106,10
8/3/2021,NMB,BUY,481,10,4810,18296,30
8/4/2021,SANIMA,BUY,540.1,10,5401,12895,40
8/4/2021,PCBL,BUY,510,10,5100,7795,40
8/4/2021,JBBL,SELL,486,10,4860,12655,10
8/4/2021,MFIL,SELL,1309,10,13090,25745,0
8/4/2021,RLI,SELL,709,10,7090,32835,0
8/4/2021,NICA,BUY,1025.7,10,10257,22578,50
8/4/2021,KSBBL,BUY,582,10,5820,16758,90
8/4/2021,NMB,BUY,481.9,10,4819,11939,40
8/4/2021,MEGA,BUY,384.5,10,3845,8094,50
8/4/2021,EBL,BUY,762,10,7620,474,50
8/4/2021,NBB,SELL,493,10,4930,5404,0
8/4/2021,CZBIL,BUY,415,10,4150,1254,40
8/5/2021,SANIMA,SELL,545.4,10,5454,6708,30
8/5/2021,KSBBL,SELL,590,10,5900,12608,80
8/5/2021,CZBIL,BUY,413,10,4130,8478,50
8/5/2021,JBBL,SELL,501,10,5010,13488,0
8/5/2021,MFIL,BUY,1294,10,12940,548,10
8/8/2021,KSBBL,SELL,591,10,5910,6458,70
8/8/2021,CZBIL,BUY,410,10,4100,2358,60
8/8/2021,SANIMA,SELL,544,10,5440,7798,20
8/8/2021,EBL,BUY,761,10,7610,188,60
8/9/2021,SANIMA,SELL,540,10,5400,5588,10
8/9/2021,CZBIL,BUY,406.5,10,4065,1523,70
8/9/2021,KSBBL,SELL,587,10,5870,7393,60
8/10/2021,EBL,SELL,772,10,7720,15113,50
8/10/2021,SANIMA,SELL,549,10,5490,20603,0
8/10/2021,MEGA,SELL,392,10,3920,24523,40
8/10/2021,CZBIL,SELL,422,10,4220,28743,60
8/10/2021,KSBBL,SELL,645.7,10,6457,35200,50
8/10/2021,NICA,SELL,1047,10,10470,45670,40
8/10/2021,MFIL,SELL,1328,10,13280,58950,0
8/10/2021,PCBL,SELL,515,10,5150,64100,30
8/10/2021,CIT,BUY,4190,10,41900,22200,10
8/10/2021,NMB,SELL,488,10,4880,27080,30
8/10/2021,RLI,BUY,707.5,10,7075,20005,10
8/11/2021,NICA,SELL,1032,10,10320,30325,30
8/11/2021,NMB,SELL,484.1,10,4841,35166,20
8/11/2021,LICN,BUY,2473.3,10,24733,10433,10
8/11/2021,KSBBL,SELL,648,10,6480,16913,40
8/11/2021,PCBL,SELL,510,10,5100,22013,20
8/11/2021,RLI,BUY,700,10,7000,15013,20
8/11/2021,EBL,SELL,766,10,7660,22673,40
8/11/2021,CZBIL,SELL,417.1,10,4171,26844,50
8/11/2021,MEGA,SELL,389,10,3890,30734,30
8/12/2021,KSBBL,SELL,712.8,10,7128,37862,30
8/12/2021,NICA,SELL,1034,10,10340,48202,20
8/12/2021,CZBIL,SELL,416,10,4160,52362,40
8/12/2021,NMB,SELL,485.1,10,4851,57213,10
8/12/2021,RLI,SELL,706,10,7060,64273,10
8/12/2021,EBL,SELL,768,10,7680,71953,30
8/12/2021,JOSHI,BUY,416,10,4160,67793,10
8/12/2021,MFIL,BUY,1282,10,12820,54973,10
8/12/2021,LICN,BUY,2457,10,24570,30403,20
8/12/2021,PCBL,SELL,515,10,5150,35553,10
8/12/2021,MEGA,SELL,391.5,10,3915,39468,20
8/15/2021,SANIMA,BUY,542,10,5420,34048,10
8/15/2021,MEGA,SELL,389.5,10,3895,37943,10
8/15/2021,LICN,BUY,2416,10,24160,13783,30
8/15/2021,MFIL,BUY,1257.9,10,12579,1204,20
8/15/2021,NMB,SELL,483.5,10,4835,6039,0
8/15/2021,AHPC,BUY,592,10,5920,119,10
8/15/2021,KSBBL,SELL,700,10,7000,7119,20
8/15/2021,CZBIL,BUY,410,10,4100,3019,50
8/15/2021,PCBL,SELL,525,10,5250,8269,0
8/15/2021,JOSHI,BUY,405,10,4050,4219,20
8/16/2021,CZBIL,BUY,408,10,4080,139,60
8/16/2021,AHPC,SELL,603,10,6030,6169,0
8/16/2021,MEGA,BUY,384.2,10,3842,2327,20
8/16/2021,KSBBL,SELL,745,10,7450,9777,10
8/17/2021,CZBIL,BUY,405.5,10,4055,5722,70
8/17/2021,MEGA,BUY,380,10,3800,1922,30
8/17/2021,MFIL,SELL,1328,10,13280,15202,10
8/17/2021,NABIL,BUY,1495,10,14950,252,10
8/17/2021,KSBBL,SELL,790,10,7900,8152,0
8/17/2021,JOSHI,SELL,463.1,10,4631,12783,10
8/17/2021,ADBL,BUY,583.9,10,5839,6944,10
8/17/2021,NMB,BUY,473,10,4730,2214,10
8/18/2021,ADBL,SELL,595,10,5950,8164,0
8/18/2021,CZBIL,SELL,415,10,4150,12314,60
8/18/2021,MFIL,SELL,1370,10,13700,26014,0
8/18/2021,NABIL,BUY,1495,10,14950,11064,20
8/18/2021,JOSHI,SELL,472,10,4720,15784,0
8/18/2021,MEGA,BUY,382.9,10,3829,11955,40
8/18/2021,NMB,BUY,474.9,10,4749,7206,20
8/18/2021,RLI,BUY,683,10,6830,376,20
8/19/2021,CZBIL,SELL,419,10,4190,4566,50
8/19/2021,LICN,SELL,2447,10,24470,29036,20
8/19/2021,HURJA,BUY,587.9,10,5879,23157,10
8/19/2021,RLI,SELL,704,10,7040,30197,10
8/19/2021,EBL,BUY,759,10,7590,22607,40
8/19/2021,NMB,BUY,468,10,4680,17927,30
8/19/2021,PROFL,BUY,507,10,5070,12857,10
8/19/2021,PCBL,BUY,515.5,10,5155,7702,10
8/24/2021,NMB,BUY,462,10,4620,3082,40
8/24/2021,EBL,SELL,762,10,7620,10702,30
8/24/2021,MEGA,BUY,372,10,3720,6982,50
8/24/2021,NHPC,BUY,432.9,10,4329,2653,10
8/24/2021,PCBL,SELL,520,10,5200,7853,0
8/24/2021,NBB,BUY,480,10,4800,3053,10
8/24/2021,CZBIL,SELL,418.2,10,4182,7235,40
8/25/2021,DHPL,BUY,380.1,10,3801,3434,10
8/25/2021,NHPC,SELL,441,10,4410,7844,0
8/25/2021,HURJA,BUY,518,10,5180,2664,20
8/26/2021,PROFL,SELL,519.9,10,5199,7863,0
8/26/2021,JOSHI,BUY,427,10,4270,3593,10
8/26/2021,DHPL,SELL,417,10,4170,7763,0
8/26/2021,MEGA,BUY,368,10,3680,4083,60
8/29/2021,CZBIL,BUY,401,10,4010,73,50
8/29/2021,JOSHI,SELL,428,10,4280,4353,0
8/29/2021,MEGA,BUY,362,10,3620,733,70
9/6/2021,NICA,SELL,929,10,9290,10023,10
9/6/2021,DHPL,BUY,378.4,10,3784,6239,10
9/6/2021,JOSHI,BUY,407,10,4070,2169,10
9/6/2021,EBL,SELL,753.9,10,7539,9708,20
9/6/2021,NABIL,SELL,1442,10,14420,24128,10
9/6/2021,MFIL,BUY,1239,10,12390,11738,10
9/6/2021,HURJA,BUY,515,10,5150,6588,30
9/6/2021,CZBIL,SELL,407.5,10,4075,10663,40
9/6/2021,NMB,BUY,448,10,4480,6183,50
9/6/2021,NBB,BUY,452.8,10,4528,1655,20
9/6/2021,MEGA,SELL,364,10,3640,5295,60
9/6/2021,NHPC,BUY,432.3,10,4323,972,10
9/12/2021,EBL,SELL,732,10,7320,8292,10
9/12/2021,NBB,BUY,442,10,4420,3872,30
9/12/2021,DHPL,SELL,399.5,10,3995,7867,0
9/12/2021,CZBIL,SELL,399,10,3990,11857,30
9/12/2021,JOSHI,SELL,413.1,10,4131,15988,0
9/12/2021,PCBL,BUY,494.9,10,4949,11039,10
9/12/2021,NMB,BUY,432,10,4320,6719,60
9/12/2021,HURJA,SELL,540,10,5400,12119,20
9/12/2021,ICFC,BUY,954.7,10,9547,2572,10
9/12/2021,SANIMA,SELL,504,10,5040,7612,0
9/12/2021,PROFL,BUY,518,10,5180,2432,10
9/12/2021,NHPC,SELL,467.5,10,4675,7107,0
9/12/2021,NABIL,SELL,1440,10,14400,21507,0
9/13/2021,NICA,SELL,927,10,9270,30777,0
9/13/2021,HURJA,SELL,529,10,5290,36067,10
9/13/2021,MEGA,BUY,351.3,10,3513,32554,70
9/13/2021,NBB,SELL,445,10,4450,37004,20
9/13/2021,NMB,BUY,438,10,4380,32624,70
9/13/2021,CZBIL,SELL,409,10,4090,36714,20
9/13/2021,ICFC,BUY,944,10,9440,27274,20
9/13/2021,LICN,BUY,2087,10,20870,6404,30
9/13/2021,EBL,SELL,737.5,10,7375,13779,0
9/13/2021,PROFL,BUY,515,10,5150,8629,20
9/13/2021,RLI,BUY,635,10,6350,2279,20
9/13/2021,PCBL,SELL,495,10,4950,7229,0
9/14/2021,HURJA,SELL,515,10,5150,12379,0
9/14/2021,PROFL,BUY,502,10,5020,7359,30
9/14/2021,NMB,BUY,433.5,10,4335,3024,80
9/14/2021,MEGA,SELL,354.4,10,3544,6568,60
9/14/2021,RLI,BUY,631.1,10,6311,257,30
9/14/2021,CZBIL,SELL,410,10,4100,4357,10
9/15/2021,AKJCL,BUY,400.1,10,4001,356,10
9/15/2021,CZBIL,SELL,410,10,4100,4456,0
9/15/2021,MEGA,BUY,348,10,3480,976,70
9/22/2021,MEGA,SELL,347.8,10,3478,4454,60
9/22/2021,CZBIL,BUY,395,10,3950,504,10
9/23/2021,NMB,SELL,434.2,10,4342,4846,70
9/23/2021,KKHC,BUY,373.2,10,3732,1114,10
9/23/2021,MEGA,SELL,360,10,3600,4714,50
9/23/2021,CZBIL,SELL,408.5,10,4085,8799,0
9/23/2021,HPPL,BUY,541,10,5410,3389,10
9/23/2021,LICN,SELL,2015,10,20150,23539,20
9/23/2021,AHPC,BUY,614,10,6140,17399,10
9/23/2021,NHPC,BUY,439,10,4390,13009,10
9/23/2021,RLI,BUY,586,10,5860,7149,40
9/23/2021,JBBL,BUY,536,10,5360,1789,10
9/23/2021,NBB,SELL,457,10,4570,6359,10
9/26/2021,RLI,BUY,570,10,5700,659,50
9/26/2021,LICN,SELL,1999,10,19990,20649,10
9/26/2021,NMB,SELL,432,10,4320,24969,60
9/26/2021,JBBL,BUY,517,10,5170,19799,20
9/26/2021,KKHC,BUY,348,10,3480,16319,20
9/26/2021,AKJCL,BUY,351.9,10,3519,12800,20
9/26/2021,MFIL,BUY,1074,10,10740,2060,20
9/26/2021,NBB,SELL,457,10,4570,6630,0
9/26/2021,HPPL,BUY,519,10,5190,1440,20
9/26/2021,MEGA,SELL,364,10,3640,5080,40
9/26/2021,PROFL,BUY,407,10,4070,1010,40
9/27/2021,MEGA,SELL,349.9,10,3499,4509,30
9/27/2021,CZBIL,BUY,390,10,3900,609,10
9/28/2021,MEGA,SELL,356.8,10,3568,4177,20
9/28/2021,KKHC,BUY,312,10,3120,1057,30
9/29/2021,CZBIL,SELL,396.9,10,3969,5026,0
9/29/2021,HURJA,BUY,432.5,10,4325,701,10
10/5/2021,LICN,SELL,1980,10,19800,20501,0
10/5/2021,LBBL,BUY,515,10,5150,15351,10
10/5/2021,KKHC,BUY,313.9,10,3139,12212,40
10/5/2021,MEGA,BUY,329.9,10,3299,8913,30
10/5/2021,PROFL,BUY,359,10,3590,5323,50
10/5/2021,RLI,BUY,489.2,10,4892,431,60
10/6/2021,PROFL,SELL,394.9,10,3949,4380,40
10/6/2021,CIT,SELL,3349,10,33490,37870,0
10/6/2021,HURJA,BUY,415.5,10,4155,33715,20
10/6/2021,RLI,BUY,505,10,5050,28665,70
10/6/2021,JOSHI,BUY,312,10,3120,25545,10
10/6/2021,KKHC,BUY,318,10,3180,22365,50
10/6/2021,MEGA,BUY,333.7,10,3337,19028,40
10/6/2021,DHPL,BUY,300,10,3000,16028,10
10/6/2021,NMB,BUY,409,10,4090,11938,70
10/6/2021,EDBL,BUY,579.5,10,5795,6143,10
10/6/2021,MFIL,SELL,1050,10,10500,16643,10
10/6/2021,NHPC,BUY,398,10,3980,12663,20
10/6/2021,AHPC,BUY,443,10,4430,8233,20
10/6/2021,ICFC,SELL,700,10,7000,15233,10
10/6/2021,BARUN,BUY,425.1,10,4251,10982,10
10/6/2021,HPPL,BUY,440,10,4400,6582,30
10/6/2021,LBBL,BUY,537,10,5370,1212,20
10/6/2021,JBBL,SELL,495,10,4950,6162,10
10/6/2021,ADBL,BUY,506,10,5060,1102,10
10/10/2021,ICFC,SELL,698,10,6980,8082,0
10/10/2021,AHPC,BUY,424.9,10,4249,3833,30
10/10/2021,AKJCL,BUY,308,10,3080,753,30
10/10/2021,MFIL,SELL,1061,10,10610,11363,0
10/10/2021,PROFL,SELL,398,10,3980,15343,30
10/10/2021,EDBL,BUY,565.5,10,5655,9688,20
10/10/2021,HURJA,BUY,400.1,10,4001,5687,30
10/10/2021,MEGA,BUY,333.9,10,3339,2348,50
10/11/2021,NMB,SELL,410,10,4100,6448,60
10/11/2021,HURJA,BUY,395,10,3950,2498,40
10/11/2021,PROFL,SELL,399,10,3990,6488,20
10/11/2021,JBBL,SELL,486,10,4860,11348,0
10/11/2021,NBB,BUY,416,10,4160,7188,10
10/11/2021,ADBL,SELL,509,10,5090,12278,0
10/11/2021,NICA,BUY,840,10,8400,3878,10
10/11/2021,CZBIL,BUY,322,10,3220,658,10
10/17/2021,HPPL,SELL,428.8,10,4288,4946,20
10/17/2021,NBB,BUY,412,10,4120,826,20
10/17/2021,PROFL,SELL,402,10,4020,4846,10
10/17/2021,NMB,SELL,410,10,4100,8946,50
10/17/2021,AKJCL,BUY,304.1,10,3041,5905,40
10/17/2021,BARUN,BUY,414,10,4140,1765,20
10/17/2021,KKHC,SELL,315,10,3150,4915,40
10/17/2021,HURJA,SELL,415,10,4150,9065,30
10/18/2021,PCBL,BUY,467,10,4670,4395,10
10/18/2021,DHPL,BUY,287,10,2870,1525,20
10/18/2021,PROFL,SELL,378,10,3780,5305,0
10/18/2021,NBB,BUY,403,10,4030,1275,30
10/20/2021,AKJCL,SELL,299.2,10,2992,4267,30
10/20/2021,MEGA,BUY,312,10,3120,1147,60
10/20/2021,HURJA,SELL,404,10,4040,5187,20
10/20/2021,AHPC,BUY,387,10,3870,1317,40
10/20/2021,DHPL,SELL,291,10,2910,4227,10
10/20/2021,JOSHI,BUY,299.6,10,2996,1231,20
10/21/2021,HURJA,SELL,405,10,4050,5281,10
10/21/2021,DHPL,BUY,284,10,2840,2441,20
10/24/2021,AKJCL,SELL,301,10,3010,5451,20
10/24/2021,BARUN,SELL,400.5,10,4005,9456,10
10/24/2021,LBBL,BUY,477,10,4770,4686,30
10/24/2021,MEGA,BUY,313,10,3130,1556,70
10/24/2021,HURJA,SELL,405,10,4050,5606,0
10/24/2021,RLI,BUY,474,10,4740,866,80
10/24/2021,AHPC,SELL,403.5,10,4035,4901,30
10/24/2021,NMB,BUY,394.5,10,3945,956,60
10/24/2021,DHPL,SELL,290,10,2900,3856,10
10/24/2021,EDBL,SELL,555,10,5550,9406,10
10/24/2021,SANIMA,BUY,402,10,4020,5386,10
10/24/2021,CZBIL,BUY,288,10,2880,2506,20
10/25/2021,NICA,SELL,836,10,8360,10866,0
10/25/2021,LBBL,SELL,521,10,5210,16076,20
10/25/2021,MEGA,SELL,322,10,3220,19296,60
10/25/2021,BARUN,SELL,440.4,10,4404,23700,0
10/25/2021,RLI,SELL,499,10,4990,28690,70
10/25/2021,NHPC,SELL,407,10,4070,32760,10
10/25/2021,CZBIL,BUY,301.9,10,3019,29741,30
10/25/2021,AHPC,SELL,443.8,10,4438,34179,20
10/25/2021,AKJCL,SELL,331,10,3310,37489,10
10/25/2021,EDBL,SELL,580,10,5800,43289,0
10/25/2021,DHPL,SELL,319,10,3190,46479,0
10/25/2021,NMB,SELL,404,10,4040,50519,50
10/25/2021,JOSHI,SELL,325,10,3250,53769,10
10/25/2021,PCBL,SELL,471,10,4710,58479,0
10/25/2021,HPPL,SELL,446.6,10,4466,62945,10
10/25/2021,KKHC,SELL,321,10,3210,66155,30
10/25/2021,NBB,SELL,405,10,4050,70205,20
10/26/2021,KKHC,SELL,353.1,10,3531,73736,20
10/26/2021,JOSHI,SELL,356,10,3560,77296,0
10/26/2021,CZBIL,SELL,307.5,10,3075,80371,20
10/26/2021,AHPC,SELL,478,10,4780,85151,10
10/26/2021,SANIMA,BUY,402.6,10,4026,81125,20
10/26/2021,LBBL,SELL,540,10,5400,86525,10
10/26/2021,RLI,SELL,528,10,5280,91805,60
10/26/2021,NBB,SELL,420.5,10,4205,96010,10
10/26/2021,HPPL,SELL,489,10,4890,100900,0
10/26/2021,NMB,SELL,416.8,10,4168,105068,40
10/26/2021,AKJCL,SELL,363,10,3630,108698,0
10/26/2021,MEGA,SELL,331,10,3310,112008,50
10/26/2021,NHPC,SELL,418,10,4180,116188,0
10/27/2021,CZBIL,BUY,301.1,10,3011,113177,30
10/27/2021,NBB,SELL,430,10,4300,117477,0
10/27/2021,KKHC,SELL,368,10,3680,121157,10
10/27/2021,MEGA,SELL,328.1,10,3281,124438,40
10/27/2021,AHPC,SELL,471,10,4710,129148,0
10/27/2021,SANIMA,BUY,408,10,4080,125068,30
10/27/2021,LBBL,SELL,529.9,10,5299,130367,0
10/27/2021,NMB,SELL,415,10,4150,134517,30
10/27/2021,RLI,SELL,543,10,5430,139947,50
10/27/2021,KSBBL,BUY,613,10,6130,133817,10
10/28/2021,CZBIL,BUY,300,10,3000,130817,40
10/28/2021,KKHC,SELL,365.1,10,3651,134468,0
10/28/2021,SANIMA,BUY,403.5,10,4035,130433,40
10/28/2021,KSBBL,BUY,663,10,6630,123803,20
10/28/2021,MEGA,SELL,330,10,3300,127103,30
10/28/2021,NMB,SELL,413,10,4130,131233,20
10/28/2021,RLI,SELL,539,10,5390,136623,40
10/31/2021,KSBBL,SELL,729,10,7290,143913,10
10/31/2021,NMB,SELL,414,10,4140,148053,10
10/31/2021,MEGA,SELL,331,10,3310,151363,20
10/31/2021,SANIMA,BUY,405,10,4050,147313,50
10/31/2021,CZBIL,SELL,299.1,10,2991,150304,30
10/31/2021,RLI,SELL,560,10,5600,155904,30
10/31/2021,EBL,BUY,691,10,6910,148994,10
11/1/2021,CZBIL,SELL,299.1,10,2991,151985,20
11/1/2021,MEGA,SELL,344,10,3440,155425,10
11/1/2021,NMB,SELL,414.8,10,4148,159573,0
11/1/2021,KSBBL,SELL,680,10,6800,166373,0
11/1/2021,RLI,SELL,556.5,10,5565,171938,20
11/1/2021,EBL,BUY,674.4,10,6744,165194,20
11/1/2021,PCBL,BUY,470,10,4700,160494,10
11/1/2021,NBB,BUY,366.9,10,3669,156825,10
11/1/2021,SANIMA,BUY,406,10,4060,152765,60
11/2/2021,MEGA,SELL,347.5,10,3475,156240,0
11/2/2021,CZBIL,SELL,305.7,10,3057,159297,10
11/2/2021,EBL,BUY,670,10,6700,152597,30
11/2/2021,RLI,SELL,563,10,5630,158227,10
11/2/2021,SANIMA,BUY,408,10,4080,154147,70
11/2/2021,KSBBL,BUY,670,10,6700,147447,10
11/2/2021,NBB,BUY,356.8,10,3568,143879,20
11/2/2021,PCBL,BUY,470,10,4700,139179,20
11/3/2021,PCBL,SELL,474.9,10,4749,143928,10
11/3/2021,NBB,BUY,357.1,10,3571,140357,30
11/3/2021,KSBBL,BUY,652,10,6520,133837,20
11/3/2021,RLI,SELL,563.5,10,5635,139472,0
11/3/2021,EBL,BUY,661,10,6610,132862,40
11/3/2021,CZBIL,SELL,301,10,3010,135872,0
11/3/2021,SANIMA,BUY,404.8,10,4048,131824,80
11/8/2021,EBL,BUY,657,10,6570,125254,50
11/8/2021,AKJCL,BUY,340.8,10,3408,121846,10
11/8/2021,KSBBL,BUY,640,10,6400,115446,30
11/8/2021,ADBL,BUY,528,10,5280,110166,10
11/8/2021,PCBL,BUY,470,10,4700,105466,20
11/8/2021,NBB,BUY,356,10,3560,101906,40
11/8/2021,SANIMA,BUY,400,10,4000,97906,90
11/8/2021,NICA,BUY,856,10,8560,89346,10
11/9/2021,NABIL,BUY,1579,10,15790,73556,10
11/9/2021,NICA,BUY,839,10,8390,65166,20
11/9/2021,HURJA,BUY,465,10,4650,60516,10
11/9/2021,PROFL,BUY,419.4,10,4194,56322,10
11/9/2021,CZBIL,BUY,297,10,2970,53352,10
11/9/2021,BARUN,BUY,482,10,4820,48532,10
11/9/2021,PCBL,SELL,477.4,10,4774,53306,10
11/9/2021,MFIL,BUY,1084,10,10840,42466,10
11/9/2021,CIT,BUY,3400,10,34000,8466,10
11/9/2021,AHPC,BUY,488,10,4880,3586,10
11/9/2021,NBB,BUY,344,10,3440,146,50
11/16/2021,AHPC,SELL,509,10,5090,5236,0
11/16/2021,MFIL,SELL,1106.7,10,11067,16303,0
11/16/2021,EDBL,BUY,635.9,10,6359,9944,10
11/16/2021,BARUN,SELL,506,10,5060,15004,0
11/16/2021,AKJCL,SELL,347.9,10,3479,18483,0
11/16/2021,KSBBL,BUY,616.2,10,6162,12321,40
11/16/2021,ADBL,BUY,508,10,5080,7241,20
11/16/2021,EBL,BUY,636,10,6360,881,60
11/16/2021,NBB,SELL,358.6,10,3586,4467,40
11/16/2021,PROFL,SELL,435,10,4350,8817,0
11/16/2021,HPPL,BUY,505,10,5050,3767,10
11/16/2021,NICA,SELL,870,10,8700,12467,10
11/16/2021,CZBIL,SELL,299,10,2990,15457,0
11/16/2021,HURJA,SELL,491,10,4910,20367,0
11/16/2021,SANIMA,SELL,401,10,4010,24377,80
11/16/2021,PCBL,BUY,469.5,10,4695,19682,20
11/17/2021,NABIL,BUY,1556,10,15560,4122,20
11/17/2021,NBB,SELL,394.4,10,3944,8066,30
11/17/2021,PROFL,BUY,430,10,4300,3766,10
11/17/2021,SANIMA,SELL,396,10,3960,7726,70
11/17/2021,EDBL,SELL,657,10,6570,14296,0
11/17/2021,HPPL,SELL,514,10,5140,19436,0
11/17/2021,PCBL,BUY,470,10,4700,14736,30
11/17/2021,KKHC,BUY,360,10,3600,11136,10
11/17/2021,NICA,SELL,875,10,8750,19886,0
11/17/2021,EBL,BUY,625,10,6250,13636,70
11/17/2021,JBBL,BUY,567,10,5670,7966,10
11/17/2021,MEGA,BUY,336,10,3360,4606,10
11/17/2021,NMB,BUY,398.5,10,3985,621,10
11/18/2021,NBB,SELL,383,10,3830,4451,20
11/21/2021,SANIMA,BUY,384,10,3840,611,80
11/21/2021,NBB,SELL,374,10,3740,4351,10
11/21/2021,MEGA,BUY,327.6,10,3276,1075,20
11/22/2021,KKHC,SELL,365.5,10,3655,4730,0
11/22/2021,CIT,SELL,3367,10,33670,38400,0
11/22/2021,NMB,BUY,391.5,10,3915,34485,20
11/22/2021,PROFL,SELL,424,10,4240,38725,0
11/22/2021,HPPL,BUY,492,10,4920,33805,10
11/22/2021,MEGA,BUY,331,10,3310,30495,30
11/22/2021,LICN,BUY,2040,10,20400,10095,10
11/22/2021,ADBL,BUY,504.2,10,5042,5053,30
11/22/2021,SANIMA,BUY,387.9,10,3879,1174,90
11/22/2021,NBB,SELL,369,10,3690,4864,0
11/22/2021,PCBL,BUY,465.9,10,4659,205,40
11/24/2021,HPPL,SELL,490,10,4900,5105,0
11/24/2021,AHPC,BUY,480,10,4800,305,10
12/14/2021,NMB,SELL,369.7,10,3697,4002,10
12/14/2021,SANIMA,BUY,341,10,3410,592,100
12/15/2021,NMB,SELL,369,10,3690,4282,0
12/15/2021,SANIMA,BUY,340,10,3400,882,110
12/15/2021,LICN,SELL,1837,10,18370,19252,0
12/15/2021,JOSHI,BUY,321,10,3210,16042,10
12/15/2021,JBBL,BUY,445,10,4450,11592,20
12/15/2021,NHPC,BUY,353,10,3530,8062,10
12/15/2021,AKJCL,BUY,278.5,10,2785,5277,10
12/15/2021,NBB,BUY,322.4,10,3224,2053,10
12/16/2021,NBB,SELL,354.6,10,3546,5599,0
12/16/2021,KKHC,BUY,279,10,2790,2809,10
12/16/2021,MEGA,BUY,258,10,2580,229,40
12/16/2021,ADBL,SELL,441,10,4410,4639,20
12/16/2021,HPPL,BUY,381,10,3810,829,10
12/20/2021,ADBL,SELL,463,10,4630,5459,10
12/20/2021,AHPC,BUY,377,10,3770,1689,20
12/21/2021,NABIL,SELL,1452.5,10,14525,16214,10
12/21/2021,RLI,BUY,455,10,4550,11664,10
12/21/2021,EBL,SELL,535,10,5350,17014,60
12/21/2021,ICFC,BUY,590,10,5900,11114,10
12/21/2021,KSBBL,BUY,437,10,4370,6744,50
12/21/2021,SANIMA,SELL,337,10,3370,10114,100
12/21/2021,JOSHI,BUY,321.9,10,3219,6895,20
12/21/2021,PCBL,BUY,329,10,3290,3605,50
12/21/2021,DHPL,BUY,272,10,2720,885,10
12/21/2021,KKHC,SELL,286,10,2860,3745,0
12/21/2021,PROFL,BUY,346,10,3460,285,10
12/21/2021,ADBL,SELL,468,10,4680,4965,0
12/21/2021,JBBL,SELL,434.9,10,4349,9314,10
12/21/2021,MEGA,SELL,270,10,2700,12014,30
12/21/2021,AHPC,SELL,398,10,3980,15994,10
12/21/2021,AKJCL,SELL,274,10,2740,18734,0
12/21/2021,HPPL,BUY,395.5,10,3955,14779,20
12/21/2021,MLBL,BUY,547,10,5470,9309,10
12/21/2021,NHPC,BUY,346,10,3460,5849,20
12/21/2021,LBBL,BUY,430,10,4300,1549,10
12/22/2021,HPPL,SELL,426,10,4260,5809,10
12/22/2021,MLBL,SELL,574,10,5740,11549,0
12/22/2021,ICFC,SELL,612,10,6120,17669,0
12/22/2021,PCBL,SELL,346,10,3460,21129,40
12/22/2021,JBBL,SELL,454.9,10,4549,25678,0
12/22/2021,NMB,BUY,340,10,3400,22278,10
12/22/2021,EBL,SELL,538.3,10,5383,27661,50
12/22/2021,JOSHI,SELL,330,10,3300,30961,10
12/22/2021,AHPC,SELL,437.8,10,4378,35339,0
12/22/2021,KSBBL,SELL,469,10,4690,40029,40
12/22/2021,NHPC,SELL,372,10,3720,43749,10
12/22/2021,DHPL,SELL,291,10,2910,46659,0
12/22/2021,MFIL,BUY,995,10,9950,36709,10
12/22/2021,LBBL,BUY,457,10,4570,32139,20
12/22/2021,RLI,SELL,469,10,4690,36829,0
12/22/2021,MEGA,SELL,278.5,10,2785,39614,20
12/22/2021,SANIMA,SELL,347.5,10,3475,43089,90
12/22/2021,PROFL,SELL,368,10,3680,46769,0
12/22/2021,NABIL,SELL,1485,10,14850,61619,0
12/23/2021,PCBL,SELL,344.3,10,3443,65062,30
12/23/2021,KSBBL,SELL,463.7,10,4637,69699,30
12/23/2021,MEGA,SELL,277.4,10,2774,72473,10
12/23/2021,EBL,SELL,540,10,5400,77873,40
12/23/2021,NMB,BUY,337.1,10,3371,74502,20
12/23/2021,LBBL,SELL,451,10,4510,79012,10
12/23/2021,SANIMA,SELL,350,10,3500,82512,80
12/23/2021,HPPL,SELL,420,10,4200,86712,0
12/23/2021,MFIL,BUY,983,10,9830,76882,20
12/23/2021,NHPC,SELL,364,10,3640,80522,0
12/23/2021,JOSHI,SELL,333,10,3330,83852,0
12/26/2021,SANIMA,SELL,358,10,3580,87432,70
12/26/2021,MEGA,SELL,277.5,10,2775,90207,0
12/26/2021,MFIL,BUY,986,10,9860,80347,30
12/26/2021,HURJA,BUY,405.5,10,4055,76292,10
12/26/2021,LBBL,SELL,453,10,4530,80822,0
12/26/2021,PCBL,SELL,350,10,3500,84322,20
12/26/2021,EBL,SELL,543,10,5430,89752,30
12/26/2021,NMB,BUY,337,10,3370,86382,30
12/26/2021,JBBL,BUY,412,10,4120,82262,10
12/26/2021,KSBBL,SELL,461,10,4610,86872,20
12/27/2021,PROFL,BUY,343.1,10,3431,83441,10
12/27/2021,EBL,SELL,533.1,10,5331,88772,20
12/27/2021,KSBBL,BUY,441,10,4410,84362,30
12/27/2021,ICFC,BUY,570,10,5700,78662,10
12/27/2021,PCBL,SELL,340,10,3400,82062,10
12/27/2021,HURJA,BUY,405,10,4050,78012,20
12/27/2021,MFIL,BUY,960.5,10,9605,68407,40
12/27/2021,JBBL,BUY,390.8,10,3908,64499,20
12/27/2021,KKHC,BUY,279,10,2790,61709,10
12/27/2021,SANIMA,SELL,356,10,3560,65269,60
12/27/2021,LBBL,BUY,429.9,10,4299,60970,10
12/27/2021,JOSHI,BUY,300,10,3000,57970,10
12/27/2021,NMB,BUY,332,10,3320,54650,40
12/27/2021,NHPC,BUY,338,10,3380,51270,10
12/28/2021,NHPC,BUY,337,10,3370,47900,20
12/28/2021,AKJCL,BUY,274.9,10,2749,45151,10
12/28/2021,KKHC,BUY,280,10,2800,42351,20
12/28/2021,ICFC,BUY,585,10,5850,36501,20
12/28/2021,EBL,SELL,536,10,5360,41861,10
12/28/2021,JBBL,BUY,391,10,3910,37951,30
12/28/2021,PROFL,BUY,350,10,3500,34451,20
12/28/2021,LBBL,BUY,437,10,4370,30081,20
12/28/2021,HURJA,SELL,413,10,4130,34211,10
12/28/2021,PCBL,BUY,334.9,10,3349,30862,20
12/28/2021,MFIL,BUY,944,10,9440,21422,50
12/28/2021,NMB,BUY,328,10,3280,18142,50
12/28/2021,NICA,BUY,738,10,7380,10762,10
12/28/2021,DHPL,BUY,277,10,2770,7992,10
12/28/2021,SANIMA,SELL,352,10,3520,11512,50
12/28/2021,KSBBL,BUY,436,10,4360,7152,40
12/28/2021,MLBL,BUY,458,10,4580,2572,10
12/29/2021,EBL,SELL,535.3,10,5353,7925,0
12/29/2021,DHPL,BUY,278,10,2780,5145,20
12/29/2021,SANIMA,SELL,354,10,3540,8685,40
12/29/2021,LBBL,BUY,430.2,10,4302,4383,30
12/29/2021,PROFL,BUY,350,10,3500,883,30
1/2/2022,HURJA,SELL,415,10,4150,5033,0
1/2/2022,JBBL,BUY,401.5,10,4015,1018,40
1/2/2022,SANIMA,SELL,363,10,3630,4648,30
1/2/2022,KSBBL,SELL,448,10,4480,9128,30
1/2/2022,NHPC,BUY,335,10,3350,5778,30
1/2/2022,JOSHI,BUY,301.9,10,3019,2759,20
1/2/2022,AKJCL,BUY,273,10,2730,29,20
1/2/2022,NICA,SELL,769,10,7690,7719,0
1/2/2022,ICFC,SELL,589,10,5890,13609,10
1/2/2022,MLBL,BUY,466,10,4660,8949,20
1/2/2022,ADBL,BUY,411,10,4110,4839,10
1/2/2022,LBBL,SELL,456,10,4560,9399,20
1/2/2022,PROFL,SELL,354.9,10,3549,12948,20
1/2/2022,NMB,BUY,329.5,10,3295,9653,60
1/3/2022,LBBL,SELL,470,10,4700,14353,10
1/3/2022,MLBL,BUY,470,10,4700,9653,30
1/3/2022,DHPL,BUY,270,10,2700,6953,30
1/3/2022,SANIMA,SELL,372,10,3720,10673,20
1/3/2022,JOSHI,BUY,297.7,10,2977,7696,30
1/3/2022,MFIL,BUY,657,10,6570,1126,60
1/3/2022,ICFC,SELL,595,10,5950,7076,0
1/3/2022,JBBL,BUY,402,10,4020,3056,50
1/3/2022,PCBL,SELL,345,10,3450,6506,10
1/3/2022,KSBBL,SELL,459,10,4590,11096,20
1/3/2022,ADBL,BUY,415,10,4150,6946,20
1/3/2022,NMB,BUY,335,10,3350,3596,70
1/4/2022,KSBBL,SELL,489,10,4890,8486,10
1/4/2022,JOSHI,BUY,298,10,2980,5506,40
1/4/2022,NHPC,BUY,345,10,3450,2056,40
1/4/2022,PROFL,SELL,368,10,3680,5736,10
1/4/2022,HURJA,BUY,412,10,4120,1616,10
1/4/2022,PCBL,SELL,360.8,10,3608,5224,0
1/4/2022,SANIMA,SELL,381.9,10,3819,9043,10
1/4/2022,LBBL,SELL,495,10,4950,13993,0
1/4/2022,DHPL,BUY,277,10,2770,11223,40
1/4/2022,NMB,SELL,358,10,3580,14803,60
1/4/2022,MLBL,BUY,499,10,4990,9813,40
1/4/2022,KKHC,BUY,280,10,2800,7013,30
1/4/2022,ADBL,BUY,422,10,4220,2793,30
1/4/2022,AKJCL,SELL,280,10,2800,5593,10
1/4/2022,JBBL,SELL,427,10,4270,9863,40
1/5/2022,JBBL,SELL,418,10,4180,14043,30
1/5/2022,NHPC,SELL,350,10,3500,17543,30
1/5/2022,NMB,SELL,349,10,3490,21033,50
1/5/2022,SANIMA,SELL,376,10,3760,24793,0
1/5/2022,DHPL,SELL,280.1,10,2801,27594,30
1/5/2022,HURJA,SELL,418,10,4180,31774,0
1/5/2022,KKHC,BUY,282,10,2820,28954,40
1/5/2022,NABIL,BUY,1111.9,10,11119,17835,10
1/5/2022,PROFL,SELL,360,10,3600,21435,0
1/5/2022,ADBL,BUY,419,10,4190,17245,40
1/5/2022,KSBBL,SELL,474,10,4740,21985,0
1/5/2022,MLBL,BUY,483,10,4830,17155,50
1/5/2022,JOSHI,BUY,300.1,10,3001,14154,50
1/5/2022,MFIL,BUY,660,10,6600,7554,70
1/5/2022,AKJCL,SELL,286,10,2860,10414,0
1/6/2022,NMB,SELL,352,10,3520,13934,40
1/6/2022,DHPL,SELL,283,10,2830,16764,20
1/6/2022,KKHC,SELL,287,10,2870,19634,30
1/6/2022,ADBL,BUY,421,10,4210,15424,50
1/6/2022,NHPC,SELL,362,10,3620,19044,20
1/6/2022,MFIL,BUY,664,10,6640,12404,80
1/6/2022,JOSHI,BUY,306,10,3060,9344,60
1/6/2022,JBBL,SELL,426,10,4260,13604,20
1/6/2022,MLBL,BUY,486.1,10,4861,8743,60
1/9/2022,NMB,SELL,364,10,3640,12383,30
1/9/2022,MLBL,SELL,513.5,10,5135,17518,50
1/9/2022,DHPL,SELL,306,10,3060,20578,10
1/9/2022,ADBL,BUY,431,10,4310,16268,60
1/9/2022,NHPC,SELL,391,10,3910,20178,10
1/9/2022,MFIL,BUY,680,10,6800,13378,90
1/9/2022,NABIL,BUY,1113,10,11130,2248,20
1/9/2022,KKHC,SELL,305,10,3050,5298,20
1/9/2022,JBBL,SELL,456,10,4560,9858,10
1/9/2022,JOSHI,SELL,319,10,3190,13048,50
1/10/2022,NHPC,SELL,389.9,10,3899,16947,0
1/10/2022,JOSHI,SELL,340,10,3400,20347,40
1/10/2022,MFIL,BUY,712,10,7120,13227,100
1/10/2022,NBB,BUY,390.1,10,3901,9326,10
1/10/2022,JBBL,SELL,452,10,4520,13846,0
1/10/2022,DHPL,SELL,315.2,10,3152,16998,0
1/10/2022,MLBL,SELL,512,10,5120,22118,40
1/10/2022,NABIL,BUY,1111.3,10,11113,11005,30
1/10/2022,KKHC,SELL,330,10,3300,14305,10
1/10/2022,ADBL,BUY,429,10,4290,10015,70
1/10/2022,NMB,SELL,358.5,10,3585,13600,20
1/11/2022,NMB,SELL,359,10,3590,17190,10
1/11/2022,MLBL,SELL,538,10,5380,22570,30
1/11/2022,JOSHI,SELL,346,10,3460,26030,30
1/11/2022,NBB,BUY,389.5,10,3895,22135,20
1/11/2022,KKHC,SELL,334,10,3340,25475,0
1/11/2022,NABIL,BUY,1114.8,10,11148,14327,40
1/11/2022,MFIL,SELL,760,10,7600,21927,90
1/11/2022,ADBL,BUY,428.9,10,4289,17638,80
1/12/2022,NBB,SELL,400,10,4000,21638,10
1/12/2022,JOSHI,SELL,327,10,3270,24908,20
1/12/2022,NABIL,BUY,1107,10,11070,13838,50
1/12/2022,ADBL,BUY,424,10,4240,9598,90
1/12/2022,NMB,SELL,353.1,10,3531,13129,0
1/12/2022,MFIL,SELL,749,10,7490,20619,80
1/12/2022,MLBL,SELL,521,10,5210,25829,20
1/13/2022,MFIL,SELL,758,10,7580,33409,70
1/13/2022,NABIL,BUY,1110,10,11100,22309,60
1/13/2022,MLBL,SELL,535.1,10,5351,27660,10
1/13/2022,ADBL,SELL,426.9,10,4269,31929,80
1/13/2022,JOSHI,SELL,337,10,3370,35299,10
1/16/2022,ADBL,SELL,435,10,4350,39649,70
1/16/2022,NABIL,SELL,1140,10,11400,51049,50
1/16/2022,JOSHI,SELL,347,10,3470,54519,0
1/16/2022,MLBL,SELL,560,10,5600,60119,0
1/16/2022,MFIL,SELL,816,10,8160,68279,60
1/17/2022,NABIL,SELL,1178.9,10,11789,80068,40
1/17/2022,ADBL,SELL,441,10,4410,84478,60
1/17/2022,MFIL,SELL,810,10,8100,92578,50
1/18/2022,ADBL,SELL,440,10,4400,96978,50
1/18/2022,NABIL,SELL,1190,10,11900,108878,30
1/18/2022,MFIL,SELL,785,10,7850,116728,40
1/19/2022,NHPC,BUY,390,10,3900,112828,10
1/19/2022,DHPL,BUY,317,10,3170,109658,10
1/19/2022,HPPL,BUY,504,10,5040,104618,10
1/19/2022,JOSHI,BUY,328,10,3280,101338,10
1/19/2022,MFIL,SELL,766.5,10,7665,109003,30
1/19/2022,AKJCL,BUY,319,10,3190,105813,10
1/19/2022,ADBL,SELL,433,10,4330,110143,40
1/19/2022,LBBL,BUY,533,10,5330,104813,10
1/19/2022,PROFL,BUY,408,10,4080,100733,10
1/19/2022,MLBL,BUY,522.3,10,5223,95510,10
1/19/2022,KSBBL,BUY,541.5,10,5415,90095,10
1/19/2022,NABIL,SELL,1177,10,11770,101865,20
1/19/2022,RLI,BUY,552,10,5520,96345,10
1/20/2022,NHPC,SELL,405,10,4050,100395,0
1/20/2022,LBBL,SELL,560,10,5600,105995,0
1/20/2022,PROFL,SELL,419,10,4190,110185,0
1/20/2022,ADBL,SELL,433,10,4330,114515,30
1/20/2022,AKJCL,SELL,331.5,10,3315,117830,0
1/20/2022,MLBL,SELL,548.9,10,5489,123319,0
1/20/2022,RLI,SELL,565,10,5650,128969,0
1/20/2022,NABIL,SELL,1178,10,11780,140749,10
1/20/2022,HPPL,SELL,513.5,10,5135,145884,0
1/20/2022,KSBBL,SELL,574,10,5740,151624,0
1/20/2022,JOSHI,SELL,340.5,10,3405,155029,0
1/20/2022,MFIL,SELL,779.9,10,7799,162828,20
1/20/2022,DHPL,SELL,329.4,10,3294,166122,0
1/23/2022,EDBL,BUY,579,10,5790,160332,10
1/23/2022,JBBL,BUY,465,10,4650,155682,10
1/23/2022,NHPC,BUY,397.3,10,3973,151709,10
1/23/2022,PCBL,BUY,375,10,3750,147959,10
1/23/2022,JOSHI,BUY,334,10,3340,144619,10
1/23/2022,ADBL,BUY,430.2,10,4302,140317,40
1/23/2022,NABIL,SELL,1161,10,11610,151927,0
1/23/2022,SANIMA,BUY,383,10,3830,148097,10
1/23/2022,PROFL,BUY,410,10,4100,143997,10
1/23/2022,HPPL,BUY,508,10,5080,138917,10
1/23/2022,NMB,BUY,362,10,3620,135297,10
1/23/2022,ICFC,BUY,745.1,10,7451,127846,10
1/23/2022,MEGA,BUY,304,10,3040,124806,10
1/23/2022,EBL,BUY,601,10,6010,118796,10
1/23/2022,MFIL,BUY,752,10,7520,111276,30
1/24/2022,AKJCL,BUY,314,10,3140,108136,10
1/24/2022,NHPC,BUY,377,10,3770,104366,20
1/24/2022,JOSHI,BUY,318,10,3180,101186,20
1/24/2022,NABIL,BUY,1127,10,11270,89916,10
1/24/2022,JBBL,BUY,442,10,4420,85496,20
1/24/2022,CZBIL,BUY,297,10,2970,82526,10
1/24/2022,SANIMA,BUY,367,10,3670,78856,20
1/24/2022,EDBL,BUY,554,10,5540,73316,20
1/24/2022,NMB,BUY,349,10,3490,69826,20
1/24/2022,HPPL,BUY,485,10,4850,64976,20
1/24/2022,KSBBL,BUY,533,10,5330,59646,10
1/24/2022,CIT,BUY,3380,10,33800,25846,10
1/24/2022,LBBL,BUY,519.9,10,5199,20647,10
1/24/2022,PCBL,BUY,365,10,3650,16997,20
1/24/2022,MFIL,BUY,710,10,7100,9897,40
1/24/2022,DHPL,BUY,308,10,3080,6817,10
1/24/2022,AHPC,BUY,514,10,5140,1677,10
1/30/2022,DHPL,SELL,325,10,3250,4927,0
1/30/2022,HPPL,SELL,507,10,5070,9997,10
1/30/2022,NHPC,SELL,395.9,10,3959,13956,10
1/30/2022,ICFC,SELL,732,10,7320,21276,0
1/30/2022,NMB,BUY,352,10,3520,17756,30
1/30/2022,EBL,BUY,594.9,10,5949,11807,20
1/30/2022,CZBIL,BUY,297.4,10,2974,8833,20
1/30/2022,MFIL,SELL,743.5,10,7435,16268,30
1/30/2022,AKJCL,SELL,329,10,3290,19558,0
1/30/2022,PCBL,BUY,365,10,3650,15908,30
1/30/2022,MEGA,BUY,293.6,10,2936,12972,20
1/30/2022,CIT,SELL,3439,10,34390,47362,0
1/30/2022,PROFL,SELL,411.9,10,4119,51481,0
1/30/2022,NICA,BUY,883,10,8830,42651,10
1/30/2022,LBBL,SELL,542,10,5420,48071,0
1/30/2022,EDBL,BUY,571,10,5710,42361,30
1/30/2022,ADBL,BUY,424.7,10,4247,38114,50
1/30/2022,JOSHI,SELL,332,10,3320,41434,10
1/30/2022,AHPC,SELL,545,10,5450,46884,0
1/30/2022,NABIL,BUY,1135,10,11350,35534,20
1/30/2022,KSBBL,SELL,550,10,5500,41034,0
1/30/2022,SANIMA,BUY,370,10,3700,37334,30
1/30/2022,JBBL,SELL,460,10,4600,41934,10
1/31/2022,EBL,BUY,583,10,5830,36104,30
1/31/2022,MEGA,BUY,291,10,2910,33194,30
1/31/2022,KKHC,BUY,327,10,3270,29924,10
1/31/2022,JBBL,BUY,447,10,4470,25454,20
1/31/2022,CZBIL,BUY,295,10,2950,22504,30
1/31/2022,PCBL,BUY,360,10,3600,18904,40
1/31/2022,NICA,BUY,872,10,8720,10184,20
1/31/2022,NMB,BUY,347,10,3470,6714,40
1/31/2022,EDBL,BUY,560,10,5600,1114,40
1/31/2022,NHPC,SELL,388,10,3880,4994,0
1/31/2022,HPPL,SELL,502,10,5020,10014,0
1/31/2022,JOSHI,BUY,325,10,3250,6764,20
1/31/2022,SANIMA,BUY,367,10,3670,3094,40
2/1/2022,KKHC,SELL,334,10,3340,6434,0
2/1/2022,MEGA,BUY,295,10,2950,3484,40
2/1/2022,EDBL,SELL,579,10,5790,9274,30
2/1/2022,EBL,BUY,585,10,5850,3424,40
2/1/2022,JOSHI,SELL,335,10,3350,6774,10
2/1/2022,PCBL,BUY,359.9,10,3599,3175,50
2/1/2022,CZBIL,BUY,299,10,2990,185,40
2/1/2022,MFIL,SELL,732,10,7320,7505,20
2/1/2022,JBBL,SELL,454,10,4540,12045,10
2/1/2022,ADBL,BUY,423,10,4230,7815,60
2/3/2022,CZBIL,SELL,299,10,2990,10805,30
2/3/2022,SANIMA,BUY,369,10,3690,7115,50
2/3/2022,MEGA,SELL,296,10,2960,10075,30
2/3/2022,ADBL,BUY,420.6,10,4206,5869,70
2/3/2022,EDBL,SELL,563.6,10,5636,11505,20
2/3/2022,NMB,BUY,347,10,3470,8035,50
2/3/2022,JBBL,BUY,447,10,4470,3565,20
2/3/2022,JOSHI,SELL,334,10,3340,6905,0
2/3/2022,MFIL,SELL,726,10,7260,14165,10
2/6/2022,RLI,BUY,564,10,5640,8525,10
2/6/2022,LBBL,BUY,526,10,5260,3265,10
2/6/2022,CZBIL,BUY,293,10,2930,335,40
2/7/2022,RLI,SELL,581.5,10,5815,6150,0
2/7/2022,CZBIL,BUY,293,10,2930,3220,50
2/7/2022,LBBL,SELL,529,10,5290,8510,0
2/7/2022,ADBL,BUY,417,10,4170,4340,80
2/7/2022,MEGA,BUY,289.1,10,2891,1449,40
2/21/2022,EBL,SELL,578,10,5780,7229,30
2/21/2022,PCBL,BUY,337,10,3370,3859,60
2/21/2022,CZBIL,BUY,279,10,2790,1069,60
2/22/2022,EBL,SELL,601,10,6010,7079,20
2/22/2022,PCBL,BUY,335,10,3350,3729,70
2/22/2022,SANIMA,BUY,338.1,10,3381,348,60
2/23/2022,EBL,SELL,582,10,5820,6168,10
2/23/2022,NHPC,BUY,424,10,4240,1928,10
3/10/2022,JBBL,SELL,410,10,4100,6028,10
3/10/2022,BARUN,BUY,509,10,5090,938,10
3/13/2022,EBL,SELL,555,10,5550,6488,0
3/13/2022,NMB,SELL,322.8,10,3228,9716,40
3/13/2022,JBBL,SELL,425,10,4250,13966,0
3/13/2022,EDBL,BUY,465,10,4650,9316,30
3/13/2022,NABIL,SELL,1079,10,10790,20106,10
3/13/2022,CZBIL,SELL,278,10,2780,22886,50
3/13/2022,NICA,SELL,782,10,7820,30706,10
3/13/2022,SANIMA,SELL,337.5,10,3375,34081,50
3/13/2022,PCBL,SELL,332.8,10,3328,37409,60
3/13/2022,MEGA,SELL,268.9,10,2689,40098,30
3/13/2022,MFIL,SELL,667,10,6670,46768,0
3/13/2022,BARUN,BUY,521,10,5210,41558,20
3/13/2022,DHPL,BUY,321,10,3210,38348,10
3/13/2022,ADBL,SELL,403,10,4030,42378,70
3/13/2022,NHPC,BUY,331,10,3310,39068,20
3/14/2022,ADBL,SELL,402,10,4020,43088,60
3/14/2022,NHPC,BUY,327,10,3270,39818,30
3/14/2022,NICA,SELL,778,10,7780,47598,0
3/14/2022,NMB,SELL,316.5,10,3165,50763,30
3/14/2022,PCBL,SELL,330,10,3300,54063,50
3/14/2022,NABIL,SELL,1092,10,10920,64983,0
3/14/2022,CZBIL,SELL,277,10,2770,67753,40
3/14/2022,BARUN,BUY,517,10,5170,62583,30
3/14/2022,EDBL,BUY,465,10,4650,57933,40
3/14/2022,SANIMA,SELL,343,10,3430,61363,40
3/14/2022,MEGA,SELL,270,10,2700,64063,20
3/14/2022,DHPL,BUY,316,10,3160,60903,20
3/15/2022,EDBL,SELL,472,10,4720,65623,30
3/15/2022,ICFC,BUY,656,10,6560,59063,10
3/15/2022,MEGA,SELL,266,10,2660,61723,10
3/15/2022,PCBL,SELL,330,10,3300,65023,40
3/15/2022,ADBL,SELL,399,10,3990,69013,50
3/15/2022,DHPL,BUY,310,10,3100,65913,30
3/15/2022,AHPC,BUY,500.1,10,5001,60912,10
3/15/2022,CZBIL,SELL,277,10,2770,63682,30
3/15/2022,BARUN,BUY,508,10,5080,58602,40
3/15/2022,NHPC,BUY,320,10,3200,55402,40
3/15/2022,SANIMA,SELL,340.9,10,3409,58811,30
3/15/2022,NMB,SELL,317.9,10,3179,61990,20
3/16/2022,HPPL,BUY,450,10,4500,57490,10
3/16/2022,SANIMA,SELL,336.2,10,3362,60852,20
3/16/2022,ADBL,SELL,396.2,10,3962,64814,40
3/16/2022,DHPL,BUY,309,10,3090,61724,40
3/16/2022,ICFC,BUY,650,10,6500,55224,20
3/16/2022,NICA,BUY,768,10,7680,47544,10
3/16/2022,MEGA,SELL,266,10,2660,50204,0
3/16/2022,NMB,SELL,316,10,3160,53364,10
3/16/2022,BARUN,BUY,499,10,4990,48374,50
3/16/2022,JOSHI,BUY,305,10,3050,45324,10
3/16/2022,NHPC,BUY,317,10,3170,42154,50
3/16/2022,CZBIL,SELL,273,10,2730,44884,20
3/16/2022,AKJCL,BUY,297,10,2970,41914,10
3/16/2022,PCBL,SELL,328,10,3280,45194,30
3/16/2022,EBL,BUY,544,10,5440,39754,10
3/16/2022,AHPC,BUY,494,10,4940,34814,20
3/16/2022,EDBL,SELL,462,10,4620,39434,20
3/20/2022,PCBL,SELL,325,10,3250,42684,20
3/20/2022,ICFC,BUY,641,10,6410,36274,30
3/20/2022,NMB,SELL,314.5,10,3145,39419,0
3/20/2022,BARUN,BUY,498,10,4980,34439,60
3/20/2022,DHPL,BUY,308,10,3080,31359,50
3/20/2022,ADBL,SELL,396.6,10,3966,35325,30
3/20/2022,AHPC,BUY,496,10,4960,30365,30
3/20/2022,EDBL,SELL,465,10,4650,35015,10
3/20/2022,CZBIL,SELL,273.1,10,2731,37746,10
3/20/2022,EBL,BUY,538,10,5380,32366,20
3/20/2022,JOSHI,BUY,299.1,10,2991,29375,20
3/20/2022,SANIMA,SELL,335,10,3350,32725,10
3/20/2022,AKJCL,BUY,294,10,2940,29785,20
3/20/2022,NICA,SELL,770,10,7700,37485,0
3/20/2022,HURJA,BUY,466,10,4660,32825,10
3/20/2022,NHPC,BUY,318,10,3180,29645,60
3/20/2022,KKHC,BUY,303,10,3030,26615,10
3/20/2022,HPPL,BUY,450,10,4500,22115,20
3/20/2022,MEGA,BUY,262.9,10,2629,19486,10
3/21/2022,ICFC,BUY,652,10,6520,12966,40
3/21/2022,EBL,SELL,544,10,5440,18406,10
3/21/2022,HPPL,SELL,465,10,4650,23056,10
3/21/2022,JOSHI,SELL,310.9,10,3109,26165,10
3/21/2022,MEGA,BUY,263,10,2630,23535,20
3/21/2022,PCBL,BUY,323.2,10,3232,20303,30
3/21/2022,HURJA,SELL,474,10,4740,25043,0
3/21/2022,AKJCL,SELL,300,10,3000,28043,10
3/21/2022,KKHC,SELL,314,10,3140,31183,0
3/21/2022,EDBL,SELL,479,10,4790,35973,0
3/21/2022,ADBL,SELL,395.6,10,3956,39929,20
3/21/2022,AHPC,SELL,520,10,5200,45129,20
3/21/2022,SANIMA,SELL,335,10,3350,48479,0
3/21/2022,DHPL,SELL,315,10,3150,51629,40
3/21/2022,BARUN,SELL,517,10,5170,56799,50
3/21/2022,CZBIL,SELL,273.9,10,2739,59538,0
3/21/2022,NHPC,SELL,328,10,3280,62818,50
3/22/2022,NHPC,SELL,327,10,3270,66088,40
3/22/2022,MEGA,SELL,265,10,2650,68738,10
3/22/2022,ICFC,SELL,659.8,10,6598,75336,30
3/22/2022,BARUN,SELL,518.9,10,5189,80525,40
3/22/2022,AKJCL,SELL,298,10,2980,83505,0
3/22/2022,ADBL,SELL,398,10,3980,87485,10
3/22/2022,DHPL,SELL,314,10,3140,90625,30
3/22/2022,JOSHI,SELL,310,10,3100,93725,0
3/22/2022,HPPL,SELL,467,10,4670,98395,0
3/22/2022,NABIL,BUY,1050,10,10500,87895,10
3/22/2022,AHPC,SELL,510,10,5100,92995,10
3/22/2022,EBL,SELL,546,10,5460,98455,0
3/22/2022,PCBL,SELL,326,10,3260,101715,20
3/23/2022,PCBL,BUY,324,10,3240,98475,30
3/23/2022,NHPC,SELL,321.8,10,3218,101693,30
3/23/2022,DHPL,BUY,308.1,10,3081,98612,40
3/23/2022,CZBIL,BUY,272.6,10,2726,95886,10
3/23/2022,EBL,BUY,539,10,5390,90496,10
3/23/2022,HURJA,BUY,466,10,4660,85836,10
3/23/2022,JOSHI,BUY,300,10,3000,82836,10
3/23/2022,MEGA,BUY,261,10,2610,80226,20
3/23/2022,NMB,BUY,314.9,10,3149,77077,10
3/23/2022,NABIL,BUY,1047,10,10470,66607,20
3/23/2022,ICFC,BUY,647,10,6470,60137,40
3/23/2022,KKHC,BUY,299,10,2990,57147,10
3/23/2022,BARUN,SELL,508.7,10,5087,62234,30
3/23/2022,AHPC,BUY,498.3,10,4983,57251,20
3/23/2022,ADBL,BUY,395,10,3950,53301,20
3/23/2022,SANIMA,BUY,335.2,10,3352,49949,10
3/24/2022,SANIMA,BUY,332.2,10,3322,46627,20
3/24/2022,NHPC,BUY,315,10,3150,43477,40
3/24/2022,DHPL,BUY,300,10,3000,40477,50
3/24/2022,BARUN,BUY,504,10,5040,35437,40
3/24/2022,NABIL,BUY,1040,10,10400,25037,30
3/24/2022,ADBL,BUY,393,10,3930,21107,30
3/24/2022,KSBBL,BUY,493,10,4930,16177,10
3/24/2022,AHPC,BUY,492.5,10,4925,11252,30
3/24/2022,JOSHI,BUY,296.1,10,2961,8291,20
3/24/2022,PROFL,BUY,345,10,3450,4841,10
3/24/2022,CZBIL,BUY,269,10,2690,2151,20
3/27/2022,ICFC,SELL,657.7,10,6577,8728,30
3/27/2022,KSBBL,BUY,474,10,4740,3988,20
3/27/2022,MEGA,BUY,256,10,2560,1428,30
4/13/2022,EBL,SELL,519,10,5190,6618,0
4/13/2022,BARUN,BUY,423,10,4230,2388,50
4/17/2022,MEGA,BUY,236,10,2360,28,40
4/18/2022,DHPL,SELL,272,10,2720,2748,40
4/18/2022,JOSHI,BUY,240,10,2400,348,30
4/19/2022,ADBL,SELL,371,10,3710,4058,20
4/19/2022,JBBL,BUY,367,10,3670,388,10
4/20/2022,ADBL,SELL,370,10,3700,4088,10
4/20/2022,EDBL,BUY,402,10,4020,68,10
4/21/2022,ADBL,SELL,370,10,3700,3768,0
4/21/2022,PCBL,BUY,291,10,2910,858,40
4/24/2022,JBBL,SELL,380,10,3800,4658,0
4/24/2022,KSBBL,SELL,455,10,4550,9208,10
4/24/2022,RLI,BUY,508,10,5080,4128,10
4/24/2022,DHPL,SELL,268,10,2680,6808,30
4/24/2022,NMB,SELL,299.9,10,2999,9807,0
4/24/2022,PROFL,SELL,315,10,3150,12957,0
4/24/2022,AHPC,SELL,420.2,10,4202,17159,20
4/24/2022,BARUN,SELL,417.8,10,4178,21337,40
4/24/2022,PCBL,SELL,301,10,3010,24347,30
4/24/2022,HURJA,BUY,343,10,3430,20917,20
4/24/2022,MEGA,SELL,242,10,2420,23337,30
4/24/2022,NHPC,SELL,260.7,10,2607,25944,30
4/24/2022,JOSHI,SELL,250,10,2500,28444,20
4/24/2022,EDBL,SELL,430,10,4300,32744,0
4/24/2022,ICFC,SELL,525,10,5250,37994,20
4/24/2022,CZBIL,SELL,260,10,2600,40594,10
4/24/2022,SANIMA,BUY,314,10,3140,37454,30
4/24/2022,KKHC,SELL,254.1,10,2541,39995,0
4/25/2022,MEGA,SELL,238.2,10,2382,42377,20
4/25/2022,LBBL,BUY,432.1,10,4321,38056,10
4/25/2022,ICFC,BUY,509,10,5090,32966,30
4/25/2022,AHPC,SELL,421,10,4210,37176,10
4/25/2022,SANIMA,BUY,313,10,3130,34046,40
4/25/2022,BARUN,SELL,413,10,4130,38176,30
4/25/2022,PCBL,SELL,299,10,2990,41166,20
4/25/2022,CZBIL,SELL,259,10,2590,43756,0
4/25/2022,HURJA,BUY,328.1,10,3281,40475,30
4/25/2022,JOSHI,BUY,241,10,2410,38065,30
4/25/2022,KSBBL,SELL,441,10,4410,42475,0
4/25/2022,RLI,BUY,496.1,10,4961,37514,20
4/25/2022,NHPC,SELL,267,10,2670,40184,20
4/25/2022,LICN,BUY,1870,10,18700,21484,10
4/25/2022,NABIL,BUY,940.9,10,9409,12075,40
4/25/2022,DHPL,SELL,265,10,2650,14725,20
4/26/2022,JOSHI,BUY,239.9,10,2399,12326,40
4/26/2022,MEGA,SELL,238,10,2380,14706,10
4/26/2022,AHPC,SELL,415,10,4150,18856,0
4/26/2022,NHPC,SELL,264.7,10,2647,21503,10
4/26/2022,EBL,BUY,506,10,5060,16443,10
4/26/2022,CZBIL,BUY,254,10,2540,13903,10
4/26/2022,HURJA,BUY,320.6,10,3206,10697,40
4/26/2022,BARUN,SELL,407,10,4070,14767,20
4/26/2022,RLI,BUY,487.5,10,4875,9892,30
4/26/2022,JBBL,BUY,369,10,3690,6202,10
4/26/2022,ICFC,BUY,506.1,10,5061,1141,40
4/26/2022,PCBL,SELL,297.5,10,2975,4116,10
4/26/2022,DHPL,SELL,262.5,10,2625,6741,10
4/26/2022,EDBL,BUY,415,10,4150,2591,10
4/27/2022,ICFC,SELL,506,10,5060,7651,30
4/27/2022,NMB,BUY,294.2,10,2942,4709,10
4/27/2022,CZBIL,BUY,254,10,2540,2169,20
4/27/2022,LBBL,SELL,443,10,4430,6599,0
4/27/2022,SANIMA,BUY,312.8,10,3128,3471,50
4/27/2022,JOSHI,SELL,244,10,2440,5911,30
4/27/2022,DHPL,SELL,259,10,2590,8501,0
4/27/2022,EBL,BUY,507.8,10,5078,3423,20
4/27/2022,NHPC,SELL,269,10,2690,6113,0
4/27/2022,EDBL,SELL,418,10,4180,10293,0
4/27/2022,JBBL,SELL,377,10,3770,14063,0
4/27/2022,BARUN,SELL,410,10,4100,18163,10
4/27/2022,PCBL,SELL,297.5,10,2975,21138,0
4/27/2022,MEGA,BUY,236.2,10,2362,18776,20
4/27/2022,HURJA,BUY,326,10,3260,15516,50
4/28/2022,PROFL,BUY,297,10,2970,12546,10
4/28/2022,EBL,BUY,507,10,5070,7476,30
4/28/2022,HPPL,BUY,412,10,4120,3356,10
4/28/2022,JOSHI,BUY,237,10,2370,986,40
5/8/2022,BARUN,SELL,402,10,4020,5006,0
5/8/2022,MEGA,BUY,226.1,10,2261,2745,30
5/8/2022,NHPC,BUY,242,10,2420,325,10
5/10/2022,NHPC,SELL,263,10,2630,2955,0
5/10/2022,CZBIL,BUY,245.5,10,2455,500,30
5/10/2022,NMB,SELL,290.9,10,2909,3409,0
5/10/2022,HPPL,SELL,406,10,4060,7469,0
5/10/2022,SANIMA,SELL,309,10,3090,10559,40
5/10/2022,MLBL,BUY,405,10,4050,6509,10
5/10/2022,PCBL,BUY,289,10,2890,3619,10
5/10/2022,HURJA,BUY,305,10,3050,569,60
5/10/2022,JOSHI,SELL,238,10,2380,2949,30
5/11/2022,MLBL,SELL,420,10,4200,7149,0
5/11/2022,ICFC,SELL,489,10,4890,12039,20
5/11/2022,MEGA,SELL,237,10,2370,14409,20
5/11/2022,RLI,SELL,470,10,4700,19109,20
5/11/2022,EBL,SELL,510,10,5100,24209,20
5/11/2022,PCBL,SELL,291,10,2910,27119,0
5/11/2022,PROFL,SELL,311.1,10,3111,30230,0
5/11/2022,JOSHI,SELL,254,10,2540,32770,20
5/11/2022,NABIL,SELL,933,10,9330,42100,30
5/11/2022,SANIMA,SELL,314,10,3140,45240,30
5/11/2022,HURJA,SELL,325,10,3250,48490,50
5/11/2022,LICN,BUY,1656,10,16560,31930,20
5/11/2022,CZBIL,SELL,248.9,10,2489,34419,20
5/12/2022,RLI,BUY,455,10,4550,29869,30
5/12/2022,LICN,BUY,1636,10,16360,13509,30
5/12/2022,NABIL,SELL,930,10,9300,22809,20
5/12/2022,KSBBL,BUY,422,10,4220,18589,10
5/12/2022,SANIMA,SELL,314,10,3140,21729,20
5/12/2022,MEGA,SELL,237,10,2370,24099,10
5/12/2022,JOSHI,SELL,245,10,2450,26549,10
5/12/2022,ICFC,SELL,495,10,4950,31499,10
5/12/2022,EBL,SELL,504,10,5040,36539,10
5/12/2022,CZBIL,SELL,250,10,2500,39039,10
5/12/2022,HURJA,SELL,317,10,3170,42209,40
5/17/2022,PROFL,BUY,287,10,2870,39339,10
5/17/2022,LBBL,BUY,407,10,4070,35269,10
5/17/2022,DHPL,BUY,237,10,2370,32899,10
5/17/2022,JOSHI,SELL,231.8,10,2318,35217,0
5/17/2022,KSBBL,BUY,405.8,10,4058,31159,20
5/17/2022,MLBL,BUY,399.5,10,3995,27164,10
5/17/2022,RLI,BUY,424,10,4240,22924,40
5/17/2022,EBL,BUY,494.5,10,4945,17979,20
5/17/2022,ICFC,BUY,470,10,4700,13279,20
5/17/2022,CZBIL,BUY,243,10,2430,10849,20
5/17/2022,HPPL,BUY,383,10,3830,7019,10
5/17/2022,NMB,BUY,288,10,2880,4139,10
5/17/2022,JBBL,BUY,346,10,3460,679,10
5/18/2022,NMB,SELL,288.4,10,2884,3563,0
5/18/2022,HURJA,SELL,308.5,10,3085,6648,30
5/18/2022,MEGA,BUY,229,10,2290,4358,20
5/18/2022,LBBL,BUY,406.7,10,4067,291,20
5/18/2022,PROFL,SELL,296,10,2960,3251,0
5/18/2022,ICFC,SELL,475.1,10,4751,8002,10
5/18/2022,DHPL,SELL,245,10,2450,10452,0
5/18/2022,MLBL,SELL,405,10,4050,14502,0
5/18/2022,SANIMA,BUY,303.9,10,3039,11463,30
5/18/2022,HPPL,BUY,391.5,10,3915,7548,20
5/18/2022,NABIL,SELL,914,10,9140,16688,10
5/18/2022,LICN,BUY,1573,10,15730,958,40
5/26/2022,CZBIL,SELL,243.9,10,2439,3397,10
5/26/2022,MEGA,SELL,247.5,10,2475,5872,10
5/26/2022,RLI,BUY,398,10,3980,1892,50
5/27/2022,MEGA,SELL,250,10,2500,4392,0
5/30/2022,NMB,BUY,279,10,2790,1602,10
6/8/2022,ICFC,SELL,453,10,4530,6132,0
6/8/2022,MEGA,BUY,229.8,10,2298,3834,10
6/8/2022,LBBL,BUY,372,10,3720,114,30
6/9/2022,HPPL,SELL,366.1,10,3661,3775,10
6/9/2022,NHPC,BUY,263,10,2630,1145,10
6/10/2022,HPPL,SELL,369,10,3690,4835,0
6/10/2022,JBBL,BUY,305,10,3050,1785,20
6/17/2022,NMB,SELL,267,10,2670,4455,0
6/17/2022,SANIMA,BUY,275,10,2750,1705,40
6/21/2022,EBL,SELL,450.8,10,4508,6213,10
6/21/2022,CZBIL,BUY,213.5,10,2135,4078,20
6/21/2022,JOSHI,BUY,190,10,1900,2178,10
6/21/2022,AKJCL,BUY,192,10,1920,258,10
6/23/2022,LICN,SELL,1140,10,11400,11658,30
6/23/2022,JOSHI,BUY,171,10,1710,9948,20
6/24/2022,ADBL,BUY,309,10,3090,6858,10
6/24/2022,PCBL,BUY,249.8,10,2498,4360,10
6/24/2022,KSBBL,BUY,315,10,3150,1210,30
6/24/2022,LICN,SELL,1229.9,10,12299,13509,20
6/24/2022,DHPL,BUY,183,10,1830,11679,10
6/24/2022,HPPL,BUY,283.9,10,2839,8840,10
6/26/2022,HPPL,SELL,312.2,10,3122,11962,0
6/26/2022,EBL,SELL,445,10,4450,16412,0
6/26/2022,ADBL,SELL,315.1,10,3151,19563,0
6/26/2022,LBBL,SELL,336,10,3360,22923,20
6/26/2022,HURJA,SELL,222.3,10,2223,25146,20
6/26/2022,AKJCL,SELL,195,10,1950,27096,0
6/26/2022,JOSHI,SELL,190.1,10,1901,28997,10
6/26/2022,PCBL,SELL,254.9,10,2549,31546,0
6/26/2022,NMB,BUY,257.2,10,2572,28974,10
6/26/2022,LICN,SELL,1300,10,13000,41974,10
6/26/2022,RLI,SELL,345,10,3450,45424,40
6/26/2022,DHPL,SELL,198.3,10,1983,47407,0
6/26/2022,NABIL,BUY,775,10,7750,39657,20
6/26/2022,CZBIL,SELL,216.5,10,2165,41822,10
6/26/2022,JBBL,SELL,290,10,2900,44722,10
6/26/2022,KSBBL,SELL,339.5,10,3395,48117,20
6/26/2022,SANIMA,SELL,278,10,2780,50897,30
6/26/2022,NHPC,BUY,221.1,10,2211,48686,20
6/27/2022,EDBL,BUY,339.5,10,3395,45291,10
6/27/2022,NMB,BUY,255,10,2550,42741,20
6/27/2022,PCBL,BUY,253,10,2530,40211,10
6/27/2022,CZBIL,BUY,208.1,10,2081,38130,20
6/27/2022,LBBL,SELL,325,10,3250,41380,10
6/27/2022,JOSHI,SELL,190,10,1900,43280,0
6/27/2022,AHPC,BUY,343,10,3430,39850,10
6/27/2022,HURJA,BUY,216.1,10,2161,37689,30
6/27/2022,AKJCL,BUY,188,10,1880,35809,10
6/27/2022,JBBL,SELL,279.3,10,2793,38602,0
6/27/2022,KSBBL,SELL,328,10,3280,41882,10
6/27/2022,NABIL,BUY,780,10,7800,34082,30
6/27/2022,SANIMA,SELL,272,10,2720,36802,20
6/27/2022,NHPC,BUY,214,10,2140,34662,30
6/27/2022,EBL,BUY,438,10,4380,30282,10
6/27/2022,DHPL,BUY,195,10,1950,28332,10
6/27/2022,LICN,SELL,1419,10,14190,42522,0
6/27/2022,RLI,BUY,338.1,10,3381,39141,50
6/28/2022,RLI,SELL,343,10,3430,42571,40
6/28/2022,HURJA,BUY,210.5,10,2105,40466,40
6/28/2022,NICA,BUY,672.5,10,6725,33741,10
6/28/2022,AKJCL,BUY,186.8,10,1868,31873,20
6/28/2022,CZBIL,BUY,209,10,2090,29783,30
6/28/2022,KSBBL,SELL,324,10,3240,33023,0
6/28/2022,LBBL,BUY,317,10,3170,29853,20
6/28/2022,NHPC,BUY,209,10,2090,27763,40
6/28/2022,JOSHI,BUY,187,10,1870,25893,10
6/28/2022,AHPC,BUY,334,10,3340,22553,20
6/28/2022,PCBL,SELL,253,10,2530,25083,0
6/28/2022,JBBL,BUY,271.9,10,2719,22364,10
6/28/2022,NABIL,BUY,778,10,7780,14584,40
6/28/2022,SANIMA,SELL,272,10,2720,17304,10
6/28/2022,DHPL,BUY,191,10,1910,15394,20
6/28/2022,EBL,BUY,439,10,4390,11004,20
6/28/2022,HPPL,BUY,300,10,3000,8004,10
6/28/2022,NMB,BUY,254,10,2540,5464,30
6/28/2022,MFIL,BUY,396,10,3960,1504,10
6/29/2022,AHPC,SELL,352,10,3520,5024,10
6/29/2022,JOSHI,SELL,194,10,1940,6964,0
6/29/2022,NMB,SELL,256,10,2560,9524,20
6/29/2022,EDBL,SELL,343,10,3430,12954,0
6/29/2022,JBBL,SELL,285,10,2850,15804,0
6/29/2022,NICA,SELL,679,10,6790,22594,0
6/29/2022,AKJCL,SELL,191,10,1910,24504,10
6/29/2022,NHPC,SELL,221,10,2210,26714,30
6/29/2022,EBL,SELL,442.5,10,4425,31139,10
6/29/2022,HPPL,SELL,310,10,3100,34239,0
6/29/2022,MFIL,SELL,409,10,4090,38329,0
6/29/2022,DHPL,SELL,202.8,10,2028,40357,10
6/29/2022,NABIL,SELL,795,10,7950,48307,30
6/29/2022,RLI,SELL,351,10,3510,51817,30
6/29/2022,SANIMA,SELL,272,10,2720,54537,0
6/29/2022,LBBL,SELL,337,10,3370,57907,10
6/29/2022,HURJA,SELL,223.9,10,2239,60146,30
6/29/2022,CZBIL,BUY,209,10,2090,58056,40
6/30/2022,LBBL,SELL,360,10,3600,61656,0
6/30/2022,AHPC,SELL,371,10,3710,65366,0
6/30/2022,NHPC,SELL,239,10,2390,67756,20
6/30/2022,HURJA,SELL,237.4,10,2374,70130,20
6/30/2022,NABIL,SELL,835,10,8350,78480,20
6/30/2022,DHPL,SELL,211,10,2110,80590,0
6/30/2022,RLI,SELL,363.6,10,3636,84226,20
6/30/2022,EBL,SELL,456.9,10,4569,88795,0
6/30/2022,AKJCL,SELL,201.2,10,2012,90807,0
6/30/2022,CZBIL,SELL,212,10,2120,92927,30
6/30/2022,NMB,SELL,262,10,2620,95547,10
7/1/2022,NMB,SELL,260,10,2600,98147,0
7/1/2022,NHPC,SELL,238.9,10,2389,100536,10
7/1/2022,RLI,SELL,364,10,3640,104176,10
7/1/2022,NABIL,SELL,856,10,8560,112736,10
7/1/2022,CZBIL,BUY,208,10,2080,110656,40
7/1/2022,HURJA,SELL,238,10,2380,113036,10
7/3/2022,NHPC,SELL,254,10,2540,115576,0
7/3/2022,NABIL,SELL,889,10,8890,124466,0
7/3/2022,HURJA,SELL,250,10,2500,126966,0
7/3/2022,CZBIL,BUY,209,10,2090,124876,50
7/3/2022,RLI,SELL,380.9,10,3809,128685,0
7/4/2022,SANIMA,BUY,270.2,10,2702,125983,10
7/4/2022,CZBIL,BUY,206.1,10,2061,123922,60
7/5/2022,LICN,BUY,1409,10,14090,109832,10
7/5/2022,CZBIL,BUY,206,10,2060,107772,70
7/5/2022,SANIMA,BUY,271,10,2710,105062,20
7/5/2022,EDBL,BUY,353,10,3530,101532,10
7/5/2022,EBL,BUY,445,10,4450,97082,10
7/5/2022,PCBL,BUY,253,10,2530,94552,10
7/6/2022,LICN,SELL,1549.9,10,15499,110051,0
7/6/2022,BARUN,BUY,456,10,4560,105491,10
7/6/2022,SANIMA,BUY,272,10,2720,102771,30
7/6/2022,CZBIL,BUY,205.9,10,2059,100712,80
7/6/2022,EBL,BUY,444.5,10,4445,96267,20
7/6/2022,EDBL,SELL,367,10,3670,99937,0
7/6/2022,PCBL,SELL,255,10,2550,102487,0
7/6/2022,NICA,BUY,689,10,6890,95597,10
7/6/2022,NMB,BUY,257.1,10,2571,93026,10
7/7/2022,RLI,BUY,355,10,3550,89476,10
7/7/2022,CIT,BUY,2586.1,10,25861,63615,10
7/7/2022,EBL,BUY,440,10,4400,59215,30
7/7/2022,CZBIL,BUY,204.5,10,2045,57170,90
7/7/2022,BARUN,BUY,452,10,4520,52650,20
7/7/2022,SANIMA,BUY,267,10,2670,49980,40
7/7/2022,LBBL,BUY,346,10,3460,46520,10
7/7/2022,NMB,BUY,257,10,2570,43950,20
7/7/2022,NICA,BUY,685,10,6850,37100,20
7/7/2022,PCBL,BUY,252,10,2520,34580,10
7/8/2022,EDBL,BUY,357,10,3570,31010,10
7/8/2022,NHPC,BUY,238.5,10,2385,28625,10
7/8/2022,EBL,BUY,434,10,4340,24285,40
7/8/2022,NMB,BUY,256,10,2560,21725,30
7/8/2022,AKJCL,BUY,200,10,2000,19725,10
7/8/2022,ICFC,BUY,435.4,10,4354,15371,10
7/8/2022,CZBIL,BUY,202,10,2020,13351,100
7/8/2022,MFIL,BUY,430.5,10,4305,9046,10
7/8/2022,NICA,BUY,668,10,6680,2366,30
7/8/2022,KKHC,BUY,209,10,2090,276,10
7/13/2022,NMB,SELL,258,10,2580,2856,20
7/13/2022,MFIL,SELL,439,10,4390,7246,0
7/13/2022,AKJCL,SELL,202,10,2020,9266,0
7/13/2022,ADBL,BUY,312.6,10,3126,6140,10
7/13/2022,KKHC,SELL,212,10,2120,8260,0
7/13/2022,NHPC,SELL,245,10,2450,10710,0
7/14/2022,ADBL,SELL,324.9,10,3249,13959,0
7/14/2022,BARUN,BUY,444,10,4440,9519,30
7/14/2022,EBL,BUY,427.9,10,4279,5240,50
7/14/2022,ICFC,SELL,450,10,4500,9740,0
7/14/2022,EDBL,BUY,333,10,3330,6410,20
7/14/2022,DHPL,BUY,204,10,2040,4370,10
7/14/2022,LBBL,SELL,344,10,3440,7810,0
7/14/2022,HPPL,BUY,320,10,3200,4610,10
7/14/2022,NMB,SELL,258,10,2580,7190,10
7/14/2022,CZBIL,BUY,199.9,10,1999,5191,110
7/14/2022,SANIMA,BUY,257.9,10,2579,2612,50
7/14/2022,PCBL,BUY,248.9,10,2489,123,20
7/14/2022,NICA,SELL,694,10,6940,7063,20
7/15/2022,AHPC,BUY,356.1,10,3561,3502,10
7/15/2022,HURJA,BUY,229,10,2290,1212,10
7/15/2022,NICA,SELL,696,10,6960,8172,10
7/15/2022,EDBL,BUY,327,10,3270,4902,30
7/15/2022,JOSHI,BUY,203,10,2030,2872,10
7/15/2022,DHPL,BUY,205,10,2050,822,20
7/15/2022,NMB,SELL,261,10,2610,3432,0
7/15/2022,CZBIL,BUY,202.5,10,2025,1407,120
7/15/2022,EBL,SELL,439,10,4390,5797,40
7/15/2022,SANIMA,SELL,276,10,2760,8557,40
7/15/2022,HPPL,BUY,322,10,3220,5337,20
7/15/2022,PCBL,SELL,265,10,2650,7987,10
7/17/2022,NICA,SELL,703,10,7030,15017,0
7/17/2022,PCBL,SELL,262.8,10,2628,17645,0
7/17/2022,HPPL,BUY,313,10,3130,14515,30
7/17/2022,DHPL,SELL,204.9,10,2049,16564,10
7/17/2022,NHPC,BUY,239,10,2390,14174,10
7/17/2022,AHPC,BUY,352.2,10,3522,10652,20
7/17/2022,CZBIL,SELL,205,10,2050,12702,110
7/17/2022,EDBL,BUY,327,10,3270,9432,40
7/17/2022,SANIMA,SELL,272.9,10,2729,12161,30
7/17/2022,BARUN,SELL,443,10,4430,16591,20
7/17/2022,JOSHI,BUY,200.1,10,2001,14590,20
7/17/2022,EBL,SELL,446.9,10,4469,19059,30
7/17/2022,HURJA,SELL,232,10,2320,21379,0
7/17/2022,CIT,SELL,2547,10,25470,46849,0
7/18/2022,HPPL,BUY,319,10,3190,43659,40
7/18/2022,SANIMA,SELL,272,10,2720,46379,20
7/18/2022,CZBIL,SELL,206,10,2060,48439,100
7/18/2022,BARUN,BUY,298.6,10,2986,45453,30
7/18/2022,JOSHI,SELL,204,10,2040,47493,10
7/18/2022,AHPC,SELL,357.1,10,3571,51064,10
7/18/2022,EDBL,BUY,340.5,10,3405,47659,50
7/18/2022,DHPL,BUY,203,10,2030,45629,20
7/18/2022,EBL,SELL,445,10,4450,50079,20
7/18/2022,NHPC,SELL,241,10,2410,52489,0
7/19/2022,JOSHI,SELL,202.4,10,2024,54513,0
7/19/2022,CZBIL,SELL,207,10,2070,56583,90
7/19/2022,EDBL,SELL,347.5,10,3475,60058,40
7/19/2022,SANIMA,SELL,273.6,10,2736,62794,10
7/19/2022,BARUN,BUY,299,10,2990,59804,40
7/19/2022,DHPL,SELL,205,10,2050,61854,10
7/19/2022,EBL,SELL,457.9,10,4579,66433,10
7/19/2022,AHPC,SELL,357.5,10,3575,70008,0
7/19/2022,HPPL,SELL,329,10,3290,73298,30
7/20/2022,EBL,SELL,459.4,10,4594,77892,0
7/20/2022,BARUN,BUY,294,10,2940,74952,50
7/20/2022,CZBIL,SELL,205,10,2050,77002,80
7/20/2022,HPPL,SELL,332,10,3320,80322,20
7/20/2022,SANIMA,SELL,273.5,10,2735,83057,0
7/20/2022,DHPL,SELL,207,10,2070,85127,0
7/20/2022,EDBL,SELL,345.8,10,3458,88585,30
7/21/2022,AHPC,BUY,352,10,3520,85065,10
7/21/2022,EDBL,SELL,342,10,3420,88485,20
7/21/2022,HPPL,SELL,327.1,10,3271,91756,10
7/21/2022,CZBIL,SELL,205.3,10,2053,93809,70
7/21/2022,BARUN,BUY,289,10,2890,90919,60
7/21/2022,LICN,BUY,1423,10,14230,76689,10
7/21/2022,NHPC,BUY,235.6,10,2356,74333,10
7/22/2022,KKHC,BUY,207,10,2070,72263,10
7/22/2022,JOSHI,BUY,198,10,1980,70283,10
7/22/2022,KSBBL,BUY,346,10,3460,66823,10
7/22/2022,EDBL,BUY,335,10,3350,63473,30
7/22/2022,CZBIL,BUY,202,10,2020,61453,80
7/22/2022,AKJCL,BUY,197,10,1970,59483,10
7/22/2022,JBBL,BUY,299,10,2990,56493,10
7/22/2022,SANIMA,BUY,267,10,2670,53823,10
7/22/2022,AHPC,BUY,343.1,10,3431,50392,20
7/22/2022,LBBL,BUY,336.9,10,3369,47023,10
7/22/2022,BARUN,BUY,285,10,2850,44173,70
7/22/2022,NHPC,BUY,232,10,2320,41853,20
7/22/2022,ADBL,BUY,320,10,3200,38653,10
7/22/2022,DHPL,BUY,202.5,10,2025,36628,10
7/22/2022,LICN,BUY,1390,10,13900,22728,20
7/22/2022,MLBL,BUY,373.1,10,3731,18997,10
7/22/2022,NMB,BUY,258.6,10,2586,16411,10
7/22/2022,HPPL,SELL,328,10,3280,19691,0
7/22/2022,HURJA,BUY,230,10,2300,17391,10
7/22/2022,MFIL,BUY,445,10,4450,12941,10
7/24/2022,LICN,SELL,1434,10,14340,27281,10
7/24/2022,JBBL,SELL,316,10,3160,30441,0
7/24/2022,BARUN,BUY,298,10,2980,27461,80
7/24/2022,AHPC,SELL,360.9,10,3609,31070,10
7/24/2022,MLBL,SELL,392,10,3920,34990,0
7/24/2022,ADBL,BUY,325,10,3250,31740,20
7/24/2022,NMB,BUY,262,10,2620,29120,20
7/24/2022,HURJA,SELL,240.6,10,2406,31526,0
7/24/2022,JOSHI,SELL,208,10,2080,33606,0
7/24/2022,CZBIL,SELL,207,10,2070,35676,70
7/24/2022,KKHC,SELL,218,10,2180,37856,0
7/24/2022,AKJCL,SELL,207,10,2070,39926,0
7/24/2022,NHPC,SELL,253,10,2530,42456,10
7/24/2022,MFIL,SELL,471,10,4710,47166,0
7/24/2022,LBBL,SELL,363,10,3630,50796,0
7/24/2022,EDBL,SELL,350,10,3500,54296,20
7/24/2022,KSBBL,SELL,365,10,3650,57946,0
7/24/2022,SANIMA,SELL,270,10,2700,60646,0
7/24/2022,DHPL,SELL,218,10,2180,62826,0
7/25/2022,CZBIL,SELL,210.4,10,2104,64930,60
7/25/2022,ADBL,SELL,331.9,10,3319,68249,10
7/25/2022,AHPC,SELL,374.5,10,3745,71994,0
7/25/2022,NHPC,SELL,265,10,2650,74644,0
7/25/2022,SANIMA,BUY,270,10,2700,71944,10
7/25/2022,EDBL,SELL,376,10,3760,75704,10
7/25/2022,LICN,SELL,1498.9,10,14989,90693,0
7/25/2022,NMB,SELL,265,10,2650,93343,10
7/25/2022,BARUN,BUY,310.8,10,3108,90235,90
7/26/2022,ADBL,BUY,327.9,10,3279,86956,20
7/26/2022,SANIMA,BUY,263.5,10,2635,84321,20
7/26/2022,CZBIL,SELL,206,10,2060,86381,50
7/26/2022,PCBL,BUY,257.5,10,2575,83806,10
7/26/2022,NICA,BUY,709,10,7090,76716,10
7/26/2022,BARUN,BUY,300.1,10,3001,73715,100
7/26/2022,NMB,BUY,260.1,10,2601,71114,20
7/26/2022,EDBL,SELL,362.9,10,3629,74743,0
7/27/2022,ADBL,SELL,329,10,3290,78033,10
7/27/2022,PCBL,BUY,256,10,2560,75473,20
7/27/2022,BARUN,BUY,304,10,3040,72433,110
7/27/2022,NICA,BUY,711,10,7110,65323,20
7/27/2022,NMB,BUY,258,10,2580,62743,30
7/27/2022,SANIMA,BUY,262,10,2620,60123,30
7/27/2022,CZBIL,BUY,204.2,10,2042,58081,60
7/28/2022,SANIMA,BUY,260,10,2600,55481,40
7/28/2022,PCBL,BUY,255,10,2550,52931,30
7/28/2022,BARUN,SELL,304.1,10,3041,55972,100
7/28/2022,NICA,BUY,709,10,7090,48882,30
7/28/2022,ADBL,SELL,329.2,10,3292,52174,0
7/28/2022,CZBIL,BUY,204,10,2040,50134,70
7/28/2022,NMB,BUY,258,10,2580,47554,40
7/29/2022,CZBIL,BUY,203,10,2030,45524,80
7/29/2022,NMB,BUY,258,10,2580,42944,50
7/29/2022,PCBL,BUY,254,10,2540,40404,40
7/29/2022,NICA,BUY,707.9,10,7079,33325,40
7/29/2022,SANIMA,BUY,260.1,10,2601,30724,50
7/29/2022,BARUN,SELL,303,10,3030,33754,90
7/31/2022,CZBIL,SELL,212.1,10,2121,35875,70
7/31/2022,NMB,SELL,266.9,10,2669,38544,40
7/31/2022,BARUN,SELL,307,10,3070,41614,80
7/31/2022,SANIMA,SELL,275,10,2750,44364,40
7/31/2022,NICA,SELL,725,10,7250,51614,30
7/31/2022,PCBL,SELL,262,10,2620,54234,30
8/1/2022,PCBL,SELL,261.7,10,2617,56851,20
8/1/2022,NMB,SELL,272,10,2720,59571,30
8/1/2022,BARUN,SELL,305.9,10,3059,62630,70
8/1/2022,SANIMA,SELL,279,10,2790,65420,30
8/1/2022,NICA,SELL,722,10,7220,72640,20
8/1/2022,CZBIL,SELL,214.8,10,2148,74788,60
8/2/2022,BARUN,SELL,302,10,3020,77808,60
8/2/2022,NICA,SELL,720.2,10,7202,85010,10
8/2/2022,SANIMA,SELL,277,10,2770,87780,20
8/2/2022,CZBIL,SELL,212.9,10,2129,89909,50
8/2/2022,NMB,SELL,269,10,2690,92599,20
8/2/2022,PCBL,SELL,261,10,2610,95209,10
8/3/2022,NMB,SELL,269.9,10,2699,97908,10
8/3/2022,NICA,BUY,715,10,7150,90758,20
8/3/2022,NABIL,BUY,862,10,8620,82138,10
8/3/2022,CZBIL,SELL,211.8,10,2118,84256,40
8/3/2022,BARUN,SELL,308,10,3080,87336,50
8/3/2022,SANIMA,SELL,273.1,10,2731,90067,10
8/3/2022,PCBL,BUY,255,10,2550,87517,20
8/4/2022,EBL,BUY,499,10,4990,82527,10
8/4/2022,MLBL,BUY,415.8,10,4158,78369,10
8/4/2022,LICN,BUY,1487,10,14870,63499,10
8/4/2022,ICFC,BUY,541,10,5410,58089,10
8/4/2022,KSBBL,BUY,386,10,3860,54229,10
8/4/2022,NICA,BUY,706,10,7060,47169,30
8/4/2022,PCBL,BUY,248.4,10,2484,44685,30
8/4/2022,BARUN,BUY,300.1,10,3001,41684,60
8/4/2022,AHPC,BUY,383,10,3830,37854,10
8/4/2022,SANIMA,BUY,266.5,10,2665,35189,20
8/4/2022,MFIL,BUY,493,10,4930,30259,10
8/4/2022,EDBL,BUY,389,10,3890,26369,10
8/4/2022,CZBIL,BUY,207.5,10,2075,24294,50
8/4/2022,ADBL,BUY,327.2,10,3272,21022,10
8/4/2022,NABIL,BUY,850,10,8500,12522,20
8/4/2022,NHPC,BUY,265.5,10,2655,9867,10
8/4/2022,JBBL,BUY,329,10,3290,6577,10
8/4/2022,NMB,SELL,268.9,10,2689,9266,0
8/5/2022,CZBIL,BUY,204,10,2040,7226,60
8/5/2022,LBBL,BUY,414.2,10,4142,3084,10
8/5/2022,DHPL,BUY,225.6,10,2256,828,10
8/7/2022,LBBL,SELL,425,10,4250,5078,0
8/7/2022,DHPL,BUY,231.5,10,2315,2763,20
8/7/2022,PCBL,BUY,246,10,2460,303,40
8/8/2022,EBL,SELL,509,10,5090,5393,0
8/8/2022,SANIMA,BUY,261,10,2610,2783,30
8/8/2022,CZBIL,BUY,203.1,10,2031,752,70
8/15/2022,JBBL,SELL,316,10,3160,3912,0
8/15/2022,MLBL,SELL,402.8,10,4028,7940,0
8/15/2022,ICFC,SELL,540,10,5400,13340,0
8/15/2022,KSBBL,BUY,363,10,3630,9710,20
8/15/2022,JOSHI,BUY,238,10,2380,7330,10
8/15/2022,EDBL,BUY,350,10,3500,3830,20
8/15/2022,ADBL,SELL,325,10,3250,7080,0
8/15/2022,DHPL,BUY,220,10,2200,4880,30
8/15/2022,BARUN,BUY,285,10,2850,2030,70
8/15/2022,CZBIL,BUY,203,10,2030,0,80
8/15/2022,AHPC,SELL,370,10,3700,3700,0
8/16/2022,NMB,BUY,254,10,2540,1160,10
8/16/2022,SANIMA,SELL,260,10,2600,3760,20
8/16/2022,EDBL,BUY,337,10,3370,390,30
8/18/2022,KSBBL,SELL,367,10,3670,4060,10
8/18/2022,MFIL,SELL,450,10,4500,8560,0
8/18/2022,CZBIL,SELL,202.5,10,2025,10585,70
8/18/2022,JOSHI,BUY,234,10,2340,8245,20
8/18/2022,NABIL,SELL,802,10,8020,16265,10
8/18/2022,PCBL,BUY,238,10,2380,13885,50
8/18/2022,EDBL,SELL,363.4,10,3634,17519,20
8/18/2022,DHPL,SELL,219.9,10,2199,19718,20
8/18/2022,HPPL,BUY,382,10,3820,15898,10
8/18/2022,BARUN,SELL,284,10,2840,18738,60
8/18/2022,NHPC,SELL,260.5,10,2605,21343,0
8/18/2022,NICA,BUY,668,10,6680,14663,40
8/18/2022,NMB,BUY,252,10,2520,12143,20
8/18/2022,HURJA,BUY,273,10,2730,9413,10
8/18/2022,SANIMA,SELL,257.5,10,2575,11988,10
8/21/2022,PCBL,SELL,240,10,2400,14388,40
8/21/2022,HPPL,BUY,373.7,10,3737,10651,20
8/21/2022,SANIMA,SELL,257,10,2570,13221,0
8/21/2022,NABIL,SELL,801,10,8010,21231,0
8/21/2022,CZBIL,BUY,201.2,10,2012,19219,80
8/21/2022,EDBL,SELL,362,10,3620,22839,10
8/21/2022,AHPC,BUY,360,10,3600,19239,10
8/21/2022,DHPL,BUY,216,10,2160,17079,30
8/21/2022,NMB,BUY,252,10,2520,14559,30
8/21/2022,HURJA,BUY,269.9,10,2699,11860,20
8/21/2022,NICA,BUY,667,10,6670,5190,50
8/21/2022,NHPC,BUY,254.2,10,2542,2648,10
8/21/2022,BARUN,SELL,288,10,2880,5528,50
8/21/2022,JOSHI,BUY,229,10,2290,3238,30
8/21/2022,KSBBL,SELL,363.1,10,3631,6869,0
8/22/2022,JOSHI,BUY,226,10,2260,4609,40
8/22/2022,EDBL,SELL,354.9,10,3549,8158,0
8/22/2022,NMB,SELL,254,10,2540,10698,20
8/22/2022,BARUN,SELL,285,10,2850,13548,40
8/22/2022,HURJA,BUY,268,10,2680,10868,30
8/22/2022,PCBL,SELL,240.8,10,2408,13276,30
8/22/2022,HPPL,BUY,380,10,3800,9476,30
8/22/2022,AHPC,SELL,360,10,3600,13076,0
8/22/2022,NICA,BUY,663,10,6630,6446,60
8/22/2022,DHPL,BUY,216,10,2160,4286,40
8/22/2022,NHPC,BUY,252.4,10,2524,1762,20
8/22/2022,CZBIL,SELL,201.9,10,2019,3781,70
8/23/2022,EDBL,BUY,350,10,3500,281,10
8/23/2022,CZBIL,SELL,202.5,10,2025,2306,60
8/23/2022,NMB,SELL,254.7,10,2547,4853,10
8/23/2022,KKHC,BUY,224,10,2240,2613,10
8/23/2022,NHPC,SELL,255,10,2550,5163,10
8/23/2022,BARUN,BUY,281,10,2810,2353,50
8/23/2022,DHPL,SELL,218,10,2180,4533,30
8/23/2022,JOSHI,BUY,228,10,2280,2253,50
8/23/2022,PCBL,SELL,243.6,10,2436,4689,20
8/24/2022,NHPC,SELL,256,10,2560,7249,0
8/24/2022,PCBL,SELL,243,10,2430,9679,10
8/24/2022,NICA,BUY,664,10,6640,3039,70
8/24/2022,JOSHI,BUY,226.1,10,2261,778,60
8/24/2022,BARUN,SELL,283,10,2830,3608,40
8/24/2022,HURJA,BUY,267,10,2670,938,40
8/24/2022,KKHC,SELL,229.6,10,2296,3234,0
8/24/2022,EDBL,SELL,354,10,3540,6774,0
8/24/2022,DHPL,SELL,217.1,10,2171,8945,20
8/24/2022,CZBIL,SELL,202,10,2020,10965,50
8/24/2022,NMB,SELL,255,10,2550,13515,0
8/25/2022,KSBBL,BUY,355,10,3550,9965,10
8/25/2022,HURJA,BUY,259,10,2590,7375,50
8/25/2022,KKHC,BUY,220,10,2200,5175,10
8/25/2022,BARUN,BUY,278.5,10,2785,2390,50
8/25/2022,CZBIL,BUY,201,10,2010,380,60
8/26/2022,LICN,SELL,1445,10,14450,14830,0
8/26/2022,JOSHI,BUY,216,10,2160,12670,70
8/26/2022,PROFL,BUY,303,10,3030,9640,10
8/26/2022,KSBBL,BUY,347,10,3470,6170,20
8/26/2022,AHPC,BUY,349,10,3490,2680,10
8/26/2022,NMB,BUY,252,10,2520,160,10
9/4/2022,JOSHI,SELL,223.8,10,2238,2398,60
9/4/2022,AKJCL,BUY,203.3,10,2033,365,10
9/5/2022,JOSHI,SELL,217,10,2170,2535,50
9/5/2022,KKHC,BUY,206.9,10,2069,466,20
9/8/2022,JOSHI,SELL,210,10,2100,2566,40
9/8/2022,PCBL,BUY,230,10,2300,266,20
9/14/2022,PROFL,SELL,300,10,3000,3266,0
9/14/2022,AHPC,SELL,335,10,3350,6616,0
9/14/2022,CZBIL,SELL,198.5,10,1985,8601,50
9/14/2022,KKHC,SELL,209,10,2090,10691,10
9/14/2022,BARUN,SELL,254,10,2540,13231,40
9/14/2022,PCBL,SELL,232.7,10,2327,15558,10
9/14/2022,HPPL,BUY,336,10,3360,12198,40
9/14/2022,JOSHI,SELL,217,10,2170,14368,30
9/14/2022,KSBBL,SELL,347,10,3470,17838,10
9/14/2022,HURJA,SELL,239.5,10,2395,20233,40
9/14/2022,NICA,SELL,650,10,6500,26733,60
9/14/2022,NMB,BUY,240.9,10,2409,24324,20
9/14/2022,AKJCL,SELL,204.9,10,2049,26373,0
9/14/2022,LICN,BUY,1353.9,10,13539,12834,10
9/14/2022,DHPL,SELL,207.1,10,2071,14905,10
9/15/2022,LICN,BUY,1304,10,13040,1865,20
9/18/2022,DHPL,BUY,183,10,1830,35,20
9/27/2022,HPPL,SELL,316.9,10,3169,3204,30
9/27/2022,CZBIL,BUY,185,10,1850,1354,60
9/29/2022,CZBIL,SELL,195.4,10,1954,3308,50
9/29/2022,KSBBL,BUY,309,10,3090,218,20
9/29/2022,NMB,SELL,232,10,2320,2538,10
9/29/2022,NICA,SELL,618.3,10,6183,8721,50
9/29/2022,PCBL,SELL,223,10,2230,10951,0
9/29/2022,NHPC,BUY,192.7,10,1927,9024,10
10/9/2022,NMB,SELL,238,10,2380,11404,0
10/9/2022,CZBIL,SELL,199,10,1990,13394,40
10/9/2022,NHPC,BUY,195.8,10,1958,11436,20
10/9/2022,DHPL,SELL,179,10,1790,13226,10
10/9/2022,KSBBL,SELL,323,10,3230,16456,10
10/9/2022,HURJA,SELL,214,10,2140,18596,30
10/9/2022,KKHC,SELL,180.9,10,1809,20405,0
10/9/2022,NICA,SELL,632,10,6320,26725,40
10/9/2022,JOSHI,BUY,185.6,10,1856,24869,40
10/9/2022,LICN,SELL,1285,10,12850,37719,10
10/9/2022,HPPL,BUY,297,10,2970,34749,40
10/9/2022,AHPC,BUY,285,10,2850,31899,10
10/9/2022,BARUN,BUY,218,10,2180,29719,50
10/10/2022,LICN,SELL,1265,10,12650,42369,0
10/10/2022,HURJA,BUY,206,10,2060,40309,40
10/10/2022,AHPC,BUY,273,10,2730,37579,20
10/10/2022,BARUN,BUY,214,10,2140,35439,60
10/10/2022,HPPL,BUY,298,10,2980,32459,50
10/10/2022,AKJCL,BUY,176,10,1760,30699,10
10/10/2022,JOSHI,BUY,182,10,1820,28879,50
10/10/2022,NHPC,BUY,192,10,1920,26959,30
10/10/2022,DHPL,BUY,175.7,10,1757,25202,20
10/10/2022,KSBBL,SELL,313,10,3130,28332,0
10/10/2022,CZBIL,SELL,195.2,10,1952,30284,30
10/10/2022,NICA,SELL,621.4,10,6214,36498,30
10/11/2022,SANIMA,BUY,246,10,2460,34038,10
10/11/2022,NICA,BUY,609,10,6090,27948,40
10/11/2022,JOSHI,BUY,178.8,10,1788,26160,60
10/11/2022,HPPL,SELL,302.9,10,3029,29189,40
10/11/2022,AKJCL,BUY,172,10,1720,27469,20
10/11/2022,AHPC,BUY,272.1,10,2721,24748,30
10/11/2022,BARUN,BUY,212.9,10,2129,22619,70
10/11/2022,PROFL,BUY,258.1,10,2581,20038,10
10/11/2022,LICN,BUY,1229,10,12290,7748,10
10/11/2022,KKHC,BUY,175,10,1750,5998,10
10/11/2022,CZBIL,SELL,197.2,10,1972,7970,20
10/11/2022,DHPL,BUY,171.1,10,1711,6259,30
10/11/2022,HURJA,SELL,206,10,2060,8319,30
10/11/2022,NHPC,BUY,191,10,1910,6409,40
10/12/2022,HURJA,SELL,210,10,2100,8509,20
10/12/2022,AHPC,SELL,281,10,2810,11319,20
10/12/2022,BARUN,SELL,215,10,2150,13469,60
10/12/2022,DHPL,SELL,179,10,1790,15259,20
10/12/2022,NHPC,SELL,194,10,1940,17199,30
10/12/2022,SANIMA,SELL,249,10,2490,19689,0
10/12/2022,NICA,BUY,612.5,10,6125,13564,50
10/12/2022,KKHC,SELL,177.5,10,1775,15339,0
10/12/2022,HPPL,SELL,304,10,3040,18379,30
10/12/2022,LICN,BUY,1240,10,12400,5979,20
10/12/2022,AKJCL,SELL,176.9,10,1769,7748,10
10/12/2022,CZBIL,SELL,201.1,10,2011,9759,10
10/12/2022,PROFL,SELL,271.9,10,2719,12478,0
10/12/2022,JOSHI,SELL,187,10,1870,14348,50
10/13/2022,NHPC,SELL,194,10,1940,16288,20
10/13/2022,HPPL,BUY,298.1,10,2981,13307,40
10/13/2022,CZBIL,SELL,204.9,10,2049,15356,0
10/13/2022,BARUN,SELL,217.5,10,2175,17531,50
10/13/2022,AHPC,SELL,277,10,2770,20301,10
10/13/2022,JOSHI,SELL,183,10,1830,22131,40
10/13/2022,HURJA,SELL,210,10,2100,24231,10
10/13/2022,AKJCL,BUY,173.9,10,1739,22492,20
10/13/2022,LICN,SELL,1249.9,10,12499,34991,10
10/13/2022,NICA,BUY,612,10,6120,28871,60
10/13/2022,DHPL,BUY,173.7,10,1737,27134,30
10/16/2022,HPPL,SELL,301,10,3010,30144,30
10/16/2022,DHPL,BUY,169,10,1690,28454,40
10/16/2022,BARUN,BUY,213,10,2130,26324,60
10/16/2022,SANIMA,BUY,246.1,10,2461,23863,10
10/16/2022,AKJCL,BUY,170.4,10,1704,22159,30
10/16/2022,CIT,BUY,1831,10,18310,3849,10
10/16/2022,NMB,BUY,232.1,10,2321,1528,10
10/16/2022,JOSHI,SELL,183.6,10,1836,3364,30
10/16/2022,HURJA,SELL,207,10,2070,5434,0
10/16/2022,AHPC,BUY,272,10,2720,2714,20
10/16/2022,CZBIL,BUY,190.5,10,1905,809,10
10/16/2022,NHPC,SELL,192.5,10,1925,2734,10
10/17/2022,AKJCL,BUY,170,10,1700,1034,40
10/17/2022,HPPL,SELL,301,10,3010,4044,20
10/17/2022,ADBL,BUY,313.5,10,3135,909,10
10/17/2022,NMB,SELL,235,10,2350,3259,0
10/17/2022,KSBBL,BUY,312.9,10,3129,130,10
10/17/2022,SANIMA,SELL,252,10,2520,2650,0
10/19/2022,JOSHI,BUY,175,10,1750,900,40
10/20/2022,NICA,SELL,615.9,10,6159,7059,50
10/20/2022,CZBIL,BUY,184.1,10,1841,5218,20
10/20/2022,HURJA,BUY,200,10,2000,3218,10
10/20/2022,KKHC,BUY,169,10,1690,1528,10
10/20/2022,ADBL,SELL,316,10,3160,4688,0
10/20/2022,PROFL,BUY,259,10,2590,2098,10
10/23/2022,AKJCL,BUY,167,10,1670,428,50
10/23/2022,NICA,SELL,618,10,6180,6608,40
10/31/2022,HPPL,BUY,270,10,2700,3908,30
10/31/2022,NICA,SELL,660,10,6600,10508,30
10/31/2022,EDBL,BUY,304,10,3040,7468,10
10/31/2022,JBBL,BUY,271,10,2710,4758,10
10/31/2022,AHPC,BUY,258,10,2580,2178,30
10/31/2022,BARUN,BUY,208,10,2080,98,70
10/31/2022,LICN,SELL,1229,10,12290,12388,0
10/31/2022,DHPL,BUY,160.1,10,1601,10787,50
10/31/2022,MLBL,BUY,345,10,3450,7337,10
10/31/2022,KKHC,BUY,170,10,1700,5637,20
10/31/2022,JOSHI,BUY,172,10,1720,3917,50
10/31/2022,PROFL,BUY,262,10,2620,1297,20
10/31/2022,HURJA,SELL,206,10,2060,3357,0
10/31/2022,NHPC,BUY,187.5,10,1875,1482,20
11/1/2022,DHPL,SELL,174,10,1740,3222,40
11/1/2022,NHPC,SELL,197.8,10,1978,5200,10
11/1/2022,BARUN,SELL,215,10,2150,7350,60
11/1/2022,NICA,SELL,695,10,6950,14300,20
11/1/2022,AKJCL,SELL,179,10,1790,16090,40
11/1/2022,MLBL,SELL,356,10,3560,19650,0
11/1/2022,PROFL,SELL,283.1,10,2831,22481,10
11/1/2022,JOSHI,SELL,185.9,10,1859,24340,40
11/1/2022,KKHC,SELL,180,10,1800,26140,10
11/1/2022,CIT,SELL,1877.9,10,18779,44919,0
11/1/2022,HPPL,BUY,282,10,2820,42099,40
11/1/2022,KSBBL,SELL,319.9,10,3199,45298,0
11/1/2022,CZBIL,BUY,191,10,1910,43388,30
11/1/2022,JBBL,SELL,285.1,10,2851,46239,0
11/1/2022,AHPC,SELL,276,10,2760,48999,20
11/1/2022,EDBL,SELL,320,10,3200,52199,0
11/2/2022,BARUN,SELL,216.5,10,2165,54364,50
11/2/2022,CZBIL,SELL,191,10,1910,56274,20
11/2/2022,AHPC,SELL,278,10,2780,59054,10
11/2/2022,NHPC,SELL,203.9,10,2039,61093,0
11/2/2022,KKHC,SELL,178,10,1780,62873,0
11/2/2022,AKJCL,SELL,179.9,10,1799,64672,30
11/2/2022,PROFL,SELL,281,10,2810,67482,0
11/2/2022,HPPL,BUY,282,10,2820,64662,50
11/2/2022,JOSHI,SELL,197,10,1970,66632,30
11/2/2022,NICA,SELL,693.6,10,6936,73568,10
11/2/2022,DHPL,SELL,183.1,10,1831,75399,30
11/3/2022,DHPL,SELL,180,10,1800,77199,20
11/3/2022,KSBBL,BUY,311,10,3110,74089,10
11/3/2022,AHPC,SELL,275,10,2750,76839,0
11/3/2022,BARUN,SELL,217,10,2170,79009,40
11/3/2022,CZBIL,BUY,189,10,1890,77119,30
11/3/2022,JOSHI,SELL,193.8,10,1938,79057,20
11/3/2022,HPPL,BUY,274,10,2740,76317,60
11/3/2022,NICA,SELL,684,10,6840,83157,0
11/3/2022,AKJCL,SELL,176,10,1760,84917,20
11/6/2022,BARUN,SELL,223.5,10,2235,87152,30
11/6/2022,AKJCL,SELL,184,10,1840,88992,10
11/6/2022,HPPL,SELL,292,10,2920,91912,50
11/6/2022,DHPL,SELL,186.1,10,1861,93773,10
11/6/2022,JOSHI,SELL,202,10,2020,95793,10
11/6/2022,KSBBL,SELL,321,10,3210,99003,0
11/7/2022,HPPL,BUY,283,10,2830,96173,60
11/7/2022,DHPL,SELL,181.6,10,1816,97989,0
11/7/2022,AKJCL,SELL,181,10,1810,99799,0
11/7/2022,BARUN,SELL,218.7,10,2187,101986,20
11/7/2022,CZBIL,SELL,188,10,1880,103866,20
11/7/2022,JOSHI,SELL,198,10,1980,105846,0
11/8/2022,KSBBL,BUY,312.1,10,3121,102725,10
11/8/2022,BARUN,SELL,215,10,2150,104875,10
11/8/2022,CZBIL,SELL,188,10,1880,106755,10
11/8/2022,HPPL,SELL,289,10,2890,109645,50
11/9/2022,CZBIL,BUY,186.2,10,1862,107783,20
11/9/2022,ICFC,BUY,440.1,10,4401,103382,10
11/9/2022,PROFL,BUY,265,10,2650,100732,10
11/9/2022,KSBBL,BUY,303.8,10,3038,97694,20
11/9/2022,NHPC,BUY,196.4,10,1964,95730,10
11/9/2022,EBL,BUY,525,10,5250,90480,10
11/9/2022,LBBL,BUY,353,10,3530,86950,10
11/9/2022,BARUN,BUY,209,10,2090,84860,20
11/9/2022,JOSHI,BUY,185.5,10,1855,83005,10
11/9/2022,EDBL,BUY,301,10,3010,79995,10
11/9/2022,AHPC,BUY,265.5,10,2655,77340,10
11/9/2022,DHPL,BUY,174,10,1740,75600,10
11/9/2022,HPPL,BUY,270.2,10,2702,72898,60
11/9/2022,MLBL,BUY,347,10,3470,69428,10
11/9/2022,AKJCL,BUY,172,10,1720,67708,10
11/9/2022,NMB,BUY,241,10,2410,65298,10
11/9/2022,SANIMA,BUY,257,10,2570,62728,10
11/9/2022,JBBL,BUY,277.9,10,2779,59949,10
11/9/2022,ADBL,BUY,316.5,10,3165,56784,10
11/9/2022,PCBL,BUY,229.8,10,2298,54486,10
11/10/2022,CIT,BUY,1849.1,10,18491,35995,10
11/10/2022,SANIMA,BUY,255,10,2550,33445,20
11/10/2022,ICFC,BUY,426,10,4260,29185,20
11/10/2022,PROFL,BUY,263,10,2630,26555,20
11/10/2022,DHPL,BUY,172.5,10,1725,24830,20
11/10/2022,KSBBL,BUY,300,10,3000,21830,30
11/10/2022,NABIL,BUY,815,10,8150,13680,10
11/10/2022,EBL,BUY,522.9,10,5229,8451,20
11/10/2022,HURJA,BUY,209,10,2090,6361,10
11/10/2022,PCBL,BUY,229,10,2290,4071,20
11/10/2022,HPPL,BUY,275,10,2750,1321,70
11/16/2022,JBBL,SELL,281,10,2810,4131,0
11/16/2022,EBL,SELL,527,10,5270,9401,10
11/16/2022,PROFL,BUY,266,10,2660,6741,30
11/16/2022,KSBBL,BUY,307,10,3070,3671,40
11/16/2022,DHPL,BUY,172,10,1720,1951,30
11/16/2022,AKJCL,BUY,174,10,1740,211,20
11/16/2022,SANIMA,SELL,262,10,2620,2831,10
11/17/2022,JOSHI,SELL,189.7,10,1897,4728,0
11/17/2022,CZBIL,SELL,186.8,10,1868,6596,10
11/17/2022,PCBL,SELL,231.8,10,2318,8914,10
11/17/2022,BARUN,SELL,217.3,10,2173,11087,10
11/17/2022,HURJA,BUY,209.5,10,2095,8992,20
11/17/2022,AHPC,SELL,278.7,10,2787,11779,0
11/17/2022,EDBL,BUY,307.8,10,3078,8701,20
11/17/2022,DHPL,SELL,178.3,10,1783,10484,20
11/17/2022,ADBL,SELL,319.5,10,3195,13679,0
11/17/2022,KSBBL,SELL,312,10,3120,16799,30
11/17/2022,PROFL,SELL,279,10,2790,19589,20
11/17/2022,CIT,SELL,1885,10,18850,38439,0
11/17/2022,HPPL,BUY,269,10,2690,35749,80
11/17/2022,LBBL,SELL,356,10,3560,39309,0
11/17/2022,ICFC,SELL,451,10,4510,43819,10
11/17/2022,NABIL,SELL,827.3,10,8273,52092,0
11/17/2022,NHPC,SELL,204,10,2040,54132,0
11/17/2022,SANIMA,SELL,264.7,10,2647,56779,0
11/17/2022,AKJCL,SELL,178,10,1780,58559,10
11/17/2022,EBL,SELL,534,10,5340,63899,0
11/17/2022,NMB,BUY,240,10,2400,61499,20
11/17/2022,LICN,BUY,1310,10,13100,48399,10
11/17/2022,MLBL,SELL,353.5,10,3535,51934,0
11/22/2022,DHPL,SELL,176.1,10,1761,53695,10
11/22/2022,NMB,SELL,241,10,2410,56105,10
11/22/2022,CZBIL,SELL,187,10,1870,57975,0
11/22/2022,ICFC,SELL,447.9,10,4479,62454,0
11/22/2022,AKJCL,SELL,176,10,1760,64214,0
11/22/2022,HPPL,BUY,264,10,2640,61574,90
11/22/2022,JOSHI,BUY,184.9,10,1849,59725,10
11/22/2022,KSBBL,SELL,308,10,3080,62805,20
11/22/2022,EDBL,BUY,307,10,3070,59735,30
11/22/2022,LBBL,BUY,343.1,10,3431,56304,10
11/22/2022,PROFL,SELL,284,10,2840,59144,10
11/22/2022,MEGA,BUY,223,10,2230,56914,20
11/22/2022,BARUN,SELL,217.2,10,2172,59086,0
11/22/2022,MFIL,BUY,422,10,4220,54866,10
11/22/2022,PCBL,BUY,230,10,2300,52566,20
11/22/2022,LICN,BUY,1304.9,10,13049,39517,20
11/22/2022,HURJA,SELL,211,10,2110,41627,10
11/23/2022,HURJA,SELL,209.9,10,2099,43726,0
11/23/2022,CZBIL,BUY,184.2,10,1842,41884,10
11/23/2022,PROFL,SELL,283,10,2830,44714,0
11/23/2022,DHPL,SELL,177.9,10,1779,46493,0
11/23/2022,LICN,SELL,1322,10,13220,59713,10
11/23/2022,EDBL,BUY,303.4,10,3034,56679,40
11/23/2022,HPPL,BUY,256,10,2560,54119,100
11/23/2022,MEGA,BUY,220,10,2200,51919,30
11/23/2022,NMB,SELL,243,10,2430,54349,0
11/23/2022,JOSHI,SELL,192,10,1920,56269,0
11/23/2022,MLBL,BUY,345,10,3450,52819,10
11/23/2022,PCBL,SELL,230,10,2300,55119,10
11/23/2022,KSBBL,SELL,307.5,10,3075,58194,10
11/23/2022,MFIL,BUY,421,10,4210,53984,20
11/23/2022,LBBL,BUY,340,10,3400,50584,20
11/24/2022,MLBL,SELL,347,10,3470,54054,0
11/24/2022,KSBBL,SELL,315,10,3150,57204,0
11/24/2022,CZBIL,SELL,186.7,10,1867,59071,0
11/24/2022,MEGA,BUY,219,10,2190,56881,40
11/24/2022,EDBL,SELL,308.9,10,3089,59970,30
11/24/2022,HPPL,BUY,262,10,2620,57350,110
11/24/2022,PCBL,SELL,232,10,2320,59670,0
11/24/2022,LBBL,BUY,337,10,3370,56300,30
11/24/2022,MFIL,SELL,430,10,4300,60600,10
11/24/2022,LICN,SELL,1335,10,13350,73950,0
11/27/2022,LBBL,BUY,341.8,10,3418,70532,40
11/27/2022,MEGA,BUY,217.5,10,2175,68357,50
11/27/2022,EDBL,SELL,309.8,10,3098,71455,20
11/27/2022,MFIL,SELL,445,10,4450,75905,0
11/27/2022,HPPL,SELL,264.3,10,2643,78548,100
11/28/2022,MEGA,BUY,216,10,2160,76388,60
11/28/2022,EDBL,SELL,309,10,3090,79478,10
11/28/2022,BARUN,BUY,212,10,2120,77358,10
11/28/2022,LBBL,BUY,339,10,3390,73968,50
11/28/2022,PCBL,BUY,228.5,10,2285,71683,10
11/28/2022,HPPL,BUY,261,10,2610,69073,110
11/28/2022,ADBL,BUY,312.1,10,3121,65952,10
11/29/2022,EBL,BUY,471,10,4710,61242,10
11/29/2022,PCBL,BUY,228.8,10,2288,58954,20
11/29/2022,ADBL,BUY,314.3,10,3143,55811,20
11/29/2022,BARUN,BUY,211.9,10,2119,53692,20
11/29/2022,HPPL,BUY,258.1,10,2581,51111,120
11/29/2022,MEGA,BUY,216,10,2160,48951,70
11/29/2022,LBBL,BUY,342.4,10,3424,45527,60
11/29/2022,CZBIL,BUY,184.9,10,1849,43678,10
11/29/2022,EDBL,SELL,308.5,10,3085,46763,0
11/30/2022,HPPL,BUY,256.2,10,2562,44201,130
11/30/2022,BARUN,SELL,216.2,10,2162,46363,10
11/30/2022,MEGA,BUY,212.8,10,2128,44235,80
11/30/2022,CZBIL,BUY,184,10,1840,42395,20
11/30/2022,PCBL,BUY,227.7,10,2277,40118,30
11/30/2022,LBBL,BUY,337,10,3370,36748,70
11/30/2022,ADBL,SELL,317,10,3170,39918,10
11/30/2022,EBL,BUY,467,10,4670,35248,20
12/1/2022,CZBIL,BUY,184.4,10,1844,33404,30
12/1/2022,PCBL,BUY,228,10,2280,31124,40
12/1/2022,LBBL,BUY,336.1,10,3361,27763,80
12/1/2022,MEGA,BUY,215,10,2150,25613,90
12/1/2022,KSBBL,BUY,312,10,3120,22493,10
12/1/2022,EBL,BUY,470.8,10,4708,17785,30
12/1/2022,HPPL,BUY,259,10,2590,15195,140
12/1/2022,ICFC,BUY,445,10,4450,10745,10
12/1/2022,ADBL,SELL,318,10,3180,13925,0
12/1/2022,BARUN,BUY,214,10,2140,11785,20
12/1/2022,AHPC,BUY,275,10,2750,9035,10
12/4/2022,MEGA,BUY,216,10,2160,6875,100
12/4/2022,JOSHI,BUY,190,10,1900,4975,10
12/4/2022,KKHC,BUY,188.1,10,1881,3094,10
12/4/2022,HURJA,BUY,211,10,2110,984,10
12/4/2022,AHPC,SELL,277.1,10,2771,3755,0
12/4/2022,LBBL,BUY,336.5,10,3365,390,90
12/13/2022,JOSHI,SELL,188.7,10,1887,2277,0
12/13/2022,PCBL,BUY,224.8,10,2248,29,50
12/21/2022,KKHC,SELL,178.8,10,1788,1817,0
12/21/2022,DHPL,BUY,171.8,10,1718,99,10
12/22/2022,HURJA,SELL,200,10,2000,2099,0
12/22/2022,DHPL,BUY,169,10,1690,409,20
12/26/2022,RLI,SELL,330,10,3300,3709,0
12/26/2022,BARUN,SELL,202,10,2020,5729,10
12/26/2022,CZBIL,SELL,181,10,1810,7539,20
12/26/2022,KSBBL,SELL,308,10,3080,10619,0
12/26/2022,ICFC,SELL,433,10,4330,14949,0
12/26/2022,HPPL,SELL,239.6,10,2396,17345,130
12/26/2022,MLBL,BUY,318,10,3180,14165,10
12/26/2022,PCBL,BUY,218,10,2180,11985,60
12/26/2022,DHPL,SELL,182,10,1820,13805,10
12/26/2022,EBL,SELL,449,10,4490,18295,20
12/26/2022,LBBL,SELL,338.4,10,3384,21679,80
12/26/2022,MEGA,SELL,196.5,10,1965,23644,90
12/27/2022,BARUN,SELL,216.8,10,2168,25812,0
12/27/2022,MLBL,SELL,332,10,3320,29132,0
12/27/2022,LBBL,SELL,347,10,3470,32602,70
12/27/2022,PCBL,SELL,226.9,10,2269,34871,50
12/27/2022,EBL,SELL,476.9,10,4769,39640,10
12/27/2022,HPPL,SELL,260,10,2600,42240,120
12/27/2022,CZBIL,SELL,187,10,1870,44110,10
12/27/2022,MEGA,SELL,204.6,10,2046,46156,80
12/27/2022,DHPL,SELL,195,10,1950,48106,0
12/28/2022,PCBL,SELL,228.9,10,2289,50395,40
12/28/2022,LBBL,SELL,333,10,3330,53725,60
12/28/2022,CZBIL,SELL,186,10,1860,55585,0
12/28/2022,EBL,SELL,471,10,4710,60295,0
12/28/2022,HPPL,SELL,259,10,2590,62885,110
12/28/2022,MEGA,SELL,203.1,10,2031,64916,70
12/29/2022,HPPL,SELL,271.9,10,2719,67635,100
12/29/2022,LBBL,SELL,345.3,10,3453,71088,50
12/29/2022,PCBL,SELL,223.1,10,2231,73319,30
12/29/2022,MEGA,SELL,204.8,10,2048,75367,60
1/1/2023,MEGA,SELL,205,10,2050,77417,50
1/1/2023,PCBL,SELL,223.4,10,2234,79651,20
1/1/2023,HPPL,SELL,279.9,10,2799,82450,90
1/1/2023,LBBL,SELL,337.5,10,3375,85825,40
1/2/2023,HPPL,SELL,287.9,10,2879,88704,80
1/2/2023,PCBL,SELL,222.8,10,2228,90932,10
1/2/2023,LBBL,SELL,342,10,3420,94352,30
1/2/2023,MEGA,SELL,205,10,2050,96402,40
1/2/2023,NABIL,BUY,739,10,7390,89012,10
1/3/2023,LBBL,SELL,338.4,10,3384,92396,20
1/3/2023,NABIL,BUY,736,10,7360,85036,20
1/3/2023,HPPL,SELL,283,10,2830,87866,70
1/3/2023,PCBL,SELL,221,10,2210,90076,0
1/3/2023,MEGA,SELL,207,10,2070,92146,30
1/4/2023,MEGA,SELL,206.9,10,2069,94215,20
1/4/2023,NABIL,BUY,736.9,10,7369,86846,30
1/4/2023,LBBL,SELL,356,10,3560,90406,10
1/4/2023,HPPL,SELL,296,10,2960,93366,60
1/5/2023,MEGA,SELL,205.9,10,2059,95425,10
1/5/2023,PCBL,BUY,219,10,2190,93235,10
1/5/2023,LBBL,SELL,360,10,3600,96835,0
1/5/2023,HPPL,SELL,295.1,10,2951,99786,50
1/5/2023,NABIL,BUY,727,10,7270,92516,40
1/8/2023,NABIL,BUY,719.1,10,7191,85325,50
1/8/2023,HPPL,SELL,305.9,10,3059,88384,40
1/8/2023,MEGA,SELL,206.9,10,2069,90453,0
1/8/2023,PCBL,BUY,219,10,2190,88263,20
1/9/2023,NABIL,BUY,719,10,7190,81073,60
1/9/2023,HPPL,SELL,336,10,3360,84433,30
1/9/2023,PCBL,SELL,229,10,2290,86723,10
1/10/2023,PCBL,SELL,233,10,2330,89053,0
1/10/2023,NABIL,BUY,719.2,10,7192,81861,70
1/10/2023,HPPL,SELL,327.9,10,3279,85140,20
1/12/2023,ADBL,BUY,330.2,10,3302,81838,10
1/12/2023,LICN,BUY,1558.4,10,15584,66254,10
1/12/2023,NABIL,BUY,714,10,7140,59114,80
1/12/2023,MLBL,BUY,350,10,3500,55614,10
1/12/2023,HPPL,SELL,312,10,3120,58734,10
1/12/2023,MFIL,BUY,453,10,4530,54204,10
1/17/2023,NABIL,BUY,711,10,7110,47094,90
1/17/2023,ADBL,BUY,328,10,3280,43814,20
1/17/2023,MFIL,SELL,467,10,4670,48484,0
1/17/2023,HPPL,SELL,324,10,3240,51724,0
1/17/2023,LICN,BUY,1563,10,15630,36094,20
1/17/2023,MLBL,SELL,359,10,3590,39684,0
1/18/2023,EBL,BUY,510,10,5100,34584,10
1/18/2023,NMB,BUY,242,10,2420,32164,10
1/18/2023,ADBL,BUY,324,10,3240,28924,30
1/18/2023,NABIL,BUY,703.9,10,7039,21885,100
1/18/2023,LICN,BUY,1551,10,15510,6375,30
1/18/2023,RLI,BUY,445,10,4450,1925,10
1/19/2023,EBL,SELL,518,10,5180,7105,0
1/19/2023,RLI,BUY,446,10,4460,2645,20
1/23/2023,CZBIL,BUY,201,10,2010,635,10
1/23/2023,NMB,SELL,245.7,10,2457,3092,0
1/24/2023,CZBIL,BUY,201.2,10,2012,1080,20
1/26/2023,RLI,SELL,453,10,4530,5610,10
1/26/2023,PCBL,BUY,223.8,10,2238,3372,10
1/26/2023,JBBL,BUY,310,10,3100,272,10
1/29/2023,RLI,SELL,457.8,10,4578,4850,0
1/29/2023,JBBL,BUY,304.2,10,3042,1808,20
2/7/2023,JBBL,SELL,314,10,3140,4948,10
2/7/2023,PCBL,SELL,219.7,10,2197,7145,0
2/7/2023,LICN,SELL,1529,10,15290,22435,20
2/7/2023,ADBL,SELL,304.4,10,3044,25479,20
2/7/2023,CZBIL,SELL,195.1,10,1951,27430,10
2/8/2023,CZBIL,SELL,196,10,1960,29390,0
2/8/2023,JBBL,SELL,311,10,3110,32500,0
2/8/2023,PCBL,BUY,217,10,2170,30330,10
2/8/2023,NABIL,BUY,688,10,6880,23450,110
2/8/2023,AHPC,BUY,316,10,3160,20290,10
2/8/2023,ADBL,SELL,307,10,3070,23360,10
2/8/2023,LICN,SELL,1524.9,10,15249,38609,10
2/9/2023,ADBL,SELL,308,10,3080,41689,0
2/9/2023,AHPC,SELL,320,10,3200,44889,0
2/9/2023,LICN,SELL,1525,10,15250,60139,0
2/9/2023,PCBL,BUY,215.9,10,2159,57980,20
2/9/2023,NABIL,SELL,693,10,6930,64910,100
2/12/2023,PCBL,BUY,213,10,2130,62780,30
2/12/2023,RLI,BUY,419,10,4190,58590,10
2/12/2023,MFIL,BUY,461,10,4610,53980,10
2/12/2023,KSBBL,BUY,326,10,3260,50720,10
2/12/2023,NICA,BUY,820.9,10,8209,42511,10
2/12/2023,AHPC,BUY,303,10,3030,39481,10
2/12/2023,NHPC,BUY,252.2,10,2522,36959,10
2/12/2023,LICN,BUY,1489,10,14890,22069,10
2/12/2023,HURJA,BUY,384,10,3840,18229,10
2/12/2023,MLBL,BUY,337,10,3370,14859,10
2/12/2023,NMB,BUY,238,10,2380,12479,10
2/12/2023,DHPL,BUY,237,10,2370,10109,10
2/12/2023,ADBL,BUY,300.2,10,3002,7107,10
2/12/2023,NABIL,BUY,683,10,6830,277,110
2/15/2023,AHPC,SELL,311,10,3110,3387,0
2/15/2023,MLBL,BUY,331,10,3310,77,20
2/22/2023,NMB,SELL,244.4,10,2444,2521,0
2/22/2023,NHPC,SELL,257,10,2570,5091,0
2/22/2023,MLBL,BUY,331,10,3310,1781,30
2/22/2023,KSBBL,SELL,329,10,3290,5071,0
2/22/2023,LBBL,BUY,347.3,10,3473,1598,10
2/22/2023,DHPL,SELL,241,10,2410,4008,0
2/22/2023,PCBL,BUY,212,10,2120,1888,40
2/23/2023,CZBIL,BUY,188,10,1880,8,10
3/7/2023,ADBL,SELL,291,10,2910,2918,0
3/7/2023,AKJCL,BUY,221,10,2210,708,10
3/9/2023,HURJA,SELL,376.3,10,3763,4471,0
3/9/2023,PCBL,BUY,204,10,2040,2431,50
3/9/2023,AKJCL,SELL,231.9,10,2319,4750,0
3/9/2023,DHPL,BUY,230.1,10,2301,2449,10
3/9/2023,LICN,SELL,1418,10,14180,16629,0
3/9/2023,NICA,SELL,808,10,8080,24709,0
3/9/2023,CZBIL,SELL,189,10,1890,26599,0
3/9/2023,MFIL,BUY,446.2,10,4462,22137,20
3/9/2023,LBBL,SELL,350,10,3500,25637,0
3/9/2023,MLBL,SELL,322.9,10,3229,28866,20
3/9/2023,RLI,SELL,413,10,4130,32996,0
3/12/2023,PCBL,BUY,203.9,10,2039,30957,60
3/12/2023,MFIL,BUY,443.1,10,4431,26526,30
3/12/2023,KSBBL,BUY,315,10,3150,23376,10
3/12/2023,NABIL,BUY,636.9,10,6369,17007,120
3/12/2023,MLBL,BUY,317.1,10,3171,13836,30
3/12/2023,ICFC,BUY,434.8,10,4348,9488,10
3/12/2023,HPPL,BUY,304.9,10,3049,6439,10
3/12/2023,DHPL,SELL,229.9,10,2299,8738,0
3/12/2023,CZBIL,BUY,184,10,1840,6898,10
3/12/2023,HURJA,BUY,368,10,3680,3218,10
3/12/2023,NMB,BUY,224,10,2240,978,10
3/14/2023,MFIL,SELL,452,10,4520,5498,20
3/14/2023,RLI,BUY,395,10,3950,1548,10
3/15/2023,MFIL,SELL,444.9,10,4449,5997,10
3/15/2023,EDBL,BUY,322,10,3220,2777,10
3/15/2023,NHPC,BUY,242.2,10,2422,355,10
3/16/2023,PCBL,SELL,203.3,10,2033,2388,50
3/16/2023,NHPC,SELL,244.9,10,2449,4837,0
3/16/2023,ICFC,BUY,428,10,4280,557,20
3/19/2023,HURJA,SELL,363,10,3630,4187,0
3/19/2023,KSBBL,BUY,313.1,10,3131,1056,20
3/19/2023,MFIL,SELL,444.8,10,4448,5504,0
3/19/2023,RLI,BUY,393.1,10,3931,1573,20
3/20/2023,HPPL,SELL,312,10,3120,4693,0
3/20/2023,EDBL,BUY,322,10,3220,1473,20
3/20/2023,MLBL,SELL,316,10,3160,4633,20
3/20/2023,KSBBL,SELL,316,10,3160,7793,10
3/20/2023,NICA,BUY,738,10,7380,413,10
3/20/2023,ICFC,SELL,433,10,4330,4743,10
3/20/2023,ADBL,BUY,258,10,2580,2163,10
3/20/2023,PCBL,BUY,202.6,10,2026,137,60
3/23/2023,NMB,SELL,229.9,10,2299,2436,0
3/23/2023,CZBIL,BUY,180,10,1800,636,20
3/27/2023,KSBBL,SELL,313,10,3130,3766,0
3/27/2023,PCBL,BUY,199,10,1990,1776,70
3/27/2023,MLBL,SELL,315,10,3150,4926,10
3/27/2023,ADBL,BUY,244.9,10,2449,2477,20
3/27/2023,DHPL,BUY,225.9,10,2259,218,10
3/28/2023,DHPL,SELL,228.9,10,2289,2507,0
3/28/2023,CZBIL,SELL,180,10,1800,4307,10
3/28/2023,MLBL,SELL,316,10,3160,7467,0
3/28/2023,NMB,BUY,223,10,2230,5237,10
3/28/2023,HPPL,BUY,300,10,3000,2237,10
3/28/2023,PCBL,BUY,199.3,10,1993,244,80
3/29/2023,NMB,SELL,223.8,10,2238,2482,0
3/29/2023,ADBL,BUY,246,10,2460,22,30
3/29/2023,NABIL,SELL,609,10,6090,6112,110
3/29/2023,AKJCL,BUY,226,10,2260,3852,10
3/29/2023,PCBL,BUY,197.1,10,1971,1881,90
3/30/2023,CZBIL,BUY,178.9,10,1789,92,20
4/4/2023,NICA,SELL,696.6,10,6966,7058,0
4/4/2023,PROFL,BUY,311,10,3110,3948,10
4/4/2023,DHPL,BUY,213.5,10,2135,1813,10
4/4/2023,CZBIL,BUY,172.8,10,1728,85,30
4/11/2023,CZBIL,SELL,174,10,1740,1825,20
4/11/2023,AKJCL,SELL,218.6,10,2186,4011,0
4/11/2023,LBBL,BUY,315,10,3150,861,10
4/12/2023,PCBL,SELL,204.5,10,2045,2906,80
4/12/2023,DHPL,SELL,227,10,2270,5176,0
4/12/2023,EDBL,SELL,307,10,3070,8246,10
4/12/2023,HPPL,SELL,306.9,10,3069,11315,0
4/12/2023,CZBIL,SELL,184,10,1840,13155,10
4/12/2023,PROFL,SELL,328,10,3280,16435,0
4/12/2023,NABIL,SELL,629,10,6290,22725,100
4/12/2023,ADBL,SELL,251,10,2510,25235,20
4/12/2023,LBBL,SELL,334,10,3340,28575,0
4/12/2023,ICFC,SELL,438,10,4380,32955,0
4/13/2023,EDBL,BUY,293.2,10,2932,30023,20
4/13/2023,NABIL,SELL,618.9,10,6189,36212,90
4/13/2023,PCBL,SELL,202.8,10,2028,38240,70
4/13/2023,ADBL,SELL,246,10,2460,40700,10
4/13/2023,CZBIL,SELL,182,10,1820,42520,0
4/16/2023,PCBL,SELL,200,10,2000,44520,60
4/16/2023,EDBL,BUY,293,10,2930,41590,30
4/16/2023,NABIL,SELL,617,10,6170,47760,80
4/16/2023,ADBL,SELL,247.5,10,2475,50235,0
4/17/2023,NABIL,SELL,616,10,6160,56395,70
4/17/2023,LICN,BUY,1292,10,12920,43475,10
4/17/2023,NHPC,BUY,233,10,2330,41145,10
4/17/2023,PCBL,SELL,197.9,10,1979,43124,50
4/17/2023,BARUN,BUY,256,10,2560,40564,10
4/17/2023,DHPL,BUY,212,10,2120,38444,10
4/17/2023,EDBL,BUY,288.2,10,2882,35562,40
4/17/2023,AKJCL,BUY,218.5,10,2185,33377,10
4/18/2023,ICFC,BUY,412,10,4120,29257,10
4/18/2023,MLBL,BUY,309.5,10,3095,26162,10
4/18/2023,KSBBL,BUY,301,10,3010,23152,10
4/18/2023,SANIMA,BUY,238.2,10,2382,20770,10
4/18/2023,HPPL,BUY,285.1,10,2851,17919,10
4/18/2023,BARUN,SELL,257,10,2570,20489,0
4/18/2023,AKJCL,BUY,216,10,2160,18329,20
4/18/2023,LICN,BUY,1285,10,12850,5479,20
4/18/2023,JBBL,BUY,266,10,2660,2819,10
4/18/2023,EDBL,SELL,292,10,2920,5739,30
4/18/2023,ADBL,BUY,240,10,2400,3339,10
4/18/2023,PCBL,SELL,197.2,10,1972,5311,40
4/18/2023,NHPC,BUY,231,10,2310,3001,20
4/18/2023,NABIL,SELL,616,10,6160,9161,60
4/18/2023,DHPL,BUY,212.9,10,2129,7032,20
4/19/2023,BARUN,BUY,255,10,2550,4482,10
4/19/2023,KSBBL,SELL,305,10,3050,7532,0
4/19/2023,MLBL,SELL,312,10,3120,10652,0
4/19/2023,HPPL,SELL,292.7,10,2927,13579,0
4/19/2023,ADBL,BUY,239,10,2390,11189,20
4/19/2023,NHPC,SELL,235.5,10,2355,13544,10
4/19/2023,PCBL,SELL,198.1,10,1981,15525,30
4/19/2023,NABIL,SELL,620,10,6200,21725,50
4/19/2023,ICFC,SELL,419.5,10,4195,25920,0
4/19/2023,AKJCL,SELL,221.7,10,2217,28137,10
4/19/2023,LICN,BUY,1299.7,10,12997,15140,30
4/19/2023,JBBL,SELL,271,10,2710,17850,0
4/19/2023,EDBL,SELL,295,10,2950,20800,20
4/19/2023,DHPL,SELL,216,10,2160,22960,10
4/19/2023,SANIMA,SELL,247.4,10,2474,25434,0
4/20/2023,AKJCL,SELL,223,10,2230,27664,0
4/20/2023,ADBL,BUY,239,10,2390,25274,30
4/20/2023,MFIL,BUY,436,10,4360,20914,10
4/20/2023,DHPL,BUY,213,10,2130,18784,20
4/20/2023,KKHC,BUY,233,10,2330,16454,10
4/20/2023,LICN,SELL,1301,10,13010,29464,20
4/20/2023,MLBL,BUY,303,10,3030,26434,10
4/20/2023,ICFC,BUY,414,10,4140,22294,10
4/20/2023,HURJA,BUY,305.2,10,3052,19242,10
4/20/2023,KSBBL,BUY,301,10,3010,16232,10
4/20/2023,NABIL,SELL,620,10,6200,22432,40
4/20/2023,JBBL,BUY,266,10,2660,19772,10
4/20/2023,NHPC,BUY,231.1,10,2311,17461,20
4/20/2023,PCBL,BUY,196.9,10,1969,15492,40
4/20/2023,EDBL,BUY,289.9,10,2899,12593,30
4/20/2023,HPPL,BUY,283.5,10,2835,9758,10
4/20/2023,BARUN,BUY,252,10,2520,7238,20
4/23/2023,CZBIL,BUY,174.3,10,1743,5495,10
4/23/2023,NHPC,BUY,225.9,10,2259,3236,30
4/23/2023,PCBL,BUY,193.9,10,1939,1297,50
4/25/2023,KSBBL,SELL,306,10,3060,4357,0
4/25/2023,JOSHI,BUY,278,10,2780,1577,10
4/25/2023,PCBL,SELL,200,10,2000,3577,40
4/25/2023,HPPL,BUY,285.5,10,2855,722,20
4/25/2023,DHPL,SELL,217.9,10,2179,2901,10
4/25/2023,NHPC,BUY,230.8,10,2308,593,40
4/26/2023,JOSHI,SELL,279,10,2790,3383,0
4/26/2023,SANIMA,BUY,242.8,10,2428,955,10
4/26/2023,DHPL,SELL,216,10,2160,3115,0
4/26/2023,ADBL,BUY,235.5,10,2355,760,40
4/27/2023,SANIMA,SELL,244,10,2440,3200,0
4/27/2023,LICN,SELL,1299,10,12990,16190,10
4/27/2023,HURJA,BUY,299,10,2990,13200,20
4/27/2023,ADBL,BUY,234.4,10,2344,10856,50
4/27/2023,HPPL,BUY,280.1,10,2801,8055,30
4/27/2023,PROFL,BUY,304.7,10,3047,5008,10
4/27/2023,BARUN,BUY,248,10,2480,2528,30
4/27/2023,PCBL,SELL,197.9,10,1979,4507,30
4/27/2023,KSBBL,BUY,300.8,10,3008,1499,10
5/2/2023,MFIL,SELL,438,10,4380,5879,0
5/2/2023,KKHC,BUY,221,10,2210,3669,20
5/2/2023,AHPC,BUY,286.7,10,2867,802,10
5/4/2023,HPPL,SELL,278.7,10,2787,3589,20
5/4/2023,JBBL,BUY,258,10,2580,1009,20
5/4/2023,ICFC,SELL,412.9,10,4129,5138,0
5/4/2023,MLBL,SELL,302,10,3020,8158,0
5/4/2023,DHPL,BUY,212,10,2120,6038,10
5/4/2023,NABIL,BUY,598.9,10,5989,49,50
5/9/2023,KSBBL,SELL,296.8,10,2968,3017,0
5/9/2023,DHPL,BUY,201.1,10,2011,1006,20
5/11/2023,LICN,SELL,1275,10,12750,13756,0
5/11/2023,EDBL,BUY,277,10,2770,10986,40
5/11/2023,MLBL,BUY,296.7,10,2967,8019,10
5/11/2023,JOSHI,BUY,255.5,10,2555,5464,10
5/11/2023,LBBL,BUY,327.4,10,3274,2190,10
5/11/2023,AKJCL,BUY,201,10,2010,180,10
5/11/2023,ADBL,SELL,239,10,2390,2570,40
5/11/2023,PCBL,BUY,193,10,1930,640,40
5/15/2023,LBBL,SELL,329.3,10,3293,3933,0
5/15/2023,MLBL,BUY,295,10,2950,983,20
5/17/2023,CZBIL,SELL,171.5,10,1715,2698,0
5/17/2023,PROFL,SELL,295,10,2950,5648,0
5/17/2023,HURJA,SELL,256,10,2560,8208,10
5/17/2023,JBBL,SELL,259.9,10,2599,10807,10
5/17/2023,ADBL,BUY,229,10,2290,8517,50
5/17/2023,DHPL,SELL,204.9,10,2049,10566,10
5/17/2023,JOSHI,SELL,263,10,2630,13196,0
5/17/2023,NHPC,SELL,208.9,10,2089,15285,30
5/17/2023,PCBL,BUY,192,10,1920,13365,50
5/17/2023,BARUN,BUY,234,10,2340,11025,40
5/17/2023,KKHC,SELL,215,10,2150,13175,10
5/17/2023,MLBL,SELL,301,10,3010,16185,10
5/17/2023,AKJCL,SELL,205.9,10,2059,18244,0
5/17/2023,SANIMA,BUY,239.9,10,2399,15845,10
5/17/2023,NABIL,BUY,590,10,5900,9945,60
5/17/2023,AHPC,SELL,279.1,10,2791,12736,0
5/17/2023,EDBL,SELL,280,10,2800,15536,30
5/17/2023,HPPL,BUY,269,10,2690,12846,30
5/17/2023,EBL,BUY,528,10,5280,7566,10
5/17/2023,KSBBL,BUY,286,10,2860,4706,10
5/18/2023,NABIL,SELL,590,10,5900,10606,50
5/18/2023,HURJA,SELL,281.6,10,2816,13422,0
5/18/2023,BARUN,SELL,238,10,2380,15802,30
5/18/2023,ADBL,SELL,231,10,2310,18112,40
5/18/2023,DHPL,SELL,205,10,2050,20162,0
5/18/2023,EDBL,SELL,288.5,10,2885,23047,20
5/18/2023,EBL,SELL,546.7,10,5467,28514,0
5/18/2023,HPPL,SELL,281,10,2810,31324,20
5/18/2023,SANIMA,SELL,241,10,2410,33734,0
5/18/2023,MLBL,SELL,310,10,3100,36834,0
5/18/2023,NMB,BUY,234,10,2340,34494,10
5/18/2023,KKHC,SELL,223,10,2230,36724,0
5/18/2023,KSBBL,SELL,290,10,2900,39624,0
5/18/2023,JBBL,SELL,267,10,2670,42294,0
5/18/2023,PCBL,SELL,194.5,10,1945,44239,40
5/18/2023,NHPC,SELL,215,10,2150,46389,20
5/21/2023,NHPC,SELL,212,10,2120,48509,10
5/21/2023,HPPL,SELL,278,10,2780,51289,10
5/21/2023,EDBL,SELL,289,10,2890,54179,10
5/21/2023,NABIL,SELL,595.1,10,5951,60130,40
5/21/2023,PCBL,SELL,194.2,10,1942,62072,30
5/21/2023,BARUN,SELL,241,10,2410,64482,20
5/21/2023,ADBL,BUY,230,10,2300,62182,50
5/21/2023,NMB,BUY,233.8,10,2338,59844,20
5/22/2023,HPPL,SELL,285.9,10,2859,62703,0
5/22/2023,EDBL,SELL,287.2,10,2872,65575,0
5/22/2023,NMB,BUY,231.7,10,2317,63258,30
5/22/2023,NHPC,SELL,214,10,2140,65398,0
5/22/2023,BARUN,SELL,240,10,2400,67798,10
5/22/2023,ADBL,BUY,230,10,2300,65498,60
5/22/2023,NABIL,SELL,599,10,5990,71488,30
5/22/2023,PCBL,SELL,193.5,10,1935,73423,20
5/23/2023,NABIL,SELL,605.5,10,6055,79478,20
5/23/2023,NMB,SELL,236,10,2360,81838,20
5/23/2023,PCBL,SELL,196.9,10,1969,83807,10
5/23/2023,BARUN,SELL,247,10,2470,86277,0
5/23/2023,ADBL,SELL,233.1,10,2331,88608,50
5/24/2023,NMB,SELL,235.5,10,2355,90963,10
5/24/2023,PCBL,SELL,197.7,10,1977,92940,0
5/24/2023,NABIL,SELL,606,10,6060,99000,10
5/24/2023,ADBL,SELL,234,10,2340,101340,40
5/28/2023,ADBL,SELL,232,10,2320,103660,30
5/28/2023,NABIL,SELL,601,10,6010,109670,0
5/28/2023,NMB,BUY,234.2,10,2342,107328,20
5/30/2023,ICFC,BUY,407,10,4070,103258,10
5/30/2023,KKHC,BUY,211.5,10,2115,101143,10
5/30/2023,NMB,BUY,228,10,2280,98863,30
5/30/2023,JBBL,BUY,262,10,2620,96243,10
5/30/2023,MLBL,BUY,297.9,10,2979,93264,10
5/30/2023,MFIL,BUY,428,10,4280,88984,10
5/30/2023,NABIL,BUY,587.3,10,5873,83111,10
5/30/2023,DHPL,BUY,199,10,1990,81121,10
5/30/2023,AHPC,BUY,283,10,2830,78291,10
5/30/2023,PROFL,BUY,286,10,2860,75431,10
5/30/2023,EDBL,BUY,282,10,2820,72611,10
5/30/2023,PCBL,BUY,192.5,10,1925,70686,10
5/30/2023,EBL,BUY,534,10,5340,65346,10
5/30/2023,LBBL,BUY,333.4,10,3334,62012,10
5/30/2023,HPPL,BUY,272.5,10,2725,59287,10
5/30/2023,AKJCL,BUY,205.6,10,2056,57231,10
5/30/2023,HURJA,BUY,261.1,10,2611,54620,10
5/30/2023,LICN,BUY,1308,10,13080,41540,10
5/30/2023,ADBL,BUY,228,10,2280,39260,40
5/30/2023,NHPC,BUY,210,10,2100,37160,10
5/31/2023,KKHC,BUY,212.5,10,2125,35035,20
5/31/2023,AHPC,BUY,275,10,2750,32285,20
5/31/2023,NMB,BUY,221,10,2210,30075,40
5/31/2023,NICA,BUY,703,10,7030,23045,10
5/31/2023,EDBL,BUY,271,10,2710,20335,20
5/31/2023,PCBL,BUY,191.5,10,1915,18420,20
5/31/2023,NABIL,BUY,581.5,10,5815,12605,20
5/31/2023,LBBL,BUY,328,10,3280,9325,20
5/31/2023,KSBBL,BUY,283,10,2830,6495,10
5/31/2023,AKJCL,BUY,201,10,2010,4485,20
5/31/2023,MLBL,BUY,288.8,10,2888,1597,20
6/1/2023,NICA,SELL,713.5,10,7135,8732,0
6/1/2023,ICFC,BUY,405,10,4050,4682,20
6/1/2023,DHPL,BUY,197,10,1970,2712,20
6/1/2023,BARUN,BUY,238.9,10,2389,323,10
6/4/2023,ICFC,SELL,419,10,4190,4513,10
6/4/2023,LBBL,BUY,341,10,3410,1103,30
6/4/2023,JBBL,SELL,265.5,10,2655,3758,0
6/4/2023,NHPC,SELL,221,10,2210,5968,0
6/4/2023,KKHC,BUY,219.5,10,2195,3773,30
6/4/2023,EBL,SELL,540,10,5400,9173,0
6/4/2023,CZBIL,BUY,172.5,10,1725,7448,10
6/4/2023,KSBBL,SELL,297.6,10,2976,10424,0
6/4/2023,HPPL,BUY,280,10,2800,7624,20
6/4/2023,HURJA,SELL,281.2,10,2812,10436,0
6/4/2023,LICN,SELL,1341.9,10,13419,23855,0
6/4/2023,EDBL,BUY,284,10,2840,21015,30
6/4/2023,AKJCL,SELL,217,10,2170,23185,10
6/4/2023,SANIMA,BUY,241.9,10,2419,20766,10
6/4/2023,BARUN,SELL,247,10,2470,23236,0
6/4/2023,MFIL,SELL,437.9,10,4379,27615,0
6/4/2023,NICA,BUY,712.6,10,7126,20489,10
6/4/2023,AHPC,BUY,287,10,2870,17619,30
6/4/2023,NABIL,SELL,595.4,10,5954,23573,10
6/4/2023,ADBL,BUY,229.5,10,2295,21278,50
6/4/2023,PROFL,SELL,295,10,2950,24228,0
6/4/2023,NMB,SELL,230.6,10,2306,26534,30
6/4/2023,MLBL,SELL,304.4,10,3044,29578,10
6/4/2023,DHPL,SELL,205,10,2050,31628,10
6/5/2023,EDBL,BUY,277,10,2770,28858,40
6/5/2023,CZBIL,BUY,171,10,1710,27148,20
6/5/2023,KSBBL,BUY,291.2,10,2912,24236,10
6/5/2023,PROFL,BUY,289.7,10,2897,21339,10
6/5/2023,LICN,BUY,1319.7,10,13197,8142,10
6/5/2023,MLBL,BUY,297.1,10,2971,5171,20
6/5/2023,AKJCL,SELL,213,10,2130,7301,0
6/5/2023,HPPL,BUY,273.2,10,2732,4569,30
6/5/2023,ADBL,BUY,228,10,2280,2289,60
6/5/2023,KKHC,BUY,219,10,2190,99,40
6/5/2023,AHPC,SELL,289,10,2890,2989,20
6/5/2023,PCBL,BUY,193.7,10,1937,1052,30
6/6/2023,LBBL,SELL,341.4,10,3414,4466,20
6/6/2023,AHPC,SELL,295.1,10,2951,7417,10
6/6/2023,HURJA,BUY,278,10,2780,4637,10
6/6/2023,LICN,SELL,1334.9,10,13349,17986,0
6/6/2023,HPPL,SELL,285.9,10,2859,20845,20
6/6/2023,MLBL,BUY,298,10,2980,17865,30
6/6/2023,PCBL,BUY,191.7,10,1917,15948,40
6/6/2023,ICFC,SELL,417.5,10,4175,20123,0
6/6/2023,MFIL,BUY,430,10,4300,15823,10
6/6/2023,KSBBL,SELL,295,10,2950,18773,0
6/6/2023,EDBL,BUY,282.8,10,2828,15945,50
6/6/2023,SANIMA,BUY,240.7,10,2407,13538,20
6/6/2023,PROFL,SELL,295,10,2950,16488,0
6/6/2023,DHPL,BUY,203,10,2030,14458,20
6/6/2023,CZBIL,BUY,170,10,1700,12758,30
6/6/2023,EBL,BUY,536,10,5360,7398,10
6/6/2023,JBBL,BUY,264.1,10,2641,4757,10
6/6/2023,KKHC,SELL,220,10,2200,6957,30
6/6/2023,NICA,SELL,716,10,7160,14117,0
6/7/2023,SANIMA,BUY,239.5,10,2395,11722,30
6/7/2023,CZBIL,BUY,169,10,1690,10032,40
6/7/2023,DHPL,BUY,201,10,2010,8022,30
6/7/2023,LBBL,SELL,348,10,3480,11502,10
6/7/2023,NABIL,BUY,591.3,10,5913,5589,20
6/7/2023,MLBL,BUY,300,10,3000,2589,40
6/7/2023,MFIL,SELL,433,10,4330,6919,0
6/7/2023,JBBL,SELL,267,10,2670,9589,0
6/7/2023,AHPC,SELL,299.8,10,2998,12587,0
6/7/2023,HURJA,SELL,284,10,2840,15427,0
6/7/2023,PCBL,BUY,191.9,10,1919,13508,50
6/7/2023,KKHC,SELL,220.5,10,2205,15713,20
6/7/2023,ADBL,BUY,228.1,10,2281,13432,70
6/7/2023,NMB,SELL,229.4,10,2294,15726,20
6/7/2023,JOSHI,BUY,278.5,10,2785,12941,10
6/7/2023,EBL,BUY,533.9,10,5339,7602,20
6/7/2023,EDBL,SELL,283.1,10,2831,10433,40
6/7/2023,HPPL,SELL,287,10,2870,13303,10
6/8/2023,NABIL,BUY,590.9,10,5909,7394,30
6/8/2023,MLBL,SELL,308,10,3080,10474,30
6/8/2023,PCBL,BUY,190.8,10,1908,8566,60
6/8/2023,SANIMA,BUY,239,10,2390,6176,40
6/8/2023,JOSHI,BUY,270,10,2700,3476,20
6/8/2023,ADBL,BUY,228,10,2280,1196,80
6/8/2023,EDBL,SELL,286,10,2860,4056,30
6/8/2023,DHPL,BUY,200,10,2000,2056,40
6/8/2023,CZBIL,BUY,169,10,1690,366,50
6/8/2023,LBBL,SELL,353,10,3530,3896,0
6/8/2023,HPPL,SELL,292,10,2920,6816,0
6/8/2023,NMB,BUY,228,10,2280,4536,30
6/8/2023,KKHC,SELL,220,10,2200,6736,10
6/11/2023,SANIMA,SELL,242.9,10,2429,9165,30
6/11/2023,JOSHI,SELL,279.8,10,2798,11963,10
6/11/2023,KKHC,SELL,222.5,10,2225,14188,0
6/11/2023,NMB,BUY,227,10,2270,11918,40
6/11/2023,EBL,SELL,534,10,5340,17258,10
6/11/2023,EDBL,SELL,306,10,3060,20318,20
6/11/2023,NABIL,SELL,594,10,5940,26258,20
6/11/2023,MLBL,SELL,326,10,3260,29518,20
6/11/2023,ADBL,BUY,228.1,10,2281,27237,90
6/11/2023,PCBL,SELL,192.8,10,1928,29165,50
6/11/2023,CZBIL,BUY,170.5,10,1705,27460,60
6/11/2023,DHPL,SELL,204,10,2040,29500,30
6/12/2023,NABIL,SELL,597,10,5970,35470,10
6/12/2023,EDBL,SELL,311,10,3110,38580,10
6/12/2023,SANIMA,SELL,243,10,2430,41010,20
6/12/2023,JOSHI,BUY,278,10,2780,38230,20
6/12/2023,ADBL,SELL,230,10,2300,40530,80
6/12/2023,PCBL,SELL,192.4,10,1924,42454,40
6/12/2023,CZBIL,SELL,171.8,10,1718,44172,50
6/12/2023,NMB,SELL,227.5,10,2275,46447,30
6/12/2023,MLBL,SELL,320,10,3200,49647,10
6/12/2023,EBL,SELL,536,10,5360,55007,0
6/12/2023,DHPL,SELL,204,10,2040,57047,20
6/13/2023,MLBL,SELL,326.7,10,3267,60314,0
6/13/2023,JOSHI,SELL,280,10,2800,63114,10
6/13/2023,PCBL,SELL,193,10,1930,65044,30
6/13/2023,NMB,SELL,227.5,10,2275,67319,20
6/13/2023,NABIL,SELL,597,10,5970,73289,0
6/13/2023,SANIMA,SELL,244.3,10,2443,75732,10
6/13/2023,NHPC,BUY,221.1,10,2211,73521,10
6/13/2023,CZBIL,SELL,173,10,1730,75251,40
6/13/2023,EDBL,SELL,319,10,3190,78441,0
6/13/2023,ADBL,SELL,231,10,2310,80751,70
6/13/2023,DHPL,SELL,205.7,10,2057,82808,10
6/14/2023,NMB,SELL,229,10,2290,85098,10
6/14/2023,JOSHI,BUY,279,10,2790,82308,20
6/14/2023,SANIMA,SELL,249.9,10,2499,84807,0
6/14/2023,DHPL,SELL,207,10,2070,86877,0
6/14/2023,CZBIL,SELL,176,10,1760,88637,30
6/14/2023,ADBL,SELL,233,10,2330,90967,60
6/14/2023,PCBL,SELL,196.8,10,1968,92935,20
6/14/2023,NHPC,SELL,226,10,2260,95195,0
6/15/2023,PCBL,SELL,195,10,1950,97145,10
6/15/2023,HURJA,BUY,284,10,2840,94305,10
6/15/2023,HPPL,BUY,287.9,10,2879,91426,10
6/15/2023,AKJCL,BUY,216,10,2160,89266,10
6/15/2023,ADBL,SELL,231,10,2310,91576,50
6/15/2023,CZBIL,SELL,175.5,10,1755,93331,20
6/15/2023,JOSHI,SELL,282,10,2820,96151,10
6/15/2023,NHPC,BUY,223.1,10,2231,93920,10
6/15/2023,NMB,BUY,228,10,2280,91640,20
6/18/2023,AKJCL,BUY,217.9,10,2179,89461,20
6/18/2023,JOSHI,SELL,294.6,10,2946,92407,0
6/18/2023,CZBIL,SELL,174.1,10,1741,94148,10
6/18/2023,NHPC,BUY,199.8,10,1998,92150,20
6/18/2023,PCBL,SELL,194.5,10,1945,94095,0
6/18/2023,HURJA,BUY,287.4,10,2874,91221,20
6/18/2023,NMB,BUY,226,10,2260,88961,30
6/18/2023,ADBL,SELL,232,10,2320,91281,40
6/18/2023,DHPL,BUY,203,10,2030,89251,10
6/18/2023,HPPL,SELL,296,10,2960,92211,0
6/19/2023,NABIL,BUY,594,10,5940,86271,10
6/19/2023,CZBIL,SELL,174,10,1740,88011,0
6/19/2023,HURJA,BUY,287.7,10,2877,85134,30
6/19/2023,AKJCL,BUY,215,10,2150,82984,30
6/19/2023,HPPL,BUY,291,10,2910,80074,10
6/19/2023,NHPC,BUY,199,10,1990,78084,30
6/19/2023,NMB,BUY,223.7,10,2237,75847,40
6/19/2023,DHPL,BUY,199.5,10,1995,73852,20
6/19/2023,KKHC,BUY,223.5,10,2235,71617,10
6/19/2023,ADBL,SELL,230,10,2300,73917,30
6/20/2023,ADBL,BUY,230,10,2300,71617,40
6/20/2023,AKJCL,BUY,211,10,2110,69507,40
6/20/2023,NABIL,SELL,595.3,10,5953,75460,0
6/20/2023,HURJA,BUY,274.5,10,2745,72715,40
6/20/2023,DHPL,BUY,195,10,1950,70765,30
6/20/2023,CZBIL,BUY,172,10,1720,69045,10
6/20/2023,NHPC,BUY,195,10,1950,67095,40
6/20/2023,NMB,SELL,229,10,2290,69385,30
6/20/2023,KKHC,BUY,219,10,2190,67195,20
6/20/2023,HPPL,BUY,289.5,10,2895,64300,20
6/20/2023,PCBL,BUY,193,10,1930,62370,10
6/20/2023,JOSHI,BUY,280,10,2800,59570,10
6/21/2023,ICFC,BUY,462,10,4620,54950,10
6/21/2023,NABIL,BUY,590.1,10,5901,49049,10
6/21/2023,NICA,BUY,750,10,7500,41549,10
6/21/2023,NHPC,BUY,190.9,10,1909,39640,50
6/21/2023,JOSHI,BUY,273.9,10,2739,36901,20
6/21/2023,HURJA,BUY,269.2,10,2692,34209,50
6/21/2023,DHPL,BUY,194.8,10,1948,32261,40
6/21/2023,HPPL,BUY,281,10,2810,29451,30
6/21/2023,KKHC,BUY,217.5,10,2175,27276,30
6/21/2023,ADBL,BUY,229,10,2290,24986,50
6/21/2023,MFIL,BUY,462,10,4620,20366,10
6/21/2023,CZBIL,BUY,171.9,10,1719,18647,20
6/21/2023,KSBBL,BUY,322.6,10,3226,15421,10
6/21/2023,AKJCL,BUY,209,10,2090,13331,50
6/21/2023,BARUN,BUY,257,10,2570,10761,10
6/21/2023,AHPC,BUY,299.8,10,2998,7763,10
6/21/2023,PCBL,BUY,192.4,10,1924,5839,20
6/21/2023,NMB,BUY,226.5,10,2265,3574,40
6/22/2023,NMB,BUY,222.3,10,2223,1351,50
6/25/2023,MFIL,SELL,498.5,10,4985,6336,0
6/25/2023,ICFC,SELL,494.5,10,4945,11281,0
6/25/2023,BARUN,BUY,261,10,2610,8671,20
6/25/2023,KSBBL,SELL,337,10,3370,12041,0
6/25/2023,HURJA,SELL,290.9,10,2909,14950,40
6/25/2023,NABIL,BUY,587,10,5870,9080,20
6/25/2023,AKJCL,BUY,207,10,2070,7010,60
6/25/2023,DHPL,BUY,195,10,1950,5060,50
6/25/2023,JOSHI,BUY,273.9,10,2739,2321,30
6/25/2023,CZBIL,BUY,171,10,1710,611,30
6/25/2023,NICA,SELL,769,10,7690,8301,0
6/25/2023,HPPL,BUY,274.3,10,2743,5558,40
6/26/2023,PCBL,BUY,191.7,10,1917,3641,30
6/26/2023,NHPC,BUY,187,10,1870,1771,60
6/26/2023,DHPL,SELL,204,10,2040,3811,40
6/26/2023,AHPC,BUY,288.1,10,2881,930,20
6/26/2023,HURJA,SELL,285,10,2850,3780,30
6/27/2023,HURJA,SELL,287,10,2870,6650,20
6/27/2023,HPPL,SELL,285,10,2850,9500,30
6/27/2023,CZBIL,SELL,178.9,10,1789,11289,20
6/27/2023,KKHC,SELL,224.5,10,2245,13534,20
6/27/2023,JOSHI,SELL,291,10,2910,16444,20
6/27/2023,AKJCL,BUY,210.9,10,2109,14335,70
6/27/2023,PCBL,SELL,198,10,1980,16315,20
6/27/2023,AHPC,BUY,289,10,2890,13425,30
6/27/2023,NABIL,SELL,608.9,10,6089,19514,10
6/27/2023,BARUN,BUY,262.9,10,2629,16885,30
6/27/2023,NMB,SELL,232,10,2320,19205,40
6/27/2023,ADBL,SELL,237.4,10,2374,21579,40
6/27/2023,NHPC,BUY,195.9,10,1959,19620,70
6/27/2023,DHPL,SELL,204.9,10,2049,21669,30
6/28/2023,BARUN,BUY,263,10,2630,19039,40
6/28/2023,CZBIL,SELL,175.4,10,1754,20793,10
6/28/2023,AKJCL,BUY,205,10,2050,18743,80
6/28/2023,DHPL,BUY,198.5,10,1985,16758,40
6/28/2023,HURJA,BUY,272,10,2720,14038,30
6/28/2023,JOSHI,BUY,275.2,10,2752,11286,30
6/28/2023,AHPC,BUY,284,10,2840,8446,40
6/28/2023,NMB,SELL,229,10,2290,10736,30
6/28/2023,NABIL,SELL,606,10,6060,16796,0
6/28/2023,ADBL,SELL,236.5,10,2365,19161,30
6/28/2023,NHPC,BUY,190,10,1900,17261,80
6/28/2023,HPPL,BUY,274.9,10,2749,14512,40
6/28/2023,KKHC,BUY,221,10,2210,12302,30
6/28/2023,PCBL,SELL,196.5,10,1965,14267,10
7/2/2023,HURJA,BUY,274,10,2740,11527,40
7/2/2023,KKHC,BUY,216,10,2160,9367,40
7/2/2023,EBL,BUY,554.5,10,5545,3822,10
7/2/2023,PCBL,BUY,192.7,10,1927,1895,20
7/2/2023,CZBIL,BUY,170.1,10,1701,194,20
7/2/2023,ADBL,SELL,232.5,10,2325,2519,20
7/2/2023,NHPC,BUY,183.5,10,1835,684,90
7/3/2023,KKHC,SELL,220,10,2200,2884,30
7/3/2023,CZBIL,BUY,169,10,1690,1194,30
7/4/2023,ADBL,SELL,234,10,2340,3534,10
7/4/2023,EDBL,BUY,317,10,3170,364,10
7/5/2023,ADBL,SELL,233,10,2330,2694,0
7/5/2023,NHPC,BUY,174,10,1740,954,100
7/6/2023,JOSHI,SELL,277.7,10,2777,3731,20
7/6/2023,SANIMA,BUY,253.8,10,2538,1193,10
7/9/2023,NMB,SELL,226,10,2260,3453,20
7/9/2023,AKJCL,BUY,192,10,1920,1533,90
7/11/2023,NMB,SELL,225.8,10,2258,3791,10
7/11/2023,HURJA,BUY,253.5,10,2535,1256,50
7/11/2023,EDBL,SELL,328,10,3280,4536,0
7/11/2023,AKJCL,BUY,187,10,1870,2666,100
7/11/2023,HPPL,SELL,293.7,10,2937,5603,30
7/11/2023,KKHC,BUY,194.2,10,1942,3661,40
7/11/2023,CZBIL,BUY,169,10,1690,1971,40
7/12/2023,NHPC,SELL,182.1,10,1821,3792,90
7/12/2023,CZBIL,SELL,170.9,10,1709,5501,30
7/12/2023,DHPL,SELL,194,10,1940,7441,30
7/12/2023,BARUN,SELL,248,10,2480,9921,30
7/12/2023,EBL,SELL,559.9,10,5599,15520,0
7/12/2023,AKJCL,SELL,200.4,10,2004,17524,90
7/12/2023,SANIMA,SELL,257.9,10,2579,20103,0
7/12/2023,PCBL,SELL,192.4,10,1924,22027,10
7/12/2023,NMB,BUY,223,10,2230,19797,20
7/12/2023,LICN,BUY,1603,10,16030,3767,10
7/12/2023,JOSHI,SELL,272,10,2720,6487,10
7/12/2023,HURJA,SELL,270,10,2700,9187,40
7/12/2023,HPPL,SELL,309,10,3090,12277,20
7/12/2023,PROFL,BUY,429,10,4290,7987,10
7/12/2023,KKHC,SELL,208.6,10,2086,10073,30
7/12/2023,AHPC,SELL,263.9,10,2639,12712,30
7/12/2023,ADBL,BUY,228.1,10,2281,10431,10
7/13/2023,ADBL,BUY,228.2,10,2282,8149,20
7/13/2023,BARUN,SELL,245,10,2450,10599,20
7/13/2023,DHPL,SELL,190.2,10,1902,12501,20
7/13/2023,NMB,BUY,224,10,2240,10261,30
7/13/2023,AHPC,BUY,258.4,10,2584,7677,40
7/13/2023,AKJCL,SELL,195,10,1950,9627,80
7/13/2023,PROFL,BUY,419,10,4190,5437,20
7/13/2023,JOSHI,SELL,268,10,2680,8117,0
7/13/2023,HURJA,SELL,272,10,2720,10837,30
7/13/2023,SANIMA,BUY,254,10,2540,8297,10
7/13/2023,KKHC,BUY,202,10,2020,6277,40
7/13/2023,PCBL,SELL,191.7,10,1917,8194,0
7/13/2023,NHPC,SELL,180.5,10,1805,9999,80
7/13/2023,CZBIL,SELL,169,10,1690,11689,20
7/13/2023,HPPL,SELL,291,10,2910,14599,10
7/16/2023,SANIMA,SELL,260.5,10,2605,17204,0
7/16/2023,BARUN,SELL,249,10,2490,19694,10
7/16/2023,NMB,SELL,226,10,2260,21954,20
7/16/2023,LICN,BUY,1555,10,15550,6404,20
7/16/2023,AKJCL,BUY,192.5,10,1925,4479,90
7/16/2023,NHPC,SELL,177.9,10,1779,6258,70
7/16/2023,HURJA,SELL,274,10,2740,8998,20
7/16/2023,PROFL,BUY,408.9,10,4089,4909,30
7/16/2023,HPPL,SELL,285.9,10,2859,7768,0
7/16/2023,AHPC,BUY,255,10,2550,5218,50
7/16/2023,CZBIL,SELL,173.1,10,1731,6949,10
7/16/2023,DHPL,SELL,185,10,1850,8799,10
7/16/2023,KKHC,BUY,203.6,10,2036,6763,50
7/16/2023,ADBL,SELL,233.9,10,2339,9102,10
7/17/2023,BARUN,SELL,249.1,10,2491,11593,0
7/17/2023,AKJCL,SELL,195.9,10,1959,13552,80
7/17/2023,NMB,SELL,234,10,2340,15892,10
7/17/2023,KKHC,SELL,207.9,10,2079,17971,40
7/17/2023,NHPC,SELL,179,10,1790,19761,60
7/17/2023,PROFL,BUY,419,10,4190,15571,40
7/17/2023,LICN,SELL,1599,10,15990,31561,10
7/17/2023,DHPL,SELL,190,10,1900,33461,0
7/17/2023,HURJA,SELL,274,10,2740,36201,10
7/17/2023,AHPC,SELL,259,10,2590,38791,40
7/17/2023,ADBL,SELL,240,10,2400,41191,0
7/17/2023,CZBIL,SELL,178.2,10,1782,42973,0
7/18/2023,NHPC,SELL,178,10,1780,44753,50
7/18/2023,LICN,BUY,1590,10,15900,28853,20
7/18/2023,PROFL,SELL,435,10,4350,33203,30
7/18/2023,AKJCL,SELL,193.5,10,1935,35138,70
7/18/2023,KKHC,SELL,204,10,2040,37178,30
7/18/2023,HURJA,BUY,264,10,2640,34538,20
7/18/2023,NMB,SELL,235.6,10,2356,36894,0
7/18/2023,AHPC,SELL,261,10,2610,39504,30
7/18/2023,JOSHI,BUY,261.8,10,2618,36886,10
7/19/2023,NHPC,SELL,176,10,1760,38646,40
7/19/2023,JOSHI,BUY,260,10,2600,36046,20
7/19/2023,PROFL,BUY,427,10,4270,31776,40
7/19/2023,HURJA,BUY,261.9,10,2619,29157,30
7/19/2023,DHPL,BUY,183,10,1830,27327,10
7/19/2023,AHPC,SELL,257,10,2570,29897,20
7/19/2023,AKJCL,BUY,191.5,10,1915,27982,80
7/19/2023,KKHC,BUY,203,10,2030,25952,40
7/19/2023,HPPL,BUY,280,10,2800,23152,10
7/19/2023,LICN,BUY,1590,10,15900,7252,30
7/20/2023,KKHC,BUY,200,10,2000,5252,50
7/20/2023,HPPL,BUY,284,10,2840,2412,20
7/20/2023,AHPC,SELL,255.1,10,2551,4963,10
7/20/2023,PROFL,BUY,419.2,10,4192,771,50
7/20/2023,NHPC,SELL,176,10,1760,2531,30
7/23/2023,DHPL,SELL,188,10,1880,4411,0
7/23/2023,HURJA,SELL,274,10,2740,7151,20
7/23/2023,HPPL,SELL,291,10,2910,10061,10
7/23/2023,AKJCL,SELL,196,10,1960,12021,70
7/23/2023,PROFL,SELL,428,10,4280,16301,40
7/23/2023,AHPC,SELL,262,10,2620,18921,0
7/23/2023,KKHC,SELL,207.4,10,2074,20995,40
7/23/2023,NHPC,SELL,179.1,10,1791,22786,20
7/23/2023,JOSHI,SELL,270.2,10,2702,25488,10
7/24/2023,NHPC,SELL,178,10,1780,27268,10
7/24/2023,JOSHI,BUY,264,10,2640,24628,20
7/24/2023,KKHC,SELL,208.9,10,2089,26717,30
7/24/2023,HURJA,SELL,269,10,2690,29407,10
7/24/2023,AKJCL,SELL,195,10,1950,31357,60
7/24/2023,LICN,BUY,1551,10,15510,15847,40
7/24/2023,PROFL,SELL,435,10,4350,20197,30
7/24/2023,MFIL,BUY,555,10,5550,14647,10
7/24/2023,HPPL,BUY,282,10,2820,11827,20
7/24/2023,ICFC,BUY,527,10,5270,6557,10
7/24/2023,DHPL,BUY,185,10,1850,4707,10
7/25/2023,HURJA,BUY,267.9,10,2679,2028,20
7/25/2023,NHPC,BUY,176.6,10,1766,262,20
7/25/2023,PROFL,SELL,445,10,4450,4712,20
7/25/2023,DHPL,BUY,185,10,1850,2862,20
7/25/2023,KKHC,SELL,206,10,2060,4922,20
7/26/2023,AKJCL,BUY,193,10,1930,2992,70
7/26/2023,PROFL,SELL,453.6,10,4536,7528,10
7/26/2023,NHPC,BUY,175,10,1750,5778,30
7/26/2023,KKHC,BUY,203.5,10,2035,3743,30
7/26/2023,JOSHI,BUY,260,10,2600,1143,30
7/27/2023,PROFL,SELL,431,10,4310,5453,0
7/27/2023,AHPC,BUY,250.1,10,2501,2952,10
7/27/2023,NHPC,BUY,172,10,1720,1232,40
8/9/2023,MFIL,SELL,527,10,5270,6502,0
8/9/2023,AHPC,BUY,231,10,2310,4192,20
8/9/2023,PCBL,BUY,183,10,1830,2362,10
8/9/2023,KKHC,BUY,188,10,1880,482,40
8/9/2023,LICN,SELL,1487,10,14870,15352,30
8/9/2023,KSBBL,BUY,333,10,3330,12022,10
8/9/2023,HURJA,SELL,252,10,2520,14542,10
8/9/2023,DHPL,BUY,161,10,1610,12932,30
8/9/2023,NHPC,BUY,162.5,10,1625,11307,50
8/9/2023,EDBL,BUY,309,10,3090,8217,10
8/9/2023,AKJCL,BUY,176,10,1760,6457,80
8/10/2023,AHPC,BUY,232,10,2320,4137,30
8/10/2023,BARUN,BUY,226,10,2260,1877,10
8/10/2023,NHPC,BUY,160,10,1600,277,60
8/10/2023,LICN,SELL,1516,10,15160,15437,20
8/10/2023,KKHC,BUY,190,10,1900,13537,50
8/10/2023,HURJA,BUY,248.1,10,2481,11056,20
8/10/2023,ICFC,SELL,479.9,10,4799,15855,0
8/10/2023,CZBIL,BUY,186,10,1860,13995,10
8/10/2023,PCBL,BUY,183.4,10,1834,12161,20
8/10/2023,NMB,BUY,226,10,2260,9901,10
8/10/2023,DHPL,BUY,158.3,10,1583,8318,40
8/10/2023,MLBL,BUY,324,10,3240,5078,10
8/10/2023,PROFL,BUY,333,10,3330,1748,10
8/10/2023,EDBL,SELL,316,10,3160,4908,0
8/10/2023,AKJCL,BUY,173,10,1730,3178,90
8/10/2023,JOSHI,BUY,236,10,2360,818,40
8/13/2023,CZBIL,SELL,190,10,1900,2718,0
8/13/2023,LICN,SELL,1493,10,14930,17648,10
8/13/2023,KKHC,BUY,189.9,10,1899,15749,60
8/13/2023,HPPL,BUY,250,10,2500,13249,30
8/13/2023,HURJA,SELL,254,10,2540,15789,10
8/13/2023,NABIL,BUY,603.5,10,6035,9754,10
8/13/2023,AKJCL,BUY,171,10,1710,8044,100
8/13/2023,BARUN,BUY,229.5,10,2295,5749,20
8/13/2023,KSBBL,BUY,325,10,3250,2499,20
8/14/2023,BARUN,BUY,226,10,2260,239,30
8/14/2023,LICN,SELL,1496.9,10,14969,15208,0
8/14/2023,AKJCL,BUY,166.5,10,1665,13543,110
8/14/2023,KKHC,BUY,187.7,10,1877,11666,70
8/14/2023,MLBL,BUY,325,10,3250,8416,20
8/14/2023,JOSHI,BUY,226.5,10,2265,6151,50
8/14/2023,HPPL,BUY,248,10,2480,3671,40
8/14/2023,HURJA,BUY,243.1,10,2431,1240,20
8/20/2023,PCBL,SELL,185,10,1850,3090,10
8/20/2023,DHPL,BUY,150.2,10,1502,1588,50
8/20/2023,NHPC,BUY,148.3,10,1483,105,70
8/22/2023,NMB,SELL,227.9,10,2279,2384,0
8/22/2023,JOSHI,BUY,212.5,10,2125,259,60
8/22/2023,PCBL,SELL,185.1,10,1851,2110,0
8/23/2023,DHPL,SELL,159,10,1590,3700,40
8/23/2023,HPPL,BUY,239.9,10,2399,1301,50
8/23/2023,NABIL,SELL,599,10,5990,7291,0
8/23/2023,NHPC,SELL,155,10,1550,8841,60
8/23/2023,NMB,BUY,226,10,2260,6581,10
8/23/2023,KKHC,SELL,182,10,1820,8401,60
8/23/2023,PROFL,BUY,313,10,3130,5271,20
8/23/2023,JOSHI,SELL,222,10,2220,7491,50
8/23/2023,AKJCL,SELL,165,10,1650,9141,100
8/23/2023,MLBL,SELL,321.1,10,3211,12352,10
8/23/2023,BARUN,BUY,218,10,2180,10172,40
8/23/2023,KSBBL,SELL,319,10,3190,13362,10
8/23/2023,AHPC,SELL,218.5,10,2185,15547,20
8/23/2023,EBL,BUY,616.1,10,6161,9386,10
8/24/2023,CZBIL,BUY,188,10,1880,7506,10
8/24/2023,HURJA,BUY,224.8,10,2248,5258,30
8/24/2023,KKHC,BUY,178,10,1780,3478,70
8/24/2023,NHPC,BUY,149,10,1490,1988,70
8/24/2023,AKJCL,BUY,161.1,10,1611,377,110
8/24/2023,DHPL,SELL,157,10,1570,1947,30
8/27/2023,NHPC,BUY,148.9,10,1489,458,80
8/28/2023,AKJCL,SELL,162.8,10,1628,2086,100
8/28/2023,NHPC,BUY,147,10,1470,616,90
8/29/2023,AKJCL,SELL,162.4,10,1624,2240,90
8/29/2023,NMB,BUY,224,10,2240,0,20
9/10/2023,PROFL,SELL,289,10,2890,2890,10
9/10/2023,NHPC,BUY,133,10,1330,1560,100
9/10/2023,EBL,SELL,603,10,6030,7590,0
9/11/2023,PCBL,BUY,181.5,10,1815,5775,10
9/11/2023,HURJA,SELL,222,10,2220,7995,20
9/11/2023,KKHC,SELL,170,10,1700,9695,60
9/11/2023,AKJCL,BUY,150.2,10,1502,8193,100
9/11/2023,BARUN,SELL,226,10,2260,10453,30
9/11/2023,KSBBL,SELL,312,10,3120,13573,0
9/11/2023,MLBL,SELL,315,10,3150,16723,0
9/11/2023,PROFL,SELL,314,10,3140,19863,0
9/11/2023,DHPL,BUY,141,10,1410,18453,40
9/11/2023,HPPL,SELL,223,10,2230,20683,40
9/11/2023,AHPC,BUY,200,10,2000,18683,30
9/11/2023,NMB,BUY,220,10,2200,16483,30
9/11/2023,CZBIL,SELL,188,10,1880,18363,0
9/11/2023,JOSHI,BUY,200,10,2000,16363,60
9/11/2023,NHPC,BUY,139,10,1390,14973,110
9/12/2023,NMB,BUY,219.9,10,2199,12774,40
9/12/2023,JBBL,BUY,296,10,2960,9814,10
9/12/2023,JOSHI,BUY,198,10,1980,7834,70
9/12/2023,NABIL,BUY,584,10,5840,1994,10
9/12/2023,DHPL,BUY,140,10,1400,594,50
9/12/2023,BARUN,SELL,220,10,2200,2794,20
9/12/2023,AHPC,BUY,195,10,1950,844,40
9/13/2023,KKHC,SELL,174,10,1740,2584,50
9/13/2023,JBBL,SELL,310,10,3100,5684,0
9/13/2023,JOSHI,SELL,203.1,10,2031,7715,60
9/13/2023,NABIL,SELL,588,10,5880,13595,0
9/13/2023,HURJA,SELL,218.5,10,2185,15780,10
9/13/2023,NMB,BUY,218.9,10,2189,13591,50
9/13/2023,PCBL,BUY,180.9,10,1809,11782,20
9/13/2023,BARUN,SELL,242,10,2420,14202,10
9/13/2023,DHPL,SELL,145.9,10,1459,15661,40
9/13/2023,AHPC,SELL,207.7,10,2077,17738,30
9/13/2023,NHPC,SELL,144,10,1440,19178,100
9/13/2023,HPPL,SELL,224,10,2240,21418,30
9/13/2023,AKJCL,SELL,154,10,1540,22958,90
9/17/2023,EBL,BUY,586.1,10,5861,17097,10
9/17/2023,HURJA,BUY,208,10,2080,15017,20
9/17/2023,NHPC,BUY,137,10,1370,13647,110
9/17/2023,JOSHI,BUY,195,10,1950,11697,70
9/17/2023,AHPC,SELL,202,10,2020,13717,20
9/17/2023,SANIMA,BUY,289.5,10,2895,10822,10
9/17/2023,BARUN,SELL,228,10,2280,13102,0
9/17/2023,ICFC,BUY,464,10,4640,8462,10
9/17/2023,AKJCL,BUY,148,10,1480,6982,100
9/17/2023,KKHC,BUY,166,10,1660,5322,60
9/17/2023,HPPL,BUY,210.5,10,2105,3217,40
9/17/2023,JBBL,BUY,298.9,10,2989,228,10
9/18/2023,AHPC,SELL,204,10,2040,2268,10
9/18/2023,PCBL,BUY,180.4,10,1804,464,30
9/18/2023,HURJA,SELL,216.9,10,2169,2633,10
9/18/2023,JOSHI,SELL,198.9,10,1989,4622,60
9/18/2023,EDBL,BUY,306.4,10,3064,1558,10
9/18/2023,DHPL,SELL,144,10,1440,2998,30
9/18/2023,AKJCL,BUY,148,10,1480,1518,110
9/18/2023,JBBL,SELL,300,10,3000,4518,0
9/18/2023,ICFC,SELL,468,10,4680,9198,0
9/18/2023,EBL,BUY,583,10,5830,3368,20
9/18/2023,NMB,BUY,216,10,2160,1208,60
9/19/2023,HPPL,SELL,229,10,2290,3498,30
9/19/2023,AKJCL,SELL,154.7,10,1547,5045,100
9/19/2023,HURJA,SELL,234.5,10,2345,7390,0
9/19/2023,KSBBL,BUY,307,10,3070,4320,10
9/19/2023,DHPL,SELL,145,10,1450,5770,20
9/19/2023,AHPC,SELL,220,10,2200,7970,0
9/19/2023,NHPC,SELL,144,10,1440,9410,100
9/19/2023,EBL,BUY,594,10,5940,3470,30
9/19/2023,EDBL,SELL,316,10,3160,6630,0
9/19/2023,PCBL,SELL,183.5,10,1835,8465,20
9/19/2023,SANIMA,BUY,289.1,10,2891,5574,20
9/19/2023,NMB,BUY,216.2,10,2162,3412,70
9/19/2023,KKHC,SELL,176.4,10,1764,5176,50
9/19/2023,JOSHI,SELL,207,10,2070,7246,50
9/21/2023,JOSHI,SELL,224,10,2240,9486,40
9/21/2023,DHPL,SELL,159.5,10,1595,11081,10
9/21/2023,SANIMA,BUY,289.3,10,2893,8188,30
9/21/2023,NHPC,SELL,158.4,10,1584,9772,90
9/21/2023,EBL,BUY,589,10,5890,3882,40
9/21/2023,KSBBL,SELL,322,10,3220,7102,0
9/21/2023,NMB,SELL,219,10,2190,9292,60
9/21/2023,PCBL,SELL,184.7,10,1847,11139,10
9/21/2023,KKHC,SELL,194,10,1940,13079,40
9/21/2023,HPPL,SELL,239,10,2390,15469,20
9/21/2023,AKJCL,SELL,170.1,10,1701,17170,90
9/24/2023,HPPL,SELL,236.9,10,2369,19539,10
9/24/2023,EBL,BUY,584,10,5840,13699,50
9/24/2023,PCBL,SELL,183.7,10,1837,15536,0
9/24/2023,JOSHI,SELL,219.3,10,2193,17729,30
9/24/2023,NMB,SELL,218,10,2180,19909,50
9/24/2023,AKJCL,SELL,167.1,10,1671,21580,80
9/24/2023,CIT,BUY,2010,10,20100,1480,10
9/24/2023,KKHC,SELL,193.1,10,1931,3411,30
9/24/2023,SANIMA,BUY,287,10,2870,541,40
9/24/2023,NHPC,SELL,155,10,1550,2091,80
9/24/2023,DHPL,SELL,156,10,1560,3651,0
9/25/2023,ADBL,BUY,260.5,10,2605,1046,10
9/25/2023,HPPL,SELL,238,10,2380,3426,0
9/25/2023,BARUN,BUY,233.9,10,2339,1087,10
9/25/2023,KKHC,SELL,189.3,10,1893,2980,20
9/25/2023,SANIMA,BUY,286,10,2860,120,50
9/25/2023,AKJCL,SELL,164,10,1640,1760,70
9/25/2023,JOSHI,SELL,222.9,10,2229,3989,20
9/25/2023,NHPC,SELL,154.9,10,1549,5538,70
9/26/2023,ADBL,BUY,260,10,2600,2938,20
9/26/2023,NHPC,SELL,162,10,1620,4558,60
9/26/2023,KKHC,SELL,194.2,10,1942,6500,10
9/26/2023,EBL,BUY,579.7,10,5797,703,60
9/26/2023,BARUN,SELL,244,10,2440,3143,0
9/26/2023,AKJCL,SELL,171,10,1710,4853,60
9/26/2023,NMB,BUY,217.7,10,2177,2676,60
9/26/2023,JOSHI,SELL,226,10,2260,4936,10
9/26/2023,SANIMA,BUY,284.7,10,2847,2089,60
9/27/2023,AKJCL,SELL,167,10,1670,3759,50
9/27/2023,NMB,BUY,217.2,10,2172,1587,70
9/27/2023,KKHC,SELL,187,10,1870,3457,0
9/27/2023,NHPC,SELL,157,10,1570,5027,50
9/27/2023,JOSHI,SELL,223,10,2230,7257,0
9/27/2023,ADBL,BUY,259,10,2590,4667,30
10/1/2023,AKJCL,SELL,162.4,10,1624,6291,40
10/1/2023,NABIL,BUY,585,10,5850,441,10
10/1/2023,NHPC,SELL,151.6,10,1516,1957,40
10/2/2023,KKHC,BUY,177.1,10,1771,186,10
10/2/2023,NHPC,SELL,154.9,10,1549,1735,30
10/2/2023,ADBL,SELL,260.3,10,2603,4338,20
10/2/2023,PCBL,BUY,182.9,10,1829,2509,10
10/2/2023,CZBIL,BUY,180.1,10,1801,708,10
10/2/2023,AKJCL,SELL,163,10,1630,2338,30
10/2/2023,JOSHI,BUY,214,10,2140,198,10
10/3/2023,ADBL,SELL,261.8,10,2618,2816,10
10/3/2023,JOSHI,BUY,208,10,2080,736,20
10/4/2023,PCBL,SELL,184,10,1840,2576,0
10/4/2023,NMB,BUY,216,10,2160,416,80
10/11/2023,KKHC,SELL,182,10,1820,2236,0
10/11/2023,CZBIL,BUY,169.5,10,1695,541,20
10/17/2023,CZBIL,SELL,177,10,1770,2311,10
10/17/2023,DHPL,BUY,144,10,1440,871,10
10/18/2023,ADBL,SELL,260,10,2600,3471,0
10/18/2023,JOSHI,BUY,203.2,10,2032,1439,30
10/18/2023,NMB,SELL,212,10,2120,3559,70
10/18/2023,AKJCL,SELL,155,10,1550,5109,20
10/18/2023,CZBIL,SELL,178.4,10,1784,6893,0
10/18/2023,NABIL,SELL,589.5,10,5895,12788,0
10/18/2023,SANIMA,BUY,244.9,10,2449,10339,70
10/18/2023,NICA,BUY,538,10,5380,4959,10
10/18/2023,KSBBL,BUY,301,10,3010,1949,10
10/18/2023,NHPC,BUY,145,10,1450,499,40
10/18/2023,CIT,SELL,1905,10,19050,19549,0
10/18/2023,EBL,SELL,479,10,4790,24339,50
10/19/2023,HPPL,BUY,223,10,2230,22109,10
10/19/2023,SANIMA,SELL,248.8,10,2488,24597,60
10/19/2023,AHPC,BUY,214.1,10,2141,22456,10
10/19/2023,KKHC,BUY,172.5,10,1725,20731,10
10/19/2023,JOSHI,SELL,204,10,2040,22771,20
10/19/2023,NHPC,BUY,140.1,10,1401,21370,50
10/19/2023,NICA,SELL,542.5,10,5425,26795,0
10/19/2023,NMB,BUY,209,10,2090,24705,80
10/19/2023,EBL,SELL,483.9,10,4839,29544,40
10/19/2023,KSBBL,BUY,300.1,10,3001,26543,20
10/19/2023,PROFL,BUY,285.2,10,2852,23691,10
10/19/2023,AKJCL,BUY,153.2,10,1532,22159,30
10/19/2023,DHPL,BUY,144.2,10,1442,20717,20
10/29/2023,NICA,BUY,533.6,10,5336,15381,10
10/29/2023,LBBL,BUY,373.3,10,3733,11648,10
10/29/2023,BARUN,BUY,210.9,10,2109,9539,10
10/29/2023,NMB,BUY,206.5,10,2065,7474,90
10/29/2023,HPPL,BUY,222,10,2220,5254,20
10/29/2023,PROFL,BUY,290,10,2900,2354,20
10/29/2023,EBL,SELL,471,10,4710,7064,30
10/29/2023,SANIMA,SELL,241.9,10,2419,9483,50
10/29/2023,AKJCL,BUY,149,10,1490,7993,40
10/29/2023,HURJA,BUY,221,10,2210,5783,10
10/29/2023,JOSHI,BUY,196,10,1960,3823,30
10/29/2023,DHPL,BUY,142.5,10,1425,2398,30
10/29/2023,KKHC,BUY,171.1,10,1711,687,20
10/30/2023,EBL,SELL,469.7,10,4697,5384,20
10/30/2023,SANIMA,SELL,242.5,10,2425,7809,40
10/30/2023,NHPC,BUY,133,10,1330,6479,60
10/30/2023,HURJA,SELL,229.9,10,2299,8778,0
10/30/2023,JOSHI,SELL,204.1,10,2041,10819,20
10/30/2023,ICFC,BUY,456,10,4560,6259,10
10/30/2023,DHPL,SELL,145.7,10,1457,7716,20
10/30/2023,AKJCL,BUY,152,10,1520,6196,50
10/30/2023,AHPC,BUY,212,10,2120,4076,20
10/30/2023,EDBL,BUY,316,10,3160,916,10
10/30/2023,NICA,SELL,536.2,10,5362,6278,0
10/30/2023,KSBBL,BUY,298,10,2980,3298,30
10/30/2023,BARUN,BUY,215,10,2150,1148,20
10/31/2023,EBL,SELL,469,10,4690,5838,10
10/31/2023,AHPC,BUY,205.1,10,2051,3787,30
10/31/2023,KKHC,BUY,167.9,10,1679,2108,30
10/31/2023,CZBIL,BUY,170,10,1700,408,10
11/1/2023,EBL,SELL,468,10,4680,5088,0
11/1/2023,KKHC,BUY,170,10,1700,3388,40
11/1/2023,BARUN,BUY,213,10,2130,1258,30
11/6/2023,DHPL,SELL,144,10,1440,2698,10
11/6/2023,HURJA,BUY,219.9,10,2199,499,10
11/6/2023,DHPL,SELL,144,10,1440,1939,0
11/7/2023,AHPC,SELL,207,10,2070,4009,20
11/7/2023,AHPC,SELL,207,10,2070,6079,10
11/7/2023,PROFL,SELL,287,10,2870,8949,10
11/7/2023,JBBL,BUY,278,10,2780,6169,10
11/7/2023,JBBL,BUY,278,10,2780,3389,20
11/7/2023,ADBL,BUY,244,10,2440,949,10
11/7/2023,KSBBL,SELL,297.2,10,2972,3921,20
11/7/2023,KSBBL,SELL,297.2,10,2972,6893,10
11/7/2023,BARUN,BUY,203,10,2030,4863,40
11/7/2023,CZBIL,BUY,163,10,1630,3233,20
11/7/2023,CZBIL,BUY,163,10,1630,1603,30
11/7/2023,NMB,SELL,207.2,10,2072,3675,80
11/7/2023,LBBL,SELL,381.9,10,3819,7494,0
11/7/2023,HPPL,BUY,208.8,10,2088,5406,30
11/7/2023,HPPL,BUY,208.8,10,2088,3318,40
11/7/2023,NMB,SELL,207.2,10,2072,5390,70
11/7/2023,PROFL,SELL,287,10,2870,8260,0
11/7/2023,BARUN,BUY,203,10,2030,6230,50
11/7/2023,NABIL,BUY,569.9,10,5699,531,10
11/7/2023,HURJA,SELL,221.5,10,2215,2746,0
11/7/2023,JOSHI,BUY,192.3,10,1923,823,30
11/7/2023,SANIMA,SELL,239.5,10,2395,3218,30
11/7/2023,KKHC,BUY,164.6,10,1646,1572,50
11/7/2023,AKJCL,BUY,148.1,10,1481,91,60
11/7/2023,SANIMA,SELL,239.5,10,2395,2486,20
11/7/2023,JOSHI,BUY,192.3,10,1923,563,40
11/8/2023,AKJCL,SELL,149.5,10,1495,2058,50
11/8/2023,AHPC,SELL,206,10,2060,4118,0
11/8/2023,SANIMA,BUY,236.4,10,2364,1754,30
11/8/2023,KKHC,SELL,170,10,1700,3454,40
11/8/2023,JBBL,BUY,277,10,2770,684,30
11/8/2023,ICFC,SELL,446,10,4460,5144,0
11/8/2023,PROFL,BUY,286,10,2860,2284,10
11/8/2023,HPPL,BUY,201,10,2010,274,50
11/8/2023,NMB,SELL,207.6,10,2076,2350,60
11/9/2023,NMB,BUY,205.1,10,2051,299,70
11/9/2023,KKHC,SELL,170.1,10,1701,2000,30
11/9/2023,AKJCL,BUY,148,10,1480,520,60
11/20/2023,SANIMA,SELL,237.1,10,2371,2891,20
11/20/2023,NMB,SELL,207,10,2070,4961,60
11/20/2023,JBBL,BUY,270,10,2700,2261,40
11/20/2023,DHPL,BUY,138,10,1380,881,10
11/20/2023,KKHC,SELL,180.9,10,1809,2690,20
11/21/2023,BARUN,BUY,195,10,1950,740,60
11/21/2023,KKHC,SELL,178,10,1780,2520,10
11/21/2023,NHPC,BUY,126.8,10,1268,1252,70
11/21/2023,SANIMA,SELL,236.4,10,2364,3616,10
11/21/2023,NMB,BUY,204.5,10,2045,1571,70
11/22/2023,KKHC,SELL,172.2,10,1722,3293,0
11/22/2023,DHPL,BUY,138,10,1380,1913,20
11/22/2023,ADBL,SELL,245,10,2450,4363,0
11/22/2023,AKJCL,BUY,146.1,10,1461,2902,70
11/22/2023,PROFL,BUY,277,10,2770,132,20
11/22/2023,EDBL,SELL,304,10,3040,3172,0
11/22/2023,BARUN,BUY,199,10,1990,1182,70
11/22/2023,CZBIL,SELL,163,10,1630,2812,20
11/22/2023,JOSHI,BUY,190,10,1900,912,50
11/22/2023,SANIMA,SELL,237,10,2370,3282,0
11/23/2023,DHPL,SELL,143,10,1430,4712,10
11/23/2023,JOSHI,SELL,191.9,10,1919,6631,40
11/23/2023,CZBIL,SELL,166,10,1660,8291,10
11/23/2023,HPPL,SELL,206,10,2060,10351,40
11/23/2023,NABIL,BUY,515,10,5150,5201,20
11/23/2023,PROFL,SELL,284,10,2840,8041,10
11/23/2023,JBBL,SELL,279,10,2790,10831,30
11/23/2023,KSBBL,SELL,296,10,2960,13791,0
11/23/2023,NHPC,SELL,131.9,10,1319,15110,60
11/23/2023,BARUN,BUY,201,10,2010,13100,80
11/23/2023,NMB,BUY,205,10,2050,11050,80
11/23/2023,ICFC,BUY,434,10,4340,6710,10
11/23/2023,AKJCL,SELL,149,10,1490,8200,60
11/23/2023,SANIMA,BUY,236.9,10,2369,5831,10
11/26/2023,ADBL,BUY,242,10,2420,3411,10
11/26/2023,CZBIL,SELL,168.5,10,1685,5096,0
11/26/2023,BARUN,SELL,208.6,10,2086,7182,70
11/26/2023,SANIMA,SELL,243,10,2430,9612,0
11/26/2023,PROFL,SELL,298.5,10,2985,12597,0
11/26/2023,NABIL,BUY,533.4,10,5334,7263,30
11/26/2023,NMB,SELL,208.9,10,2089,9352,70
11/26/2023,JBBL,SELL,287,10,2870,12222,20
11/26/2023,AKJCL,SELL,154.2,10,1542,13764,50
11/26/2023,NHPC,SELL,134.2,10,1342,15106,50
11/26/2023,DHPL,SELL,148,10,1480,16586,0
11/26/2023,HPPL,SELL,212,10,2120,18706,30
11/26/2023,JOSHI,SELL,197,10,1970,20676,30
11/26/2023,ICFC,SELL,452,10,4520,25196,0
11/27/2023,NHPC,SELL,134,10,1340,26536,40
11/27/2023,NABIL,BUY,526,10,5260,21276,40
11/27/2023,ADBL,SELL,244,10,2440,23716,0
11/27/2023,HPPL,SELL,210,10,2100,25816,20
11/27/2023,JBBL,SELL,280,10,2800,28616,10
11/27/2023,NMB,SELL,207,10,2070,30686,60
11/27/2023,JOSHI,SELL,196,10,1960,32646,20
11/27/2023,AKJCL,SELL,149.2,10,1492,34138,40
11/27/2023,BARUN,SELL,209,10,2090,36228,60
11/28/2023,EDBL,BUY,301.4,10,3014,33214,10
11/28/2023,JBBL,SELL,279,10,2790,36004,0
11/28/2023,JOSHI,SELL,195,10,1950,37954,10
11/28/2023,BARUN,SELL,206,10,2060,40014,50
11/28/2023,ADBL,BUY,242,10,2420,37594,10
11/28/2023,NMB,BUY,205,10,2050,35544,70
11/28/2023,AKJCL,SELL,151.9,10,1519,37063,30
11/28/2023,HPPL,SELL,209,10,2090,39153,10
11/28/2023,NHPC,SELL,134,10,1340,40493,30
11/28/2023,CZBIL,BUY,163,10,1630,38863,10
11/28/2023,NABIL,BUY,517,10,5170,33693,50
11/29/2023,NMB,BUY,204.3,10,2043,31650,80
11/29/2023,CZBIL,SELL,165,10,1650,33300,0
11/29/2023,NABIL,BUY,511.9,10,5119,28181,60
11/29/2023,BARUN,SELL,208.7,10,2087,30268,40
11/29/2023,AHPC,BUY,208,10,2080,28188,10
11/29/2023,NHPC,SELL,132,10,1320,29508,20
11/29/2023,EDBL,SELL,303,10,3030,32538,0
11/29/2023,HPPL,BUY,203.1,10,2031,30507,20
11/29/2023,AKJCL,SELL,150,10,1500,32007,20
11/29/2023,ADBL,BUY,241.8,10,2418,29589,20
11/29/2023,JBBL,BUY,274,10,2740,26849,10
11/29/2023,JOSHI,BUY,188.5,10,1885,24964,20
11/29/2023,HURJA,BUY,219,10,2190,22774,10
11/30/2023,HURJA,BUY,215,10,2150,20624,20
11/30/2023,HPPL,BUY,203.6,10,2036,18588,30
11/30/2023,PROFL,BUY,282,10,2820,15768,10
11/30/2023,KKHC,BUY,176.4,10,1764,14004,10
11/30/2023,MFIL,BUY,515,10,5150,8854,10
11/30/2023,NICA,BUY,500,10,5000,3854,10
11/30/2023,CZBIL,BUY,164,10,1640,2214,10
11/30/2023,AKJCL,BUY,148.7,10,1487,727,30
12/3/2023,BARUN,SELL,209.9,10,2099,2826,30
12/3/2023,KKHC,BUY,182,10,1820,1006,20
12/4/2023,HPPL,SELL,208.9,10,2089,3095,20
12/4/2023,DHPL,BUY,140.6,10,1406,1689,10
12/4/2023,BARUN,SELL,212.7,10,2127,3816,20
12/4/2023,MLBL,BUY,300.9,10,3009,807,10
12/5/2023,BARUN,SELL,213,10,2130,2937,10
12/5/2023,HURJA,BUY,213.9,10,2139,798,30
12/5/2023,NHPC,SELL,134,10,1340,2138,10
12/5/2023,DHPL,BUY,139.5,10,1395,743,20
12/6/2023,NHPC,SELL,132.6,10,1326,2069,0
12/6/2023,CZBIL,BUY,160.8,10,1608,461,20
12/6/2023,BARUN,SELL,209.9,10,2099,2560,0
12/6/2023,SANIMA,BUY,235.5,10,2355,205,10
12/7/2023,AHPC,SELL,208.9,10,2089,2294,0
12/7/2023,AKJCL,BUY,148,10,1480,814,40
12/7/2023,HURJA,SELL,219,10,2190,3004,20
12/7/2023,CZBIL,BUY,162.5,10,1625,1379,30
12/10/2023,DHPL,SELL,148.5,10,1485,2864,10
12/10/2023,PROFL,SELL,305,10,3050,5914,0
12/10/2023,ADBL,SELL,248.5,10,2485,8399,10
12/10/2023,HPPL,SELL,220,10,2200,10599,10
12/10/2023,JBBL,SELL,297,10,2970,13569,0
12/10/2023,NICA,SELL,524,10,5240,18809,0
12/10/2023,JOSHI,SELL,209,10,2090,20899,10
12/10/2023,AKJCL,SELL,160,10,1600,22499,30
12/10/2023,MFIL,SELL,513,10,5130,27629,0
12/10/2023,CZBIL,SELL,170,10,1700,29329,20
12/10/2023,HURJA,SELL,240.7,10,2407,31736,10
12/10/2023,SANIMA,SELL,253,10,2530,34266,0
12/10/2023,NMB,SELL,208,10,2080,36346,70
12/10/2023,KKHC,SELL,200.7,10,2007,38353,10
12/10/2023,MLBL,SELL,316,10,3160,41513,0
12/10/2023,NABIL,SELL,528.5,10,5285,46798,50
12/11/2023,HPPL,SELL,219,10,2190,48988,0
12/11/2023,HURJA,SELL,235,10,2350,51338,0
12/11/2023,CZBIL,SELL,170.1,10,1701,53039,10
12/11/2023,AKJCL,SELL,159,10,1590,54629,20
12/11/2023,DHPL,SELL,150,10,1500,56129,0
12/11/2023,JOSHI,SELL,210.1,10,2101,58230,0
12/11/2023,KKHC,SELL,199.1,10,1991,60221,0
12/11/2023,ADBL,SELL,246,10,2460,62681,0
12/11/2023,NABIL,SELL,522,10,5220,67901,40
12/11/2023,NMB,SELL,211.5,10,2115,70016,60
12/12/2023,NMB,SELL,208,10,2080,72096,50
12/12/2023,AKJCL,SELL,169,10,1690,73786,10
12/12/2023,CZBIL,SELL,173.9,10,1739,75525,0
12/12/2023,NABIL,SELL,521.2,10,5212,80737,30
12/13/2023,NABIL,SELL,521,10,5210,85947,20
12/13/2023,NMB,SELL,209.2,10,2092,88039,40
12/13/2023,AKJCL,SELL,172.5,10,1725,89764,0
12/14/2023,NMB,SELL,208.2,10,2082,91846,30
12/14/2023,NABIL,SELL,522.8,10,5228,97074,10
12/17/2023,NICA,BUY,501,10,5010,92064,10
12/17/2023,NABIL,BUY,513,10,5130,86934,20
12/17/2023,NMB,SELL,203,10,2030,88964,20
12/18/2023,NICA,SELL,515,10,5150,94114,0
12/18/2023,NMB,SELL,209,10,2090,96204,10
12/18/2023,NABIL,BUY,513,10,5130,91074,30
12/19/2023,NMB,SELL,214.2,10,2142,93216,0
12/19/2023,NABIL,SELL,518,10,5180,98396,20
12/20/2023,NABIL,SELL,520,10,5200,103596,10
12/21/2023,NMB,BUY,208.9,10,2089,101507,10
12/21/2023,HURJA,BUY,253.3,10,2533,98974,10
12/21/2023,EDBL,BUY,339,10,3390,95584,10
12/21/2023,NABIL,SELL,523,10,5230,100814,0
12/21/2023,PROFL,BUY,315,10,3150,97664,10
12/21/2023,LBBL,BUY,408,10,4080,93584,10
12/24/2023,JBBL,BUY,296.6,10,2966,90618,10
12/24/2023,BARUN,BUY,235,10,2350,88268,10
12/24/2023,SANIMA,BUY,258,10,2580,85688,10
12/24/2023,LBBL,SELL,410,10,4100,89788,0
12/24/2023,ICFC,BUY,485.4,10,4854,84934,10
12/24/2023,MLBL,BUY,330.3,10,3303,81631,10
12/24/2023,NABIL,BUY,515,10,5150,76481,10
12/24/2023,EBL,BUY,521,10,5210,71271,10
12/24/2023,EDBL,BUY,330,10,3300,67971,20
12/24/2023,HURJA,BUY,259.5,10,2595,65376,20
12/24/2023,PROFL,BUY,313.2,10,3132,62244,20
12/24/2023,NMB,BUY,209.1,10,2091,60153,20
12/27/2023,LICN,BUY,1475,10,14750,45403,10
12/27/2023,AKJCL,BUY,200,10,2000,43403,10
12/27/2023,MLBL,BUY,331,10,3310,40093,20
12/27/2023,HPPL,BUY,229.5,10,2295,37798,10
12/27/2023,SANIMA,BUY,257,10,2570,35228,20
12/27/2023,BARUN,BUY,234,10,2340,32888,20
12/27/2023,EBL,BUY,509,10,5090,27798,20
12/27/2023,ADBL,BUY,249.6,10,2496,25302,10
12/27/2023,LBBL,BUY,402,10,4020,21282,10
12/27/2023,KKHC,BUY,206.2,10,2062,19220,10
12/27/2023,HURJA,BUY,255,10,2550,16670,30
12/27/2023,ICFC,BUY,481,10,4810,11860,20
12/27/2023,MFIL,BUY,545,10,5450,6410,10
12/27/2023,NABIL,BUY,508,10,5080,1330,20
12/28/2023,KKHC,SELL,213,10,2130,3460,0
12/28/2023,NHPC,BUY,155,10,1550,1910,10
1/1/2024,CZBIL,BUY,178.9,10,1789,121,10
1/3/2024,NHPC,SELL,162,10,1620,1741,0
1/4/2024,CZBIL,BUY,173,10,1730,11,20
1/4/2024,HURJA,SELL,263.2,10,2632,2643,20
1/4/2024,SANIMA,BUY,251,10,2510,133,30
1/4/2024,HPPL,SELL,237,10,2370,2503,0
1/7/2024,BARUN,SELL,234.2,10,2342,4845,10
1/7/2024,LBBL,BUY,378,10,3780,1065,20
1/7/2024,HURJA,SELL,266.8,10,2668,3733,10
1/7/2024,ADBL,BUY,243.4,10,2434,1299,20
1/8/2024,BARUN,SELL,250,10,2500,3799,0
1/8/2024,EDBL,BUY,331,10,3310,489,30
1/8/2024,AKJCL,SELL,203,10,2030,2519,0
1/8/2024,CZBIL,BUY,169.5,10,1695,824,30
1/8/2024,JBBL,SELL,293,10,2930,3754,0
1/8/2024,PROFL,SELL,313,10,3130,6884,10
1/8/2024,EBL,BUY,506,10,5060,1824,30
1/8/2024,HURJA,SELL,279.9,10,2799,4623,0
1/8/2024,MLBL,BUY,321.8,10,3218,1405,30
1/9/2024,MFIL,SELL,534.8,10,5348,6753,0
1/9/2024,ADBL,BUY,245.1,10,2451,4302,30
1/9/2024,LBBL,SELL,404,10,4040,8342,10
1/9/2024,NICA,BUY,507,10,5070,3272,10
1/9/2024,ICFC,SELL,490,10,4900,8172,10
1/9/2024,PROFL,SELL,336,10,3360,11532,0
1/9/2024,EBL,SELL,512,10,5120,16652,20
1/9/2024,LICN,BUY,1415,10,14150,2502,20
1/9/2024,MLBL,SELL,337.9,10,3379,5881,20
1/9/2024,SANIMA,BUY,249,10,2490,3391,40
1/9/2024,EDBL,SELL,353.9,10,3539,6930,20
1/9/2024,CZBIL,BUY,169.7,10,1697,5233,40
1/9/2024,NHPC,BUY,157,10,1570,3663,10
1/10/2024,NHPC,BUY,157,10,1570,2093,20
1/10/2024,NMB,BUY,199.5,10,1995,98,30
1/10/2024,SANIMA,SELL,256,10,2560,2658,30
1/10/2024,MLBL,SELL,350,10,3500,6158,10
1/10/2024,EBL,SELL,519.9,10,5199,11357,10
1/10/2024,NICA,SELL,518,10,5180,16537,0
1/10/2024,EDBL,SELL,352.1,10,3521,20058,10
1/10/2024,LBBL,SELL,401.1,10,4011,24069,0
1/10/2024,HPPL,BUY,233.1,10,2331,21738,10
1/10/2024,ICFC,SELL,499.9,10,4999,26737,0
1/11/2024,SANIMA,SELL,256,10,2560,29297,20
1/11/2024,EDBL,SELL,360,10,3600,32897,0
1/11/2024,LICN,BUY,1391.6,10,13916,18981,30
1/11/2024,MLBL,SELL,342,10,3420,22401,0
1/11/2024,CZBIL,BUY,172.9,10,1729,20672,50
1/11/2024,ADBL,BUY,245,10,2450,18222,40
1/11/2024,HPPL,SELL,240,10,2400,20622,0
1/11/2024,NMB,BUY,199,10,1990,18632,40
1/11/2024,NHPC,BUY,156.9,10,1569,17063,30
1/11/2024,NABIL,BUY,493,10,4930,12133,30
1/11/2024,EBL,SELL,519,10,5190,17323,0
1/14/2024,NHPC,SELL,165.6,10,1656,18979,20
1/14/2024,ADBL,SELL,245.9,10,2459,21438,30
1/14/2024,NMB,SELL,201.5,10,2015,23453,30
1/14/2024,CZBIL,BUY,172.1,10,1721,21732,60
1/14/2024,SANIMA,SELL,258,10,2580,24312,10
1/14/2024,LICN,SELL,1425,10,14250,38562,20
1/14/2024,NABIL,SELL,494.5,10,4945,43507,20
1/16/2024,NMB,SELL,205.9,10,2059,45566,20
1/16/2024,LICN,SELL,1440,10,14400,59966,10
1/16/2024,ADBL,SELL,246.8,10,2468,62434,20
1/16/2024,CZBIL,SELL,182,10,1820,64254,50
1/16/2024,NHPC,SELL,174,10,1740,65994,10
1/16/2024,SANIMA,SELL,265.5,10,2655,68649,0
1/16/2024,NABIL,SELL,501,10,5010,73659,10
1/17/2024,NMB,SELL,209.1,10,2091,75750,10
1/17/2024,NABIL,SELL,504,10,5040,80790,0
1/17/2024,CZBIL,SELL,182,10,1820,82610,40
1/17/2024,ADBL,SELL,247,10,2470,85080,10
1/17/2024,LICN,SELL,1421,10,14210,99290,0
1/17/2024,NHPC,SELL,169.1,10,1691,100981,0
1/18/2024,NICA,BUY,509,10,5090,95891,10
1/18/2024,NMB,SELL,208,10,2080,97971,0
1/18/2024,CZBIL,SELL,181.9,10,1819,99790,30
1/18/2024,CIT,BUY,2195,10,21950,77840,10
1/18/2024,ADBL,SELL,247,10,2470,80310,0
1/21/2024,ADBL,BUY,243.9,10,2439,77871,10
1/21/2024,JBBL,BUY,308,10,3080,74791,10
1/21/2024,LICN,BUY,1414,10,14140,60651,10
1/21/2024,ICFC,BUY,486.1,10,4861,55790,10
1/21/2024,MLBL,BUY,335,10,3350,52440,10
1/21/2024,MFIL,BUY,522,10,5220,47220,10
1/21/2024,PROFL,BUY,325.4,10,3254,43966,10
1/21/2024,NICA,BUY,496.1,10,4961,39005,20
1/21/2024,NMB,BUY,198.1,10,1981,37024,10
1/21/2024,SANIMA,BUY,255,10,2550,34474,10
1/21/2024,NABIL,BUY,493,10,4930,29544,10
1/21/2024,CZBIL,SELL,178,10,1780,31324,20
1/21/2024,CIT,BUY,2170.1,10,21701,9623,20
1/22/2024,MFIL,BUY,515,10,5150,4473,20
1/22/2024,MLBL,BUY,339.1,10,3391,1082,20
1/29/2024,MFIL,SELL,526,10,5260,6342,10
1/29/2024,LBBL,BUY,406,10,4060,2282,10
1/29/2024,CZBIL,BUY,170,10,1700,582,30
1/29/2024,LICN,SELL,1409,10,14090,14672,0
1/29/2024,ADBL,SELL,246.5,10,2465,17137,0
1/30/2024,LBBL,BUY,409,10,4090,13047,20
1/30/2024,MFIL,BUY,521.1,10,5211,7836,20
1/30/2024,CZBIL,BUY,170,10,1700,6136,40
1/30/2024,AHPC,BUY,216.8,10,2168,3968,10
1/30/2024,ICFC,SELL,486,10,4860,8828,0
1/30/2024,PCBL,BUY,207.4,10,2074,6754,10
1/30/2024,JBBL,SELL,307.9,10,3079,9833,0
1/30/2024,MLBL,BUY,340,10,3400,6433,30
1/30/2024,SANIMA,BUY,247.6,10,2476,3957,20
1/30/2024,PROFL,BUY,323.1,10,3231,726,20
2/5/2024,MLBL,SELL,336,10,3360,4086,20
2/5/2024,NMB,BUY,192,10,1920,2166,20
2/5/2024,CIT,SELL,2097,10,20970,23136,10
2/5/2024,EBL,BUY,528,10,5280,17856,10
2/5/2024,DHPL,BUY,210,10,2100,15756,10
2/5/2024,NABIL,BUY,475,10,4750,11006,20
2/5/2024,HPPL,BUY,277.5,10,2775,8231,10
2/5/2024,ADBL,BUY,242,10,2420,5811,10
2/5/2024,SANIMA,BUY,243.3,10,2433,3378,30
2/5/2024,AKJCL,BUY,227,10,2270,1108,10
2/6/2024,AKJCL,SELL,229,10,2290,3398,0
2/6/2024,CZBIL,BUY,167.5,10,1675,1723,50
2/6/2024,NICA,SELL,477.8,10,4778,6501,10
2/6/2024,DHPL,BUY,211,10,2110,4391,20
2/6/2024,NMB,BUY,192,10,1920,2471,30
2/6/2024,CIT,SELL,2100.1,10,21001,23472,0
2/6/2024,AHPC,BUY,207.2,10,2072,21400,20
2/6/2024,MFIL,BUY,515,10,5150,16250,30
2/6/2024,NHPC,BUY,168.3,10,1683,14567,10
2/6/2024,MLBL,SELL,338,10,3380,17947,10
2/6/2024,PROFL,BUY,319,10,3190,14757,30
2/6/2024,LBBL,BUY,396,10,3960,10797,30
2/7/2024,NABIL,BUY,475.1,10,4751,6046,30
2/7/2024,AHPC,BUY,207.6,10,2076,3970,30
2/7/2024,LBBL,SELL,400.1,10,4001,7971,20
2/7/2024,NHPC,BUY,168.9,10,1689,6282,20
2/7/2024,MLBL,SELL,334.5,10,3345,9627,0
2/7/2024,PROFL,BUY,319,10,3190,6437,40
2/7/2024,MFIL,BUY,515.1,10,5151,1286,40
2/7/2024,SANIMA,SELL,246,10,2460,3746,20
2/7/2024,JBBL,BUY,301,10,3010,736,10
2/7/2024,EBL,SELL,533.9,10,5339,6075,0
2/7/2024,HPPL,BUY,279.1,10,2791,3284,20
2/7/2024,NICA,SELL,479,10,4790,8074,0
2/7/2024,PCBL,BUY,203,10,2030,6044,20
2/8/2024,HPPL,SELL,291,10,2910,8954,10
2/8/2024,CZBIL,SELL,169,10,1690,10644,40
2/8/2024,JBBL,SELL,306.9,10,3069,13713,0
2/8/2024,NMB,BUY,192.8,10,1928,11785,40
2/8/2024,PCBL,SELL,204.5,10,2045,13830,10
2/8/2024,NICA,BUY,474.6,10,4746,9084,10
2/8/2024,ADBL,BUY,242,10,2420,6664,20
2/8/2024,AKJCL,BUY,229.1,10,2291,4373,10
2/8/2024,PROFL,BUY,319.7,10,3197,1176,50
2/8/2024,LBBL,SELL,400,10,4000,5176,10
2/8/2024,NHPC,BUY,169,10,1690,3486,30
2/8/2024,DHPL,BUY,212.7,10,2127,1359,30
2/8/2024,SANIMA,SELL,249,10,2490,3849,10
2/8/2024,AHPC,BUY,206.8,10,2068,1781,40
2/11/2024,PCBL,SELL,204.7,10,2047,3828,0
2/11/2024,AHPC,BUY,207.5,10,2075,1753,50
2/11/2024,PROFL,SELL,319.7,10,3197,4950,40
2/11/2024,ICFC,BUY,481,10,4810,140,10
2/11/2024,SANIMA,SELL,248.4,10,2484,2624,0
2/11/2024,HPPL,SELL,285,10,2850,5474,0
2/11/2024,EBL,BUY,521.4,10,5214,260,10
2/11/2024,LBBL,SELL,399,10,3990,4250,0
2/11/2024,AKJCL,SELL,232,10,2320,6570,0
2/12/2024,MFIL,SELL,517.5,10,5175,11745,30
2/12/2024,ADBL,BUY,238,10,2380,9365,30
2/12/2024,NMB,BUY,191,10,1910,7455,50
2/12/2024,DHPL,SELL,215.2,10,2152,9607,20
2/12/2024,AHPC,SELL,209.4,10,2094,11701,40
2/12/2024,EBL,BUY,525,10,5250,6451,20
2/12/2024,NHPC,SELL,172,10,1720,8171,20
2/12/2024,ICFC,SELL,488,10,4880,13051,0
2/12/2024,NABIL,BUY,477,10,4770,8281,40
2/12/2024,BARUN,BUY,274,10,2740,5541,10
2/12/2024,NICA,BUY,450.1,10,4501,1040,20
2/12/2024,PROFL,SELL,321,10,3210,4250,30
2/12/2024,CZBIL,BUY,167.3,10,1673,2577,50
2/13/2024,SANIMA,BUY,244,10,2440,137,10
2/14/2024,EBL,SELL,527,10,5270,5407,10
2/14/2024,CZBIL,BUY,166,10,1660,3747,60
2/14/2024,SANIMA,BUY,245,10,2450,1297,20
2/14/2024,PROFL,SELL,338.9,10,3389,4686,20
2/14/2024,MFIL,SELL,527.1,10,5271,9957,20
2/14/2024,AHPC,BUY,200,10,2000,7957,50
2/14/2024,NHPC,BUY,166,10,1660,6297,30
2/14/2024,NMB,BUY,190,10,1900,4397,60
2/14/2024,DHPL,BUY,209.5,10,2095,2302,30
2/14/2024,AKJCL,BUY,229,10,2290,12,10
2/15/2024,MFIL,SELL,519.4,10,5194,5206,10
2/15/2024,JBBL,BUY,303,10,3030,2176,10
2/15/2024,NMB,BUY,189.2,10,1892,284,70
2/15/2024,AKJCL,SELL,234,10,2340,2624,0
2/15/2024,DHPL,BUY,211,10,2110,514,40
2/18/2024,DHPL,SELL,217,10,2170,2684,30
2/18/2024,CZBIL,BUY,165,10,1650,1034,70
2/20/2024,DHPL,SELL,214.9,10,2149,3183,20
2/20/2024,NMB,BUY,186.3,10,1863,1320,80
2/26/2024,MFIL,SELL,515,10,5150,6470,0
2/26/2024,AHPC,BUY,185,10,1850,4620,60
2/26/2024,MLBL,BUY,322,10,3220,1400,10
3/4/2024,MLBL,SELL,333.5,10,3335,4735,0
3/4/2024,ADBL,SELL,237.4,10,2374,7109,20
3/4/2024,BARUN,SELL,266,10,2660,9769,0
3/4/2024,SANIMA,SELL,244,10,2440,12209,10
3/4/2024,NABIL,SELL,458.3,10,4583,16792,30
3/4/2024,EBL,SELL,524,10,5240,22032,0
3/4/2024,NICA,SELL,435,10,4350,26382,10
3/4/2024,AHPC,SELL,193.8,10,1938,28320,50
3/4/2024,AKJCL,BUY,217,10,2170,26150,10
3/4/2024,CZBIL,SELL,169.9,10,1699,27849,60
3/4/2024,PROFL,SELL,325,10,3250,31099,10
3/4/2024,DHPL,BUY,197.6,10,1976,29123,30
3/4/2024,NMB,SELL,184.9,10,1849,30972,70
3/4/2024,JBBL,SELL,304.9,10,3049,34021,0
3/4/2024,NHPC,SELL,166,10,1660,35681,20
3/5/2024,HURJA,BUY,294,10,2940,32741,10
3/5/2024,JOSHI,BUY,346,10,3460,29281,10
3/5/2024,MLBL,BUY,319,10,3190,26091,10
3/5/2024,EDBL,BUY,342.2,10,3422,22669,10
3/5/2024,ICFC,BUY,484,10,4840,17829,10
3/5/2024,AHPC,SELL,189.6,10,1896,19725,40
3/5/2024,SANIMA,SELL,238,10,2380,22105,0
3/5/2024,ADBL,SELL,229.5,10,2295,24400,10
3/5/2024,AKJCL,SELL,221,10,2210,26610,0
3/5/2024,NMB,SELL,180,10,1800,28410,60
3/5/2024,PCBL,BUY,192.4,10,1924,26486,10
3/5/2024,LBBL,BUY,380,10,3800,22686,10
3/5/2024,KKHC,BUY,243,10,2430,20256,10
3/5/2024,BARUN,BUY,248,10,2480,17776,10
3/5/2024,JBBL,BUY,291,10,2910,14866,10
3/5/2024,CZBIL,SELL,166,10,1660,16526,50
3/5/2024,MFIL,BUY,497.5,10,4975,11551,10
3/5/2024,NICA,BUY,416.9,10,4169,7382,20
3/5/2024,NABIL,SELL,446,10,4460,11842,20
3/5/2024,HPPL,BUY,271.9,10,2719,9123,10
3/5/2024,DHPL,SELL,199.1,10,1991,11114,20
3/5/2024,NHPC,SELL,162,10,1620,12734,10
3/5/2024,PROFL,BUY,308,10,3080,9654,20
3/6/2024,NHPC,SELL,160,10,1600,11254,0
3/6/2024,ADBL,BUY,228.3,10,2283,8971,20
3/6/2024,JBBL,SELL,292.9,10,2929,11900,0
3/6/2024,HPPL,SELL,276.5,10,2765,14665,0
3/6/2024,CZBIL,SELL,164,10,1640,16305,40
3/6/2024,HURJA,SELL,304.9,10,3049,19354,0
3/6/2024,KKHC,BUY,244,10,2440,16914,20
3/6/2024,MFIL,SELL,507,10,5070,21984,0
3/6/2024,EDBL,SELL,348,10,3480,25464,0
3/6/2024,MLBL,BUY,320,10,3200,22264,20
3/6/2024,NABIL,SELL,442,10,4420,26684,10
3/6/2024,JOSHI,BUY,376,10,3760,22924,20
3/6/2024,ICFC,BUY,479,10,4790,18134,20
3/6/2024,PCBL,BUY,192,10,1920,16214,20
3/6/2024,LBBL,BUY,378,10,3780,12434,20
3/6/2024,AHPC,SELL,185.8,10,1858,14292,30
3/6/2024,BARUN,BUY,251,10,2510,11782,20
3/6/2024,NICA,SELL,418,10,4180,15962,10
3/6/2024,NMB,SELL,181.4,10,1814,17776,50
3/6/2024,PROFL,SELL,315,10,3150,20926,10
3/6/2024,DHPL,SELL,201.9,10,2019,22945,10
3/6/2024,KSBBL,BUY,343,10,3430,19515,10
3/7/2024,JOSHI,BUY,363,10,3630,15885,30
3/7/2024,AHPC,SELL,186.8,10,1868,17753,20
3/7/2024,LBBL,SELL,385,10,3850,21603,10
3/7/2024,PCBL,SELL,192.8,10,1928,23531,10
3/7/2024,MLBL,BUY,320.2,10,3202,20329,30
3/7/2024,KSBBL,SELL,344.9,10,3449,23778,0
3/7/2024,NABIL,SELL,445.5,10,4455,28233,0
3/7/2024,PROFL,BUY,309.5,10,3095,25138,20
3/7/2024,ICFC,BUY,482.9,10,4829,20309,30
3/7/2024,BARUN,SELL,253.8,10,2538,22847,10
3/7/2024,NICA,SELL,421.9,10,4219,27066,0
3/7/2024,LICN,BUY,1325.1,10,13251,13815,10
3/7/2024,DHPL,SELL,202.4,10,2024,15839,0
3/7/2024,ADBL,BUY,228.1,10,2281,13558,30
3/7/2024,NMB,SELL,181.6,10,1816,15374,40
3/7/2024,KKHC,SELL,248,10,2480,17854,10
3/10/2024,PCBL,SELL,195,10,1950,19804,0
3/10/2024,MLBL,SELL,327,10,3270,23074,20
3/10/2024,CZBIL,SELL,164.2,10,1642,24716,30
3/10/2024,KKHC,SELL,245,10,2450,27166,0
3/10/2024,ICFC,SELL,493,10,4930,32096,20
3/10/2024,JOSHI,BUY,342,10,3420,28676,40
3/10/2024,BARUN,SELL,252.8,10,2528,31204,0
3/10/2024,LICN,SELL,1370,10,13700,44904,0
3/10/2024,PROFL,SELL,315,10,3150,48054,10
3/10/2024,LBBL,SELL,386.1,10,3861,51915,0
3/10/2024,NMB,SELL,183.7,10,1837,53752,30
3/10/2024,ADBL,SELL,231,10,2310,56062,20
3/10/2024,AHPC,SELL,187,10,1870,57932,10
3/12/2024,JOSHI,BUY,337,10,3370,54562,50
3/12/2024,NMB,SELL,197.7,10,1977,56539,20
3/12/2024,ICFC,SELL,506,10,5060,61599,10
3/12/2024,PROFL,SELL,323.3,10,3233,64832,0
3/12/2024,AHPC,SELL,189.5,10,1895,66727,0
3/12/2024,CZBIL,SELL,169.2,10,1692,68419,20
3/12/2024,MLBL,SELL,339.9,10,3399,71818,10
3/12/2024,ADBL,SELL,239.7,10,2397,74215,10
3/13/2024,ADBL,SELL,236,10,2360,76575,0
3/13/2024,CZBIL,SELL,167.1,10,1671,78246,10
3/13/2024,MLBL,SELL,339,10,3390,81636,0
3/13/2024,NMB,SELL,195.9,10,1959,83595,10
3/13/2024,JOSHI,BUY,329,10,3290,80305,60
3/13/2024,ICFC,SELL,513,10,5130,85435,0
3/13/2024,BARUN,BUY,252,10,2520,82915,10
3/14/2024,CZBIL,SELL,165.4,10,1654,84569,0
3/14/2024,NMB,SELL,189.8,10,1898,86467,0
3/14/2024,HPPL,BUY,278.3,10,2783,83684,10
3/14/2024,JOSHI,BUY,338,10,3380,80304,70
3/14/2024,BARUN,BUY,251,10,2510,77794,20
3/17/2024,JOSHI,BUY,334,10,3340,74454,80
3/17/2024,CZBIL,BUY,165,10,1650,72804,10
3/17/2024,NHPC,BUY,159.6,10,1596,71208,10
3/17/2024,NICA,BUY,418,10,4180,67028,10
3/17/2024,BARUN,BUY,247,10,2470,64558,30
3/17/2024,DHPL,BUY,199,10,1990,62568,10
3/17/2024,AHPC,BUY,183,10,1830,60738,10
3/17/2024,HPPL,BUY,271.1,10,2711,58027,20
3/17/2024,AKJCL,BUY,222,10,2220,55807,10
3/18/2024,NHPC,BUY,159.7,10,1597,54210,20
3/18/2024,AHPC,BUY,184.2,10,1842,52368,20
3/18/2024,NICA,BUY,418.2,10,4182,48186,20
3/18/2024,DHPL,SELL,202,10,2020,50206,0
3/18/2024,BARUN,BUY,247.6,10,2476,47730,40
3/18/2024,HURJA,BUY,299.7,10,2997,44733,10
3/18/2024,AKJCL,BUY,222,10,2220,42513,20
3/18/2024,CZBIL,BUY,165.9,10,1659,40854,20
3/18/2024,JOSHI,BUY,336,10,3360,37494,90
3/18/2024,SANIMA,BUY,244,10,2440,35054,10
3/18/2024,HPPL,BUY,276.9,10,2769,32285,30
3/18/2024,KKHC,BUY,245.2,10,2452,29833,10
3/18/2024,CIT,BUY,2125,10,21250,8583,10
3/19/2024,LBBL,BUY,386.2,10,3862,4721,10
3/19/2024,CZBIL,BUY,163,10,1630,3091,30
3/19/2024,HPPL,BUY,275,10,2750,341,40
3/19/2024,JOSHI,SELL,345,10,3450,3791,80
3/19/2024,AKJCL,BUY,222,10,2220,1571,30
3/19/2024,NHPC,BUY,156.1,10,1561,10,30
3/26/2024,JOSHI,SELL,354,10,3540,3550,70
3/26/2024,NMB,BUY,181,10,1810,1740,10
3/27/2024,CZBIL,BUY,159.5,10,1595,145,40
3/27/2024,JOSHI,SELL,359,10,3590,3735,60
3/28/2024,JOSHI,SELL,347,10,3470,7205,50
3/28/2024,MLBL,BUY,324.8,10,3248,3957,10
3/28/2024,CZBIL,BUY,160.5,10,1605,2352,50
3/28/2024,ADBL,BUY,230,10,2300,52,10
3/28/2024,CIT,SELL,2129,10,21290,21342,0
3/28/2024,PCBL,BUY,192.9,10,1929,19413,10
3/28/2024,SANIMA,BUY,236.6,10,2366,17047,20
3/28/2024,NHPC,BUY,151.7,10,1517,15530,40
3/28/2024,HPPL,BUY,266.7,10,2667,12863,50
3/28/2024,MFIL,BUY,507.5,10,5075,7788,10
3/28/2024,NMB,BUY,180,10,1800,5988,20
3/28/2024,EDBL,BUY,357,10,3570,2418,10
3/28/2024,AHPC,BUY,177.3,10,1773,645,30
3/28/2024,HURJA,SELL,315.7,10,3157,3802,0
3/28/2024,KKHC,BUY,240,10,2400,1402,20
3/31/2024,BARUN,SELL,246.5,10,2465,3867,30
3/31/2024,PROFL,BUY,312.5,10,3125,742,10
3/31/2024,HPPL,SELL,272.1,10,2721,3463,40
3/31/2024,KKHC,BUY,237,10,2370,1093,30
4/1/2024,HPPL,SELL,273.9,10,2739,3832,30
4/1/2024,PCBL,BUY,191.8,10,1918,1914,20
4/1/2024,NMB,BUY,178,10,1780,134,30
4/4/2024,HPPL,SELL,273,10,2730,2864,20
4/4/2024,NHPC,BUY,145.5,10,1455,1409,50
4/7/2024,PROFL,SELL,326,10,3260,4669,0
4/7/2024,HURJA,BUY,293,10,2930,1739,10
4/7/2024,SANIMA,SELL,238.5,10,2385,4124,10
4/7/2024,NMB,BUY,175.9,10,1759,2365,40
4/7/2024,ADBL,BUY,228,10,2280,85,20
4/7/2024,MLBL,SELL,333,10,3330,3415,0
4/7/2024,HPPL,SELL,271,10,2710,6125,10
4/7/2024,KKHC,BUY,230,10,2300,3825,40
4/7/2024,LBBL,SELL,381.6,10,3816,7641,0
4/7/2024,NABIL,BUY,438,10,4380,3261,10
4/7/2024,NHPC,BUY,149.3,10,1493,1768,60
4/7/2024,MFIL,SELL,520,10,5200,6968,0
4/7/2024,AKJCL,BUY,216,10,2160,4808,40
4/7/2024,BARUN,BUY,238,10,2380,2428,40
4/7/2024,AHPC,BUY,172.9,10,1729,699,40
4/7/2024,EDBL,SELL,356,10,3560,4259,0
4/7/2024,PCBL,BUY,190,10,1900,2359,30
4/9/2024,NHPC,SELL,152,10,1520,3879,50
4/9/2024,AKJCL,BUY,216.1,10,2161,1718,50
4/9/2024,AHPC,SELL,175.8,10,1758,3476,30
4/9/2024,KKHC,BUY,230,10,2300,1176,50
4/9/2024,NABIL,SELL,439,10,4390,5566,0
4/9/2024,NICA,BUY,398.8,10,3988,1578,30
4/9/2024,SANIMA,SELL,242,10,2420,3998,0
4/9/2024,HPPL,SELL,274.8,10,2748,6746,0
4/9/2024,HURJA,BUY,295.1,10,2951,3795,20
4/10/2024,AKJCL,BUY,215,10,2150,1645,60
4/10/2024,KKHC,SELL,249,10,2490,4135,40
4/10/2024,AHPC,SELL,174,10,1740,5875,20
4/10/2024,CZBIL,BUY,159,10,1590,4285,60
4/10/2024,ADBL,BUY,227,10,2270,2015,30
4/10/2024,NHPC,SELL,151.5,10,1515,3530,40
4/10/2024,HURJA,BUY,292.9,10,2929,601,30
4/14/2024,JOSHI,SELL,338,10,3380,3981,40
4/14/2024,BARUN,SELL,241.1,10,2411,6392,30
4/14/2024,ADBL,BUY,226.1,10,2261,4131,40
4/14/2024,MLBL,BUY,321.2,10,3212,919,10
4/14/2024,PCBL,SELL,192.9,10,1929,2848,20
4/14/2024,AKJCL,BUY,214,10,2140,708,70
4/14/2024,KKHC,SELL,246.3,10,2463,3171,30
4/15/2024,ADBL,BUY,225,10,2250,921,50
4/15/2024,JOSHI,SELL,335.5,10,3355,4276,30
4/15/2024,MLBL,BUY,318.7,10,3187,1089,20
4/18/2024,JOSHI,SELL,345,10,3450,4539,20
4/18/2024,NICA,BUY,385,10,3850,689,40
4/18/2024,KKHC,SELL,243.3,10,2433,3122,20
4/18/2024,ADBL,BUY,223.4,10,2234,888,60
4/21/2024,BARUN,SELL,239.8,10,2398,3286,20
4/21/2024,HURJA,BUY,290,10,2900,386,40
4/21/2024,PCBL,SELL,191.8,10,1918,2304,10
4/21/2024,ADBL,SELL,233,10,2330,4634,50
4/21/2024,JOSHI,SELL,355,10,3550,8184,10
4/21/2024,AKJCL,BUY,212,10,2120,6064,80
4/21/2024,KSBBL,BUY,352.9,10,3529,2535,10
4/21/2024,NHPC,SELL,148,10,1480,4015,30
4/21/2024,MLBL,BUY,319,10,3190,825,30
4/22/2024,ADBL,SELL,229.4,10,2294,3119,40
4/22/2024,SANIMA,BUY,230,10,2300,819,10
4/22/2024,PCBL,SELL,191.9,10,1919,2738,0
4/22/2024,AHPC,BUY,166.5,10,1665,1073,30
4/22/2024,JOSHI,SELL,359,10,3590,4663,0
4/24/2024,CZBIL,BUY,154.6,10,1546,3117,70
4/24/2024,ADBL,SELL,229.5,10,2295,5412,30
4/24/2024,HURJA,BUY,285,10,2850,2562,50
4/24/2024,NHPC,BUY,146.3,10,1463,1099,40
4/25/2024,ADBL,SELL,230,10,2300,3399,20
4/25/2024,HPPL,BUY,255,10,2550,849,10
4/28/2024,KSBBL,SELL,361,10,3610,4459,0
4/28/2024,CZBIL,BUY,154.9,10,1549,2910,80
4/28/2024,KKHC,BUY,224,10,2240,670,30
4/28/2024,MLBL,SELL,323,10,3230,3900,20
4/28/2024,DHPL,BUY,196.8,10,1968,1932,10
4/28/2024,HURJA,SELL,290.1,10,2901,4833,40
4/28/2024,JBBL,BUY,285,10,2850,1983,10
4/28/2024,NMB,BUY,169.7,10,1697,286,50
4/28/2024,ADBL,SELL,235.5,10,2355,2641,10
4/28/2024,NHPC,BUY,145.8,10,1458,1183,50
4/29/2024,DHPL,SELL,200.5,10,2005,3188,0
4/29/2024,SANIMA,SELL,233.1,10,2331,5519,0
4/29/2024,AKJCL,BUY,207.9,10,2079,3440,90
4/29/2024,MLBL,SELL,326.9,10,3269,6709,10
4/29/2024,HPPL,BUY,253.9,10,2539,4170,20
4/29/2024,AHPC,BUY,163,10,1630,2540,40
4/29/2024,BARUN,BUY,230,10,2300,240,30
4/29/2024,JBBL,SELL,291,10,2910,3150,0
4/29/2024,CZBIL,BUY,154,10,1540,1610,90
4/29/2024,NHPC,BUY,145,10,1450,160,60
4/29/2024,HURJA,SELL,289.5,10,2895,3055,30
4/29/2024,ADBL,SELL,236.2,10,2362,5417,0
4/30/2024,CZBIL,SELL,157,10,1570,6987,80
4/30/2024,NHPC,SELL,149,10,1490,8477,50
4/30/2024,HPPL,SELL,264,10,2640,11117,10
4/30/2024,BARUN,SELL,236,10,2360,13477,20
4/30/2024,AHPC,SELL,165.8,10,1658,15135,30
4/30/2024,KKHC,BUY,225,10,2250,12885,40
4/30/2024,AKJCL,SELL,214,10,2140,15025,80
4/30/2024,MLBL,SELL,339.1,10,3391,18416,0
4/30/2024,NMB,SELL,173.4,10,1734,20150,40
4/30/2024,HURJA,SELL,290.8,10,2908,23058,20
4/30/2024,JOSHI,BUY,335.1,10,3351,19707,10
4/30/2024,NICA,BUY,363,10,3630,16077,50
4/30/2024,LICN,BUY,1318.9,10,13189,2888,10
5/2/2024,AHPC,SELL,166,10,1660,4548,20
5/2/2024,KKHC,BUY,225,10,2250,2298,50
5/2/2024,NHPC,SELL,146.5,10,1465,3763,40
5/2/2024,BARUN,BUY,231.5,10,2315,1448,30
5/2/2024,AKJCL,SELL,211.9,10,2119,3567,70
5/2/2024,HPPL,SELL,260,10,2600,6167,0
5/2/2024,CZBIL,BUY,155.5,10,1555,4612,90
5/2/2024,NICA,BUY,357,10,3570,1042,60
5/2/2024,HURJA,SELL,287.6,10,2876,3918,10
5/2/2024,NMB,SELL,173.6,10,1736,5654,30
5/5/2024,KKHC,BUY,225,10,2250,3404,60
5/5/2024,BARUN,BUY,225.8,10,2258,1146,40
5/5/2024,CZBIL,SELL,155.9,10,1559,2705,80
5/6/2024,PCBL,BUY,189.7,10,1897,808,10
5/12/2024,CZBIL,SELL,156,10,1560,2368,70
5/12/2024,NICA,SELL,352,10,3520,5888,50
5/12/2024,BARUN,BUY,219,10,2190,3698,50
5/12/2024,DHPL,BUY,198,10,1980,1718,10
5/12/2024,NMB,SELL,171,10,1710,3428,20
5/12/2024,PCBL,SELL,193,10,1930,5358,0
5/12/2024,NABIL,BUY,422,10,4220,1138,10
5/13/2024,NABIL,SELL,430.8,10,4308,5446,0
5/13/2024,LICN,SELL,1281,10,12810,18256,0
5/13/2024,ICFC,BUY,517,10,5170,13086,10
5/13/2024,NICA,SELL,363,10,3630,16716,40
5/13/2024,AHPC,BUY,158,10,1580,15136,30
5/13/2024,MFIL,BUY,505.2,10,5052,10084,10
5/13/2024,BARUN,SELL,226,10,2260,12344,40
5/13/2024,NHPC,SELL,145.1,10,1451,13795,30
5/13/2024,HURJA,SELL,304.1,10,3041,16836,0
5/13/2024,CZBIL,SELL,161.5,10,1615,18451,60
5/13/2024,JOSHI,BUY,310,10,3100,15351,20
5/13/2024,LBBL,BUY,377,10,3770,11581,10
5/13/2024,DHPL,BUY,195,10,1950,9631,20
5/13/2024,NMB,SELL,176.9,10,1769,11400,10
5/13/2024,AKJCL,BUY,202,10,2020,9380,80
5/13/2024,KKHC,BUY,219,10,2190,7190,70
5/14/2024,BARUN,SELL,235.5,10,2355,9545,30
5/14/2024,NHPC,SELL,148.6,10,1486,11031,20
5/14/2024,NICA,SELL,365.5,10,3655,14686,30
5/14/2024,LBBL,SELL,381,10,3810,18496,0
5/14/2024,KKHC,SELL,226.3,10,2263,20759,60
5/14/2024,MFIL,BUY,505,10,5050,15709,20
5/14/2024,CZBIL,SELL,162,10,1620,17329,50
5/14/2024,AHPC,SELL,165.9,10,1659,18988,20
5/14/2024,DHPL,BUY,202.5,10,2025,16963,30
5/14/2024,ICFC,BUY,518,10,5180,11783,20
5/14/2024,NMB,SELL,179.9,10,1799,13582,0
5/14/2024,JOSHI,BUY,320,10,3200,10382,30
5/14/2024,AKJCL,SELL,210,10,2100,12482,70
5/15/2024,CZBIL,SELL,161.9,10,1619,14101,40
5/15/2024,AKJCL,SELL,207,10,2070,16171,60
5/15/2024,AHPC,SELL,165,10,1650,17821,10
5/15/2024,JOSHI,BUY,310.1,10,3101,14720,40
5/15/2024,ICFC,BUY,513.2,10,5132,9588,30
5/15/2024,NHPC,SELL,148,10,1480,11068,10
5/15/2024,NICA,SELL,358,10,3580,14648,20
5/15/2024,MFIL,BUY,508,10,5080,9568,30
5/15/2024,KKHC,SELL,223,10,2230,11798,50
5/15/2024,DHPL,BUY,198.9,10,1989,9809,40
5/15/2024,BARUN,SELL,231.9,10,2319,12128,20
5/15/2024,PROFL,BUY,338,10,3380,8748,10
5/16/2024,CZBIL,SELL,158,10,1580,10328,30
5/16/2024,DHPL,BUY,196.8,10,1968,8360,50
5/16/2024,AKJCL,BUY,203.1,10,2031,6329,70
5/16/2024,AHPC,SELL,162,10,1620,7949,0
5/16/2024,PROFL,BUY,336.9,10,3369,4580,20
5/16/2024,NICA,SELL,360.1,10,3601,8181,10
5/16/2024,LBBL,BUY,372,10,3720,4461,10
5/16/2024,KSBBL,BUY,371,10,3710,751,10
5/16/2024,BARUN,SELL,235,10,2350,3101,10
5/16/2024,NHPC,SELL,146,10,1460,4561,0
5/16/2024,JOSHI,BUY,308,10,3080,1481,50
5/19/2024,LBBL,SELL,385,10,3850,5331,0
5/19/2024,KSBBL,BUY,373.6,10,3736,1595,20
5/19/2024,PROFL,SELL,339.9,10,3399,4994,10
5/19/2024,BARUN,SELL,236,10,2360,7354,0
5/19/2024,NICA,SELL,385,10,3850,11204,0
5/19/2024,JOSHI,BUY,311,10,3110,8094,60
5/19/2024,KKHC,SELL,223.8,10,2238,10332,40
5/19/2024,MFIL,SELL,510,10,5100,15432,20
5/19/2024,DHPL,BUY,198,10,1980,13452,60
5/19/2024,AKJCL,SELL,207.1,10,2071,15523,60
5/19/2024,ICFC,BUY,514,10,5140,10383,40
5/19/2024,CZBIL,SELL,164,10,1640,12023,20
5/20/2024,JOSHI,BUY,307,10,3070,8953,70
5/20/2024,KKHC,SELL,223.5,10,2235,11188,30
5/20/2024,ICFC,BUY,510,10,5100,6088,50
5/20/2024,KSBBL,SELL,378,10,3780,9868,10
5/20/2024,PROFL,BUY,337.8,10,3378,6490,20
5/20/2024,DHPL,BUY,198.2,10,1982,4508,70
5/20/2024,MFIL,SELL,511,10,5110,9618,10
5/20/2024,AKJCL,SELL,208,10,2080,11698,50
5/20/2024,CZBIL,SELL,172,10,1720,13418,10
5/21/2024,KKHC,SELL,226.9,10,2269,15687,20
5/21/2024,AKJCL,SELL,209.8,10,2098,17785,40
5/21/2024,MFIL,SELL,510,10,5100,22885,0
5/21/2024,KSBBL,SELL,377.6,10,3776,26661,0
5/21/2024,ICFC,SELL,524.9,10,5249,31910,40
5/21/2024,PROFL,SELL,352,10,3520,35430,10
5/21/2024,JOSHI,BUY,312,10,3120,32310,80
5/21/2024,CZBIL,SELL,174.8,10,1748,34058,0
5/21/2024,AHPC,BUY,161,10,1610,32448,10
5/21/2024,DHPL,SELL,202,10,2020,34468,60
5/22/2024,JOSHI,BUY,305.2,10,3052,31416,90
5/22/2024,ICFC,SELL,517.8,10,5178,36594,30
5/22/2024,DHPL,BUY,198,10,1980,34614,70
5/22/2024,AKJCL,SELL,208,10,2080,36694,30
5/22/2024,PROFL,SELL,344,10,3440,40134,0
5/22/2024,AHPC,SELL,163.8,10,1638,41772,0
5/22/2024,KKHC,SELL,223,10,2230,44002,10
5/22/2024,HURJA,BUY,284,10,2840,41162,10
5/26/2024,NHPC,BUY,147,10,1470,39692,10
5/26/2024,MLBL,BUY,329,10,3290,36402,10
5/26/2024,JBBL,BUY,293.8,10,2938,33464,10
5/26/2024,DHPL,BUY,194.5,10,1945,31519,80
5/26/2024,JOSHI,BUY,301.4,10,3014,28505,100
5/26/2024,HURJA,BUY,280,10,2800,25705,20
5/26/2024,EDBL,BUY,389.1,10,3891,21814,10
5/26/2024,PROFL,BUY,336,10,3360,18454,10
5/26/2024,AKJCL,BUY,206,10,2060,16394,40
5/26/2024,ICFC,BUY,511.2,10,5112,11282,40
5/26/2024,HPPL,BUY,257.5,10,2575,8707,10
5/26/2024,KKHC,SELL,224,10,2240,10947,0
5/27/2024,HPPL,SELL,260,10,2600,13547,0
5/27/2024,MFIL,BUY,506.5,10,5065,8482,10
5/27/2024,JBBL,BUY,295.8,10,2958,5524,20
5/27/2024,ICFC,BUY,515,10,5150,374,50
5/30/2024,JOSHI,SELL,307.7,10,3077,3451,90
5/30/2024,MLBL,BUY,323.9,10,3239,212,20
6/2/2024,ICFC,SELL,519,10,5190,5402,40
6/2/2024,KSBBL,BUY,370.2,10,3702,1700,10
6/2/2024,NHPC,BUY,146,10,1460,240,20
6/2/2024,PROFL,SELL,350.1,10,3501,3741,0
6/2/2024,JBBL,BUY,292,10,2920,821,30
6/3/2024,ICFC,SELL,518.9,10,5189,6010,30
6/3/2024,NABIL,BUY,484.9,10,4849,1161,10
6/4/2024,NHPC,SELL,147.2,10,1472,2633,10
6/4/2024,AKJCL,BUY,203.8,10,2038,595,50
6/4/2024,MFIL,SELL,508.9,10,5089,5684,0
6/4/2024,ADBL,BUY,266.9,10,2669,3015,10
6/4/2024,PCBL,BUY,202.2,10,2022,993,10
6/10/2024,KSBBL,SELL,372.9,10,3729,4722,0
6/10/2024,HURJA,BUY,275,10,2750,1972,30
6/10/2024,CZBIL,BUY,166,10,1660,312,10
6/10/2024,DHPL,SELL,193.2,10,1932,2244,70
6/10/2024,JOSHI,SELL,305,10,3050,5294,80
6/10/2024,NHPC,BUY,143.5,10,1435,3859,20
6/10/2024,AHPC,BUY,155,10,1550,2309,10
6/11/2024,NMB,BUY,197,10,1970,339,10
6/11/2024,JOSHI,SELL,317,10,3170,3509,70
6/11/2024,DHPL,SELL,201.6,10,2016,5525,60
6/11/2024,HURJA,SELL,284,10,2840,8365,20
6/11/2024,EDBL,SELL,382,10,3820,12185,0
6/11/2024,AKJCL,SELL,211,10,2110,14295,40
6/11/2024,MLBL,SELL,324.5,10,3245,17540,10
6/11/2024,PCBL,SELL,203,10,2030,19570,0
6/11/2024,CZBIL,SELL,171,10,1710,21280,0
6/11/2024,ADBL,BUY,259,10,2590,18690,20
6/11/2024,ICFC,SELL,517.9,10,5179,23869,20
6/11/2024,JBBL,SELL,289.5,10,2895,26764,20
6/11/2024,NHPC,SELL,146.3,10,1463,28227,10
6/11/2024,AHPC,SELL,159.3,10,1593,29820,0
6/11/2024,NABIL,BUY,478,10,4780,25040,20
6/12/2024,DHPL,SELL,199,10,1990,27030,50
6/12/2024,ICFC,SELL,523.9,10,5239,32269,10
6/12/2024,NHPC,SELL,147,10,1470,33739,0
6/12/2024,JBBL,SELL,290,10,2900,36639,10
6/12/2024,JOSHI,SELL,309.8,10,3098,39737,60
6/12/2024,NMB,BUY,197,10,1970,37767,20
6/12/2024,AKJCL,SELL,209,10,2090,39857,30
6/12/2024,EDBL,BUY,378.9,10,3789,36068,10
6/12/2024,ADBL,SELL,269,10,2690,38758,10
6/12/2024,NABIL,SELL,483,10,4830,43588,10
6/12/2024,MLBL,SELL,325.9,10,3259,46847,0
6/12/2024,HURJA,SELL,287.1,10,2871,49718,10
6/13/2024,SANIMA,BUY,252,10,2520,47198,10
6/13/2024,ICFC,SELL,534,10,5340,52538,0
6/13/2024,NABIL,BUY,479.1,10,4791,47747,20
6/13/2024,JBBL,SELL,293.1,10,2931,50678,0
6/13/2024,DHPL,SELL,196.8,10,1968,52646,40
6/13/2024,HURJA,SELL,292,10,2920,55566,0
6/13/2024,JOSHI,SELL,303.2,10,3032,58598,50
6/13/2024,NMB,BUY,194.9,10,1949,56649,30
6/13/2024,AKJCL,SELL,210,10,2100,58749,20
6/13/2024,EDBL,SELL,391,10,3910,62659,0
6/13/2024,ADBL,SELL,266,10,2660,65319,0
6/16/2024,NABIL,BUY,475,10,4750,60569,30
6/16/2024,KSBBL,BUY,372,10,3720,56849,10
6/16/2024,EBL,BUY,530,10,5300,51549,10
6/16/2024,SANIMA,BUY,250.5,10,2505,49044,20
6/16/2024,CIT,BUY,2125,10,21250,27794,10
6/16/2024,DHPL,SELL,210,10,2100,29894,30
6/16/2024,NMB,BUY,193,10,1930,27964,40
6/16/2024,CZBIL,BUY,168,10,1680,26284,10
6/16/2024,JOSHI,BUY,300,10,3000,23284,60
6/16/2024,AKJCL,SELL,216.9,10,2169,25453,10
6/16/2024,LICN,BUY,1360,10,13600,11853,10
6/18/2024,NMB,BUY,190.2,10,1902,9951,50
6/18/2024,SANIMA,BUY,248.1,10,2481,7470,30
6/18/2024,CZBIL,BUY,164.5,10,1645,5825,20
6/18/2024,NICA,BUY,404,10,4040,1785,10
6/18/2024,EBL,SELL,531.7,10,5317,7102,0
6/18/2024,MLBL,BUY,323,10,3230,3872,10
6/18/2024,AKJCL,SELL,213.6,10,2136,6008,0
6/18/2024,JBBL,BUY,286.6,10,2866,3142,10
6/18/2024,JOSHI,BUY,300,10,3000,142,70
6/18/2024,DHPL,SELL,220.2,10,2202,2344,20
6/19/2024,DHPL,SELL,215.1,10,2151,4495,10
6/19/2024,NICA,BUY,404,10,4040,455,20
6/19/2024,LICN,SELL,1382,10,13820,14275,0
6/19/2024,JBBL,BUY,286,10,2860,11415,20
6/19/2024,PCBL,BUY,197.6,10,1976,9439,10
6/19/2024,LBBL,BUY,382,10,3820,5619,10
6/19/2024,CZBIL,BUY,167,10,1670,3949,30
6/19/2024,SANIMA,BUY,251,10,2510,1439,40
6/20/2024,DHPL,SELL,209,10,2090,3529,0
6/20/2024,ADBL,BUY,261,10,2610,919,10
6/24/2024,MLBL,SELL,326,10,3260,4179,0
6/24/2024,PCBL,BUY,196,10,1960,2219,20
6/24/2024,NHPC,BUY,142.4,10,1424,795,10
6/24/2024,ADBL,SELL,265,10,2650,3445,0
6/24/2024,AKJCL,BUY,210,10,2100,1345,10
6/25/2024,KSBBL,SELL,373,10,3730,5075,0
6/25/2024,AHPC,BUY,155,10,1550,3525,10
6/25/2024,ADBL,BUY,262.5,10,2625,900,10
6/25/2024,JBBL,SELL,289,10,2890,3790,10
6/26/2024,HURJA,BUY,283.1,10,2831,959,10
7/1/2024,NMB,SELL,191,10,1910,2869,40
7/1/2024,NHPC,BUY,138,10,1380,1489,20
7/1/2024,HURJA,SELL,299.6,10,2996,4485,0
7/1/2024,CZBIL,SELL,166.1,10,1661,6146,20
7/1/2024,ADBL,SELL,267.5,10,2675,8821,0
7/1/2024,KKHC,BUY,222,10,2220,6601,10
7/1/2024,JOSHI,BUY,283.9,10,2839,3762,80
7/1/2024,BARUN,BUY,302.5,10,3025,737,10
7/1/2024,NICA,SELL,400,10,4000,4737,10
7/1/2024,AHPC,BUY,150,10,1500,3237,20
7/1/2024,JBBL,BUY,285,10,2850,387,20
7/2/2024,AHPC,SELL,155.1,10,1551,1938,10
7/2/2024,AKJCL,SELL,211,10,2110,4048,0
7/2/2024,NICA,SELL,418,10,4180,8228,0
7/2/2024,NABIL,SELL,477.1,10,4771,12999,20
7/2/2024,PCBL,SELL,202,10,2020,15019,10
7/2/2024,NHPC,SELL,145.6,10,1456,16475,10
7/2/2024,CZBIL,SELL,169.4,10,1694,18169,10
7/2/2024,LBBL,SELL,384,10,3840,22009,0
7/2/2024,SANIMA,SELL,253.5,10,2535,24544,30
7/2/2024,HURJA,BUY,281,10,2810,21734,10
7/2/2024,JBBL,SELL,290,10,2900,24634,10
7/2/2024,BARUN,SELL,304.1,10,3041,27675,0
7/2/2024,NMB,SELL,195,10,1950,29625,30
7/2/2024,KKHC,BUY,225,10,2250,27375,20
7/2/2024,CIT,SELL,2115.1,10,21151,48526,0
7/2/2024,JOSHI,SELL,292,10,2920,51446,70
7/3/2024,AKJCL,BUY,207,10,2070,49376,10
7/3/2024,HURJA,BUY,269,10,2690,46686,20
7/3/2024,JBBL,SELL,299.9,10,2999,49685,0
7/3/2024,SANIMA,SELL,260,10,2600,52285,20
7/3/2024,CZBIL,SELL,176,10,1760,54045,0
7/3/2024,NMB,SELL,196.2,10,1962,56007,20
7/3/2024,PCBL,SELL,201.4,10,2014,58021,0
7/3/2024,JOSHI,BUY,288,10,2880,55141,80
7/3/2024,NHPC,SELL,143,10,1430,56571,0
7/3/2024,KKHC,BUY,222,10,2220,54351,30
7/3/2024,HPPL,BUY,290,10,2900,51451,10
7/3/2024,DHPL,BUY,205,10,2050,49401,10
7/3/2024,AHPC,SELL,154,10,1540,50941,0
7/3/2024,NABIL,SELL,484,10,4840,55781,10
7/3/2024,BARUN,BUY,300,10,3000,52781,10
7/4/2024,KKHC,SELL,229,10,2290,55071,20
7/4/2024,CIT,BUY,1920,10,19200,35871,10
7/4/2024,NABIL,SELL,487,10,4870,40741,0
7/4/2024,JOSHI,SELL,294,10,2940,43681,70
7/4/2024,DHPL,SELL,205,10,2050,45731,0
7/4/2024,SANIMA,SELL,260,10,2600,48331,10
7/4/2024,BARUN,BUY,296.9,10,2969,45362,20
7/4/2024,HPPL,BUY,288,10,2880,42482,20
7/4/2024,AKJCL,SELL,227.7,10,2277,44759,0
7/4/2024,HURJA,BUY,195,10,1950,42809,30
7/4/2024,NMB,SELL,197.9,10,1979,44788,10
7/7/2024,JOSHI,SELL,297.8,10,2978,47766,60
7/7/2024,HURJA,BUY,188,10,1880,45886,40
7/7/2024,HPPL,BUY,291,10,2910,42976,30
7/7/2024,NMB,SELL,200,10,2000,44976,0
7/7/2024,BARUN,BUY,298.9,10,2989,41987,30
7/7/2024,SANIMA,SELL,262.4,10,2624,44611,0
7/7/2024,KKHC,SELL,229,10,2290,46901,10
7/7/2024,CIT,BUY,1917,10,19170,27731,20
7/8/2024,HPPL,BUY,282.7,10,2827,24904,40
7/8/2024,CIT,BUY,1898,10,18980,5924,30
7/8/2024,BARUN,BUY,295,10,2950,2974,40
7/8/2024,JOSHI,SELL,293.5,10,2935,5909,50
7/8/2024,KKHC,SELL,228,10,2280,8189,0
7/8/2024,HURJA,BUY,187,10,1870,6319,50
7/9/2024,HURJA,BUY,185,10,1850,4469,60
7/9/2024,JOSHI,SELL,293.4,10,2934,7403,40
7/9/2024,HPPL,BUY,282.5,10,2825,4578,50
7/9/2024,BARUN,BUY,293,10,2930,1648,50
7/10/2024,JOSHI,SELL,291.6,10,2916,4564,30
7/10/2024,HPPL,BUY,286,10,2860,1704,60
7/11/2024,HPPL,SELL,293.9,10,2939,4643,50
7/11/2024,JOSHI,SELL,299.4,10,2994,7637,20
7/14/2024,HURJA,BUY,196.1,10,1961,5676,70
7/14/2024,HPPL,SELL,299,10,2990,8666,40
7/14/2024,JOSHI,SELL,304.5,10,3045,11711,10
7/14/2024,BARUN,SELL,304,10,3040,14751,40
7/15/2024,JOSHI,SELL,298.1,10,2981,17732,0
7/15/2024,BARUN,BUY,296,10,2960,14772,50
7/15/2024,AKJCL,BUY,220,10,2200,12572,10
7/15/2024,HPPL,SELL,306,10,3060,15632,30
7/15/2024,HURJA,BUY,195,10,1950,13682,80
7/16/2024,BARUN,SELL,325.6,10,3256,16938,40
7/16/2024,HPPL,SELL,323,10,3230,20168,20
7/16/2024,HURJA,SELL,213,10,2130,22298,70
7/16/2024,AKJCL,BUY,162.8,10,1628,20670,20
7/16/2024,CIT,SELL,1974,10,19740,40410,20
7/17/2024,BARUN,SELL,343.1,10,3431,43841,30
7/17/2024,CIT,SELL,1998,10,19980,63821,10
7/17/2024,HPPL,SELL,324,10,3240,67061,10
7/17/2024,HURJA,SELL,213,10,2130,69191,60
7/17/2024,AKJCL,BUY,179,10,1790,67401,30
7/18/2024,CIT,SELL,2022,10,20220,87621,0
7/18/2024,HURJA,SELL,213,10,2130,89751,50
7/18/2024,AKJCL,BUY,196.9,10,1969,87782,40
7/18/2024,BARUN,SELL,344.7,10,3447,91229,20
7/18/2024,HPPL,SELL,325,10,3250,94479,0
7/21/2024,AKJCL,BUY,199,10,1990,92489,50
7/21/2024,HURJA,SELL,224.9,10,2249,94738,40
7/21/2024,BARUN,SELL,335.9,10,3359,98097,10
7/22/2024,HURJA,SELL,225.9,10,2259,100356,30
7/22/2024,AKJCL,SELL,205,10,2050,102406,40
7/22/2024,BARUN,SELL,333,10,3330,105736,0
7/23/2024,AKJCL,SELL,207.7,10,2077,107813,30
7/23/2024,HURJA,SELL,248.4,10,2484,110297,20
7/24/2024,AKJCL,SELL,202,10,2020,112317,20
7/24/2024,HURJA,SELL,242,10,2420,114737,10
7/25/2024,HURJA,SELL,235,10,2350,117087,0
7/25/2024,AKJCL,SELL,200,10,2000,119087,10
7/28/2024,AKJCL,SELL,202.1,10,2021,121108,0
7/29/2024,DHPL,BUY,234,10,2340,118768,10
7/29/2024,JOSHI,BUY,318.5,10,3185,115583,10
7/30/2024,DHPL,BUY,235,10,2350,113233,20
7/30/2024,JOSHI,BUY,322,10,3220,110013,20
7/31/2024,DHPL,SELL,258.5,10,2585,112598,10
7/31/2024,JOSHI,SELL,330.2,10,3302,115900,10
8/1/2024,HURJA,BUY,234,10,2340,113560,10
8/1/2024,JOSHI,SELL,336,10,3360,116920,0
8/1/2024,EDBL,BUY,524,10,5240,111680,10
8/1/2024,DHPL,SELL,259.5,10,2595,114275,0
8/1/2024,NICA,BUY,517,10,5170,109105,10
8/5/2024,HURJA,BUY,233,10,2330,106775,20
8/5/2024,NMB,BUY,259.1,10,2591,104184,10
8/5/2024,NICA,BUY,495.9,10,4959,99225,20
8/5/2024,EDBL,BUY,527,10,5270,93955,20
8/6/2024,MLBL,BUY,413,10,4130,89825,10
8/6/2024,JBBL,BUY,352,10,3520,86305,10
8/6/2024,AKJCL,BUY,195.4,10,1954,84351,10
8/6/2024,PCBL,BUY,273,10,2730,81621,10
8/6/2024,KKHC,BUY,273,10,2730,78891,10
8/6/2024,CZBIL,BUY,231,10,2310,76581,10
8/6/2024,HPPL,BUY,342,10,3420,73161,10
8/6/2024,NMB,BUY,238,10,2380,70781,20
8/6/2024,ICFC,BUY,679,10,6790,63991,10
8/6/2024,DHPL,BUY,237.9,10,2379,61612,10
8/6/2024,LICN,BUY,1655,10,16550,45062,10
8/6/2024,HURJA,BUY,219,10,2190,42872,30
8/6/2024,MFIL,BUY,692.5,10,6925,35947,10
8/6/2024,BARUN,BUY,369,10,3690,32257,10
8/6/2024,NICA,BUY,474.4,10,4744,27513,30
8/6/2024,JOSHI,BUY,324,10,3240,24273,10
8/6/2024,LBBL,BUY,462,10,4620,19653,10
8/6/2024,KSBBL,BUY,485,10,4850,14803,10
8/6/2024,EDBL,BUY,490.1,10,4901,9902,30
8/6/2024,SANIMA,BUY,310,10,3100,6802,10
8/6/2024,NHPC,BUY,192.9,10,1929,4873,10
8/7/2024,SANIMA,BUY,329,10,3290,1583,20
8/7/2024,HPPL,SELL,360,10,3600,5183,0
8/7/2024,CZBIL,BUY,239.5,10,2395,2788,20
8/7/2024,BARUN,SELL,377,10,3770,6558,0
8/7/2024,NHPC,SELL,203,10,2030,8588,0
8/7/2024,LBBL,SELL,479,10,4790,13378,0
8/7/2024,NMB,BUY,241,10,2410,10968,30
8/7/2024,PCBL,BUY,279.4,10,2794,8174,20
8/7/2024,KSBBL,SELL,496,10,4960,13134,0
8/7/2024,MFIL,SELL,735,10,7350,20484,0
8/7/2024,KKHC,SELL,285,10,2850,23334,0
8/7/2024,AKJCL,BUY,199,10,1990,21344,20
8/7/2024,HURJA,BUY,225,10,2250,19094,40
8/7/2024,JBBL,BUY,366.5,10,3665,15429,20
8/7/2024,DHPL,SELL,247,10,2470,17899,0
8/7/2024,MLBL,SELL,441,10,4410,22309,0
8/7/2024,JOSHI,SELL,335,10,3350,25659,0
8/7/2024,LICN,SELL,1700,10,17000,42659,0
8/7/2024,NICA,BUY,483,10,4830,37829,40
8/7/2024,ICFC,BUY,723,10,7230,30599,20
8/8/2024,DHPL,BUY,240,10,2400,28199,10
8/8/2024,HURJA,SELL,232.5,10,2325,30524,30
8/8/2024,EDBL,BUY,520.4,10,5204,25320,40
8/8/2024,AKJCL,BUY,198,10,1980,23340,30
8/8/2024,NABIL,BUY,630,10,6300,17040,10
8/8/2024,JBBL,BUY,360,10,3600,13440,30
8/8/2024,NICA,BUY,487,10,4870,8570,50
8/8/2024,NMB,BUY,236.9,10,2369,6201,40
8/8/2024,CZBIL,BUY,233,10,2330,3871,30
8/8/2024,PCBL,BUY,276,10,2760,1111,30
8/11/2024,EDBL,SELL,539.9,10,5399,6510,30
8/11/2024,PCBL,SELL,291.8,10,2918,9428,20
8/11/2024,ICFC,BUY,725,10,7250,2178,30
8/11/2024,AKJCL,SELL,217.8,10,2178,4356,20
8/11/2024,HURJA,SELL,243.2,10,2432,6788,20
8/11/2024,JBBL,SELL,374,10,3740,10528,20
8/11/2024,DHPL,SELL,261,10,2610,13138,0
8/11/2024,CZBIL,BUY,243,10,2430,10708,40
8/11/2024,NICA,BUY,504.3,10,5043,5665,60
8/11/2024,SANIMA,BUY,338.5,10,3385,2280,30
8/12/2024,AKJCL,SELL,239.5,10,2395,4675,10
8/12/2024,HURJA,SELL,260,10,2600,7275,10
8/12/2024,NABIL,SELL,646.9,10,6469,13744,0
8/12/2024,ICFC,SELL,756,10,7560,21304,20
8/12/2024,CZBIL,SELL,254,10,2540,23844,30
8/12/2024,NMB,SELL,258,10,2580,26424,30
8/12/2024,EDBL,SELL,539,10,5390,31814,20
8/12/2024,JBBL,SELL,386,10,3860,35674,10
8/12/2024,PCBL,SELL,296.4,10,2964,38638,10
8/12/2024,SANIMA,SELL,347.4,10,3474,42112,20
8/12/2024,NICA,SELL,525,10,5250,47362,50
8/13/2024,CZBIL,SELL,254,10,2540,49902,20
8/13/2024,HURJA,SELL,260,10,2600,52502,0
8/13/2024,NICA,SELL,516,10,5160,57662,40
8/13/2024,BARUN,BUY,386,10,3860,53802,10
8/13/2024,JBBL,SELL,381,10,3810,57612,0
8/13/2024,NMB,BUY,255.1,10,2551,55061,40
8/13/2024,SANIMA,SELL,349,10,3490,58551,10
8/13/2024,ICFC,SELL,781,10,7810,66361,10
8/13/2024,AKJCL,SELL,246.7,10,2467,68828,0
8/13/2024,EDBL,BUY,525.5,10,5255,63573,30
8/13/2024,PCBL,SELL,297,10,2970,66543,0
8/14/2024,ICFC,SELL,838,10,8380,74923,0
8/14/2024,SANIMA,SELL,347.1,10,3471,78394,0
8/14/2024,NMB,SELL,257,10,2570,80964,30
8/14/2024,BARUN,SELL,392,10,3920,84884,0
8/14/2024,NICA,SELL,520,10,5200,90084,30
8/14/2024,CZBIL,SELL,260,10,2600,92684,10
8/14/2024,EDBL,SELL,549,10,5490,98174,20
8/15/2024,EDBL,SELL,561,10,5610,103784,10
8/15/2024,CZBIL,SELL,277.5,10,2775,106559,0
8/15/2024,NICA,SELL,545.1,10,5451,112010,20
8/15/2024,NMB,SELL,281.2,10,2812,114822,20
8/18/2024,NICA,SELL,537.7,10,5377,120199,10
8/18/2024,EDBL,SELL,549,10,5490,125689,0
8/18/2024,NMB,SELL,280.6,10,2806,128495,10
8/21/2024,BARUN,BUY,388.1,10,3881,124614,10
8/21/2024,NICA,SELL,530,10,5300,129914,0
8/21/2024,NMB,SELL,279.1,10,2791,132705,0
8/21/2024,MLBL,BUY,454,10,4540,128165,10
8/22/2024,BARUN,BUY,388,10,3880,124285,20
8/22/2024,MLBL,SELL,485,10,4850,129135,0
8/25/2024,NHPC,BUY,249,10,2490,126645,10
8/25/2024,ADBL,BUY,399,10,3990,122655,10
8/25/2024,NABIL,BUY,636.9,10,6369,116286,10
8/25/2024,DHPL,BUY,267,10,2670,113616,10
8/25/2024,HURJA,BUY,252.5,10,2525,111091,10
8/25/2024,PROFL,BUY,707.9,10,7079,104012,10
8/25/2024,AKJCL,BUY,235,10,2350,101662,10
8/25/2024,NICA,BUY,516,10,5160,96502,10
8/25/2024,KKHC,BUY,305,10,3050,93452,10
8/25/2024,BARUN,BUY,380,10,3800,89652,30
8/27/2024,CIT,BUY,2414.9,10,24149,65503,10
8/27/2024,AHPC,BUY,306,10,3060,62443,10
8/27/2024,KSBBL,BUY,511,10,5110,57333,10
8/27/2024,ICFC,BUY,804,10,8040,49293,10
8/27/2024,LBBL,BUY,512,10,5120,44173,10
8/27/2024,MFIL,BUY,782.1,10,7821,36352,10
8/27/2024,CZBIL,BUY,250,10,2500,33852,10
8/27/2024,BARUN,BUY,352,10,3520,30332,40
8/27/2024,ADBL,BUY,382,10,3820,26512,20
8/27/2024,DHPL,BUY,255,10,2550,23962,20
8/27/2024,NICA,BUY,497,10,4970,18992,20
8/27/2024,NHPC,BUY,229.9,10,2299,16693,20
8/27/2024,MLBL,BUY,438,10,4380,12313,10
8/27/2024,AKJCL,BUY,219,10,2190,10123,20
8/27/2024,JOSHI,BUY,347,10,3470,6653,10
8/27/2024,HURJA,BUY,235,10,2350,4303,20
8/27/2024,HPPL,BUY,396.4,10,3964,339,10
9/1/2024,HPPL,SELL,423,10,4230,4569,0
9/1/2024,ADBL,BUY,373,10,3730,839,30
9/2/2024,ICFC,SELL,817,10,8170,9009,0
9/2/2024,NHPC,SELL,248.6,10,2486,11495,10
9/2/2024,ADBL,BUY,385,10,3850,7645,40
9/2/2024,SANIMA,BUY,353,10,3530,4115,10
9/2/2024,KSBBL,SELL,525.3,10,5253,9368,0
9/2/2024,LBBL,BUY,515,10,5150,4218,20
9/2/2024,AKJCL,BUY,237,10,2370,1848,30
9/2/2024,AHPC,SELL,322.6,10,3226,5074,0
9/2/2024,DHPL,BUY,258.9,10,2589,2485,30
9/3/2024,CZBIL,BUY,247,10,2470,15,20
9/3/2024,NHPC,SELL,255,10,2550,2565,0
9/3/2024,LBBL,SELL,523.1,10,5231,7796,10
9/3/2024,NMB,BUY,259.5,10,2595,5201,10
9/3/2024,AKJCL,SELL,238,10,2380,7581,20
9/4/2024,MFIL,BUY,746.9,10,7469,112,20
9/12/2024,AKJCL,SELL,224,10,2240,2352,10
9/12/2024,NHPC,BUY,235,10,2350,2,10
9/12/2024,JOSHI,SELL,329,10,3290,3292,0
9/12/2024,HURJA,BUY,231.5,10,2315,977,30
9/12/2024,PROFL,SELL,647,10,6470,7447,0
9/12/2024,NMB,SELL,250,10,2500,9947,0
9/12/2024,PCBL,BUY,270,10,2700,7247,10
9/12/2024,CZBIL,SELL,240,10,2400,9647,10
9/12/2024,DHPL,SELL,254.9,10,2549,12196,20
9/12/2024,EBL,BUY,705,10,7050,5146,10
9/12/2024,SANIMA,BUY,331.2,10,3312,1834,20
9/15/2024,CZBIL,SELL,237,10,2370,4204,0
9/15/2024,DHPL,SELL,253,10,2530,6734,10
9/15/2024,KSBBL,BUY,477,10,4770,1964,10
9/16/2024,EBL,SELL,709,10,7090,9054,0
9/16/2024,PROFL,BUY,580,10,5800,3254,10
9/18/2024,AKJCL,BUY,207.1,10,2071,1183,20
9/18/2024,PCBL,SELL,273,10,2730,3913,0
9/18/2024,KKHC,BUY,256,10,2560,1353,20
9/22/2024,SANIMA,SELL,330,10,3300,4653,10
9/22/2024,NICA,BUY,452,10,4520,133,30
9/22/2024,KSBBL,SELL,484.5,10,4845,4978,0
9/22/2024,DHPL,BUY,245,10,2450,2528,20
9/22/2024,HURJA,BUY,224,10,2240,288,40
9/23/2024,NABIL,SELL,568,10,5680,5968,0
9/23/2024,KSBBL,BUY,459,10,4590,1378,10
9/25/2024,SANIMA,SELL,327.6,10,3276,4654,0
9/25/2024,JBBL,BUY,335,10,3350,1304,10
9/25/2024,ADBL,SELL,359,10,3590,4894,30
9/25/2024,AKJCL,BUY,198.8,10,1988,2906,30
9/25/2024,HURJA,BUY,210,10,2100,806,50
9/26/2024,ADBL,SELL,357,10,3570,4376,20
9/26/2024,BARUN,BUY,326.5,10,3265,1111,50
9/26/2024,KKHC,SELL,256.7,10,2567,3678,10
9/26/2024,HPPL,BUY,295,10,2950,728,10
9/29/2024,KKHC,SELL,258,10,2580,3308,0
9/29/2024,DHPL,BUY,216.6,10,2166,1142,30
9/30/2024,ADBL,SELL,357.5,10,3575,4717,10
9/30/2024,JOSHI,BUY,275,10,2750,1967,10
9/30/2024,AKJCL,BUY,192.5,10,1925,42,40
10/1/2024,AKJCL,SELL,209.9,10,2099,2141,30
10/1/2024,PROFL,SELL,586.3,10,5863,8004,0
10/1/2024,NHPC,SELL,222.9,10,2229,10233,0
10/1/2024,HPPL,SELL,318.9,10,3189,13422,0
10/1/2024,LBBL,SELL,474,10,4740,18162,0
10/1/2024,NICA,SELL,458.7,10,4587,22749,20
10/1/2024,MFIL,SELL,692.3,10,6923,29672,10
10/1/2024,MLBL,SELL,410,10,4100,33772,0
10/1/2024,JBBL,SELL,352,10,3520,37292,0
10/1/2024,EBL,BUY,615,10,6150,31142,10
10/1/2024,BARUN,SELL,351,10,3510,34652,40
10/1/2024,KSBBL,BUY,450,10,4500,30152,20
10/1/2024,CIT,SELL,2191,10,21910,52062,0
10/1/2024,ADBL,SELL,370.1,10,3701,55763,0
10/1/2024,JOSHI,BUY,290,10,2900,52863,20
10/1/2024,DHPL,SELL,238,10,2380,55243,20
10/1/2024,HURJA,SELL,218,10,2180,57423,40
10/2/2024,DHPL,BUY,229,10,2290,55133,30
10/2/2024,BARUN,SELL,350,10,3500,58633,30
10/2/2024,NICA,SELL,462,10,4620,63253,10
10/2/2024,KSBBL,BUY,446,10,4460,58793,30
10/2/2024,AKJCL,SELL,205.1,10,2051,60844,20
10/2/2024,JOSHI,BUY,286,10,2860,57984,30
10/2/2024,HURJA,SELL,215,10,2150,60134,30
10/2/2024,EBL,BUY,603,10,6030,54104,20
10/2/2024,MFIL,SELL,698,10,6980,61084,0
10/6/2024,EBL,BUY,603,10,6030,55054,30
10/6/2024,AKJCL,SELL,213,10,2130,57184,10
10/6/2024,HURJA,SELL,218.1,10,2181,59365,20
10/6/2024,JOSHI,SELL,292,10,2920,62285,20
10/6/2024,BARUN,SELL,358,10,3580,65865,20
10/6/2024,NICA,SELL,474,10,4740,70605,0
10/6/2024,DHPL,SELL,239.4,10,2394,72999,20
10/6/2024,KSBBL,BUY,457,10,4570,68429,40
10/7/2024,JOSHI,SELL,316.6,10,3166,71595,10
10/7/2024,BARUN,SELL,357,10,3570,75165,10
10/7/2024,HURJA,SELL,225.8,10,2258,77423,10
10/7/2024,EBL,SELL,612.7,10,6127,83550,20
10/7/2024,KSBBL,SELL,466,10,4660,88210,30
10/7/2024,DHPL,SELL,246,10,2460,90670,10
10/7/2024,AKJCL,SELL,216,10,2160,92830,0
10/8/2024,JOSHI,SELL,316,10,3160,95990,0
10/8/2024,EBL,SELL,613.5,10,6135,102125,10
10/8/2024,BARUN,SELL,354,10,3540,105665,0
10/8/2024,KSBBL,SELL,462.9,10,4629,110294,20
10/8/2024,HURJA,SELL,222.6,10,2226,112520,0
10/8/2024,DHPL,SELL,250,10,2500,115020,0
10/9/2024,LICN,BUY,2099,10,20990,94030,10
10/9/2024,EDBL,BUY,648,10,6480,87550,10
10/9/2024,EBL,SELL,613.1,10,6131,93681,0
10/9/2024,SANIMA,BUY,342.3,10,3423,90258,10
10/9/2024,KSBBL,SELL,462,10,4620,94878,10
10/15/2024,KSBBL,SELL,470,10,4700,99578,0
10/15/2024,LICN,BUY,2101,10,21010,78568,20
10/15/2024,EDBL,SELL,656,10,6560,85128,0
10/15/2024,KKHC,BUY,264,10,2640,82488,10
10/15/2024,SANIMA,SELL,345.2,10,3452,85940,0
10/16/2024,LICN,SELL,2115.1,10,21151,107091,10
10/16/2024,KKHC,SELL,274,10,2740,109831,0
10/17/2024,LICN,SELL,2120,10,21200,131031,0
10/17/2024,EDBL,BUY,650,10,6500,124531,10
10/17/2024,SANIMA,BUY,348,10,3480,121051,10
10/20/2024,MFIL,BUY,723,10,7230,113821,10
10/20/2024,DHPL,BUY,247,10,2470,111351,10
10/20/2024,KSBBL,BUY,458,10,4580,106771,10
10/20/2024,EDBL,BUY,643.1,10,6431,100340,20
10/20/2024,SANIMA,BUY,340.5,10,3405,96935,20
10/20/2024,KKHC,BUY,262.9,10,2629,94306,10
10/20/2024,JBBL,BUY,355,10,3550,90756,10
10/20/2024,NHPC,BUY,224,10,2240,88516,10
10/20/2024,LICN,BUY,2079,10,20790,67726,10
10/20/2024,MLBL,BUY,409.5,10,4095,63631,10
10/20/2024,LBBL,BUY,483,10,4830,58801,10
10/20/2024,AKJCL,BUY,213,10,2130,56671,10
10/21/2024,AKJCL,BUY,208.4,10,2084,54587,20
10/21/2024,DHPL,BUY,237.6,10,2376,52211,20
10/21/2024,ICFC,BUY,731,10,7310,44901,10
10/21/2024,KKHC,BUY,258.9,10,2589,42312,20
10/21/2024,HURJA,BUY,219,10,2190,40122,10
10/21/2024,CIT,BUY,2190,10,21900,18222,10
10/21/2024,EBL,BUY,606.1,10,6061,12161,10
10/21/2024,NHPC,BUY,220,10,2200,9961,20
10/21/2024,NABIL,BUY,585.5,10,5855,4106,10
10/21/2024,PCBL,BUY,283.3,10,2833,1273,10
10/22/2024,HURJA,SELL,224.6,10,2246,3519,0
10/22/2024,KKHC,BUY,262,10,2620,899,30
10/22/2024,PCBL,SELL,294,10,2940,3839,0
10/22/2024,CZBIL,BUY,252,10,2520,1319,10
10/23/2024,MFIL,SELL,768,10,7680,8999,0
10/23/2024,NABIL,BUY,594,10,5940,3059,20
10/23/2024,KKHC,BUY,261,10,2610,449,40
10/23/2024,ICFC,SELL,823.9,10,8239,8688,0
10/23/2024,NHPC,BUY,220.1,10,2201,6487,30
10/23/2024,KSBBL,BUY,448,10,4480,2007,20
10/28/2024,JBBL,SELL,358,10,3580,5587,0
10/28/2024,ADBL,BUY,366,10,3660,1927,10
10/28/2024,KKHC,SELL,267,10,2670,4597,30
10/28/2024,PCBL,BUY,279,10,2790,1807,10
10/28/2024,NHPC,SELL,227,10,2270,4077,20
10/28/2024,MLBL,BUY,398,10,3980,97,20
10/29/2024,EDBL,SELL,655,10,6550,6647,10
10/29/2024,ADBL,BUY,371,10,3710,2937,20
10/29/2024,CZBIL,BUY,242,10,2420,517,20
10/29/2024,MLBL,SELL,405.8,10,4058,4575,10
10/29/2024,DHPL,SELL,252,10,2520,7095,10
10/29/2024,NHPC,SELL,231.5,10,2315,9410,10
10/29/2024,NMB,BUY,262,10,2620,6790,10
10/29/2024,KKHC,SELL,285,10,2850,9640,20
10/29/2024,AKJCL,SELL,216.5,10,2165,11805,10
10/29/2024,LBBL,SELL,484,10,4840,16645,0
10/29/2024,EBL,BUY,599.9,10,5999,10646,20
10/29/2024,KSBBL,SELL,459,10,4590,15236,10
10/30/2024,EBL,BUY,603.9,10,6039,9197,30
10/30/2024,KSBBL,SELL,459,10,4590,13787,0
10/30/2024,NABIL,BUY,576,10,5760,8027,30
10/30/2024,EDBL,SELL,720,10,7200,15227,0
10/30/2024,PCBL,BUY,284.3,10,2843,12384,20
10/30/2024,HURJA,BUY,217,10,2170,10214,10
10/30/2024,NICA,BUY,445.8,10,4458,5756,10
10/30/2024,CZBIL,BUY,236.5,10,2365,3391,30
10/30/2024,AKJCL,SELL,213,10,2130,5521,0
10/30/2024,MLBL,BUY,397,10,3970,1551,20
10/30/2024,NHPC,SELL,227.8,10,2278,3829,0
10/30/2024,KKHC,SELL,281,10,2810,6639,10
10/30/2024,SANIMA,BUY,326.5,10,3265,3374,30
10/30/2024,NMB,BUY,260,10,2600,774,20
10/30/2024,DHPL,SELL,248,10,2480,3254,0
11/5/2024,KKHC,SELL,292.1,10,2921,6175,0
11/5/2024,NICA,BUY,444,10,4440,1735,20
11/6/2024,SANIMA,SELL,328,10,3280,5015,20
11/6/2024,MLBL,SELL,403.2,10,4032,9047,10
11/6/2024,NMB,BUY,259.5,10,2595,6452,30
11/6/2024,NABIL,BUY,564.6,10,5646,806,40
11/10/2024,CZBIL,SELL,238,10,2380,3186,20
11/10/2024,PCBL,BUY,284.5,10,2845,341,30
11/10/2024,SANIMA,SELL,326,10,3260,3601,10
11/10/2024,MLBL,SELL,415.5,10,4155,7756,0
11/10/2024,NABIL,BUY,570,10,5700,2056,50
11/10/2024,CIT,SELL,2225,10,22250,24306,0
11/10/2024,NMB,SELL,264,10,2640,26946,20
11/10/2024,HURJA,SELL,223,10,2230,29176,0
11/10/2024,ADBL,SELL,369.9,10,3699,32875,10
11/10/2024,EBL,SELL,607.9,10,6079,38954,20
11/10/2024,NICA,SELL,449.8,10,4498,43452,10
11/10/2024,LICN,BUY,1185,10,11850,31602,20
11/11/2024,PCBL,SELL,284,10,2840,34442,20
11/11/2024,EBL,SELL,619,10,6190,40632,10
11/11/2024,ADBL,SELL,370,10,3700,44332,0
11/11/2024,NICA,SELL,454,10,4540,48872,0
11/11/2024,NMB,SELL,268,10,2680,51552,10
11/11/2024,SANIMA,SELL,327,10,3270,54822,0
11/11/2024,CZBIL,SELL,242,10,2420,57242,10
11/11/2024,LICN,BUY,1220,10,12200,45042,30
11/11/2024,ICFC,BUY,804.7,10,8047,36995,10
11/11/2024,NABIL,BUY,569,10,5690,31305,60
11/12/2024,NMB,SELL,268,10,2680,33985,0
11/12/2024,PCBL,SELL,283,10,2830,36815,10
11/12/2024,LICN,BUY,1233,10,12330,24485,40
11/12/2024,AKJCL,BUY,212.9,10,2129,22356,10
11/12/2024,SANIMA,BUY,323,10,3230,19126,10
11/12/2024,CZBIL,SELL,241.1,10,2411,21537,0
11/12/2024,NABIL,BUY,566.2,10,5662,15875,70
11/12/2024,EBL,SELL,619.4,10,6194,22069,0
11/12/2024,ICFC,BUY,798,10,7980,14089,20
11/13/2024,NMB,BUY,261,10,2610,11479,10
11/13/2024,SANIMA,BUY,321.5,10,3215,8264,20
11/13/2024,AKJCL,BUY,210,10,2100,6164,20
11/13/2024,ADBL,BUY,367.2,10,3672,2492,10
11/13/2024,LICN,SELL,1221,10,12210,14702,30
11/13/2024,NHPC,BUY,227.4,10,2274,12428,10
11/13/2024,CZBIL,BUY,236,10,2360,10068,10
11/13/2024,ICFC,SELL,806.3,10,8063,18131,10
11/13/2024,PCBL,BUY,278.3,10,2783,15348,20
11/14/2024,SANIMA,BUY,322.8,10,3228,12120,30
11/14/2024,EDBL,BUY,666,10,6660,5460,10
11/14/2024,ADBL,BUY,365.1,10,3651,1809,20
11/14/2024,PCBL,SELL,282.6,10,2826,4635,10
11/14/2024,CZBIL,BUY,236,10,2360,2275,20
11/14/2024,LICN,SELL,1220,10,12200,14475,20
11/17/2024,EDBL,BUY,660,10,6600,7875,20
11/17/2024,NHPC,SELL,233.9,10,2339,10214,0
11/17/2024,NICA,BUY,440.3,10,4403,5811,10
11/17/2024,SANIMA,BUY,323,10,3230,2581,40
11/17/2024,PCBL,SELL,283.9,10,2839,5420,0
11/17/2024,CZBIL,BUY,235,10,2350,3070,30
11/17/2024,NMB,SELL,263.3,10,2633,5703,0
11/17/2024,LICN,SELL,1220,10,12200,17903,10
11/17/2024,ICFC,BUY,791,10,7910,9993,20
11/17/2024,NABIL,BUY,562.1,10,5621,4372,80
11/17/2024,ADBL,BUY,363,10,3630,742,30
11/20/2024,AKJCL,SELL,215,10,2150,2892,10
11/20/2024,NHPC,BUY,227,10,2270,622,10
11/20/2024,LICN,SELL,1211.9,10,12119,12741,0
11/21/2024,NMB,BUY,255,10,2550,10191,10
11/21/2024,ICFC,BUY,752,10,7520,2671,30
11/21/2024,CZBIL,BUY,230,10,2300,371,40
11/26/2024,CZBIL,SELL,233.7,10,2337,2708,30
11/26/2024,NHPC,SELL,232,10,2320,5028,0
11/26/2024,SANIMA,BUY,318,10,3180,1848,50
11/26/2024,AKJCL,SELL,212,10,2120,3968,0
11/26/2024,NMB,SELL,261,10,2610,6578,0
11/26/2024,EDBL,BUY,639,10,6390,188,30
11/27/2024,SANIMA,SELL,320,10,3200,3388,40
11/27/2024,NICA,SELL,436.9,10,4369,7757,0
11/27/2024,EDBL,SELL,669.9,10,6699,14456,20
11/27/2024,CZBIL,SELL,237,10,2370,16826,20
11/27/2024,PCBL,BUY,274,10,2740,14086,10
11/27/2024,NABIL,BUY,548,10,5480,8606,90
11/28/2024,PROFL,BUY,710.9,10,7109,1497,10
11/28/2024,ADBL,SELL,360,10,3600,5097,20
11/28/2024,SANIMA,SELL,323,10,3230,8327,30
11/28/2024,EDBL,SELL,682.9,10,6829,15156,10
11/28/2024,AKJCL,BUY,211,10,2110,13046,10
11/28/2024,BARUN,BUY,426.2,10,4262,8784,10
11/28/2024,ICFC,BUY,761,10,7610,1174,40
12/1/2024,EDBL,SELL,749,10,7490,8664,0
12/1/2024,MFIL,BUY,755,10,7550,1114,10
12/1/2024,SANIMA,SELL,319.2,10,3192,4306,20
12/1/2024,CZBIL,BUY,227,10,2270,2036,30
12/1/2024,BARUN,SELL,434,10,4340,6376,0
12/1/2024,EBL,BUY,605.6,10,6056,320,10
12/2/2024,SANIMA,SELL,318.6,10,3186,3506,10
12/2/2024,AHPC,BUY,279.8,10,2798,708,10
12/2/2024,AKJCL,SELL,212,10,2120,2828,0
12/2/2024,PCBL,BUY,262.2,10,2622,206,20
12/3/2024,PROFL,SELL,711,10,7110,7316,0
12/3/2024,HURJA,BUY,248.3,10,2483,4833,10
12/3/2024,NMB,BUY,255,10,2550,2283,10
12/3/2024,CZBIL,BUY,226,10,2260,23,40
12/4/2024,HURJA,SELL,255,10,2550,2573,0
12/5/2024,HURJA,BUY,249,10,2490,83,10
12/11/2024,NABIL,SELL,528,10,5280,5363,80
12/11/2024,NMB,BUY,248,10,2480,2883,20
12/11/2024,NHPC,BUY,229,10,2290,593,10
12/11/2024,EBL,SELL,599.9,10,5999,6592,0
12/11/2024,PCBL,SELL,262.2,10,2622,9214,10
12/11/2024,SANIMA,SELL,316,10,3160,12374,0
12/11/2024,CZBIL,SELL,226.9,10,2269,14643,30
12/11/2024,AHPC,BUY,271,10,2710,11933,20
12/11/2024,EDBL,BUY,677.5,10,6775,5158,10
12/11/2024,JBBL,BUY,389.9,10,3899,1259,10
12/12/2024,PCBL,SELL,264.9,10,2649,3908,0
12/12/2024,NMB,BUY,247,10,2470,1438,30
12/16/2024,NHPC,SELL,232.4,10,2324,3762,0
12/16/2024,NMB,BUY,241.6,10,2416,1346,40
12/23/2024,CZBIL,SELL,217.9,10,2179,3525,20
12/24/2024,AHPC,BUY,253.5,10,2535,990,30
12/24/2024,JBBL,SELL,371.9,10,3719,4709,0
12/24/2024,CZBIL,SELL,219.5,10,2195,6904,10
12/24/2024,NMB,SELL,247,10,2470,9374,30
12/24/2024,KKHC,BUY,388.5,10,3885,5489,10
12/24/2024,MLBL,BUY,391.4,10,3914,1575,10
12/24/2024,ADBL,SELL,326.9,10,3269,4844,10
12/24/2024,NHPC,BUY,218.2,10,2182,2662,10
12/24/2024,HURJA,BUY,232.6,10,2326,336,20
12/26/2024,CZBIL,SELL,223.9,10,2239,2575,0
12/26/2024,NMB,SELL,248.8,10,2488,5063,20
12/26/2024,ADBL,SELL,333.8,10,3338,8401,0
12/26/2024,NABIL,BUY,502,10,5020,3381,90
12/26/2024,DHPL,BUY,309,10,3090,291,10
12/29/2024,NMB,SELL,246,10,2460,2751,10
12/29/2024,AHPC,BUY,249,10,2490,261,40
12/31/2024,NMB,SELL,245.4,10,2454,2715,0
1/1/2025,HURJA,BUY,221.6,10,2216,499,30
1/2/2025,KKHC,SELL,379,10,3790,4289,0
1/2/2025,NICA,BUY,386.9,10,3869,420,10
1/5/2025,HURJA,SELL,229.6,10,2296,2716,20
1/6/2025,HURJA,SELL,237,10,2370,5086,10
1/6/2025,MLBL,BUY,376,10,3760,1326,20
1/6/2025,ICFC,SELL,666,10,6660,7986,30
1/6/2025,EDBL,SELL,595,10,5950,13936,0
1/6/2025,LBBL,BUY,475,10,4750,9186,10
1/6/2025,NMB,BUY,243.6,10,2436,6750,10
1/6/2025,CZBIL,BUY,218,10,2180,4570,10
1/6/2025,PCBL,BUY,256.1,10,2561,2009,10
1/6/2025,DHPL,SELL,306,10,3060,5069,0
1/6/2025,NABIL,BUY,499,10,4990,79,100
1/6/2025,AHPC,SELL,258,10,2580,2659,30
1/6/2025,NHPC,SELL,226,10,2260,4919,0
1/7/2025,PCBL,BUY,254,10,2540,2379,20
1/7/2025,ICFC,SELL,676,10,6760,9139,20
1/7/2025,JOSHI,BUY,445,10,4450,4689,10
1/7/2025,KSBBL,BUY,434,10,4340,349,10
1/7/2025,AHPC,SELL,261.2,10,2612,2961,20
1/7/2025,HURJA,SELL,236,10,2360,5321,0
1/7/2025,MFIL,SELL,665,10,6650,11971,0
1/7/2025,NICA,BUY,387.8,10,3878,8093,20
1/7/2025,MLBL,BUY,376,10,3760,4333,30
1/7/2025,SANIMA,BUY,297,10,2970,1363,10
1/8/2025,LBBL,SELL,478,10,4780,6143,0
1/8/2025,AHPC,SELL,259.8,10,2598,8741,10
1/8/2025,ICFC,SELL,708,10,7080,15821,10
1/8/2025,JOSHI,BUY,429,10,4290,11531,20
1/8/2025,MLBL,SELL,388,10,3880,15411,20
1/8/2025,NMB,BUY,240,10,2400,13011,20
1/8/2025,LICN,BUY,1120,10,11200,1811,10
1/8/2025,KSBBL,SELL,442,10,4420,6231,0
1/8/2025,CZBIL,BUY,215.9,10,2159,4072,20
1/8/2025,PCBL,BUY,254,10,2540,1532,30
1/9/2025,AHPC,SELL,257,10,2570,4102,0
1/9/2025,SANIMA,BUY,294.5,10,2945,1157,20
1/9/2025,MLBL,SELL,380,10,3800,4957,10
1/9/2025,ADBL,BUY,302.1,10,3021,1936,10
1/9/2025,ICFC,SELL,685,10,6850,8786,0
1/12/2025,ADBL,BUY,296.3,10,2963,5823,20
1/12/2025,KSBBL,BUY,426.1,10,4261,1562,10
1/13/2025,KSBBL,SELL,433,10,4330,5892,0
1/13/2025,MLBL,BUY,367,10,3670,2222,20
1/15/2025,CZBIL,BUY,210,10,2100,122,30
1/19/2025,SANIMA,SELL,299.8,10,2998,3120,10
1/19/2025,NHPC,BUY,214,10,2140,980,10
1/19/2025,JOSHI,SELL,441,10,4410,5390,10
1/19/2025,PCBL,BUY,239.3,10,2393,2997,40
1/19/2025,NMB,BUY,235,10,2350,647,30
1/20/2025,NMB,SELL,239.3,10,2393,3040,20
1/20/2025,CZBIL,BUY,206,10,2060,980,40
1/21/2025,NMB,SELL,240,10,2400,3380,10
1/21/2025,SANIMA,BUY,293,10,2930,450,20
1/22/2025,JOSHI,SELL,427,10,4270,4720,0
1/22/2025,SANIMA,SELL,298,10,2980,7700,10
1/22/2025,MLBL,SELL,377,10,3770,11470,10
1/22/2025,NMB,SELL,244.1,10,2441,13911,0
1/22/2025,LICN,BUY,1099,10,10990,2921,20
1/22/2025,CZBIL,BUY,207.4,10,2074,847,50
1/22/2025,PCBL,SELL,246,10,2460,3307,30
1/22/2025,ADBL,BUY,284,10,2840,467,30
1/22/2025,NHPC,SELL,221.9,10,2219,2686,0
1/23/2025,CZBIL,BUY,207,10,2070,616,60
1/23/2025,SANIMA,SELL,299,10,2990,3606,0
1/23/2025,AKJCL,BUY,196,10,1960,1646,10
1/23/2025,ADBL,SELL,289,10,2890,4536,20
1/26/2025,JBBL,BUY,348.1,10,3481,1055,10
1/26/2025,AKJCL,SELL,197,10,1970,3025,0
1/26/2025,CZBIL,BUY,206,10,2060,965,70
1/26/2025,ADBL,SELL,287.6,10,2876,3841,10
1/27/2025,PCBL,BUY,239,10,2390,1451,40
1/27/2025,MLBL,SELL,385,10,3850,5301,0
1/28/2025,LBBL,BUY,455.1,10,4551,750,10
1/28/2025,ADBL,SELL,286,10,2860,3610,0
1/28/2025,JBBL,SELL,361.2,10,3612,7222,0
1/28/2025,JOSHI,BUY,415,10,4150,3072,10
1/28/2025,CZBIL,BUY,205,10,2050,1022,80
2/2/2025,LBBL,SELL,468,10,4680,5702,0
2/2/2025,LICN,SELL,1100,10,11000,16702,10
2/2/2025,PCBL,SELL,246,10,2460,19162,30
2/2/2025,NABIL,SELL,491.4,10,4914,24076,90
2/2/2025,NICA,SELL,367,10,3670,27746,10
2/2/2025,CZBIL,SELL,210.1,10,2101,29847,70
2/2/2025,CIT,BUY,1985,10,19850,9997,10
2/3/2025,NABIL,SELL,495.9,10,4959,14956,80
2/3/2025,PROFL,BUY,538,10,5380,9576,10
2/3/2025,PCBL,SELL,246,10,2460,12036,20
2/3/2025,JOSHI,BUY,410.8,10,4108,7928,20
2/3/2025,KKHC,BUY,380,10,3800,4128,10
2/3/2025,NICA,SELL,372,10,3720,7848,0
2/3/2025,LICN,SELL,1123,10,11230,19078,0
2/3/2025,CZBIL,SELL,213,10,2130,21208,60
2/4/2025,KKHC,SELL,401,10,4010,25218,0
2/4/2025,PCBL,SELL,244,10,2440,27658,10
2/4/2025,CIT,BUY,1984,10,19840,7818,20
2/4/2025,JOSHI,SELL,451.8,10,4518,12336,10
2/4/2025,PROFL,BUY,525,10,5250,7086,20
2/4/2025,NABIL,SELL,493,10,4930,12016,70
2/4/2025,MFIL,BUY,626,10,6260,5756,10
2/4/2025,CZBIL,SELL,211,10,2110,7866,50
2/5/2025,MFIL,SELL,648,10,6480,14346,0
2/5/2025,CZBIL,SELL,210.4,10,2104,16450,40
2/5/2025,JOSHI,SELL,445,10,4450,20900,0
2/5/2025,PCBL,SELL,243,10,2430,23330,0
2/5/2025,PROFL,SELL,565,10,5650,28980,10
2/5/2025,NABIL,SELL,490,10,4900,33880,60
2/5/2025,CIT,BUY,1987,10,19870,14010,30
2/6/2025,PROFL,SELL,570,10,5700,19710,0
2/6/2025,CIT,BUY,1970,10,19700,10,40
2/9/2025,CZBIL,SELL,208.5,10,2085,2095,30
2/10/2025,CZBIL,BUY,208.2,10,2082,13,40
2/10/2025,NABIL,SELL,490,10,4900,4913,50
2/10/2025,AHPC,BUY,262.5,10,2625,2288,10
2/11/2025,NHPC,BUY,218,10,2180,108,10
2/11/2025,CZBIL,SELL,209.5,10,2095,2203,30
2/12/2025,NHPC,BUY,218,10,2180,23,20
2/12/2025,CZBIL,SELL,209.5,10,2095,2118,20
2/13/2025,CZBIL,BUY,207,10,2070,48,30
2/16/2025,CZBIL,SELL,209.5,10,2095,2143,20
2/16/2025,NHPC,SELL,222.9,10,2229,4372,10
2/16/2025,AHPC,BUY,265,10,2650,1722,20
2/17/2025,NABIL,SELL,494,10,4940,6662,40
2/17/2025,CZBIL,SELL,215.5,10,2155,8817,10
2/17/2025,NHPC,SELL,221.8,10,2218,11035,0
2/17/2025,HURJA,BUY,253.6,10,2536,8499,10
2/17/2025,JOSHI,BUY,428.6,10,4286,4213,10
2/17/2025,AHPC,BUY,265,10,2650,1563,30
2/18/2025,CZBIL,SELL,214.8,10,2148,3711,0
2/18/2025,HURJA,BUY,252.9,10,2529,1182,20
2/18/2025,NABIL,SELL,496,10,4960,6142,30
2/18/2025,CIT,SELL,1997,10,19970,26112,30
2/18/2025,JOSHI,BUY,424,10,4240,21872,20
2/18/2025,AHPC,BUY,263,10,2630,19242,40
2/18/2025,AKJCL,BUY,205,10,2050,17192,10
2/20/2025,JOSHI,BUY,417,10,4170,13022,30
2/20/2025,KSBBL,BUY,450,10,4500,8522,10
2/20/2025,BARUN,BUY,466,10,4660,3862,10
2/20/2025,HURJA,BUY,249,10,2490,1372,30
2/20/2025,CIT,SELL,1990,10,19900,21272,20
2/20/2025,NHPC,BUY,217,10,2170,19102,10
2/20/2025,NABIL,SELL,494.9,10,4949,24051,20
2/20/2025,MLBL,BUY,401.1,10,4011,20040,10
2/20/2025,KKHC,BUY,375,10,3750,16290,10
2/20/2025,JBBL,BUY,357.9,10,3579,12711,10
2/20/2025,AKJCL,BUY,202.9,10,2029,10682,20
2/20/2025,AHPC,BUY,260,10,2600,8082,50
2/20/2025,MFIL,BUY,643,10,6430,1652,10
2/23/2025,CIT,SELL,1975,10,19750,21402,10
2/23/2025,ICFC,BUY,660,10,6600,14802,10
2/23/2025,JBBL,BUY,354,10,3540,11262,20
2/23/2025,ADBL,BUY,294,10,2940,8322,10
2/23/2025,AHPC,BUY,257.3,10,2573,5749,60
2/23/2025,KKHC,BUY,373,10,3730,2019,20
2/23/2025,NABIL,SELL,489.9,10,4899,6918,10
2/23/2025,BARUN,BUY,468,10,4680,2238,20
2/23/2025,NHPC,BUY,218.6,10,2186,52,20
2/23/2025,MFIL,SELL,643.8,10,6438,6490,0
2/23/2025,KSBBL,BUY,448,10,4480,2010,20
2/24/2025,AKJCL,SELL,205,10,2050,4060,10
2/24/2025,HURJA,BUY,251,10,2510,1550,40
2/24/2025,NHPC,SELL,219,10,2190,3740,10
2/24/2025,ADBL,BUY,293.9,10,2939,801,20
2/25/2025,CIT,SELL,1973.3,10,19733,20534,0
2/25/2025,BARUN,BUY,468.1,10,4681,15853,30
2/25/2025,MLBL,BUY,392.9,10,3929,11924,20
2/25/2025,NABIL,BUY,489,10,4890,7034,20
2/25/2025,KSBBL,BUY,444.1,10,4441,2593,30
2/25/2025,AKJCL,BUY,203.3,10,2033,560,20
2/27/2025,JBBL,SELL,360.2,10,3602,4162,10
2/27/2025,AKJCL,SELL,217.9,10,2179,6341,10
2/27/2025,MLBL,BUY,400,10,4000,2341,30
2/27/2025,KSBBL,SELL,455,10,4550,6891,20
2/27/2025,ICFC,BUY,655,10,6550,341,20
2/27/2025,ADBL,SELL,303,10,3030,3371,10
2/27/2025,AHPC,SELL,268.1,10,2681,6052,50
2/27/2025,NHPC,SELL,228,10,2280,8332,0
2/27/2025,BARUN,SELL,486,10,4860,13192,20
2/27/2025,HPPL,BUY,590,10,5900,7292,10
2/27/2025,HURJA,SELL,261.9,10,2619,9911,30
2/27/2025,NABIL,SELL,501.8,10,5018,14929,10
3/2/2025,JBBL,SELL,375.4,10,3754,18683,0
3/2/2025,NABIL,SELL,519,10,5190,23873,0
3/2/2025,BARUN,SELL,491,10,4910,28783,10
3/2/2025,HURJA,SELL,268,10,2680,31463,20
3/2/2025,AHPC,SELL,288,10,2880,34343,40
3/2/2025,MLBL,SELL,412,10,4120,38463,20
3/2/2025,ICFC,SELL,675.8,10,6758,45221,10
3/2/2025,KKHC,SELL,384,10,3840,49061,10
3/2/2025,ADBL,SELL,309,10,3090,52151,0
3/2/2025,JOSHI,SELL,424.9,10,4249,56400,20
3/2/2025,HPPL,BUY,603.9,10,6039,50361,20
3/2/2025,AKJCL,SELL,224.2,10,2242,52603,0
3/2/2025,KSBBL,SELL,469,10,4690,57293,10
3/2/2025,EDBL,BUY,744,10,7440,49853,10
3/3/2025,BARUN,SELL,484,10,4840,54693,0
3/3/2025,AHPC,SELL,280.7,10,2807,57500,30
3/3/2025,JOSHI,BUY,419,10,4190,53310,30
3/3/2025,ICFC,SELL,678,10,6780,60090,0
3/3/2025,EDBL,BUY,730,10,7300,52790,20
3/3/2025,KSBBL,SELL,461.7,10,4617,57407,0
3/3/2025,HURJA,SELL,260.2,10,2602,60009,10
3/3/2025,KKHC,SELL,380,10,3800,63809,0
3/3/2025,MLBL,SELL,403.6,10,4036,67845,10
3/3/2025,HPPL,BUY,595,10,5950,61895,30
3/4/2025,ICFC,BUY,663,10,6630,55265,10
3/4/2025,JOSHI,BUY,416.9,10,4169,51096,40
3/4/2025,AHPC,SELL,276,10,2760,53856,20
3/4/2025,MLBL,SELL,404,10,4040,57896,0
3/4/2025,HURJA,SELL,258.4,10,2584,60480,0
3/4/2025,HPPL,SELL,615,10,6150,66630,20
3/4/2025,PROFL,BUY,606.2,10,6062,60568,10
3/4/2025,EDBL,BUY,721,10,7210,53358,30
3/5/2025,NABIL,BUY,499,10,4990,48368,10
3/5/2025,MLBL,BUY,397.8,10,3978,44390,10
3/5/2025,HPPL,SELL,640,10,6400,50790,10
3/5/2025,AHPC,SELL,275,10,2750,53540,10
3/5/2025,EDBL,BUY,719,10,7190,46350,40
3/5/2025,PROFL,BUY,590,10,5900,40450,20
3/5/2025,ICFC,BUY,654,10,6540,33910,20
3/5/2025,SANIMA,BUY,309.4,10,3094,30816,10
3/5/2025,JOSHI,BUY,411,10,4110,26706,50
3/5/2025,LICN,BUY,1260,10,12600,14106,10
3/6/2025,MFIL,BUY,650,10,6500,7606,10
3/6/2025,HPPL,SELL,630.2,10,6302,13908,0
3/6/2025,NABIL,BUY,498.1,10,4981,8927,20
3/6/2025,PROFL,BUY,595.9,10,5959,2968,30
3/6/2025,MLBL,SELL,429,10,4290,7258,0
3/6/2025,AHPC,SELL,275,10,2750,10008,0
3/6/2025,JOSHI,BUY,410,10,4100,5908,60
3/9/2025,ADBL,BUY,297,10,2970,2938,10
3/9/2025,NMB,BUY,257,10,2570,368,10
3/27/2025,PROFL,SELL,544.58,10,5445.8,5813.8,20
3/27/2025,HURJA,BUY,236.1,10,2361,3452.8,10
3/27/2025,JBBL,BUY,341.82,10,3418.2,34.6,10
3/27/2025,MFIL,SELL,614.11,10,6141.1,6175.7,0
3/27/2025,MLBL,BUY,405.76,10,4057.6,2118.1,10
3/27/2025,NMB,SELL,252.66,10,2526.6,4644.7,0
3/27/2025,LICN,SELL,1027.1,10,10271,14915.7,0
3/30/2025,MLBL,BUY,405.28,10,4052.8,10862.9,20
3/30/2025,EDBL,BUY,646.79,10,6467.9,4395,50
3/30/2025,JOSHI,SELL,393.26,10,3932.6,8327.6,50
3/30/2025,ICFC,SELL,620.44,10,6204.4,14532,10
3/30/2025,HURJA,SELL,245.32,10,2453.2,16985.2,0
3/30/2025,JBBL,BUY,344.6,10,3446,13539.2,20
3/30/2025,SANIMA,SELL,302.11,10,3021.1,16560.3,0
3/30/2025,NABIL,SELL,485.96,10,4859.6,21419.9,10
3/30/2025,PROFL,SELL,558.71,10,5587.1,27007,10
3/30/2025,LBBL,BUY,428.95,10,4289.5,22717.5,10
3/30/2025,DHPL,BUY,401.04,10,4010.4,18707.1,10
3/30/2025,ADBL,SELL,287.3,10,2873,21580.1,0
4/1/2025,JOSHI,SELL,383.79,10,3837.9,25418,40
4/1/2025,JBBL,BUY,340.41,10,3404.1,22013.9,30
4/1/2025,NABIL,BUY,484.56,10,4845.6,17168.3,20
4/1/2025,SANIMA,BUY,299.21,10,2992.1,14176.2,10
4/1/2025,EDBL,BUY,635.93,10,6359.3,7816.9,60
4/1/2025,KSBBL,BUY,434.2,10,4342,3474.9,10
4/1/2025,DHPL,SELL,403.08,10,4030.8,7505.7,0
4/1/2025,MFIL,BUY,606.54,10,6065.4,1440.3,10
4/1/2025,PROFL,SELL,545.76,10,5457.6,6897.9,0
4/1/2025,EBL,BUY,600.63,10,6006.3,891.6,10
4/2/2025,ICFC,SELL,617.01,10,6170.1,7061.7,0
4/2/2025,KSBBL,BUY,433.55,10,4335.5,2726.2,20
4/2/2025,MFIL,SELL,613.57,10,6135.7,8861.9,0
4/2/2025,EDBL,BUY,636.19,10,6361.9,2500,70
4/2/2025,NABIL,SELL,485.26,10,4852.6,7352.6,10
4/2/2025,JOSHI,SELL,382.09,10,3820.9,11173.5,30
4/2/2025,LBBL,BUY,424.49,10,4244.9,6928.6,20
4/3/2025,JOSHI,SELL,374.09,10,3740.9,10669.5,20
4/3/2025,JBBL,SELL,342.11,10,3421.1,14090.6,20
4/3/2025,LICN,BUY,1004.36,10,10043.6,4047,10
4/3/2025,KSBBL,SELL,438.03,10,4380.3,8427.3,10
4/3/2025,LBBL,SELL,423.83,10,4238.3,12665.6,10
4/3/2025,SANIMA,SELL,302.75,10,3027.5,15693.1,0
4/3/2025,MLBL,BUY,395.43,10,3954.3,11738.8,30
4/3/2025,MFIL,BUY,608.59,10,6085.9,5652.9,10
4/3/2025,NHPC,BUY,207.8,10,2078,3574.9,10
4/3/2025,EBL,SELL,605.34,10,6053.4,9628.3,0
4/3/2025,AKJCL,BUY,203.16,10,2031.6,7596.7,10
4/3/2025,DHPL,BUY,394.65,10,3946.5,3650.2,10
4/3/2025,NABIL,SELL,488.73,10,4887.3,8537.5,0
4/7/2025,EDBL,BUY,623.6,10,6236,2301.5,80
4/7/2025,NHPC,BUY,205.55,10,2055.5,246,20
4/7/2025,JOSHI,SELL,371.45,10,3714.5,3960.5,10
4/7/2025,HURJA,BUY,235.5,10,2355,1605.5,10
4/8/2025,JOSHI,SELL,373.06,10,3730.6,5336.1,0
4/9/2025,NHPC,BUY,207.09,10,2070.9,3265.2,30
4/9/2025,SANIMA,BUY,299.05,10,2990.5,274.7,10
4/9/2025,LBBL,SELL,422.1,10,4221,4495.7,0
4/9/2025,MLBL,BUY,389.68,10,3896.8,598.9,40
4/9/2025,KSBBL,SELL,440.95,10,4409.5,5008.4,0
4/9/2025,JBBL,BUY,336.01,10,3360.1,1648.3,30
4/10/2025,DHPL,SELL,407.83,10,4078.3,5726.6,0
4/10/2025,CZBIL,BUY,210.26,10,2102.6,3624,10
4/10/2025,HURJA,BUY,235.73,10,2357.3,1266.7,20
4/13/2025,SANIMA,SELL,300.9,10,3009,4275.7,0
4/13/2025,NMB,BUY,251.13,10,2511.3,1764.4,10
4/15/2025,HURJA,SELL,238.79,10,2387.9,4152.3,10
4/15/2025,AKJCL,SELL,203.37,10,2033.7,6186,0
4/15/2025,MFIL,BUY,601.53,10,6015.3,170.7,20
4/15/2025,NHPC,SELL,210.76,10,2107.6,2278.3,20
4/15/2025,CZBIL,SELL,213.68,10,2136.8,4415.1,0
4/15/2025,MLBL,SELL,395.61,10,3956.1,8371.2,30
4/15/2025,EDBL,SELL,636.61,10,6366.1,14737.3,70
4/15/2025,ICFC,BUY,600.64,10,6006.4,8730.9,10
4/15/2025,PROFL,BUY,538.33,10,5383.3,3347.6,10
4/15/2025,JBBL,SELL,340.53,10,3405.3,6752.9,20
4/15/2025,ADBL,BUY,288.45,10,2884.5,3868.4,10
4/15/2025,PCBL,BUY,251.56,10,2515.6,1352.8,10
4/16/2025,EDBL,SELL,661.03,10,6610.3,7963.1,60
4/16/2025,MLBL,SELL,394.99,10,3949.9,11913,20
4/16/2025,JBBL,SELL,342,10,3420,15333,10
4/16/2025,NHPC,SELL,215.85,10,2158.5,17491.5,10
4/16/2025,MFIL,BUY,601.53,10,6015.3,11476.2,30
4/16/2025,ADBL,BUY,289.97,10,2899.7,8576.5,20
4/16/2025,HURJA,SELL,245.76,10,2457.6,11034.1,0
4/16/2025,LICN,BUY,965.92,10,9659.2,1374.9,20
4/16/2025,PCBL,SELL,252.54,10,2525.4,3900.3,0
4/16/2025,NMB,SELL,254.39,10,2543.9,6444.2,0
4/16/2025,PROFL,BUY,533.24,10,5332.4,1111.8,20
4/17/2025,ADBL,SELL,291.96,10,2919.6,4031.4,10
4/17/2025,ICFC,SELL,603.74,10,6037.4,10068.8,0
4/17/2025,MLBL,SELL,399.54,10,3995.4,14064.2,10
4/17/2025,EDBL,SELL,658.22,10,6582.2,20646.4,50
4/17/2025,JBBL,SELL,345.06,10,3450.6,24097,0
4/17/2025,DHPL,BUY,385.08,10,3850.8,20246.2,10
4/17/2025,NHPC,SELL,222.9,10,2229,22475.2,0
4/17/2025,MFIL,SELL,609.25,10,6092.5,28567.7,20
4/17/2025,PROFL,BUY,533.67,10,5336.7,23231,30
4/20/2025,LICN,BUY,967.31,10,9673.1,13557.9,30
4/20/2025,NMB,BUY,253.39,10,2533.9,11024,10
4/20/2025,PROFL,BUY,532.6,10,5326,5698,40
4/20/2025,NICA,BUY,369.81,10,3698.1,1999.9,10
4/20/2025,EDBL,SELL,632.54,10,6325.4,8325.3,40
4/20/2025,MLBL,BUY,390.34,10,3903.4,4421.9,20
4/20/2025,DHPL,BUY,379.15,10,3791.5,630.4,20
4/28/2025,MFIL,SELL,597.28,10,5972.8,6603.2,10
4/28/2025,NMB,BUY,237.95,10,2379.5,4223.7,20
4/29/2025,JOSHI,BUY,367.25,10,3672.5,551.2,10
5/7/2025,NICA,SELL,358.27,10,3582.7,4133.9,0
5/7/2025,MFIL,SELL,591.98,10,5919.8,10053.7,0
5/7/2025,NMB,SELL,240.7,10,2407,12460.7,10
5/7/2025,LICN,BUY,923.81,10,9238.1,3222.6,40
5/7/2025,ADBL,SELL,286.33,10,2863.3,6085.9,0
5/7/2025,EDBL,BUY,590.02,10,5900.2,185.7,50
5/7/2025,PROFL,SELL,505.71,10,5057.1,5242.8,30
5/7/2025,JOSHI,SELL,377.34,10,3773.4,9016.2,0
5/7/2025,MLBL,SELL,377.32,10,3773.2,12789.4,10
5/7/2025,BARUN,BUY,541.66,10,5416.6,7372.8,10
5/7/2025,DHPL,SELL,354.63,10,3546.3,10919.1,10
5/8/2025,LICN,BUY,920.91,10,9209.1,1710,50
5/8/2025,NMB,SELL,239.03,10,2390.3,4100.3,0
5/8/2025,MLBL,SELL,378.68,10,3786.8,7887.1,0
5/8/2025,EDBL,BUY,587.47,10,5874.7,2012.4,60
5/8/2025,PROFL,SELL,525.66,10,5256.6,7269,20
5/8/2025,DHPL,SELL,364.73,10,3647.3,10916.3,0
5/8/2025,HPPL,BUY,525.22,10,5252.2,5664.1,10
5/11/2025,PROFL,SELL,507.09,10,5070.9,10735,10
5/11/2025,PCBL,BUY,237.97,10,2379.7,8355.3,10
5/11/2025,EDBL,SELL,594.92,10,5949.2,14304.5,50
5/11/2025,BARUN,BUY,542.63,10,5426.3,8878.2,20
5/11/2025,HPPL,BUY,508.14,10,5081.4,3796.8,20
5/11/2025,LICN,SELL,938.68,10,9386.8,13183.6,40
5/11/2025,NICA,BUY,349.98,10,3499.8,9683.8,10
5/13/2025,EDBL,SELL,602.32,10,6023.2,15707,40
5/13/2025,PROFL,BUY,496.93,10,4969.3,10737.7,20
5/13/2025,NMB,BUY,236.36,10,2363.6,8374.1,10
5/13/2025,NICA,BUY,347.21,10,3472.1,4902,20
5/13/2025,AKJCL,BUY,209.86,10,2098.6,2803.4,10
5/13/2025,LICN,SELL,973.5,10,9735,12538.4,30
5/13/2025,HPPL,BUY,526.1,10,5261,7277.4,30
5/13/2025,BARUN,BUY,530.74,10,5307.4,1970,30
5/14/2025,EDBL,SELL,613.2,10,6132,8102,30
5/14/2025,BARUN,BUY,525.2,10,5252,2850,40
5/14/2025,LICN,SELL,964.41,10,9644.1,12494.1,20
5/14/2025,NICA,BUY,346.24,10,3462.4,9031.7,30
5/14/2025,NHPC,BUY,220.76,10,2207.6,6824.1,10
5/14/2025,HPPL,BUY,506.93,10,5069.3,1754.8,40
5/15/2025,EDBL,SELL,596.1,10,5961,7715.8,20
5/15/2025,HPPL,BUY,499.71,10,4997.1,2718.7,50
5/15/2025,HURJA,BUY,255.37,10,2553.7,165,10
5/15/2025,LICN,SELL,948.89,10,9488.9,9653.9,10
5/15/2025,NHPC,BUY,220.01,10,2200.1,7453.8,20
5/15/2025,AKJCL,BUY,205.45,10,2054.5,5399.3,20
5/15/2025,CZBIL,BUY,197.86,10,1978.6,3420.7,10
5/15/2025,ADBL,BUY,281.11,10,2811.1,609.6,10
5/19/2025,ADBL,SELL,282.78,10,2827.8,3437.4,0
5/19/2025,CZBIL,SELL,201.08,10,2010.8,5448.2,0
5/19/2025,NMB,SELL,238.14,10,2381.4,7829.6,0
5/19/2025,NICA,BUY,340.13,10,3401.3,4428.3,40
5/19/2025,EDBL,SELL,591.4,10,5914,10342.3,10
5/19/2025,AHPC,BUY,283.9,10,2839,7503.3,10
5/19/2025,MFIL,BUY,592.28,10,5922.8,1580.5,10
5/19/2025,PCBL,SELL,243.68,10,2436.8,4017.3,0
5/19/2025,DHPL,BUY,344.41,10,3444.1,573.2,10
5/20/2025,EDBL,SELL,603.99,10,6039.9,6613.1,0
5/20/2025,PROFL,SELL,504.84,10,5048.4,11661.5,10
5/20/2025,BARUN,SELL,539.77,10,5397.7,17059.2,30
5/20/2025,HURJA,BUY,260.52,10,2605.2,14454,20
5/20/2025,NICA,BUY,341.04,10,3410.4,11043.6,50
5/20/2025,MFIL,SELL,604.08,10,6040.8,17084.4,0
5/20/2025,NHPC,SELL,226.83,10,2268.3,19352.7,10
5/20/2025,LICN,BUY,930.47,10,9304.7,10048,20
5/20/2025,DHPL,SELL,359.36,10,3593.6,13641.6,0
5/20/2025,HPPL,BUY,508.99,10,5089.9,8551.7,60
5/20/2025,AHPC,BUY,293.56,10,2935.6,5616.1,20
5/20/2025,AKJCL,SELL,211.63,10,2116.3,7732.4,10
5/21/2025,AKJCL,BUY,207.94,10,2079.4,5653,20
5/21/2025,JOSHI,BUY,396.03,10,3960.3,1692.7,10
5/21/2025,PROFL,SELL,500.13,10,5001.3,6694,0
5/21/2025,NHPC,BUY,221.66,10,2216.6,4477.4,20
5/21/2025,NICA,BUY,344.08,10,3440.8,1036.6,60
5/22/2025,NICA,SELL,370.91,10,3709.1,4745.7,50
5/22/2025,DHPL,BUY,347.39,10,3473.9,1271.8,10
5/25/2025,NICA,SELL,364.6,10,3646,4917.8,40
5/25/2025,HURJA,BUY,249.73,10,2497.3,2420.5,30
5/25/2025,AKJCL,BUY,207.47,10,2074.7,345.8,30
5/26/2025,NICA,SELL,362.83,10,3628.3,3974.1,30
5/26/2025,NHPC,BUY,217.98,10,2179.8,1794.3,30
5/27/2025,NICA,SELL,361.45,10,3614.5,5408.8,20
5/27/2025,HURJA,BUY,246.42,10,2464.2,2944.6,40
5/27/2025,DHPL,SELL,354.04,10,3540.4,6485,0
5/28/2025,EDBL,BUY,591.23,10,5912.3,572.7,10
5/28/2025,AHPC,SELL,290.73,10,2907.3,3480,10
5/28/2025,HURJA,SELL,253.03,10,2530.3,6010.3,30
5/28/2025,AKJCL,SELL,208.23,10,2082.3,8092.6,20
5/28/2025,NHPC,BUY,217.72,10,2177.2,5915.4,40
5/28/2025,NICA,SELL,371.62,10,3716.2,9631.6,10
5/28/2025,DHPL,BUY,340.18,10,3401.8,6229.8,10
5/28/2025,MFIL,BUY,594.92,10,5949.2,280.6,10
5/28/2025,JOSHI,SELL,393.26,10,3932.6,4213.2,0
6/2/2025,MLBL,BUY,392.59,10,3925.9,287.3,10
6/2/2025,NICA,SELL,369.69,10,3696.9,3984.2,0
6/2/2025,NHPC,BUY,217.51,10,2175.1,1809.1,50
6/2/2025,AKJCL,SELL,207.6,10,2076,3885.1,10
6/2/2025,AHPC,SELL,293.23,10,2932.3,6817.4,0
6/3/2025,AKJCL,BUY,205.97,10,2059.7,4757.7,20
6/3/2025,ADBL,BUY,291.42,10,2914.2,1843.5,10
6/5/2025,HPPL,SELL,497.08,10,4970.8,6814.3,50
6/5/2025,BARUN,BUY,319.28,10,3192.8,3621.5,40
6/5/2025,SANIMA,BUY,313.15,10,3131.5,490,10
6/8/2025,HURJA,SELL,254.3,10,2543,3033,20
6/8/2025,NHPC,BUY,215.53,10,2155.3,877.7,60
6/8/2025,HPPL,SELL,536.61,10,5366.1,6243.8,40
6/8/2025,BARUN,BUY,316.47,10,3164.7,3079.1,50
6/8/2025,AKJCL,BUY,205.05,10,2050.5,1028.6,30
6/9/2025,MLBL,SELL,391.37,10,3913.7,4942.3,0
6/9/2025,LBBL,BUY,438.24,10,4382.4,559.9,10
6/9/2025,HPPL,SELL,544.86,10,5448.6,6008.5,30
6/9/2025,PROFL,BUY,481.05,10,4810.5,1198,10
6/9/2025,NHPC,SELL,219.49,10,2194.9,3392.9,50
6/9/2025,NMB,BUY,241.62,10,2416.2,976.7,10
6/9/2025,HURJA,SELL,256.4,10,2564,3540.7,10
6/9/2025,CZBIL,BUY,209.31,10,2093.1,1447.6,10
6/9/2025,AKJCL,SELL,207.43,10,2074.3,3521.9,20
6/10/2025,DHPL,BUY,325.54,10,3255.4,266.5,20
6/10/2025,LBBL,SELL,454.74,10,4547.4,4813.9,0
6/10/2025,HPPL,SELL,559.51,10,5595.1,10409,20
6/10/2025,NABIL,BUY,491.77,10,4917.7,5491.3,10
6/10/2025,SANIMA,SELL,319.5,10,3195,8686.3,0
6/10/2025,CZBIL,BUY,210.31,10,2103.1,6583.2,20
6/10/2025,PCBL,BUY,244.52,10,2445.2,4138,10
6/10/2025,BARUN,BUY,309.94,10,3099.4,1038.6,60
6/10/2025,PROFL,SELL,501.9,10,5019,6057.6,0
6/10/2025,EDBL,BUY,580.95,10,5809.5,248.1,20
6/10/2025,NHPC,SELL,221.55,10,2215.5,2463.6,40
6/10/2025,MFIL,SELL,606.16,10,6061.6,8525.2,0
6/10/2025,AKJCL,SELL,209.24,10,2092.4,10617.6,10
6/10/2025,NICA,BUY,350.1,10,3501,7116.6,10
6/10/2025,HURJA,SELL,260.98,10,2609.8,9726.4,0
6/11/2025,NMB,BUY,243.48,10,2434.8,7291.6,20
6/11/2025,NABIL,BUY,490.34,10,4903.4,2388.2,20
6/11/2025,AKJCL,SELL,209.7,10,2097,4485.2,0
6/11/2025,JBBL,BUY,326.7,10,3267,1218.2,10
6/11/2025,NHPC,SELL,220.25,10,2202.5,3420.7,30
6/11/2025,ADBL,BUY,288.09,10,2880.9,539.8,20
6/11/2025,HPPL,SELL,540.34,10,5403.4,5943.2,10
6/12/2025,CZBIL,BUY,206.91,10,2069.1,3874.1,30
6/12/2025,KKHC,BUY,342.29,10,3422.9,451.2,10
6/12/2025,HPPL,SELL,557.1,10,5571,6022.2,0
6/12/2025,EDBL,BUY,573.33,10,5733.3,288.9,30
6/12/2025,NHPC,SELL,220.31,10,2203.1,2492,20
6/15/2025,PCBL,BUY,238.95,10,2389.5,102.5,20
6/15/2025,NHPC,SELL,219.96,10,2199.6,2302.1,10
6/15/2025,CZBIL,BUY,205.39,10,2053.9,248.2,40
6/15/2025,KKHC,SELL,347.79,10,3477.9,3726.1,0
6/15/2025,SANIMA,BUY,315.15,10,3151.5,574.6,10
6/16/2025,NHPC,SELL,220.32,10,2203.2,2777.8,0
6/16/2025,PCBL,BUY,240.5,10,2405,372.8,30
6/16/2025,BARUN,SELL,374.79,10,3747.9,4120.7,50
6/16/2025,DHPL,BUY,322.48,10,3224.8,895.9,30
6/16/2025,SANIMA,SELL,316.81,10,3168.1,4064,0
6/16/2025,NMB,BUY,240.26,10,2402.6,1661.4,30
6/17/2025,BARUN,SELL,366.7,10,3667,5328.4,40
6/17/2025,MLBL,BUY,385.74,10,3857.4,1471,10
6/18/2025,DHPL,SELL,328.82,10,3288.2,4759.2,20
6/18/2025,ADBL,BUY,285.52,10,2855.2,1904,30
6/18/2025,BARUN,SELL,387.92,10,3879.2,5783.2,30
6/18/2025,NMB,BUY,238.41,10,2384.1,3399.1,40
6/18/2025,PCBL,BUY,238.48,10,2384.8,1014.3,40
6/19/2025,BARUN,SELL,371.75,10,3717.5,4731.8,20
6/19/2025,CZBIL,BUY,202.24,10,2022.4,2709.4,50
6/19/2025,LICN,SELL,907.08,10,9070.8,11780.2,10
6/19/2025,PCBL,BUY,237.47,10,2374.7,9405.5,50
6/19/2025,LBBL,BUY,433.05,10,4330.5,5075,10
6/19/2025,AHPC,BUY,294.46,10,2944.6,2130.4,10
6/19/2025,DHPL,SELL,337.17,10,3371.7,5502.1,10
6/22/2025,BARUN,SELL,363.27,10,3632.7,9134.8,10
6/22/2025,LICN,SELL,911.68,10,9116.8,18251.6,0
6/22/2025,DHPL,BUY,324.39,10,3243.9,15007.7,20
6/22/2025,ADBL,BUY,281.08,10,2810.8,12196.9,40
6/22/2025,KSBBL,BUY,443.42,10,4434.2,7762.7,10
6/22/2025,EDBL,BUY,558.24,10,5582.4,2180.3,40
6/22/2025,NHPC,BUY,214.67,10,2146.7,33.6,10
6/23/2025,DHPL,SELL,325.67,10,3256.7,3290.3,10
6/23/2025,NMB,BUY,235.25,10,2352.5,937.8,50
6/23/2025,BARUN,SELL,382.42,10,3824.2,4762,0
6/23/2025,KSBBL,BUY,443.27,10,4432.7,329.3,20
6/24/2025,DHPL,SELL,330.38,10,3303.8,3633.1,0
6/25/2025,NHPC,BUY,212.11,10,2121.1,1512,20
6/26/2025,PCBL,SELL,237.82,10,2378.2,3890.2,40
6/26/2025,MLBL,BUY,373.82,10,3738.2,152,20
6/29/2025,NICA,SELL,343.92,10,3439.2,3591.2,0
6/29/2025,JOSHI,BUY,327.47,10,3274.7,316.5,10
6/29/2025,JBBL,SELL,320.09,10,3200.9,3517.4,0
6/29/2025,CZBIL,SELL,207.98,10,2079.8,5597.2,40
6/29/2025,MLBL,BUY,378.47,10,3784.7,1812.5,30
6/29/2025,EDBL,SELL,565.89,10,5658.9,7471.4,30
6/29/2025,ICFC,BUY,599.68,10,5996.8,1474.6,10
6/29/2025,NABIL,SELL,489.82,10,4898.2,6372.8,10
6/29/2025,AKJCL,BUY,209.82,10,2098.2,4274.6,10
6/29/2025,HURJA,BUY,254.17,10,2541.7,1732.9,10
6/29/2025,PCBL,SELL,244.2,10,2442,4174.9,30
6/29/2025,KSBBL,SELL,446.41,10,4464.1,8639,10
6/29/2025,NMB,SELL,243.23,10,2432.3,11071.3,40
6/29/2025,NHPC,BUY,212.48,10,2124.8,8946.5,30
6/29/2025,ADBL,SELL,286.67,10,2866.7,11813.2,30
6/30/2025,KSBBL,SELL,453.05,10,4530.5,16343.7,0
6/30/2025,PCBL,SELL,244.58,10,2445.8,18789.5,20
6/30/2025,DHPL,BUY,324.83,10,3248.3,15541.2,10
6/30/2025,AKJCL,BUY,210.61,10,2106.1,13435.1,20
6/30/2025,NMB,SELL,243.95,10,2439.5,15874.6,30
6/30/2025,NABIL,SELL,491.81,10,4918.1,20792.7,0
6/30/2025,AHPC,BUY,284.4,10,2844,17948.7,20
6/30/2025,CZBIL,SELL,207.33,10,2073.3,20022,30
6/30/2025,ADBL,SELL,287.28,10,2872.8,22894.8,20
6/30/2025,HURJA,BUY,253.35,10,2533.5,20361.3,20
6/30/2025,PROFL,BUY,475.34,10,4753.4,15607.9,10
6/30/2025,NHPC,BUY,211.31,10,2113.1,13494.8,40
6/30/2025,ICFC,BUY,602.2,10,6022,7472.8,20
6/30/2025,LBBL,SELL,430.48,10,4304.8,11777.6,0
6/30/2025,HPPL,BUY,518.65,10,5186.5,6591.1,10
6/30/2025,EDBL,SELL,565.28,10,5652.8,12243.9,20
6/30/2025,JOSHI,BUY,326.78,10,3267.8,8976.1,20
6/30/2025,MLBL,SELL,381.73,10,3817.3,12793.4,20
7/1/2025,ICFC,SELL,606.53,10,6065.3,18858.7,10
7/1/2025,AHPC,SELL,288.04,10,2880.4,21739.1,10
7/1/2025,EDBL,SELL,580.49,10,5804.9,27544,10
7/1/2025,CZBIL,SELL,208.6,10,2086,29630,20
7/1/2025,HURJA,BUY,256.34,10,2563.4,27066.6,30
7/1/2025,NHPC,SELL,215.28,10,2152.8,29219.4,30
7/1/2025,PROFL,BUY,478,10,4780,24439.4,20
7/1/2025,PCBL,SELL,248.37,10,2483.7,26923.1,10
7/1/2025,AKJCL,BUY,211.53,10,2115.3,24807.8,30
7/1/2025,DHPL,BUY,325.29,10,3252.9,21554.9,20
7/1/2025,ADBL,SELL,293.7,10,2937,24491.9,10
7/1/2025,LICN,BUY,878.09,10,8780.9,15711,10
7/1/2025,JOSHI,BUY,342,10,3420,12291,30
7/1/2025,HPPL,BUY,524.62,10,5246.2,7044.8,20
7/1/2025,MLBL,SELL,387.32,10,3873.2,10918,10
7/1/2025,NMB,SELL,246.61,10,2466.1,13384.1,20
7/2/2025,AHPC,SELL,289.56,10,2895.6,16279.7,0
7/2/2025,JOSHI,BUY,338.35,10,3383.5,12896.2,40
7/2/2025,HURJA,BUY,254.39,10,2543.9,10352.3,40
7/2/2025,HPPL,BUY,522.53,10,5225.3,5127,30
7/2/2025,CZBIL,SELL,211.38,10,2113.8,7240.8,10
7/2/2025,EDBL,SELL,589.04,10,5890.4,13131.2,0
7/2/2025,ICFC,SELL,614.96,10,6149.6,19280.8,0
7/2/2025,LICN,BUY,889.53,10,8895.3,10385.5,20
7/2/2025,DHPL,SELL,330.37,10,3303.7,13689.2,10
7/2/2025,PCBL,SELL,251.74,10,2517.4,16206.6,0
7/2/2025,PROFL,SELL,492.72,10,4927.2,21133.8,10
7/2/2025,NHPC,SELL,215.05,10,2150.5,23284.3,20
7/2/2025,MLBL,SELL,393.28,10,3932.8,27217.1,0
7/2/2025,AKJCL,BUY,210.63,10,2106.3,25110.8,40
7/2/2025,ADBL,SELL,300.65,10,3006.5,28117.3,0
7/2/2025,NMB,SELL,250.08,10,2500.8,30618.1,10
7/3/2025,NHPC,SELL,213.8,10,2138,32756.1,10
7/3/2025,PROFL,SELL,507.61,10,5076.1,37832.2,0
7/3/2025,JOSHI,BUY,333.18,10,3331.8,34500.4,50
7/3/2025,NMB,SELL,253.3,10,2533,37033.4,0
7/3/2025,HPPL,BUY,520.02,10,5200.2,31833.2,40
7/3/2025,AKJCL,BUY,209.44,10,2094.4,29738.8,50
7/3/2025,LICN,SELL,916.57,10,9165.7,38904.5,10
7/3/2025,HURJA,BUY,252.9,10,2529,36375.5,50
7/3/2025,DHPL,SELL,330.57,10,3305.7,39681.2,0
7/3/2025,CZBIL,SELL,212.36,10,2123.6,41804.8,0
7/6/2025,AHPC,BUY,283.74,10,2837.4,38967.4,10
7/6/2025,NHPC,BUY,212.38,10,2123.8,36843.6,20
7/6/2025,HURJA,BUY,251.8,10,2518,34325.6,60
7/6/2025,HPPL,BUY,513.02,10,5130.2,29195.4,50
7/6/2025,LICN,SELL,900.43,10,9004.3,38199.7,0
7/6/2025,DHPL,BUY,324.34,10,3243.4,34956.3,10
7/6/2025,AKJCL,BUY,208.24,10,2082.4,32873.9,60
7/6/2025,JOSHI,BUY,325.27,10,3252.7,29621.2,60
7/7/2025,NHPC,BUY,211.65,10,2116.5,27504.7,30
7/7/2025,JOSHI,BUY,324.99,10,3249.9,24254.8,70
7/7/2025,HPPL,BUY,502.11,10,5021.1,19233.7,60
7/7/2025,DHPL,BUY,321.44,10,3214.4,16019.3,20
7/7/2025,HURJA,BUY,249.51,10,2495.1,13524.2,70
7/7/2025,AHPC,BUY,283.33,10,2833.3,10690.9,20
7/7/2025,LICN,BUY,883.77,10,8837.7,1853.2,10
7/9/2025,LICN,SELL,894.18,10,8941.8,10795,0
7/9/2025,NHPC,BUY,212.19,10,2121.9,8673.1,40
7/9/2025,JOSHI,BUY,326.68,10,3266.8,5406.3,80
7/9/2025,AHPC,SELL,287.12,10,2871.2,8277.5,10
7/9/2025,HPPL,BUY,506.56,10,5065.6,3211.9,70
7/10/2025,AKJCL,BUY,206.84,10,2068.4,1143.5,70
7/13/2025,NHPC,SELL,213.52,10,2135.2,3278.7,30
7/13/2025,AHPC,BUY,284.86,10,2848.6,430.1,20
7/13/2025,JOSHI,SELL,331.69,10,3316.9,3747,70
7/13/2025,HURJA,BUY,249.02,10,2490.2,1256.8,80
7/14/2025,JOSHI,SELL,346.37,10,3463.7,4720.5,60
7/14/2025,BARUN,BUY,416.7,10,4167,553.5,10
7/15/2025,AKJCL,SELL,208.52,10,2085.2,2638.7,60
7/15/2025,NHPC,SELL,212.89,10,2128.9,4767.6,20
7/15/2025,KKHC,BUY,293.45,10,2934.5,1833.1,10
7/15/2025,HURJA,SELL,251.52,10,2515.2,4348.3,70
7/15/2025,DHPL,BUY,322.61,10,3226.1,1122.2,30
7/15/2025,JOSHI,SELL,346.76,10,3467.6,4589.8,50
7/15/2025,AHPC,SELL,290.35,10,2903.5,7493.3,10
7/15/2025,BARUN,BUY,424.72,10,4247.2,3246.1,20
7/16/2025,HURJA,SELL,250.92,10,2509.2,5755.3,60
7/16/2025,BARUN,BUY,418.13,10,4181.3,1574,30
7/16/2025,JOSHI,SELL,346.79,10,3467.9,5041.9,40
7/16/2025,DHPL,BUY,323.83,10,3238.3,1803.6,40
7/16/2025,AHPC,SELL,291.69,10,2916.9,4720.5,0
7/16/2025,KKHC,BUY,291.34,10,2913.4,1807.1,20
7/16/2025,NHPC,SELL,213.83,10,2138.3,3945.4,10
7/16/2025,AKJCL,SELL,208.2,10,2082,6027.4,50
7/17/2025,AKJCL,SELL,216.61,10,2166.1,8193.5,40
7/17/2025,NHPC,SELL,219.88,10,2198.8,10392.3,0
7/17/2025,DHPL,SELL,337.66,10,3376.6,13768.9,30
7/17/2025,JOSHI,SELL,354.52,10,3545.2,17314.1,30
7/17/2025,KKHC,BUY,297.81,10,2978.1,14336,30
7/17/2025,BARUN,BUY,420.95,10,4209.5,10126.5,40
7/17/2025,HURJA,SELL,260.41,10,2604.1,12730.6,50
7/17/2025,HPPL,SELL,524.19,10,5241.9,17972.5,60
7/20/2025,KKHC,BUY,300.82,10,3008.2,14964.3,40
7/20/2025,BARUN,BUY,413.07,10,4130.7,10833.6,50
7/20/2025,HPPL,SELL,518.31,10,5183.1,16016.7,50
7/20/2025,HURJA,SELL,257.67,10,2576.7,18593.4,40
7/20/2025,JOSHI,SELL,358.89,10,3588.9,22182.3,20
7/20/2025,DHPL,SELL,336.69,10,3366.9,25549.2,20
7/20/2025,AKJCL,SELL,214.16,10,2141.6,27690.8,30
7/21/2025,JOSHI,SELL,345.26,10,3452.6,31143.4,10
7/21/2025,HURJA,SELL,258.03,10,2580.3,33723.7,30
7/21/2025,BARUN,BUY,404.61,10,4046.1,29677.6,60
7/21/2025,KKHC,BUY,300.76,10,3007.6,26670,50
7/21/2025,DHPL,SELL,332.48,10,3324.8,29994.8,10
7/21/2025,AKJCL,SELL,215.16,10,2151.6,32146.4,20
7/21/2025,HPPL,SELL,514.65,10,5146.5,37292.9,40
7/22/2025,BARUN,BUY,405.63,10,4056.3,33236.6,70
7/22/2025,HURJA,SELL,262.55,10,2625.5,35862.1,20
7/22/2025,KKHC,BUY,302.81,10,3028.1,32834,60
7/22/2025,HPPL,SELL,539.6,10,5396,38230,30
7/22/2025,AKJCL,SELL,218.31,10,2183.1,40413.1,10
7/22/2025,DHPL,SELL,340.65,10,3406.5,43819.6,0
7/22/2025,JOSHI,SELL,352.84,10,3528.4,47348,0
7/23/2025,BARUN,BUY,413.87,10,4138.7,43209.3,80
7/23/2025,HURJA,SELL,268.59,10,2685.9,45895.2,10
7/23/2025,KKHC,BUY,299.95,10,2999.5,42895.7,70
7/23/2025,HPPL,SELL,543.04,10,5430.4,48326.1,20
7/23/2025,JOSHI,BUY,343.06,10,3430.6,44895.5,10
7/23/2025,AKJCL,SELL,224.33,10,2243.3,47138.8,0
7/24/2025,BARUN,BUY,412.68,10,4126.8,43012,90
7/24/2025,NICA,BUY,404.97,10,4049.7,38962.3,10
7/24/2025,HURJA,SELL,269.37,10,2693.7,41656,0
7/24/2025,JOSHI,BUY,341.88,10,3418.8,38237.2,20
7/24/2025,KKHC,BUY,296.5,10,2965,35272.2,80
7/24/2025,HPPL,SELL,544.15,10,5441.5,40713.7,10
7/27/2025,NICA,BUY,400.35,10,4003.5,36710.2,20
7/27/2025,BARUN,BUY,405.64,10,4056.4,32653.8,100
7/27/2025,HPPL,SELL,538.72,10,5387.2,38041,0
7/27/2025,KKHC,BUY,290.39,10,2903.9,35137.1,90
7/27/2025,JOSHI,BUY,337.63,10,3376.3,31760.8,30
7/28/2025,JOSHI,BUY,341.22,10,3412.2,28348.6,40
7/28/2025,BARUN,BUY,403.13,10,4031.3,24317.3,110
7/28/2025,PCBL,BUY,277.72,10,2777.2,21540.1,10
7/28/2025,ADBL,BUY,331.79,10,3317.9,18222.2,10
7/28/2025,NICA,BUY,396.3,10,3963,14259.2,30
7/28/2025,EBL,BUY,736.35,10,7363.5,6895.7,10
7/28/2025,KKHC,BUY,288.26,10,2882.6,4013.1,100
7/28/2025,NMB,BUY,270.66,10,2706.6,1306.5,10
7/29/2025,ADBL,SELL,335.35,10,3353.5,4660,0
7/29/2025,KKHC,BUY,290.07,10,2900.7,1759.3,110
7/29/2025,NMB,SELL,272.5,10,2725,4484.3,0
7/30/2025,DHPL,BUY,332.58,10,3325.8,1158.5,10
7/31/2025,JOSHI,SELL,345.7,10,3457,4615.5,30
7/31/2025,CZBIL,BUY,228,10,2280,2335.5,10
7/31/2025,NHPC,BUY,218.24,10,2182.4,153.1,10
8/7/2025,KKHC,SELL,279.44,10,2794.4,2947.5,100
8/7/2025,HURJA,BUY,250.7,10,2507,440.5,10
8/7/2025,BARUN,SELL,391.41,10,3914.1,4354.6,100
8/7/2025,AHPC,BUY,298.24,10,2982.4,1372.2,10
8/11/2025,KKHC,SELL,278.02,10,2780.2,4152.4,90
8/11/2025,NICA,BUY,381.26,10,3812.6,339.8,40
8/13/2025,EBL,SELL,715.14,10,7151.4,7491.2,0
8/13/2025,NHPC,BUY,210.56,10,2105.6,5385.6,20
8/13/2025,BARUN,SELL,378.32,10,3783.2,9168.8,90
8/13/2025,NMB,BUY,254.15,10,2541.5,6627.3,10
8/13/2025,MLBL,BUY,398.73,10,3987.3,2640,10
8/13/2025,PCBL,BUY,252,10,2520,120,20
8/14/2025,BARUN,SELL,377.82,10,3778.2,3898.2,80
8/14/2025,PCBL,BUY,250.74,10,2507.4,1390.8,30
8/18/2025,DHPL,SELL,316.1,10,3161,4551.8,0
8/18/2025,JBBL,BUY,338.86,10,3388.6,1163.2,10
8/18/2025,AHPC,SELL,296.48,10,2964.8,4128,0
8/19/2025,JOSHI,BUY,317.25,10,3172.5,955.5,40
8/19/2025,PCBL,SELL,255.31,10,2553.1,3508.6,20
8/19/2025,CZBIL,BUY,210.43,10,2104.3,1404.3,20
8/20/2025,PCBL,SELL,254.91,10,2549.1,3953.4,10
8/20/2025,KKHC,BUY,267.21,10,2672.1,1281.3,100
8/21/2025,PCBL,SELL,254.71,10,2547.1,3828.4,0
8/21/2025,JOSHI,BUY,310.04,10,3100.4,728,50
8/26/2025,NMB,SELL,249.92,10,2499.2,3227.2,0
8/26/2025,JOSHI,BUY,304.66,10,3046.6,180.6,60
8/27/2025,NHPC,SELL,211.37,10,2113.7,2294.3,10
8/27/2025,HURJA,SELL,241.35,10,2413.5,4707.8,0
8/27/2025,KKHC,BUY,257.94,10,2579.4,2128.4,110
8/27/2025,JBBL,SELL,347.68,10,3476.8,5605.2,0
8/27/2025,CZBIL,SELL,211.08,10,2110.8,7716,10
8/27/2025,MLBL,SELL,409.21,10,4092.1,11808.1,0
8/27/2025,NICA,SELL,351.44,10,3514.4,15322.5,30
8/27/2025,BARUN,BUY,364.08,10,3640.8,11681.7,90
8/28/2025,PROFL,BUY,491.14,10,4911.4,6770.3,10
8/28/2025,JOSHI,BUY,306.28,10,3062.8,3707.5,70
8/28/2025,NICA,SELL,351.32,10,3513.2,7220.7,20
8/28/2025,AHPC,BUY,291.63,10,2916.3,4304.4,10
8/28/2025,ADBL,BUY,327.55,10,3275.5,1028.9,10
8/28/2025,CZBIL,SELL,209.24,10,2092.4,3121.3,0
8/28/2025,NHPC,BUY,207.22,10,2072.2,1049.1,20
9/1/2025,NICA,SELL,350.02,10,3500.2,4549.3,10
9/1/2025,KKHC,BUY,243.07,10,2430.7,2118.6,120
9/1/2025,AKJCL,BUY,202.91,10,2029.1,89.5,10
9/21/2025,PROFL,SELL,488.64,10,4886.4,4975.9,0
9/21/2025,KKHC,SELL,243.83,10,2438.3,7414.2,110
9/21/2025,HPPL,BUY,453.64,10,4536.4,2877.8,10
9/21/2025,HURJA,BUY,226.87,10,2268.7,609.1,10
9/21/2025,AHPC,SELL,288.85,10,2888.5,3497.6,0
9/21/2025,SANIMA,BUY,337.34,10,3373.4,124.2,10
9/23/2025,BARUN,SELL,333,10,3330,3454.2,80
9/23/2025,KKHC,SELL,247.5,10,2475,5929.2,100
9/23/2025,HURJA,SELL,233.8,10,2338,8267.2,0
9/23/2025,HPPL,BUY,465.1,10,4651,3616.2,20
9/23/2025,NICA,BUY,336.8,10,3368,248.2,20
9/23/2025,NHPC,SELL,205.5,10,2055,2303.2,10
9/23/2025,JOSHI,SELL,315.8,10,3158,5461.2,60
9/23/2025,AKJCL,SELL,199.9,10,1999,7460.2,0
9/23/2025,EBL,BUY,712,10,7120,340.2,10
9/24/2025,JOSHI,SELL,319,10,3190,3530.2,50
9/24/2025,HURJA,BUY,225.6,10,2256,1274.2,10
9/24/2025,NHPC,SELL,200.1,10,2001,3275.2,0
9/24/2025,CZBIL,BUY,202.8,10,2028,1247.2,10
9/24/2025,KKHC,SELL,242,10,2420,3667.2,90
9/25/2025,JOSHI,SELL,317,10,3170,6837.2,40
9/25/2025,MFIL,BUY,647.1,10,6471,366.2,10
9/25/2025,HURJA,SELL,227,10,2270,2636.2,0
9/25/2025,CZBIL,BUY,204,10,2040,596.2,20
9/25/2025,KKHC,SELL,241,10,2410,3006.2,80
9/28/2025,EBL,SELL,720,10,7200,10206.2,0
9/28/2025,LBBL,BUY,503.9,10,5039,5167.2,10
9/28/2025,HPPL,SELL,466,10,4660,9827.2,10
9/28/2025,NICA,BUY,334,10,3340,6487.2,30
9/28/2025,KKHC,SELL,244,10,2440,8927.2,70
9/28/2025,MFIL,BUY,648,10,6480,2447.2,20
9/28/2025,CZBIL,SELL,210,10,2100,4547.2,10
9/28/2025,ADBL,SELL,319.5,10,3195,7742.2,0
9/28/2025,JOSHI,SELL,314,10,3140,10882.2,30
9/28/2025,BARUN,SELL,337,10,3370,14252.2,70
10/7/2025,DHPL,BUY,291,10,2910,11342.2,10
10/7/2025,JOSHI,SELL,305.6,10,3056,14398.2,20
10/7/2025,LBBL,BUY,485,10,4850,9548.2,20
10/7/2025,HPPL,BUY,448,10,4480,5068.2,20
10/7/2025,PCBL,BUY,246,10,2460,2608.2,10
10/7/2025,CZBIL,SELL,207,10,2070,4678.2,0
10/7/2025,NMB,BUY,243.4,10,2434,2244.2,10
10/7/2025,MFIL,SELL,654,10,6540,8784.2,10
10/7/2025,HURJA,BUY,222.9,10,2229,6555.2,10
10/7/2025,PROFL,BUY,480,10,4800,1755.2,10
10/7/2025,BARUN,SELL,326.5,10,3265,5020.2,60
10/7/2025,NHPC,BUY,196.1,10,1961,3059.2,10
10/7/2025,KKHC,SELL,242.5,10,2425,5484.2,60
10/8/2025,HURJA,BUY,215.5,10,2155,3329.2,20
10/8/2025,JOSHI,SELL,299,10,2990,6319.2,10
10/8/2025,SANIMA,BUY,320,10,3200,3119.2,20
10/8/2025,DHPL,BUY,288,10,2880,239.2,20
10/9/2025,BARUN,SELL,325,10,3250,3489.2,50
10/9/2025,NHPC,SELL,198,10,1980,5469.2,0
10/9/2025,JOSHI,SELL,305.9,10,3059,8528.2,0
10/9/2025,DHPL,BUY,289,10,2890,5638.2,30
10/9/2025,PCBL,BUY,242.9,10,2429,3209.2,20
10/9/2025,NMB,BUY,240.9,10,2409,800.2,20
10/13/2025,DHPL,SELL,300.9,10,3009,3809.2,20
10/13/2025,NHPC,BUY,195,10,1950,1859.2,10
10/14/2025,DHPL,SELL,294.8,10,2948,4807.2,10
10/14/2025,ADBL,BUY,309,10,3090,1717.2,10
10/16/2025,HPPL,SELL,465,10,4650,6367.2,10
10/16/2025,AHPC,BUY,270.2,10,2702,3665.2,10
10/16/2025,AKJCL,BUY,183.4,10,1834,1831.2,10
10/19/2025,HPPL,SELL,511,10,5110,6941.2,0
10/19/2025,MLBL,BUY,373,10,3730,3211.2,10
10/19/2025,NICA,BUY,314.1,10,3141,70.2,40
10/28/2025,AHPC,SELL,280.6,10,2806,2876.2,0
10/28/2025,KKHC,SELL,234,10,2340,5216.2,50
10/28/2025,BARUN,SELL,320,10,3200,8416.2,40
10/28/2025,NICA,SELL,324,10,3240,11656.2,30
10/28/2025,EBL,BUY,630,10,6300,5356.2,10
10/28/2025,NHPC,SELL,192,10,1920,7276.2,0
10/28/2025,NMB,SELL,242,10,2420,9696.2,10
10/28/2025,DHPL,SELL,291.5,10,2915,12611.2,0
10/28/2025,PROFL,SELL,448,10,4480,17091.2,0
10/28/2025,PCBL,SELL,239,10,2390,19481.2,10
10/28/2025,MFIL,BUY,575,10,5750,13731.2,20
10/28/2025,ADBL,SELL,315,10,3150,16881.2,0
10/28/2025,NABIL,BUY,509,10,5090,11791.2,10
10/28/2025,MLBL,SELL,383.6,10,3836,15627.2,0
10/28/2025,AKJCL,SELL,193.8,10,1938,17565.2,0
10/28/2025,LBBL,SELL,491,10,4910,22475.2,10
10/28/2025,HURJA,SELL,217,10,2170,24645.2,10
10/28/2025,SANIMA,SELL,314,10,3140,27785.2,10
10/29/2025,LBBL,SELL,479,10,4790,32575.2,0
10/29/2025,HURJA,SELL,216,10,2160,34735.2,0
10/29/2025,KKHC,SELL,257.4,10,2574,37309.2,40
10/29/2025,BARUN,SELL,317,10,3170,40479.2,30
10/29/2025,NABIL,BUY,507,10,5070,35409.2,20
10/29/2025,CIT,BUY,1850,10,18500,16909.2,10
10/29/2025,NICA,BUY,319,10,3190,13719.2,40
10/29/2025,ICFC,BUY,615,10,6150,7569.2,10
10/29/2025,NMB,SELL,240,10,2400,9969.2,0
10/29/2025,EBL,BUY,625,10,6250,3719.2,20
10/29/2025,SANIMA,SELL,318,10,3180,6899.2,0
10/29/2025,PCBL,SELL,239.2,10,2392,9291.2,0
10/30/2025,NICA,SELL,321,10,3210,12501.2,30
10/30/2025,ICFC,SELL,630,10,6300,18801.2,0
10/30/2025,BARUN,SELL,322,10,3220,22021.2,20
10/30/2025,KKHC,SELL,273,10,2730,24751.2,30
10/30/2025,EBL,BUY,625,10,6250,18501.2,30
10/30/2025,MFIL,SELL,585.9,10,5859,24360.2,10
10/30/2025,CIT,SELL,1849.5,10,18495,42855.2,0
10/30/2025,NABIL,BUY,506,10,5060,37795.2,30
11/2/2025,MFIL,SELL,603,10,6030,43825.2,0
11/2/2025,KKHC,SELL,260,10,2600,46425.2,20
11/2/2025,EBL,BUY,630.1,10,6301,40124.2,40
11/2/2025,BARUN,SELL,332.5,10,3325,43449.2,10
11/2/2025,NABIL,SELL,511.1,10,5111,48560.2,20
11/2/2025,NICA,SELL,323.9,10,3239,51799.2,20
11/3/2025,KKHC,SELL,251.9,10,2519,54318.2,10
11/3/2025,EBL,SELL,633,10,6330,60648.2,30
11/3/2025,CZBIL,BUY,202,10,2020,58628.2,10
11/3/2025,NICA,SELL,324,10,3240,61868.2,10
11/3/2025,BARUN,SELL,339.9,10,3399,65267.2,0
11/3/2025,NABIL,SELL,513.1,10,5131,70398.2,10
11/4/2025,ADBL,BUY,312,10,3120,67278.2,10
11/4/2025,CZBIL,BUY,202.2,10,2022,65256.2,20
11/4/2025,EBL,SELL,631,10,6310,71566.2,20
11/4/2025,KKHC,SELL,256.8,10,2568,74134.2,0
11/4/2025,NICA,SELL,321,10,3210,77344.2,0
11/4/2025,CIT,BUY,1838,10,18380,58964.2,10
11/4/2025,HPPL,BUY,490,10,4900,54064.2,10
11/4/2025,NABIL,SELL,511.1,10,5111,59175.2,0
11/5/2025,HPPL,BUY,491,10,4910,54265.2,20
11/5/2025,ADBL,SELL,315,10,3150,57415.2,0
11/5/2025,DHPL,BUY,291,10,2910,54505.2,10
11/5/2025,CIT,BUY,1845,10,18450,36055.2,20
11/5/2025,CZBIL,BUY,200,10,2000,34055.2,30
11/5/2025,EBL,BUY,628.2,10,6282,27773.2,30
11/6/2025,NABIL,BUY,507.3,10,5073,22700.2,10
11/6/2025,KSBBL,BUY,429.8,10,4298,18402.2,10
11/6/2025,CZBIL,BUY,200,10,2000,16402.2,40
11/6/2025,NHPC,BUY,193,10,1930,14472.2,10
11/6/2025,AKJCL,BUY,190.4,10,1904,12568.2,10
11/6/2025,DHPL,SELL,293.5,10,2935,15503.2,0
11/6/2025,EBL,BUY,623,10,6230,9273.2,40
11/6/2025,HPPL,BUY,484,10,4840,4433.2,30
11/9/2025,EBL,SELL,628.5,10,6285,10718.2,30
11/9/2025,HURJA,BUY,220,10,2200,8518.2,10
11/9/2025,AKJCL,BUY,187,10,1870,6648.2,20
11/9/2025,ICFC,BUY,632,10,6320,328.2,10
11/10/2025,EBL,SELL,633,10,6330,6658.2,20
11/10/2025,PCBL,BUY,240.6,10,2406,4252.2,10
11/10/2025,DHPL,BUY,288,10,2880,1372.2,10
11/11/2025,EBL,SELL,633.3,10,6333,7705.2,10
11/11/2025,LBBL,BUY,450.4,10,4504,3201.2,10
11/11/2025,HURJA,BUY,222.7,10,2227,974.2,20
11/12/2025,EBL,SELL,634,10,6340,7314.2,0
11/12/2025,NHPC,BUY,189,10,1890,5424.2,20
11/12/2025,AHPC,BUY,277.5,10,2775,2649.2,10
11/12/2025,KKHC,BUY,240.6,10,2406,243.2,10
11/13/2025,PCBL,SELL,247.3,10,2473,2716.2,0
11/13/2025,AKJCL,BUY,186.8,10,1868,848.2,30
11/13/2025,HPPL,SELL,499,10,4990,5838.2,20
11/13/2025,KSBBL,BUY,419,10,4190,1648.2,20
11/16/2025,HPPL,SELL,489,10,4890,6538.2,10
11/16/2025,MFIL,BUY,574,10,5740,798.2,10
11/17/2025,KSBBL,SELL,427,10,4270,5068.2,10
11/17/2025,NMB,BUY,235.5,10,2355,2713.2,10
11/17/2025,CZBIL,BUY,187.1,10,1871,842.2,50
11/17/2025,HPPL,SELL,489.6,10,4896,5738.2,0
11/17/2025,MLBL,BUY,378,10,3780,1958.2,10
11/17/2025,DHPL,SELL,291,10,2910,4868.2,0
11/17/2025,SANIMA,BUY,300,10,3000,1868.2,10
11/17/2025,AKJCL,BUY,186,10,1860,8.2,40
11/17/2025,KKHC,SELL,249,10,2490,2498.2,0
11/17/2025,NHPC,BUY,189,10,1890,608.2,30
11/17/2025,HURJA,SELL,224.2,10,2242,2850.2,10
11/17/2025,NABIL,SELL,508,10,5080,7930.2,0
11/17/2025,ADBL,BUY,313.7,10,3137,4793.2,10
11/18/2025,PROFL,BUY,462.4,10,4624,169.2,10
11/18/2025,ADBL,SELL,314.5,10,3145,3314.2,0
11/18/2025,NHPC,BUY,190.2,10,1902,1412.2,40
11/18/2025,HURJA,SELL,227.2,10,2272,3684.2,0
11/18/2025,MLBL,SELL,383.9,10,3839,7523.2,0
11/18/2025,CZBIL,BUY,190,10,1900,5623.2,60
11/18/2025,ICFC,SELL,630,10,6300,11923.2,0
11/18/2025,NMB,BUY,236,10,2360,9563.2,20
11/18/2025,KSBBL,SELL,429.2,10,4292,13855.2,0
11/18/2025,MFIL,BUY,581.9,10,5819,8036.2,20
11/18/2025,AKJCL,SELL,188.1,10,1881,9917.2,30
11/18/2025,AHPC,SELL,281,10,2810,12727.2,0
11/19/2025,EDBL,BUY,594.1,10,5941,6786.2,10
11/19/2025,AKJCL,SELL,187.1,10,1871,8657.2,20
11/19/2025,ICFC,BUY,621,10,6210,2447.2,10
11/19/2025,CZBIL,BUY,189,10,1890,557.2,70
11/20/2025,NMB,SELL,237,10,2370,2927.2,10
11/20/2025,CZBIL,BUY,186,10,1860,1067.2,80
11/20/2025,ICFC,SELL,624,10,6240,7307.2,0
11/20/2025,AHPC,BUY,276.4,10,2764,4543.2,10
11/20/2025,JBBL,BUY,313,10,3130,1413.2,10
11/20/2025,AKJCL,SELL,186.9,10,1869,3282.2,10
11/23/2025,SANIMA,SELL,301.2,10,3012,6294.2,0
11/23/2025,JBBL,SELL,321,10,3210,9504.2,0
11/23/2025,MFIL,SELL,587,10,5870,15374.2,10
11/23/2025,AKJCL,SELL,192.9,10,1929,17303.2,0
11/23/2025,NHPC,SELL,193.7,10,1937,19240.2,30
11/23/2025,AHPC,SELL,281.9,10,2819,22059.2,0
11/23/2025,NMB,SELL,243,10,2430,24489.2,0
11/23/2025,PROFL,SELL,466,10,4660,29149.2,0
11/23/2025,LBBL,SELL,466,10,4660,33809.2,0
11/23/2025,HPPL,BUY,479.4,10,4794,29015.2,10
11/23/2025,CZBIL,BUY,186.8,10,1868,27147.2,90
11/23/2025,EDBL,SELL,599,10,5990,33137.2,0
11/23/2025,CIT,SELL,1854,10,18540,51677.2,10
11/23/2025,NICA,BUY,309,10,3090,48587.2,10
11/24/2025,MFIL,SELL,602,10,6020,54607.2,0
11/24/2025,NHPC,SELL,195.9,10,1959,56566.2,20
11/24/2025,HPPL,BUY,482,10,4820,51746.2,20
11/24/2025,CZBIL,SELL,191.5,10,1915,53661.2,80
11/24/2025,CIT,SELL,1869.7,10,18697,72358.2,0
11/24/2025,NICA,SELL,316.9,10,3169,75527.2,0
11/24/2025,BARUN,BUY,340.1,10,3401,72126.2,10
11/25/2025,BARUN,SELL,348.2,10,3482,75608.2,0
11/25/2025,HPPL,BUY,480,10,4800,70808.2,30
11/25/2025,NHPC,SELL,196,10,1960,72768.2,10
11/25/2025,CZBIL,SELL,194.9,10,1949,74717.2,70
11/26/2025,HPPL,BUY,478.1,10,4781,69936.2,40
11/26/2025,NHPC,SELL,194.9,10,1949,71885.2,0
11/26/2025,CZBIL,SELL,196,10,1960,73845.2,60
11/27/2025,JOSHI,BUY,344.1,10,3441,70404.2,10
11/27/2025,HPPL,BUY,480.3,10,4803,65601.2,50
11/27/2025,CZBIL,SELL,200,10,2000,67601.2,50
11/27/2025,LBBL,BUY,457,10,4570,63031.2,10
11/30/2025,HPPL,BUY,480,10,4800,58231.2,60
11/30/2025,PROFL,BUY,460,10,4600,53631.2,10
11/30/2025,CZBIL,SELL,199.6,10,1996,55627.2,40
11/30/2025,EDBL,BUY,587,10,5870,49757.2,10
11/30/2025,LBBL,BUY,449,10,4490,45267.2,20
11/30/2025,ADBL,BUY,307,10,3070,42197.2,10
11/30/2025,KKHC,BUY,248,10,2480,39717.2,10
11/30/2025,BARUN,BUY,333.9,10,3339,36378.2,10
11/30/2025,HURJA,BUY,227.7,10,2277,34101.2,10
11/30/2025,JOSHI,BUY,319,10,3190,30911.2,20
12/1/2025,PCBL,BUY,250.1,10,2501,28410.2,10
12/1/2025,LBBL,BUY,452.5,10,4525,23885.2,30
12/1/2025,ADBL,BUY,303.9,10,3039,20846.2,20
12/1/2025,EDBL,BUY,591,10,5910,14936.2,20
12/1/2025,AKJCL,BUY,190,10,1900,13036.2,10
12/1/2025,EBL,BUY,650,10,6500,6536.2,10
12/1/2025,NHPC,BUY,192,10,1920,4616.2,10
12/1/2025,CZBIL,SELL,196,10,1960,6576.2,30
12/1/2025,PROFL,BUY,463.9,10,4639,1937.2,20
12/1/2025,HPPL,SELL,489,10,4890,6827.2,50
12/2/2025,CZBIL,BUY,193.1,10,1931,4896.2,40
12/2/2025,HPPL,SELL,484.9,10,4849,9745.2,40
12/2/2025,EDBL,BUY,586.3,10,5863,3882.2,30
12/2/2025,AKJCL,BUY,188.3,10,1883,1999.2,20
12/2/2025,NHPC,BUY,191.9,10,1919,80.2,20
12/3/2025,PROFL,SELL,474.5,10,4745,4825.2,10
12/3/2025,ADBL,BUY,298.2,10,2982,1843.2,30
12/3/2025,CZBIL,SELL,196,10,1960,3803.2,30
12/3/2025,AHPC,BUY,281.5,10,2815,988.2,10
12/7/2025,CZBIL,SELL,194.9,10,1949,2937.2,20
12/7/2025,KKHC,BUY,243,10,2430,507.2,20
12/11/2025,EBL,SELL,646,10,6460,6967.2,0
12/11/2025,KKHC,BUY,240,10,2400,4567.2,30
12/11/2025,AKJCL,BUY,184.4,10,1844,2723.2,30
12/11/2025,CZBIL,BUY,191.6,10,1916,807.2,30
12/14/2025,PCBL,SELL,247.6,10,2476,3283.2,0
12/14/2025,AHPC,BUY,277.5,10,2775,508.2,20
12/16/2025,EDBL,SELL,581,10,5810,6318.2,20
12/16/2025,DHPL,BUY,295,10,2950,3368.2,10
12/16/2025,BARUN,SELL,325,10,3250,6618.2,0
12/16/2025,PROFL,BUY,460,10,4600,2018.2,20
12/16/2025,NHPC,SELL,189.5,10,1895,3913.2,10
12/16/2025,CZBIL,BUY,189.8,10,1898,2015.2,40
12/16/2025,AKJCL,BUY,184,10,1840,175.2,40
12/16/2025,LBBL,SELL,471.9,10,4719,4894.2,20
12/16/2025,KKHC,BUY,223.4,10,2234,2660.2,40
12/16/2025,HURJA,BUY,222,10,2220,440.2,20
12/16/2025,AHPC,SELL,281,10,2810,3250.2,10
12/17/2025,CZBIL,BUY,189.6,10,1896,1354.2,50
12/17/2025,PROFL,SELL,465,10,4650,6004.2,10
12/17/2025,HPPL,SELL,467.3,10,4673,10677.2,30
12/17/2025,JOSHI,BUY,296.5,10,2965,7712.2,30
12/17/2025,NHPC,SELL,189,10,1890,9602.2,0
12/17/2025,AHPC,SELL,281.5,10,2815,12417.2,0
12/17/2025,KKHC,BUY,224.8,10,2248,10169.2,50
12/17/2025,HURJA,SELL,224.7,10,2247,12416.2,10
12/17/2025,AKJCL,BUY,183.2,10,1832,10584.2,50
12/17/2025,ADBL,SELL,294,10,2940,13524.2,20
12/17/2025,EDBL,BUY,579,10,5790,7734.2,30
12/17/2025,BARUN,BUY,322.9,10,3229,4505.2,10
12/17/2025,LBBL,SELL,469.8,10,4698,9203.2,10
12/17/2025,DHPL,SELL,297,10,2970,12173.2,0
12/18/2025,LBBL,SELL,467.9,10,4679,16852.2,0
12/18/2025,AHPC,BUY,278.6,10,2786,14066.2,10
12/18/2025,CZBIL,BUY,190,10,1900,12166.2,60
12/18/2025,JOSHI,BUY,292.1,10,2921,9245.2,40
12/18/2025,NHPC,BUY,187,10,1870,7375.2,10
12/18/2025,AKJCL,BUY,182.4,10,1824,5551.2,60
12/18/2025,KKHC,BUY,221,10,2210,3341.2,60
12/18/2025,BARUN,BUY,316.1,10,3161,180.2,20
12/21/2025,HPPL,SELL,465.4,10,4654,4834.2,20
12/21/2025,PROFL,BUY,445,10,4450,384.2,20
12/21/2025,AKJCL,SELL,186.9,10,1869,2253.2,50
12/21/2025,HURJA,BUY,219,10,2190,63.2,20
12/22/2025,HPPL,SELL,481.8,10,4818,4881.2,10
12/22/2025,HURJA,BUY,218,10,2180,2701.2,30
12/22/2025,CZBIL,BUY,190.5,10,1905,796.2,70
12/23/2025,HPPL,SELL,480,10,4800,5596.2,0
12/23/2025,NICA,BUY,318,10,3180,2416.2,10
12/23/2025,HURJA,BUY,218,10,2180,236.2,40
12/23/2025,CZBIL,SELL,191.6,10,1916,2152.2,60
12/24/2025,NICA,SELL,321,10,3210,5362.2,0
12/24/2025,PROFL,BUY,440,10,4400,962.2,30
12/24/2025,NHPC,SELL,190.8,10,1908,2870.2,0
12/24/2025,BARUN,SELL,318,10,3180,6050.2,10
12/24/2025,AKJCL,BUY,182.7,10,1827,4223.2,60
12/24/2025,AHPC,BUY,272.3,10,2723,1500.2,20
12/24/2025,CZBIL,SELL,191.5,10,1915,3415.2,50
12/28/2025,JOSHI,SELL,290,10,2900,6315.2,30
12/28/2025,MLBL,BUY,363.4,10,3634,2681.2,10
12/28/2025,NMB,BUY,240,10,2400,281.2,10
12/28/2025,EDBL,SELL,585,10,5850,6131.2,20
12/28/2025,PROFL,SELL,454,10,4540,10671.2,20
12/28/2025,BARUN,SELL,321,10,3210,13881.2,0
12/28/2025,AHPC,SELL,278,10,2780,16661.2,10
12/28/2025,CZBIL,SELL,195.1,10,1951,18612.2,40
12/28/2025,KKHC,SELL,222.4,10,2224,20836.2,50
12/28/2025,CIT,BUY,1826.1,10,18261,2575.2,10
12/28/2025,ADBL,SELL,297,10,2970,5545.2,10
12/28/2025,AKJCL,SELL,186.7,10,1867,7412.2,50
12/28/2025,HURJA,SELL,225.8,10,2258,9670.2,30
12/29/2025,KKHC,BUY,217,10,2170,7500.2,60
12/29/2025,NMB,BUY,237,10,2370,5130.2,20
12/29/2025,LBBL,BUY,465,10,4650,480.2,10
12/29/2025,JOSHI,SELL,286.4,10,2864,3344.2,20
12/29/2025,CZBIL,SELL,195.8,10,1958,5302.2,30
12/29/2025,AHPC,BUY,275,10,2750,2552.2,20
12/29/2025,EDBL,SELL,589,10,5890,8442.2,10
12/29/2025,PROFL,SELL,453,10,4530,12972.2,10
12/29/2025,AKJCL,SELL,186.9,10,1869,14841.2,40
12/29/2025,LICN,BUY,895,10,8950,5891.2,10
12/29/2025,CIT,SELL,1837,10,18370,24261.2,0
12/29/2025,HPPL,BUY,468,10,4680,19581.2,10
12/29/2025,MLBL,BUY,367,10,3670,15911.2,20
12/29/2025,ADBL,SELL,294.4,10,2944,18855.2,0
12/29/2025,HURJA,SELL,224,10,2240,21095.2,20
12/31/2025,AHPC,SELL,277.4,10,2774,23869.2,10
12/31/2025,NMB,BUY,238.2,10,2382,21487.2,30
12/31/2025,JOSHI,SELL,286.1,10,2861,24348.2,10
12/31/2025,NABIL,BUY,496.7,10,4967,19381.2,10
12/31/2025,HURJA,SELL,224.5,10,2245,21626.2,10
12/31/2025,AKJCL,SELL,192.4,10,1924,23550.2,30
12/31/2025,EDBL,SELL,577.4,10,5774,29324.2,0
12/31/2025,PROFL,SELL,453.8,10,4538,33862.2,0
12/31/2025,MLBL,BUY,365.5,10,3655,30207.2,30
12/31/2025,CZBIL,SELL,197,10,1970,32177.2,20
12/31/2025,LICN,SELL,905,10,9050,41227.2,0
12/31/2025,KKHC,BUY,217,10,2170,39057.2,70
12/31/2025,LBBL,BUY,458,10,4580,34477.2,20
12/31/2025,HPPL,BUY,469,10,4690,29787.2,20
1/1/2026,JOSHI,BUY,281,10,2810,26977.2,20
1/1/2026,AKJCL,SELL,193,10,1930,28907.2,20
1/1/2026,HURJA,BUY,221.1,10,2211,26696.2,20
1/1/2026,CZBIL,SELL,198.8,10,1988,28684.2,10
1/1/2026,MLBL,BUY,359,10,3590,25094.2,40
1/1/2026,AHPC,BUY,273.9,10,2739,22355.2,20
1/1/2026,NHPC,BUY,187.9,10,1879,20476.2,10
1/1/2026,NABIL,BUY,492,10,4920,15556.2,20
1/1/2026,BARUN,BUY,313.9,10,3139,12417.2,10
1/1/2026,DHPL,BUY,291.6,10,2916,9501.2,10
1/1/2026,EBL,BUY,652,10,6520,2981.2,10
1/1/2026,KKHC,BUY,214.1,10,2141,840.2,80
1/4/2026,AKJCL,SELL,190.8,10,1908,2748.2,10
1/4/2026,NHPC,BUY,186,10,1860,888.2,20
1/4/2026,CZBIL,SELL,196.5,10,1965,2853.2,0
1/4/2026,AHPC,BUY,259,10,2590,263.2,30
1/5/2026,EBL,SELL,654,10,6540,6803.2,0
1/5/2026,LBBL,SELL,486,10,4860,11663.2,10
1/5/2026,NHPC,SELL,188.8,10,1888,13551.2,10
1/5/2026,NMB,BUY,236.1,10,2361,11190.2,40
1/5/2026,LICN,BUY,861,10,8610,2580.2,10
1/5/2026,JOSHI,SELL,286.5,10,2865,5445.2,10
1/5/2026,NABIL,BUY,489.5,10,4895,550.2,30
1/5/2026,HURJA,SELL,223,10,2230,2780.2,10
1/5/2026,PCBL,BUY,238.5,10,2385,395.2,10
1/5/2026,BARUN,SELL,318,10,3180,3575.2,0
1/5/2026,MLBL,SELL,366,10,3660,7235.2,30
1/5/2026,KKHC,BUY,215.5,10,2155,5080.2,90
1/5/2026,AKJCL,SELL,192.6,10,1926,7006.2,0
1/5/2026,DHPL,BUY,290.1,10,2901,4105.2,20
1/6/2026,MLBL,SELL,370,10,3700,7805.2,20
1/6/2026,DHPL,SELL,292.2,10,2922,10727.2,10
1/6/2026,LICN,BUY,866.1,10,8661,2066.2,20
1/6/2026,NHPC,BUY,188,10,1880,186.2,20
1/6/2026,JOSHI,SELL,289,10,2890,3076.2,0
1/6/2026,LBBL,SELL,487,10,4870,7946.2,0
1/6/2026,KKHC,BUY,215.2,10,2152,5794.2,100
1/6/2026,HURJA,SELL,222.8,10,2228,8022.2,0
1/6/2026,PCBL,BUY,239,10,2390,5632.2,20
1/6/2026,HPPL,BUY,466.5,10,4665,967.2,30
1/7/2026,MLBL,SELL,367,10,3670,4637.2,10
1/7/2026,AHPC,BUY,256.9,10,2569,2068.2,40
1/7/2026,NHPC,BUY,185.3,10,1853,215.2,30
1/8/2026,DHPL,SELL,294,10,2940,3155.2,0
1/8/2026,MLBL,SELL,367,10,3670,6825.2,0
1/8/2026,PCBL,BUY,237,10,2370,4455.2,30
1/8/2026,AHPC,BUY,257.1,10,2571,1884.2,50
1/8/2026,KKHC,SELL,225.9,10,2259,4143.2,90
1/8/2026,NMB,SELL,239,10,2390,6533.2,30
1/8/2026,NHPC,SELL,190.3,10,1903,8436.2,20
1/8/2026,JOSHI,BUY,282.7,10,2827,5609.2,10
1/8/2026,NABIL,BUY,489,10,4890,719.2,40
1/12/2026,NMB,SELL,239.9,10,2399,3118.2,20
1/12/2026,KKHC,SELL,223.5,10,2235,5353.2,80
1/12/2026,PROFL,BUY,447.1,10,4471,882.2,10
1/13/2026,NMB,SELL,239,10,2390,3272.2,10
1/13/2026,AHPC,BUY,257,10,2570,702.2,60
1/13/2026,NHPC,SELL,190.4,10,1904,2606.2,10
1/13/2026,HURJA,BUY,221.1,10,2211,395.2,10
1/13/2026,JOSHI,SELL,285,10,2850,3245.2,0
1/13/2026,KKHC,SELL,221.9,10,2219,5464.2,70
1/13/2026,DHPL,BUY,285,10,2850,2614.2,10
1/13/2026,CZBIL,BUY,196,10,1960,654.2,10
1/13/2026,HPPL,SELL,474,10,4740,5394.2,20
1/13/2026,PCBL,BUY,239.9,10,2399,2995.2,40
1/14/2026,PCBL,BUY,239,10,2390,605.2,50
1/14/2026,NMB,SELL,239,10,2390,2995.2,0
1/14/2026,PROFL,SELL,463.9,10,4639,7634.2,0
1/14/2026,KKHC,SELL,219.9,10,2199,9833.2,60
1/14/2026,CZBIL,BUY,193,10,1930,7903.2,20
1/14/2026,AHPC,BUY,258.5,10,2585,5318.2,70
1/14/2026,DHPL,BUY,289.5,10,2895,2423.2,20
1/14/2026,HURJA,BUY,222,10,2220,203.2,20
1/14/2026,HPPL,SELL,478.5,10,4785,4988.2,10
1/14/2026,NHPC,BUY,187.8,10,1878,3110.2,20
1/18/2026,PCBL,BUY,240,10,2400,710.2,60
1/18/2026,HPPL,SELL,484,10,4840,5550.2,0
1/18/2026,HURJA,SELL,225.8,10,2258,7808.2,10
1/18/2026,NABIL,SELL,490.8,10,4908,12716.2,30
1/18/2026,NICA,BUY,339,10,3390,9326.2,10
1/18/2026,DHPL,SELL,295,10,2950,12276.2,10
1/18/2026,KKHC,SELL,222,10,2220,14496.2,50
1/18/2026,AHPC,SELL,264,10,2640,17136.2,60
1/18/2026,NHPC,SELL,190,10,1900,19036.2,10
1/18/2026,LICN,SELL,866.5,10,8665,27701.2,10
1/18/2026,CZBIL,BUY,196.8,10,1968,25733.2,30
1/20/2026,CIT,BUY,1775,10,17750,7983.2,10
1/20/2026,HURJA,SELL,231.5,10,2315,10298.2,0
1/20/2026,KKHC,SELL,226.7,10,2267,12565.2,40
1/20/2026,AHPC,SELL,268.4,10,2684,15249.2,50
1/20/2026,CZBIL,SELL,197.7,10,1977,17226.2,20
1/20/2026,PCBL,SELL,245.6,10,2456,19682.2,50
1/20/2026,NICA,SELL,346,10,3460,23142.2,0
1/20/2026,DHPL,SELL,302,10,3020,26162.2,0
1/20/2026,NHPC,SELL,203.9,10,2039,28201.2,0
1/20/2026,NABIL,SELL,496.5,10,4965,33166.2,20
1/20/2026,LICN,SELL,878,10,8780,41946.2,0
1/21/2026,PCBL,SELL,246.4,10,2464,44410.2,40
1/21/2026,NABIL,SELL,496.1,10,4961,49371.2,10
1/21/2026,CZBIL,SELL,198,10,1980,51351.2,10
1/21/2026,NICA,BUY,342,10,3420,47931.2,10
1/21/2026,KKHC,SELL,227.8,10,2278,50209.2,30
1/21/2026,AHPC,SELL,266.7,10,2667,52876.2,40
1/21/2026,CIT,SELL,1776.9,10,17769,70645.2,0
1/22/2026,PCBL,SELL,245,10,2450,73095.2,30
1/22/2026,KKHC,SELL,230.2,10,2302,75397.2,20
1/22/2026,NABIL,SELL,493.1,10,4931,80328.2,0
1/22/2026,AHPC,SELL,267,10,2670,82998.2,30
1/22/2026,CZBIL,SELL,198,10,1980,84978.2,0
1/22/2026,NICA,BUY,341.9,10,3419,81559.2,20
1/25/2026,NICA,SELL,351.2,10,3512,85071.2,10
1/25/2026,AHPC,SELL,279,10,2790,87861.2,20
1/25/2026,PCBL,SELL,246.2,10,2462,90323.2,20
1/25/2026,KKHC,SELL,239,10,2390,92713.2,10
