Date,Stock,Action,Price,Quantity,Cash_After
2021-01-25,ADBL,BUY,460.0,15,15153.750000000011
2021-01-25,AHPC,BUY,252.0,15,11373.750000000011
2021-01-25,AKJCL,BUY,143.0,15,9228.750000000011
2021-01-25,BARUN,BUY,235.0,15,5703.750000000011
2021-01-25,CZBIL,BUY,297.0,15,1248.750000000011
2021-01-31,AKJCL,SELL,135.0,153,21903.75000000001
2021-01-31,BARUN,BUY,224.0,19,17647.75000000001
2021-01-31,CZBIL,BUY,275.0,15,13522.750000000011
2021-01-31,DHPL,BUY,113.0,23,10923.750000000011
2021-01-31,EDBL,BUY,388.0,15,5103.750000000011
2021-01-31,HPPL,BUY,260.0,15,1203.750000000011
2021-02-03,HPPL,SELL,287.0,66,20145.75000000001
2021-02-03,HURJA,BUY,212.0,19,16117.750000000011
2021-02-03,ICFC,BUY,294.0,15,11707.750000000011
2021-02-03,JBBL,BUY,221.0,15,8392.750000000011
2021-02-03,JOSHI,BUY,120.0,15,6592.750000000011
2021-02-03,KKHC,BUY,113.0,15,4897.750000000011
2021-02-03,KSBBL,BUY,289.0,15,562.7500000000109
2021-02-04,BARUN,SELL,251.0,121,30933.75000000001
2021-02-04,CZBIL,BUY,292.0,21,24801.75000000001
2021-02-04,DHPL,BUY,119.0,41,19922.75000000001
2021-02-04,EBL,BUY,774.0,15,8312.750000000011
2021-02-04,EDBL,BUY,390.0,15,2462.750000000011
2021-02-04,JOSHI,BUY,122.0,15,632.7500000000109
2021-02-07,AHPC,SELL,284.0,89,25908.75000000001
2021-02-07,AKJCL,BUY,139.0,37,20765.75000000001
2021-02-07,BARUN,BUY,263.0,15,16820.75000000001
2021-02-07,CZBIL,BUY,290.0,15,12470.750000000011
2021-02-07,DHPL,BUY,116.0,21,10034.750000000011
2021-02-07,EDBL,BUY,392.0,15,4154.750000000011
2021-02-07,HURJA,BUY,236.0,15,614.7500000000109
2021-02-08,HURJA,SELL,220.0,110,24814.75000000001
2021-02-08,ICFC,BUY,302.0,16,19982.75000000001
2021-02-08,JBBL,BUY,226.0,17,16140.750000000011
2021-02-08,JOSHI,BUY,121.0,26,12994.750000000011
2021-02-08,KKHC,BUY,114.0,22,10486.750000000011
2021-02-08,KSBBL,BUY,309.0,15,5851.750000000011
2021-02-08,LBBL,BUY,245.0,15,2176.750000000011
2021-02-08,NHPC,BUY,140.0,15,76.75000000001091
2021-02-09,BARUN,SELL,245.0,15,3751.750000000011
2021-02-09,DHPL,BUY,114.0,15,2041.750000000011
2021-02-09,JOSHI,BUY,120.0,15,241.7500000000109
2021-02-16,CZBIL,SELL,322.0,110,35661.750000000015
2021-02-16,DHPL,BUY,114.0,62,28593.750000000015
2021-02-16,EBL,BUY,791.0,15,16728.750000000015
2021-02-16,EDBL,BUY,422.0,15,10398.750000000015
2021-02-16,HPPL,BUY,330.0,15,5448.750000000015
2021-02-16,HURJA,BUY,295.0,15,1023.7500000000146
2021-02-18,LBBL,SELL,276.0,61,17859.750000000015
2021-02-18,MEGA,BUY,334.0,15,12849.750000000015
2021-02-18,MFIL,BUY,518.0,15,5079.750000000015
2021-02-18,MLBL,BUY,323.0,15,234.75000000001455
2021-02-21,HURJA,SELL,332.0,15,5214.750000000015
2021-02-21,ICFC,BUY,323.0,15,369.75000000001455
2021-02-22,AKJCL,SELL,165.0,37,6474.750000000015
2021-02-22,BARUN,BUY,243.0,15,2829.7500000000146
2021-02-22,DHPL,BUY,121.0,15,1014.7500000000146
2021-02-22,KKHC,SELL,128.0,184,24566.750000000015
2021-02-22,KSBBL,BUY,315.0,15,19841.750000000015
2021-02-22,LBBL,BUY,265.0,15,15866.750000000015
2021-02-22,MEGA,BUY,310.0,15,11216.750000000015
2021-02-22,MFIL,BUY,510.0,15,3566.7500000000146
2021-02-22,NHPC,BUY,148.0,15,1346.7500000000146
2021-02-23,HPPL,SELL,377.0,15,7001.750000000015
2021-02-23,HURJA,BUY,319.0,15,2216.7500000000146
2021-02-23,JOSHI,BUY,120.0,15,416.75000000001455
2021-02-25,MLBL,SELL,304.0,57,17744.750000000015
2021-02-25,NBB,BUY,315.0,15,13019.750000000015
2021-02-25,NHPC,BUY,158.0,16,10491.750000000015
2021-02-25,NMB,BUY,446.0,15,3801.7500000000146
2021-02-25,PROFL,BUY,165.0,15,1326.7500000000146
2021-02-28,BARUN,SELL,221.0,15,4641.750000000015
2021-02-28,CZBIL,BUY,298.0,15,171.75000000001455
2021-02-28,DHPL,SELL,113.0,318,36105.750000000015
2021-02-28,EBL,BUY,781.0,15,24390.750000000015
2021-02-28,EDBL,BUY,418.0,15,18120.750000000015
2021-02-28,HPPL,BUY,340.0,15,13020.750000000015
2021-02-28,HURJA,BUY,298.0,15,8550.750000000015
2021-02-28,ICFC,BUY,302.0,15,4020.7500000000146
2021-02-28,JBBL,BUY,224.0,15,660.7500000000146
2021-02-28,LBBL,SELL,250.0,15,4410.750000000015
2021-02-28,MFIL,SELL,479.0,91,47999.750000000015
2021-02-28,MLBL,BUY,295.0,32,38559.750000000015
2021-02-28,NABIL,BUY,1296.0,15,19119.750000000015
2021-02-28,NBB,BUY,306.0,15,14529.750000000015
2021-02-28,NHPC,BUY,149.0,19,11698.750000000015
2021-02-28,NMB,BUY,430.0,15,5248.750000000015
2021-02-28,PROFL,BUY,162.0,15,2818.7500000000146
2021-03-01,AKJCL,BUY,146.0,15,628.7500000000146
2021-03-02,ADBL,SELL,435.0,81,35863.750000000015
2021-03-02,AHPC,BUY,321.0,22,28801.750000000015
2021-03-02,AKJCL,BUY,143.0,40,23081.750000000015
2021-03-02,BARUN,BUY,231.0,19,18692.750000000015
2021-03-02,CZBIL,BUY,300.0,15,14192.750000000015
2021-03-02,DHPL,BUY,113.0,25,11367.750000000015
2021-03-02,EDBL,BUY,409.0,15,5232.750000000015
2021-03-02,HPPL,SELL,392.0,15,11112.750000000015
2021-03-02,HURJA,BUY,290.0,15,6762.750000000015
2021-03-02,ICFC,BUY,296.0,15,2322.7500000000146
2021-03-02,JOSHI,BUY,115.0,15,597.7500000000146
2021-03-02,KSBBL,SELL,297.0,95,28812.750000000015
2021-03-02,LBBL,BUY,248.0,23,23108.750000000015
2021-03-02,MEGA,BUY,294.0,15,18698.750000000015
2021-03-02,MFIL,BUY,490.0,15,11348.750000000015
2021-03-02,MLBL,BUY,294.0,15,6938.750000000015
2021-03-02,NBB,BUY,301.0,15,2423.7500000000146
2021-03-02,NHPC,BUY,142.0,15,293.75000000001455
2021-03-03,BARUN,SELL,217.0,19,4416.750000000015
2021-03-03,DHPL,BUY,112.0,15,2736.7500000000146
2021-03-03,JOSHI,BUY,114.0,15,1026.7500000000146
2021-03-04,NHPC,SELL,163.0,250,41776.750000000015
2021-03-04,NICA,BUY,893.0,15,28381.750000000015
2021-03-04,NMB,BUY,429.0,15,21946.750000000015
2021-03-04,PCBL,BUY,446.0,15,15256.750000000015
2021-03-04,PROFL,BUY,161.0,18,12358.750000000015
2021-03-04,RLI,BUY,670.0,15,2308.7500000000146
2021-03-05,AKJCL,BUY,145.0,15,133.75000000001455
2021-03-07,EDBL,SELL,450.0,119,53683.750000000015
2021-03-07,HPPL,BUY,483.0,22,43057.750000000015
2021-03-07,HURJA,BUY,321.0,26,34711.750000000015
2021-03-07,ICFC,BUY,299.0,23,27834.750000000015
2021-03-07,JBBL,BUY,225.0,24,22434.750000000015
2021-03-07,JOSHI,BUY,118.0,38,17950.750000000015
2021-03-07,KKHC,BUY,116.0,30,14470.750000000015
2021-03-07,KSBBL,BUY,301.0,15,9955.750000000015
2021-03-07,LBBL,BUY,247.0,15,6250.750000000015
2021-03-07,MEGA,BUY,297.0,15,1795.7500000000146
2021-03-08,DHPL,BUY,115.0,15,70.75000000001455
2021-03-09,AHPC,SELL,370.0,22,8210.750000000015
2021-03-09,AKJCL,BUY,142.0,15,6080.750000000015
2021-03-09,BARUN,BUY,235.0,15,2555.7500000000146
2021-03-09,DHPL,BUY,113.0,15,860.7500000000146
2021-03-09,MFIL,SELL,464.0,15,7820.750000000015
2021-03-09,MLBL,BUY,298.0,15,3350.7500000000146
2021-03-09,NHPC,BUY,154.0,15,1040.7500000000146
2021-03-14,EBL,SELL,740.0,45,34340.750000000015
2021-03-14,EDBL,BUY,423.0,16,27572.750000000015
2021-03-14,HPPL,BUY,448.0,15,20852.750000000015
2021-03-14,HURJA,BUY,348.0,15,15632.750000000015
2021-03-14,ICFC,BUY,290.0,15,11282.750000000015
2021-03-14,JBBL,BUY,219.0,15,7997.750000000015
2021-03-14,JOSHI,BUY,117.0,15,6242.750000000015
2021-03-14,KKHC,BUY,116.0,15,4502.750000000015
2021-03-14,KSBBL,BUY,294.0,15,92.75000000001455
2021-03-14,NABIL,SELL,1215.0,15,18317.750000000015
2021-03-14,NBB,BUY,298.0,15,13847.750000000015
2021-03-14,NHPC,BUY,159.0,17,11144.750000000015
2021-03-14,NMB,BUY,412.0,15,4964.750000000015
2021-03-14,PROFL,BUY,155.0,15,2639.7500000000146
2021-03-14,RLI,SELL,631.0,32,22831.750000000015
2021-03-14,SANIMA,BUY,351.0,15,17566.750000000015
2021-03-15,ADBL,BUY,417.0,15,11311.750000000015
2021-03-15,AHPC,BUY,335.0,15,6286.750000000015
2021-03-15,AKJCL,BUY,157.0,15,3931.7500000000146
2021-03-15,BARUN,BUY,227.0,15,526.7500000000146
2021-03-15,HPPL,SELL,420.0,37,16066.750000000015
2021-03-15,HURJA,BUY,338.0,15,10996.750000000015
2021-03-15,ICFC,BUY,287.0,15,6691.750000000015
2021-03-15,JBBL,BUY,219.0,15,3406.7500000000146
2021-03-15,JOSHI,BUY,121.0,15,1591.7500000000146
2021-03-15,PCBL,SELL,422.0,58,26067.750000000015
2021-03-15,PROFL,BUY,154.0,33,20985.750000000015
2021-03-15,RLI,BUY,627.0,15,11580.750000000015
2021-03-15,SANIMA,BUY,350.0,15,6330.750000000015
2021-03-16,ADBL,BUY,417.0,15,75.75000000001455
2021-03-16,KKHC,SELL,128.0,45,5835.750000000015
2021-03-16,KSBBL,BUY,295.0,15,1410.7500000000146
2021-03-16,MLBL,SELL,266.0,62,17902.750000000015
2021-03-16,NBB,BUY,302.0,15,13372.750000000015
2021-03-16,NHPC,BUY,166.0,16,10716.750000000015
2021-03-16,NMB,BUY,409.0,15,4581.750000000015
2021-03-16,PROFL,BUY,154.0,15,2271.7500000000146
2021-03-17,DHPL,BUY,131.0,15,306.75000000001455
2021-03-17,JOSHI,SELL,146.0,328,48194.750000000015
2021-03-17,KKHC,BUY,140.0,68,38674.750000000015
2021-03-17,KSBBL,BUY,302.0,25,31124.750000000015
2021-03-17,LBBL,BUY,242.0,25,25074.750000000015
2021-03-17,MEGA,BUY,287.0,17,20195.750000000015
2021-03-17,MFIL,BUY,475.0,15,13070.750000000015
2021-03-17,MLBL,BUY,264.0,15,9110.750000000015
2021-03-17,NBB,BUY,318.0,15,4340.750000000015
2021-03-17,NHPC,BUY,163.0,15,1895.7500000000146
2021-03-18,AKJCL,SELL,148.0,100,16695.750000000015
2021-03-18,BARUN,BUY,228.0,15,13275.750000000015
2021-03-18,CZBIL,BUY,301.0,15,8760.750000000015
2021-03-18,DHPL,BUY,124.0,15,6900.750000000015
2021-03-18,EDBL,BUY,436.0,15,360.75000000001455
2021-03-18,KKHC,SELL,133.0,68,9404.750000000015
2021-03-18,KSBBL,BUY,310.0,15,4754.750000000015
2021-03-18,LBBL,BUY,248.0,15,1034.7500000000146
2021-03-21,AHPC,SELL,313.0,15,5729.750000000015
2021-03-21,AKJCL,BUY,145.0,15,3554.7500000000146
2021-03-21,BARUN,BUY,230.0,15,104.75000000001455
2021-03-21,NBB,SELL,355.0,155,55129.750000000015
2021-03-21,NHPC,BUY,162.0,68,44113.750000000015
2021-03-21,NICA,BUY,893.0,15,30718.750000000015
2021-03-21,NMB,BUY,428.0,15,24298.750000000015
2021-03-21,PCBL,BUY,435.0,15,17773.750000000015
2021-03-21,PROFL,BUY,159.0,22,14275.750000000015
2021-03-21,RLI,BUY,680.0,15,4075.7500000000146
2021-03-22,AHPC,BUY,260.0,15,175.75000000001455
2021-03-22,DHPL,SELL,116.0,100,11775.750000000015
2021-03-22,EBL,BUY,736.0,15,735.7500000000146
2021-03-25,AHPC,SELL,245.0,15,4410.750000000015
2021-03-25,AKJCL,BUY,150.0,15,2160.7500000000146
2021-03-25,DHPL,BUY,121.0,15,345.75000000001455
2021-04-04,EDBL,SELL,490.0,31,15535.750000000015
2021-04-04,HPPL,BUY,398.0,15,9565.750000000015
2021-04-04,HURJA,BUY,338.0,15,4495.750000000015
2021-04-04,JBBL,BUY,234.0,15,985.7500000000146
2021-04-04,RLI,SELL,756.0,30,23665.750000000015
2021-04-04,SANIMA,BUY,378.0,15,17995.750000000015
2021-04-05,ADBL,BUY,437.0,15,11440.750000000015
2021-04-05,AHPC,BUY,277.0,15,7285.750000000015
2021-04-05,AKJCL,BUY,150.0,15,5035.750000000015
2021-04-05,BARUN,BUY,241.0,15,1420.7500000000146
2021-04-06,NHPC,SELL,184.0,131,25524.750000000015
2021-04-06,NICA,BUY,918.0,15,11754.750000000015
2021-04-06,NMB,BUY,424.0,15,5394.750000000015
2021-04-06,PROFL,BUY,170.0,15,2844.7500000000146
2021-04-07,AKJCL,BUY,157.0,15,489.75000000001455
2021-04-07,JBBL,SELL,263.0,209,55456.750000000015
2021-04-07,JOSHI,BUY,138.0,80,44416.750000000015
2021-04-07,KKHC,BUY,138.0,64,35584.750000000015
2021-04-07,KSBBL,BUY,341.0,20,28764.750000000015
2021-04-07,LBBL,BUY,266.0,21,23178.750000000015
2021-04-07,MEGA,BUY,308.0,15,18558.750000000015
2021-04-07,MFIL,BUY,500.0,15,11058.750000000015
2021-04-07,MLBL,BUY,292.0,15,6678.750000000015
2021-04-07,NBB,BUY,367.0,15,1173.7500000000146
2021-04-08,ICFC,SELL,323.0,195,64158.750000000015
2021-04-08,JBBL,BUY,260.0,49,51418.750000000015
2021-04-08,JOSHI,BUY,138.0,74,41206.750000000015
2021-04-08,KKHC,BUY,134.0,61,33032.750000000015
2021-04-08,KSBBL,BUY,340.0,19,26572.750000000015
2021-04-08,LBBL,BUY,265.0,20,21272.750000000015
2021-04-08,MEGA,BUY,307.0,15,16667.750000000015
2021-04-08,MFIL,BUY,505.0,15,9092.750000000015
2021-04-08,MLBL,BUY,292.0,15,4712.750000000015
2021-04-08,NHPC,BUY,172.0,15,2132.7500000000146
2021-04-09,DHPL,BUY,126.0,15,242.75000000001455
2021-04-12,AHPC,SELL,261.0,15,4157.750000000015
2021-04-12,AKJCL,BUY,153.0,15,1862.7500000000146
2021-04-12,DHPL,BUY,123.0,15,17.750000000014552
2021-04-15,CZBIL,SELL,333.0,45,15002.750000000015
2021-04-15,DHPL,BUY,127.0,23,12081.750000000015
2021-04-15,EBL,SELL,814.0,15,24291.750000000015
2021-04-15,EDBL,BUY,569.0,15,15756.750000000015
2021-04-15,HPPL,BUY,398.0,15,9786.750000000015
2021-04-15,HURJA,BUY,333.0,15,4791.750000000015
2021-04-15,JBBL,BUY,282.0,15,561.7500000000146
2021-04-15,NHPC,SELL,162.0,15,2991.7500000000146
2021-04-15,PROFL,BUY,193.0,15,96.75000000001455
2021-04-19,EDBL,SELL,539.0,15,8181.750000000015
2021-04-19,HPPL,BUY,399.0,15,2196.7500000000146
2021-04-19,JBBL,SELL,265.0,64,19156.750000000015
2021-04-19,JOSHI,BUY,141.0,27,15349.750000000015
2021-04-19,KKHC,BUY,135.0,22,12379.750000000015
2021-04-19,KSBBL,BUY,362.0,15,6949.750000000015
2021-04-19,LBBL,BUY,282.0,15,2719.7500000000146
2021-04-19,NHPC,BUY,157.0,15,364.75000000001455
2021-04-20,HURJA,SELL,368.0,131,48572.750000000015
2021-04-20,ICFC,BUY,332.0,29,38944.750000000015
2021-04-20,JBBL,BUY,267.0,29,31201.750000000015
2021-04-20,JOSHI,BUY,140.0,44,25041.750000000015
2021-04-20,KKHC,BUY,138.0,36,20073.750000000015
2021-04-20,KSBBL,BUY,363.0,15,14628.750000000015
2021-04-20,LBBL,BUY,299.0,15,10143.750000000015
2021-04-20,MEGA,BUY,314.0,15,5433.750000000015
2021-04-20,MLBL,BUY,292.0,15,1053.7500000000146
2021-04-25,ICFC,SELL,310.0,29,10043.750000000015
2021-04-25,JBBL,BUY,261.0,15,6128.750000000015
2021-04-25,JOSHI,BUY,137.0,15,4073.7500000000146
2021-04-25,KKHC,BUY,129.0,15,2138.7500000000146
2021-04-25,KSBBL,SELL,340.0,154,54498.750000000015
2021-04-25,LBBL,BUY,282.0,38,43782.750000000015
2021-04-25,LICN,BUY,2164.0,15,11322.750000000015
2021-04-25,MEGA,BUY,305.0,15,6747.750000000015
2021-04-25,MLBL,BUY,289.0,15,2412.7500000000146
2021-04-25,NHPC,BUY,156.0,15,72.75000000001455
2021-04-25,PROFL,SELL,180.0,233,42012.750000000015
2021-04-25,RLI,BUY,680.0,15,31812.750000000015
2021-04-25,SANIMA,BUY,369.0,17,25539.750000000015
2021-04-26,ADBL,BUY,412.0,15,19359.750000000015
2021-04-26,AHPC,BUY,247.0,15,15654.750000000015
2021-04-26,AKJCL,BUY,145.0,21,12609.750000000015
2021-04-26,BARUN,BUY,225.0,15,9234.750000000015
2021-04-26,CZBIL,BUY,302.0,15,4704.750000000015
2021-04-26,DHPL,BUY,125.0,15,2829.7500000000146
2021-04-26,HPPL,SELL,376.0,45,19749.750000000015
2021-04-26,HURJA,BUY,345.0,15,14574.750000000015
2021-04-26,ICFC,BUY,304.0,15,10014.750000000015
2021-04-26,JBBL,BUY,250.0,15,6264.750000000015
2021-04-26,JOSHI,BUY,130.0,15,4314.750000000015
2021-04-26,KKHC,BUY,125.0,15,2439.7500000000146
2021-04-26,NHPC,BUY,146.0,15,249.75000000001455
2021-04-28,AHPC,SELL,273.0,15,4344.750000000015
2021-04-28,AKJCL,BUY,151.0,15,2079.7500000000146
2021-04-28,DHPL,BUY,129.0,15,144.75000000001455
2021-04-28,HURJA,SELL,390.0,15,5994.750000000015
2021-04-28,ICFC,BUY,308.0,15,1374.7500000000146
2021-05-04,JOSHI,SELL,144.0,255,38094.750000000015
2021-05-04,KKHC,BUY,137.0,55,30559.750000000015
2021-05-04,KSBBL,BUY,348.0,17,24643.750000000015
2021-05-04,LBBL,BUY,278.0,17,19917.750000000015
2021-05-04,MEGA,BUY,301.0,15,15402.750000000015
2021-05-04,MFIL,BUY,489.0,15,8067.750000000015
2021-05-04,MLBL,BUY,282.0,15,3837.7500000000146
2021-05-04,NHPC,BUY,162.0,15,1407.7500000000146
2021-05-05,AKJCL,SELL,174.0,111,20721.750000000015
2021-05-05,BARUN,BUY,271.0,15,16656.750000000015
2021-05-05,CZBIL,BUY,309.0,15,12021.750000000015
2021-05-05,DHPL,BUY,153.0,15,9726.750000000015
2021-05-05,EDBL,BUY,539.0,15,1641.7500000000146
2021-05-06,KKHC,SELL,165.0,268,45861.750000000015
2021-05-06,KSBBL,BUY,344.0,26,36917.750000000015
2021-05-06,LBBL,BUY,275.0,26,29767.750000000015
2021-05-06,MEGA,BUY,304.0,19,23991.750000000015
2021-05-06,MFIL,BUY,509.0,15,16356.750000000015
2021-05-06,MLBL,BUY,281.0,15,12141.750000000015
2021-05-06,NBB,BUY,376.0,15,6501.750000000015
2021-05-06,NHPC,BUY,165.0,15,4026.7500000000146
2021-05-06,PROFL,BUY,180.0,15,1326.7500000000146
2021-05-12,DHPL,SELL,170.0,113,20536.750000000015
2021-05-12,EBL,BUY,726.0,15,9646.750000000015
2021-05-12,EDBL,BUY,537.0,15,1591.7500000000146
2021-05-13,JBBL,SELL,278.0,59,17993.750000000015
2021-05-13,JOSHI,BUY,202.0,17,14559.750000000015
2021-05-13,KKHC,BUY,194.0,15,11649.750000000015
2021-05-13,KSBBL,BUY,356.0,15,6309.750000000015
2021-05-13,LBBL,BUY,288.0,15,1989.7500000000146
2021-05-13,PROFL,SELL,202.0,15,5019.750000000015
2021-05-14,AHPC,BUY,313.0,15,324.75000000001455
2021-05-16,BARUN,SELL,324.0,105,34344.750000000015
2021-05-16,CZBIL,BUY,319.0,21,27645.750000000015
2021-05-16,DHPL,BUY,182.0,30,22185.750000000015
2021-05-16,EBL,BUY,737.0,15,11130.750000000015
2021-05-16,EDBL,BUY,551.0,15,2865.7500000000146
2021-05-16,KKHC,BUY,188.0,15,45.75000000001455
2021-05-16,LICN,SELL,2415.0,15,36270.750000000015
2021-05-16,MEGA,BUY,312.0,23,29094.750000000015
2021-05-16,MFIL,BUY,527.0,15,21189.750000000015
2021-05-16,MLBL,BUY,303.0,15,16644.750000000015
2021-05-16,NBB,BUY,382.0,15,10914.750000000015
2021-05-16,NHPC,BUY,174.0,15,8304.750000000015
2021-05-16,NMB,BUY,423.0,15,1959.7500000000146
2021-05-16,SANIMA,SELL,406.0,103,43777.750000000015
2021-05-17,ADBL,BUY,428.0,20,35217.750000000015
2021-05-17,AHPC,BUY,329.0,21,28308.750000000015
2021-05-17,AKJCL,BUY,207.0,27,22719.750000000015
2021-05-17,BARUN,BUY,356.0,15,17379.750000000015
2021-05-17,CZBIL,BUY,319.0,15,12594.750000000015
2021-05-17,DHPL,BUY,195.0,15,9669.750000000015
2021-05-17,EDBL,BUY,550.0,15,1419.7500000000146
2021-05-18,ICFC,SELL,350.0,30,11919.750000000015
2021-05-18,JBBL,BUY,299.0,15,7434.750000000015
2021-05-18,JOSHI,BUY,229.0,15,3999.7500000000146
2021-05-18,KKHC,BUY,226.0,15,609.7500000000146
2021-05-18,NHPC,SELL,198.0,90,18429.750000000015
2021-05-18,NICA,BUY,905.0,15,4854.750000000015
2021-05-18,PROFL,BUY,268.0,15,834.7500000000146
2021-05-19,AHPC,SELL,377.0,36,14406.750000000015
2021-05-19,AKJCL,BUY,225.0,15,11031.750000000015
2021-05-19,BARUN,BUY,357.0,15,5676.750000000015
2021-05-19,CZBIL,BUY,322.0,15,846.7500000000146
2021-05-19,DHPL,SELL,220.0,45,10746.750000000015
2021-05-19,EDBL,BUY,581.0,15,2031.7500000000146
2021-05-20,LBBL,SELL,325.0,245,81656.75000000001
2021-05-20,LICN,BUY,2391.0,15,45791.750000000015
2021-05-20,MEGA,BUY,324.0,28,36719.750000000015
2021-05-20,MFIL,BUY,594.0,15,27809.750000000015
2021-05-20,MLBL,BUY,311.0,17,22522.750000000015
2021-05-20,NABIL,BUY,1300.0,15,3022.7500000000146
2021-05-23,BARUN,SELL,402.0,30,15082.750000000015
2021-05-23,CZBIL,BUY,340.0,15,9982.750000000015
2021-05-23,DHPL,BUY,219.0,15,6697.750000000015
2021-05-23,EDBL,SELL,671.0,75,57022.750000000015
2021-05-23,HPPL,BUY,426.0,26,45946.750000000015
2021-05-23,HURJA,BUY,386.0,23,37068.750000000015
2021-05-23,ICFC,BUY,415.0,17,30013.750000000015
2021-05-23,JBBL,BUY,326.0,18,24145.750000000015
2021-05-23,JOSHI,BUY,227.0,21,19378.750000000015
2021-05-23,KKHC,BUY,223.0,17,15587.750000000015
2021-05-23,KSBBL,BUY,417.0,15,9332.750000000015
2021-05-23,LBBL,BUY,346.0,15,4142.750000000015
2021-05-23,NHPC,BUY,205.0,15,1067.7500000000146
2021-05-27,AKJCL,SELL,261.0,42,12029.750000000015
2021-05-27,BARUN,BUY,503.0,15,4484.750000000015
2021-05-27,DHPL,BUY,255.0,15,659.7500000000146
2021-05-27,HURJA,SELL,431.0,23,10572.750000000015
2021-05-27,ICFC,BUY,417.0,15,4317.750000000015
2021-05-27,JOSHI,BUY,254.0,15,507.75000000001455
2021-05-27,KKHC,SELL,253.0,62,16193.750000000015
2021-05-27,KSBBL,BUY,433.0,15,9698.750000000015
2021-05-27,LBBL,BUY,342.0,15,4568.750000000015
2021-05-27,NHPC,BUY,235.0,15,1043.7500000000146
2021-05-30,BARUN,SELL,470.0,15,8093.750000000015
2021-05-30,CZBIL,BUY,346.0,15,2903.7500000000146
2021-05-30,JBBL,SELL,363.0,33,14882.750000000015
2021-05-30,JOSHI,BUY,279.0,15,10697.750000000015
2021-05-30,KKHC,BUY,278.0,15,6527.750000000015
2021-05-30,LBBL,BUY,376.0,15,887.7500000000146
2021-05-30,MFIL,SELL,682.0,105,72497.75000000001
2021-05-30,MLBL,BUY,363.0,39,58340.750000000015
2021-05-30,NABIL,BUY,1300.0,15,38840.750000000015
2021-05-30,NBB,BUY,388.0,20,31080.750000000015
2021-05-30,NHPC,BUY,254.0,24,24984.750000000015
2021-05-30,NICA,BUY,907.0,15,11379.750000000015
2021-05-30,NMB,BUY,438.0,15,4809.750000000015
2021-05-30,PROFL,BUY,297.0,15,354.75000000001455
2021-05-31,JOSHI,SELL,264.0,83,22266.750000000015
2021-05-31,KKHC,BUY,261.0,17,17829.750000000015
2021-05-31,KSBBL,BUY,446.0,15,11139.750000000015
2021-05-31,LBBL,BUY,400.0,15,5139.750000000015
2021-05-31,MEGA,BUY,332.0,15,159.75000000001455
2021-05-31,NHPC,SELL,240.0,54,13119.750000000015
2021-05-31,NMB,BUY,434.0,15,6609.750000000015
2021-05-31,PROFL,BUY,288.0,15,2289.7500000000146
2021-06-02,LBBL,SELL,476.0,60,30849.750000000015
2021-06-02,MEGA,BUY,332.0,18,24873.750000000015
2021-06-02,MFIL,BUY,750.0,15,13623.750000000015
2021-06-02,MLBL,BUY,395.0,15,7698.750000000015
2021-06-02,NBB,BUY,387.0,15,1893.7500000000146
2021-06-03,ICFC,SELL,462.0,32,16677.750000000015
2021-06-03,JBBL,BUY,410.0,15,10527.750000000015
2021-06-03,JOSHI,BUY,255.0,15,6702.750000000015
2021-06-03,KKHC,BUY,250.0,15,2952.7500000000146
2021-06-03,PROFL,SELL,330.0,45,17802.750000000015
2021-06-03,RLI,BUY,718.0,15,7032.750000000015
2021-06-03,SANIMA,BUY,468.0,15,12.750000000014552
2021-06-06,CZBIL,SELL,394.0,111,43746.750000000015
2021-06-06,DHPL,BUY,229.0,38,35044.750000000015
2021-06-06,EBL,BUY,750.0,15,23794.750000000015
2021-06-06,EDBL,BUY,690.0,15,13444.750000000015
2021-06-06,HPPL,BUY,413.0,15,7249.750000000015
2021-06-06,HURJA,BUY,371.0,15,1684.7500000000146
2021-06-06,MEGA,SELL,375.0,298,113434.75000000001
2021-06-06,MFIL,BUY,825.0,27,91159.75000000001
2021-06-06,MLBL,BUY,416.0,43,73271.75000000001
2021-06-06,NABIL,BUY,1330.0,15,53321.750000000015
2021-06-06,NBB,BUY,433.0,24,42929.750000000015
2021-06-06,NHPC,BUY,245.0,35,34354.750000000015
2021-06-06,NICA,BUY,928.0,15,20434.750000000015
2021-06-06,NMB,BUY,461.0,15,13519.750000000015
2021-06-06,PCBL,BUY,482.0,15,6289.750000000015
2021-06-06,PROFL,BUY,319.0,15,1504.7500000000146
2021-06-07,KSBBL,SELL,518.0,103,54858.750000000015
2021-06-07,LBBL,BUY,593.0,18,44184.750000000015
2021-06-07,LICN,BUY,2425.0,15,7809.750000000015
2021-06-07,MEGA,BUY,371.0,15,2244.7500000000146
2021-06-08,DHPL,SELL,264.0,68,20196.750000000015
2021-06-08,EBL,BUY,740.0,15,9096.750000000015
2021-06-08,EDBL,SELL,767.0,15,20601.750000000015
2021-06-08,HPPL,BUY,425.0,15,14226.750000000015
2021-06-08,HURJA,BUY,387.0,15,8421.750000000015
2021-06-08,JBBL,BUY,474.0,15,1311.7500000000146
2021-06-08,MFIL,SELL,997.0,42,43185.750000000015
2021-06-08,MLBL,BUY,487.0,17,34906.750000000015
2021-06-08,NABIL,BUY,1315.0,15,15181.750000000015
2021-06-08,NBB,BUY,430.0,15,8731.750000000015
2021-06-08,NHPC,BUY,274.0,15,4621.750000000015
2021-06-08,PROFL,SELL,375.0,15,10246.750000000015
2021-06-08,SANIMA,BUY,486.0,15,2956.7500000000146
2021-06-09,MLBL,SELL,456.0,251,117412.75000000001
2021-06-09,NABIL,BUY,1310.0,17,95142.75000000001
2021-06-09,NBB,BUY,420.0,45,76242.75000000001
2021-06-09,NHPC,BUY,265.0,57,61137.750000000015
2021-06-09,NICA,BUY,914.0,15,47427.750000000015
2021-06-09,NMB,BUY,452.0,20,38387.750000000015
2021-06-09,PCBL,BUY,474.0,16,30803.750000000015
2021-06-09,PROFL,BUY,374.0,16,24819.750000000015
2021-06-09,RLI,BUY,748.0,15,13599.750000000015
2021-06-09,SANIMA,BUY,479.0,15,6414.750000000015
2021-06-10,AKJCL,BUY,284.0,15,2154.7500000000146
2021-06-10,JOSHI,SELL,282.0,15,6384.750000000015
2021-06-10,KKHC,BUY,250.0,15,2634.7500000000146
2021-06-13,HPPL,SELL,474.0,56,29178.750000000015
2021-06-13,HURJA,BUY,422.0,15,22848.750000000015
2021-06-13,ICFC,BUY,682.0,15,12618.750000000015
2021-06-13,JBBL,BUY,519.0,15,4833.750000000015
2021-06-13,JOSHI,BUY,310.0,15,183.75000000001455
2021-06-13,LBBL,SELL,696.0,18,12711.750000000015
2021-06-13,MEGA,BUY,370.0,15,7161.750000000015
2021-06-13,NBB,BUY,417.0,15,906.7500000000146
2021-06-13,NHPC,SELL,309.0,107,33969.750000000015
2021-06-13,NICA,BUY,902.0,15,20439.750000000015
2021-06-13,NMB,BUY,448.0,15,13719.750000000015
2021-06-13,PCBL,BUY,465.0,15,6744.750000000015
2021-06-13,PROFL,BUY,421.0,15,429.75000000001455
2021-06-14,ADBL,SELL,478.0,80,38669.750000000015
2021-06-14,AHPC,BUY,547.0,15,30464.750000000015
2021-06-14,AKJCL,BUY,335.0,18,24434.750000000015
2021-06-14,BARUN,BUY,645.0,15,14759.750000000015
2021-06-14,CZBIL,BUY,405.0,15,8684.750000000015
2021-06-14,DHPL,BUY,327.0,15,3779.7500000000146
2021-06-14,JOSHI,SELL,341.0,15,8894.750000000015
2021-06-14,KKHC,BUY,275.0,15,4769.750000000015
2021-06-15,BARUN,SELL,600.0,15,13769.750000000015
2021-06-15,CZBIL,BUY,399.0,15,7784.750000000015
2021-06-15,DHPL,BUY,319.0,15,2999.7500000000146
2021-06-15,HURJA,SELL,391.0,45,20594.750000000015
2021-06-15,ICFC,BUY,655.0,15,10769.750000000015
2021-06-15,JBBL,BUY,498.0,15,3299.7500000000146
2021-06-16,AHPC,SELL,514.0,15,11009.750000000015
2021-06-16,AKJCL,BUY,293.0,15,6614.750000000015
2021-06-16,CZBIL,BUY,400.0,15,614.7500000000146
2021-06-16,DHPL,SELL,288.0,30,9254.750000000015
2021-06-16,HPPL,BUY,459.0,15,2369.7500000000146
2021-06-16,ICFC,SELL,615.0,30,20819.750000000015
2021-06-16,JBBL,BUY,472.0,15,13739.750000000015
2021-06-16,JOSHI,BUY,308.0,15,9119.750000000015
2021-06-16,KKHC,BUY,283.0,15,4874.750000000015
2021-06-16,NHPC,BUY,291.0,15,509.75000000001455
2021-06-16,PROFL,SELL,380.0,31,12289.750000000015
2021-06-16,RLI,BUY,708.0,15,1669.7500000000146
2021-06-20,HPPL,SELL,422.0,15,7999.750000000015
2021-06-20,HURJA,BUY,352.0,15,2719.7500000000146
2021-06-21,AKJCL,SELL,259.0,48,15151.750000000015
2021-06-21,BARUN,BUY,520.0,15,7351.750000000015
2021-06-21,CZBIL,BUY,373.0,15,1756.7500000000146
2021-06-21,HURJA,SELL,325.0,15,6631.750000000015
2021-06-21,JOSHI,BUY,271.0,15,2566.7500000000146
2021-06-22,BARUN,SELL,572.0,15,11146.750000000015
2021-06-22,CZBIL,BUY,383.0,15,5401.750000000015
2021-06-22,DHPL,BUY,289.0,15,1066.7500000000146
2021-06-23,NHPC,SELL,323.0,15,5911.750000000015
2021-06-23,PROFL,BUY,369.0,15,376.75000000001455
2021-06-24,JBBL,SELL,448.0,75,33976.750000000015
2021-06-24,JOSHI,BUY,295.0,23,27191.750000000015
2021-06-24,KKHC,BUY,290.0,18,21971.750000000015
2021-06-24,KSBBL,BUY,536.0,15,13931.750000000015
2021-06-24,LBBL,BUY,599.0,15,4946.750000000015
2021-06-24,NHPC,BUY,323.0,15,101.75000000001455
2021-06-28,DHPL,SELL,274.0,15,4211.750000000015
2021-06-28,JOSHI,BUY,280.0,15,11.750000000014552
2021-06-28,PROFL,SELL,339.0,15,5096.750000000015
2021-06-29,AKJCL,BUY,270.0,15,1046.7500000000146
2021-06-29,KKHC,SELL,269.0,110,30636.750000000015
2021-06-29,KSBBL,BUY,498.0,15,23166.750000000015
2021-06-29,LBBL,BUY,543.0,15,15021.750000000015
2021-06-29,MEGA,BUY,363.0,15,9576.750000000015
2021-06-29,MLBL,BUY,387.0,15,3771.7500000000146
2021-06-30,RLI,SELL,668.0,60,43851.750000000015
2021-06-30,SANIMA,BUY,470.0,18,35391.750000000015
2021-07-01,ADBL,BUY,484.0,15,28131.750000000015
2021-07-01,AHPC,BUY,448.0,15,21411.750000000015
2021-07-01,AKJCL,BUY,271.0,15,17346.750000000015
2021-07-01,BARUN,BUY,539.0,15,9261.750000000015
2021-07-01,CZBIL,BUY,375.0,15,3636.7500000000146
2021-07-05,LICN,SELL,2295.0,30,72486.75000000001
2021-07-05,MEGA,BUY,363.0,39,58329.750000000015
2021-07-05,MFIL,BUY,982.0,15,43599.750000000015
2021-07-05,MLBL,BUY,402.0,21,35157.750000000015
2021-07-05,NABIL,BUY,1297.0,15,15702.750000000015
2021-07-05,NBB,BUY,396.0,15,9762.750000000015
2021-07-05,NHPC,BUY,305.0,15,5187.750000000015
2021-07-05,PROFL,BUY,339.0,15,102.75000000001455
2021-07-06,BARUN,SELL,503.0,15,7647.750000000015
2021-07-06,CZBIL,BUY,371.0,15,2082.7500000000146
2021-07-06,JOSHI,SELL,263.0,68,19966.750000000015
2021-07-06,KKHC,BUY,255.0,15,16141.750000000015
2021-07-06,KSBBL,BUY,515.0,15,8416.750000000015
2021-07-06,LBBL,BUY,550.0,15,166.75000000001455
2021-07-07,AHPC,SELL,424.0,15,6526.750000000015
2021-07-07,AKJCL,BUY,255.0,15,2701.7500000000146
2021-07-07,NHPC,SELL,288.0,30,11341.750000000015
2021-07-07,NMB,BUY,435.0,15,4816.750000000015
2021-07-08,AKJCL,BUY,261.0,15,901.7500000000146
2021-07-11,KKHC,SELL,284.0,15,5161.750000000015
2021-07-11,KSBBL,SELL,577.0,45,31126.750000000015
2021-07-11,LBBL,BUY,603.0,15,22081.750000000015
2021-07-11,MEGA,BUY,373.0,15,16486.750000000015
2021-07-11,MFIL,SELL,1105.0,15,33061.750000000015
2021-07-11,MLBL,BUY,465.0,15,26086.750000000015
2021-07-11,NABIL,BUY,1345.0,15,5911.750000000015
2021-07-11,NHPC,BUY,317.0,15,1156.7500000000146
2021-07-13,NBB,SELL,439.0,194,86322.75000000001
2021-07-13,NHPC,BUY,307.0,56,69130.75000000001
2021-07-13,NICA,BUY,973.0,15,54535.750000000015
2021-07-13,NMB,BUY,443.0,24,43903.750000000015
2021-07-13,PCBL,BUY,480.0,18,35263.750000000015
2021-07-13,PROFL,BUY,388.0,18,28279.750000000015
2021-07-13,RLI,BUY,672.0,15,18199.750000000015
2021-07-13,SANIMA,BUY,488.0,15,10879.750000000015
2021-07-14,ADBL,BUY,479.0,15,3694.7500000000146
2021-07-15,AKJCL,SELL,289.0,60,21034.750000000015
2021-07-15,BARUN,BUY,531.0,15,13069.750000000015
2021-07-15,CZBIL,BUY,386.0,15,7279.750000000015
2021-07-15,DHPL,BUY,279.0,15,3094.7500000000146
2021-07-20,ADBL,SELL,545.0,30,19444.750000000015
2021-07-20,AHPC,BUY,513.9,15,11736.250000000015
2021-07-20,AKJCL,BUY,291.0,15,7371.250000000015
2021-07-20,BARUN,SELL,585.0,15,16146.250000000015
2021-07-20,CZBIL,BUY,409.5,15,10003.750000000015
2021-07-20,DHPL,BUY,284.0,15,5743.750000000015
2021-07-20,JOSHI,BUY,295.0,15,1318.7500000000146
2021-07-22,NMB,SELL,492.0,290,143998.75
2021-07-22,PCBL,BUY,509.5,56,115466.75
2021-07-22,PROFL,BUY,382.0,60,92546.75
2021-07-22,RLI,BUY,703.0,26,74268.75
2021-07-22,SANIMA,BUY,544.0,27,59580.75
2021-07-23,ADBL,BUY,588.0,20,47820.75
2021-07-23,AHPC,BUY,509.0,18,38658.75
2021-07-23,AKJCL,BUY,292.5,26,31053.75
2021-07-23,BARUN,BUY,560.0,15,22653.75
2021-07-23,CZBIL,BUY,421.1,15,16337.25
2021-07-23,DHPL,BUY,287.0,15,12032.25
2021-07-23,EBL,BUY,770.0,15,482.25
2021-07-25,JOSHI,SELL,344.3,15,5646.75
2021-07-25,KKHC,BUY,301.0,15,1131.75
2021-07-25,NABIL,SELL,1499.5,107,161578.25
2021-07-25,NBB,BUY,477.0,67,129619.25
2021-07-25,NHPC,BUY,342.0,75,103969.25
2021-07-25,NICA,BUY,1073.0,19,83582.25
2021-07-25,NMB,BUY,510.8,32,67236.65
2021-07-25,PCBL,BUY,529.0,25,54011.649999999994
2021-07-25,PROFL,BUY,386.0,27,43589.649999999994
2021-07-25,RLI,BUY,696.0,15,33149.649999999994
2021-07-25,SANIMA,BUY,562.9,15,24706.149999999994
2021-07-26,ADBL,BUY,579.0,15,16021.149999999994
2021-07-26,AHPC,BUY,532.0,15,8041.149999999994
2021-07-26,AKJCL,BUY,313.0,15,3346.149999999994
2021-07-27,DHPL,SELL,338.0,45,18556.149999999994
2021-07-27,EBL,BUY,774.0,15,6946.149999999994
2021-07-27,JOSHI,BUY,382.8,15,1204.1499999999942
2021-07-27,KKHC,SELL,334.4,15,6220.149999999994
2021-07-27,MEGA,BUY,390.0,15,370.1499999999942
2021-07-27,PROFL,SELL,435.0,120,52570.149999999994
2021-07-27,RLI,BUY,707.0,15,41965.149999999994
2021-07-27,SANIMA,BUY,544.0,15,33805.149999999994
2021-07-28,ADBL,BUY,570.0,15,25255.149999999994
2021-07-28,AHPC,BUY,530.0,15,17305.149999999994
2021-07-28,AKJCL,BUY,333.0,15,12310.149999999994
2021-07-28,BARUN,BUY,589.0,15,3475.149999999994
2021-07-28,NHPC,SELL,377.0,146,58517.149999999994
2021-07-28,NICA,BUY,1042.0,15,42887.149999999994
2021-07-28,NMB,BUY,490.0,17,34557.149999999994
2021-07-28,PCBL,BUY,513.0,15,26862.149999999994
2021-07-28,PROFL,BUY,459.0,15,19977.149999999994
2021-07-28,RLI,BUY,722.0,15,9147.149999999994
2021-07-28,SANIMA,BUY,539.0,15,1062.1499999999942
2021-07-29,JOSHI,SELL,361.0,15,6477.149999999994
2021-07-29,KKHC,BUY,320.0,15,1677.1499999999942
2021-08-01,BARUN,SELL,670.0,30,21777.149999999994
2021-08-01,CZBIL,BUY,415.0,15,15552.149999999994
2021-08-01,DHPL,BUY,332.0,15,10572.149999999994
2021-08-01,HPPL,BUY,622.9,15,1228.6499999999942
2021-08-02,AKJCL,SELL,370.8,71,27555.449999999993
2021-08-02,BARUN,BUY,644.0,15,17895.449999999993
2021-08-02,CZBIL,BUY,414.8,15,11673.449999999993
2021-08-02,DHPL,BUY,335.0,15,6648.449999999993
2021-08-02,JOSHI,BUY,394.0,15,738.4499999999935
2021-08-04,AHPC,SELL,600.0,63,38538.45
2021-08-04,AKJCL,BUY,417.0,18,31032.449999999997
2021-08-04,BARUN,BUY,658.0,15,21162.449999999997
2021-08-04,CZBIL,BUY,415.0,15,14937.449999999997
2021-08-04,DHPL,BUY,372.9,15,9343.949999999997
2021-08-04,HURJA,BUY,550.0,15,1093.949999999997
2021-08-04,JOSHI,SELL,440.0,15,7693.949999999997
2021-08-04,KKHC,BUY,365.2,15,2215.949999999997
2021-08-05,BARUN,SELL,623.0,30,20905.949999999997
2021-08-05,CZBIL,BUY,413.0,15,14710.949999999997
2021-08-05,DHPL,BUY,383.0,15,8965.949999999997
2021-08-05,HURJA,BUY,527.0,15,1060.949999999997
2021-08-08,MLBL,SELL,518.0,51,27478.949999999997
2021-08-08,NABIL,BUY,1494.0,15,5068.949999999997
2021-08-09,HPPL,SELL,690.8,15,15430.949999999997
2021-08-09,HURJA,BUY,590.0,15,6580.949999999997
2021-08-09,JOSHI,BUY,438.0,15,10.94999999999709
2021-08-10,PROFL,SELL,543.4,15,8161.949999999997
2021-08-11,AKJCL,BUY,408.0,15,2041.949999999997
2021-08-12,JOSHI,SELL,416.0,15,8281.949999999997
2021-08-12,KKHC,BUY,380.0,15,2581.949999999997
2021-08-12,LBBL,SELL,685.0,60,43681.95
2021-08-12,LICN,BUY,2457.0,15,6826.949999999997
2021-08-12,MEGA,BUY,391.5,15,954.4499999999971
2021-08-15,HURJA,SELL,556.0,45,25974.449999999997
2021-08-15,ICFC,BUY,1020.0,15,10674.449999999997
2021-08-15,JBBL,BUY,554.1,15,2362.949999999997
2021-08-16,ICFC,SELL,956.0,15,16702.949999999997
2021-08-16,JBBL,BUY,556.4,15,8356.949999999997
2021-08-16,JOSHI,BUY,421.0,15,2041.949999999997
2021-08-16,KKHC,SELL,459.8,45,22732.949999999997
2021-08-16,KSBBL,BUY,745.0,15,11557.949999999997
2021-08-16,LBBL,BUY,648.0,15,1837.949999999997
2021-08-16,NICA,SELL,988.0,191,190545.95
2021-08-16,NMB,BUY,479.0,79,152704.95
2021-08-16,PCBL,BUY,523.0,58,122370.95000000001
2021-08-16,PROFL,BUY,505.0,48,98130.95000000001
2021-08-16,RLI,BUY,683.0,28,79006.95000000001
2021-08-16,SANIMA,BUY,540.0,29,63346.95000000001
2021-08-17,ADBL,BUY,583.9,21,51085.05000000001
2021-08-17,AHPC,BUY,628.0,16,41037.05000000001
2021-08-17,AKJCL,BUY,447.7,18,32978.45000000001
2021-08-17,BARUN,BUY,694.0,15,22568.45000000001
2021-08-17,CZBIL,BUY,405.5,15,16485.95000000001
2021-08-17,DHPL,BUY,441.1,15,9869.450000000012
2021-08-17,HURJA,BUY,639.9,15,270.95000000001164
2021-08-17,JOSHI,SELL,463.1,15,7217.450000000012
2021-08-17,MEGA,BUY,380.0,15,1517.4500000000116
2021-08-18,JBBL,SELL,623.0,30,20207.45000000001
2021-08-18,JOSHI,BUY,472.0,15,13127.450000000012
2021-08-18,KKHC,BUY,490.0,15,5777.450000000012
2021-08-18,KSBBL,SELL,845.0,15,18452.45000000001
2021-08-18,LBBL,BUY,729.0,15,7517.450000000012
2021-08-18,MEGA,BUY,382.9,15,1773.9500000000116
2021-08-19,AHPC,SELL,697.0,16,12925.950000000012
2021-08-19,AKJCL,BUY,455.0,15,6100.950000000012
2021-08-19,DHPL,SELL,409.0,75,36775.95000000001
2021-08-19,EBL,BUY,759.0,15,25390.95000000001
2021-08-19,EDBL,BUY,1099.9,15,8892.450000000012
2021-08-19,HURJA,BUY,587.9,15,73.95000000001164
2021-08-19,JOSHI,SELL,448.0,15,6793.950000000012
2021-08-19,KKHC,BUY,441.0,15,178.95000000001164
2021-08-24,AKJCL,SELL,409.5,66,27205.95000000001
2021-08-24,BARUN,BUY,645.0,15,17530.95000000001
2021-08-24,CZBIL,BUY,418.2,15,11257.950000000012
2021-08-24,DHPL,BUY,368.1,15,5736.450000000012
2021-08-24,HURJA,SELL,532.0,30,21696.45000000001
2021-08-24,ICFC,BUY,1069.9,15,5647.95000000001
2021-08-24,KKHC,SELL,396.9,30,17554.95000000001
2021-08-24,KSBBL,BUY,784.0,15,5794.950000000012
2021-08-24,MEGA,BUY,372.0,15,214.95000000001164
2021-08-25,LBBL,SELL,665.5,30,20179.95000000001
2021-08-25,MEGA,BUY,367.5,15,14667.450000000012
2021-08-25,MLBL,BUY,672.0,15,4587.450000000012
2021-08-26,DHPL,SELL,417.0,15,10842.450000000012
2021-08-26,HPPL,BUY,610.0,15,1692.4500000000116
2021-08-26,LICN,SELL,2320.0,15,36492.45000000001
2021-08-26,MEGA,BUY,368.0,19,29500.45000000001
2021-08-26,MFIL,BUY,1320.0,15,9700.450000000012
2021-08-26,NBB,BUY,469.0,15,2665.4500000000116
2021-08-26,NMB,SELL,453.0,128,60649.45000000001
2021-08-26,PCBL,BUY,513.0,23,48850.45000000001
2021-08-26,PROFL,BUY,519.9,18,39492.250000000015
2021-08-26,RLI,BUY,675.0,15,29367.250000000015
2021-08-26,SANIMA,BUY,522.0,15,21537.250000000015
2021-08-27,ADBL,BUY,570.0,15,12987.250000000015
2021-08-27,AHPC,BUY,720.5,15,2179.7500000000146
2021-08-31,CZBIL,SELL,392.0,240,96259.75000000001
2021-08-31,DHPL,BUY,387.0,49,77296.75000000001
2021-08-31,EBL,BUY,729.5,21,61977.250000000015
2021-08-31,EDBL,BUY,1036.0,15,46437.250000000015
2021-08-31,HPPL,BUY,554.0,16,37573.250000000015
2021-08-31,HURJA,BUY,498.0,15,30103.250000000015
2021-08-31,ICFC,BUY,1068.9,15,14069.750000000013
2021-08-31,JBBL,BUY,573.9,15,5461.250000000013
2021-08-31,KSBBL,SELL,718.0,15,16231.250000000013
2021-08-31,LBBL,BUY,670.0,15,6181.250000000013
2021-08-31,MEGA,BUY,356.0,15,841.2500000000127
2021-08-31,NABIL,SELL,1419.0,15,22126.250000000015
2021-08-31,NBB,BUY,447.0,15,15421.250000000015
2021-08-31,NHPC,BUY,443.4,15,8770.250000000015
2021-08-31,NMB,BUY,444.0,15,2110.2500000000146
2021-09-01,BARUN,SELL,604.0,30,20230.250000000015
2021-09-01,CZBIL,BUY,402.0,15,14200.250000000015
2021-09-01,DHPL,BUY,392.0,15,8320.250000000015
2021-09-01,HURJA,BUY,528.0,15,400.25000000001455
2021-09-01,ICFC,SELL,1012.5,30,30775.250000000015
2021-09-01,JBBL,BUY,568.0,15,22255.250000000015
2021-09-01,JOSHI,BUY,410.0,15,16105.250000000015
2021-09-01,KKHC,BUY,380.0,15,10405.250000000015
2021-09-01,LBBL,BUY,667.9,15,386.75000000001455
2021-09-01,MFIL,SELL,1247.0,15,19091.750000000015
2021-09-01,MLBL,BUY,659.1,15,9205.250000000015
2021-09-01,NBB,BUY,453.0,15,2410.2500000000146
2021-09-05,ADBL,SELL,529.0,86,47904.250000000015
2021-09-05,AHPC,BUY,641.5,15,38281.750000000015
2021-09-05,AKJCL,BUY,375.0,20,30781.750000000015
2021-09-05,BARUN,BUY,524.0,15,22921.750000000015
2021-09-05,CZBIL,BUY,394.0,15,17011.750000000015
2021-09-05,DHPL,BUY,344.0,15,11851.750000000015
2021-09-05,EBL,BUY,700.0,15,1351.7500000000146
2021-09-05,EDBL,SELL,935.0,30,29401.750000000015
2021-09-05,HPPL,BUY,500.0,15,21901.750000000015
2021-09-05,HURJA,BUY,476.1,15,14760.250000000015
2021-09-05,ICFC,BUY,864.9,15,1786.7500000000146
2021-09-05,JBBL,SELL,507.0,30,16996.750000000015
2021-09-05,JOSHI,BUY,370.0,15,11446.750000000015
2021-09-05,KKHC,BUY,371.9,15,5868.250000000015
2021-09-05,LBBL,SELL,578.0,30,23208.250000000015
2021-09-05,MEGA,BUY,345.0,15,18033.250000000015
2021-09-05,MFIL,BUY,1127.0,15,1128.2500000000146
2021-09-05,MLBL,SELL,575.0,30,18378.250000000015
2021-09-05,NBB,BUY,435.0,15,11853.250000000015
2021-09-05,NHPC,BUY,393.0,15,5958.250000000015
2021-09-05,PCBL,SELL,485.0,256,130118.25000000001
2021-09-05,PROFL,BUY,519.0,50,104168.25000000001
2021-09-05,RLI,BUY,619.0,33,83741.25000000001
2021-09-05,SANIMA,BUY,490.0,34,67081.25000000001
2021-09-06,ADBL,BUY,555.0,24,53761.250000000015
2021-09-06,AHPC,BUY,705.6,15,43177.250000000015
2021-09-06,AKJCL,BUY,412.5,20,34927.250000000015
2021-09-06,BARUN,BUY,576.4,15,26281.250000000015
2021-09-06,CZBIL,BUY,407.5,15,20168.750000000015
2021-09-06,DHPL,BUY,378.4,15,14492.750000000015
2021-09-06,EBL,BUY,753.9,15,3184.2500000000146
2021-09-06,HPPL,SELL,550.0,46,28484.250000000015
2021-09-06,HURJA,BUY,515.0,15,20759.250000000015
2021-09-06,ICFC,BUY,951.3,15,6489.750000000015
2021-09-06,JOSHI,BUY,407.0,15,384.75000000001455
2021-09-06,NHPC,SELL,432.3,30,13353.750000000015
2021-09-06,NMB,BUY,448.0,15,6633.750000000015
2021-09-07,AKJCL,BUY,410.0,15,483.75000000001455
2021-09-07,KKHC,SELL,409.7,30,12774.750000000015
2021-09-07,KSBBL,BUY,702.0,15,2244.7500000000146
2021-09-08,HURJA,SELL,485.0,60,31344.750000000015
2021-09-08,ICFC,BUY,969.0,15,16809.750000000015
2021-09-08,JBBL,BUY,545.0,15,8634.750000000015
2021-09-08,JOSHI,BUY,390.0,15,2784.7500000000146
2021-09-12,BARUN,SELL,640.0,30,21984.750000000015
2021-09-12,CZBIL,BUY,399.0,15,15999.750000000015
2021-09-12,DHPL,BUY,399.5,15,10007.250000000015
2021-09-12,HPPL,BUY,643.6,15,353.25000000001455
2021-09-15,ICFC,SELL,908.9,45,41253.750000000015
2021-09-15,JBBL,BUY,548.0,15,33033.750000000015
2021-09-15,JOSHI,BUY,397.9,16,26667.350000000013
2021-09-15,KKHC,BUY,395.0,15,20742.350000000013
2021-09-15,KSBBL,BUY,705.0,15,10167.350000000013
2021-09-15,LBBL,BUY,617.9,15,898.8500000000131
2021-09-16,ADBL,SELL,520.2,24,13383.650000000014
2021-09-16,AHPC,BUY,654.0,15,3573.650000000014
2021-09-16,AKJCL,SELL,386.1,55,24809.150000000016
2021-09-16,BARUN,BUY,573.0,15,16214.150000000016
2021-09-16,CZBIL,BUY,397.0,15,10259.150000000016
2021-09-16,DHPL,BUY,364.0,15,4799.150000000016
2021-09-16,EBL,SELL,713.0,156,116027.15000000002
2021-09-16,EDBL,BUY,1053.0,22,92861.15000000002
2021-09-16,HPPL,BUY,603.8,30,74747.15000000002
2021-09-16,HURJA,BUY,470.0,31,60177.15000000002
2021-09-16,ICFC,BUY,845.0,15,47502.15000000002
2021-09-16,JBBL,BUY,526.0,18,38034.15000000002
2021-09-16,JOSHI,BUY,383.0,19,30757.150000000023
2021-09-16,KKHC,BUY,383.3,16,24624.350000000024
2021-09-16,KSBBL,BUY,683.2,15,14376.350000000024
2021-09-16,LBBL,BUY,591.0,15,5511.350000000024
2021-09-16,MEGA,BUY,337.5,15,448.850000000024
2021-09-16,NMB,SELL,421.3,30,13087.850000000024
2021-09-16,PCBL,BUY,480.0,15,5887.850000000024
2021-09-16,PROFL,SELL,469.0,116,60291.85000000002
2021-09-16,RLI,BUY,600.0,20,48291.85000000002
2021-09-16,SANIMA,BUY,481.3,20,38665.85000000002
2021-09-17,ADBL,BUY,520.2,15,30862.85000000002
2021-09-17,AHPC,BUY,654.0,15,21052.85000000002
2021-09-17,AKJCL,BUY,386.1,15,15261.35000000002
2021-09-17,BARUN,BUY,573.0,15,6666.35000000002
2021-09-17,CZBIL,BUY,397.0,15,711.3500000000204
2021-09-20,AHPC,SELL,601.0,75,45786.35000000002
2021-09-20,AKJCL,BUY,348.0,26,36738.35000000002
2021-09-20,BARUN,BUY,520.1,15,28936.85000000002
2021-09-20,CZBIL,BUY,382.3,15,23202.35000000002
2021-09-20,DHPL,BUY,330.0,15,18252.35000000002
2021-09-20,EBL,BUY,699.0,15,7767.35000000002
2021-09-20,EDBL,SELL,686.5,22,22870.35000000002
2021-09-20,HPPL,BUY,543.5,15,14717.85000000002
2021-09-20,HURJA,BUY,423.0,15,8372.85000000002
2021-09-20,ICFC,SELL,760.5,15,19780.35000000002
2021-09-20,JBBL,BUY,500.0,15,12280.35000000002
2021-09-20,JOSHI,BUY,345.0,15,7105.35000000002
2021-09-20,KKHC,BUY,346.0,15,1915.3500000000204
2021-09-20,KSBBL,SELL,640.0,45,30715.35000000002
2021-09-20,LBBL,BUY,556.0,15,22375.35000000002
2021-09-20,MEGA,BUY,325.0,15,17500.35000000002
2021-09-20,MFIL,BUY,1000.0,15,2500.3500000000204
2021-09-20,RLI,SELL,567.5,182,105785.35000000002
2021-09-20,SANIMA,BUY,468.6,45,84698.35000000002
2021-09-21,ADBL,BUY,507.0,33,67967.35000000002
2021-09-21,AHPC,BUY,599.0,22,54789.35000000002
2021-09-21,AKJCL,BUY,355.0,30,44139.35000000002
2021-09-21,BARUN,BUY,524.0,16,35755.35000000002
2021-09-21,CZBIL,BUY,379.0,18,28933.35000000002
2021-09-21,DHPL,BUY,340.0,17,23153.35000000002
2021-09-21,EBL,BUY,699.0,15,12668.35000000002
2021-09-21,EDBL,BUY,663.0,15,2723.3500000000204
2021-09-22,HURJA,SELL,474.0,46,24527.35000000002
2021-09-22,ICFC,BUY,820.6,15,12218.35000000002
2021-09-22,JBBL,BUY,549.0,15,3983.3500000000204
2021-09-22,JOSHI,SELL,387.6,110,46619.35000000002
2021-09-22,KKHC,BUY,383.0,24,37427.35000000002
2021-09-22,KSBBL,BUY,694.0,15,27017.35000000002
2021-09-22,LBBL,BUY,604.0,15,17957.35000000002
2021-09-22,MEGA,BUY,347.8,15,12740.35000000002
2021-09-22,MLBL,BUY,597.0,15,3785.3500000000204
2021-09-23,MFIL,SELL,1106.0,30,36965.35000000002
2021-09-23,MLBL,BUY,590.0,15,28115.35000000002
2021-09-23,NABIL,BUY,1438.0,15,6545.35000000002
2021-09-23,NMB,BUY,434.2,15,32.35000000002037
2021-09-23,SANIMA,SELL,528.4,293,154853.55
2021-09-24,ADBL,BUY,545.0,56,124333.54999999999
2021-09-24,AHPC,BUY,614.0,40,99773.54999999999
2021-09-24,AKJCL,BUY,372.0,53,80057.54999999999
2021-09-24,BARUN,BUY,541.0,29,64368.54999999999
2021-09-24,CIT,BUY,3508.0,15,11748.549999999988
2021-09-24,CZBIL,BUY,408.5,15,5621.049999999988
2021-09-24,DHPL,BUY,367.0,15,116.04999999998836
2021-09-26,AHPC,SELL,575.0,62,35766.04999999999
2021-09-26,AKJCL,BUY,351.9,20,28728.04999999999
2021-09-26,BARUN,BUY,523.0,15,20883.04999999999
2021-09-26,CZBIL,BUY,400.0,15,14883.049999999988
2021-09-26,DHPL,BUY,347.0,15,9678.049999999988
2021-09-26,HPPL,BUY,519.0,15,1893.0499999999884
2021-09-26,ICFC,SELL,760.0,15,13293.049999999988
2021-09-26,JBBL,BUY,517.0,15,5538.049999999988
2021-09-26,JOSHI,BUY,351.2,15,270.04999999998836
2021-09-26,KKHC,SELL,348.0,70,24630.04999999999
2021-09-26,KSBBL,BUY,691.0,15,14265.049999999988
2021-09-26,LBBL,BUY,576.0,15,5625.049999999988
2021-09-26,MEGA,BUY,364.0,15,165.04999999998836
2021-09-27,BARUN,SELL,491.0,105,51720.04999999999
2021-09-27,CIT,BUY,3373.0,15,1125.0499999999884
2021-09-27,DHPL,SELL,324.0,186,61389.04999999999
2021-09-27,EBL,BUY,721.0,17,49132.04999999999
2021-09-27,EDBL,BUY,623.0,15,39787.04999999999
2021-09-27,HPPL,BUY,486.2,16,32007.849999999988
2021-09-27,HURJA,BUY,420.0,15,25707.849999999988
2021-09-27,ICFC,BUY,725.0,15,14832.849999999988
2021-09-27,JBBL,BUY,502.0,15,7302.849999999988
2021-09-27,JOSHI,BUY,334.0,15,2292.8499999999876
2021-09-27,LBBL,SELL,544.8,75,43152.84999999999
2021-09-27,LICN,BUY,1944.0,15,13992.849999999991
2021-09-27,MEGA,BUY,349.9,15,8744.349999999991
2021-09-27,MLBL,BUY,558.0,15,374.34999999999127
2021-09-28,ADBL,SELL,509.0,104,53310.34999999999
2021-09-28,AHPC,BUY,458.0,23,42776.34999999999
2021-09-28,AKJCL,BUY,312.9,27,34328.04999999999
2021-09-28,BARUN,BUY,450.8,15,27566.04999999999
2021-09-28,CZBIL,BUY,384.0,15,21806.04999999999
2021-09-28,DHPL,BUY,300.0,15,17306.04999999999
2021-09-28,EBL,BUY,708.0,15,6686.049999999988
2021-09-28,HPPL,BUY,437.6,15,122.04999999998836
2021-09-28,HURJA,SELL,395.0,15,6047.049999999988
2021-09-28,ICFC,SELL,666.0,15,16037.049999999988
2021-09-28,JBBL,BUY,490.0,15,8687.049999999988
2021-09-28,JOSHI,BUY,301.0,15,4172.049999999988
2021-09-28,KSBBL,SELL,645.0,30,23522.04999999999
2021-09-28,LBBL,BUY,535.0,15,15497.049999999988
2021-09-28,MEGA,BUY,356.8,15,10145.049999999988
2021-09-28,MLBL,BUY,540.0,15,2045.0499999999884
2021-09-28,NMB,SELL,409.0,15,8180.049999999988
2021-09-28,PCBL,BUY,474.0,15,1070.0499999999884
2021-09-30,MEGA,SELL,334.9,328,110917.24999999999
2021-09-30,MFIL,BUY,1000.0,22,88917.24999999999
2021-09-30,MLBL,BUY,542.0,32,71573.24999999999
2021-09-30,NABIL,BUY,1407.0,15,50468.249999999985
2021-09-30,NBB,BUY,438.0,23,40394.249999999985
2021-09-30,NHPC,BUY,402.8,20,32338.249999999985
2021-09-30,NICA,BUY,862.9,15,19394.749999999985
2021-09-30,NMB,BUY,409.0,15,13259.749999999985
2021-09-30,PCBL,BUY,476.0,15,6119.749999999985
2021-09-30,PROFL,BUY,365.0,15,644.7499999999854
2021-10-03,AHPC,SELL,432.0,23,10580.749999999985
2021-10-03,AKJCL,BUY,301.0,15,6065.749999999985
2021-10-03,BARUN,SELL,424.0,15,12425.749999999985
2021-10-03,CZBIL,BUY,390.5,15,6568.249999999985
2021-10-03,DHPL,BUY,292.0,15,2188.2499999999854
2021-10-03,EDBL,SELL,558.0,30,18928.249999999985
2021-10-03,HPPL,BUY,406.7,15,12827.749999999985
2021-10-03,HURJA,BUY,417.0,15,6572.749999999985
2021-10-03,JBBL,SELL,465.0,123,63767.749999999985
2021-10-03,JOSHI,BUY,299.0,42,51209.749999999985
2021-10-03,KKHC,BUY,300.0,34,41009.749999999985
2021-10-03,KSBBL,BUY,636.0,15,31469.749999999985
2021-10-03,LBBL,BUY,514.0,15,23759.749999999985
2021-10-03,LICN,SELL,1846.0,15,51449.749999999985
2021-10-03,MEGA,BUY,324.4,31,41393.349999999984
2021-10-03,MFIL,BUY,975.0,15,26768.349999999984
2021-10-03,MLBL,BUY,529.0,15,18833.349999999984
2021-10-03,NBB,BUY,427.0,15,12428.349999999984
2021-10-03,NHPC,BUY,381.0,15,6713.349999999984
2021-10-03,NMB,BUY,402.0,15,683.349999999984
2021-10-04,DHPL,SELL,271.0,30,8813.349999999984
2021-10-04,EDBL,BUY,532.0,15,833.349999999984
2021-10-04,PROFL,SELL,337.0,15,5888.349999999984
2021-10-05,AKJCL,BUY,298.0,15,1418.349999999984
2021-10-06,MLBL,SELL,586.0,107,64120.349999999984
2021-10-06,NABIL,BUY,1444.9,15,42446.849999999984
2021-10-06,NBB,BUY,439.0,19,34105.849999999984
2021-10-06,NHPC,BUY,398.0,17,27339.849999999984
2021-10-06,NICA,BUY,858.0,15,14469.849999999984
2021-10-06,NMB,BUY,409.0,15,8334.849999999984
2021-10-06,PCBL,BUY,484.9,15,1061.349999999984
2021-10-10,CZBIL,SELL,333.5,183,62091.849999999984
2021-10-10,DHPL,BUY,290.0,42,49911.849999999984
2021-10-10,EBL,BUY,700.0,15,39411.849999999984
2021-10-10,EDBL,BUY,565.5,15,30929.349999999984
2021-10-10,HPPL,BUY,420.0,15,24629.349999999984
2021-10-10,HURJA,BUY,400.1,15,18627.849999999984
2021-10-10,ICFC,BUY,698.0,15,8157.849999999984
2021-10-10,JBBL,BUY,483.0,15,912.849999999984
2021-10-11,NBB,SELL,416.0,184,77456.84999999998
2021-10-11,NHPC,BUY,381.0,40,62216.84999999998
2021-10-11,NICA,BUY,840.0,15,49616.84999999998
2021-10-11,NMB,BUY,410.0,24,39776.84999999998
2021-10-11,PCBL,BUY,477.0,16,32144.849999999977
2021-10-11,PROFL,BUY,399.0,16,25760.849999999977
2021-10-11,RLI,BUY,507.0,15,18155.849999999977
2021-10-11,SANIMA,BUY,512.0,15,10475.849999999977
2021-10-12,ADBL,BUY,509.0,15,2840.8499999999767
2021-10-18,ICFC,SELL,645.0,15,12515.849999999977
2021-10-18,JBBL,BUY,469.0,15,5480.849999999977
2021-10-18,JOSHI,BUY,296.0,15,1040.8499999999767
2021-10-18,PROFL,SELL,378.0,16,7088.849999999977
2021-10-19,AHPC,BUY,354.1,15,1777.3499999999767
2021-10-19,AKJCL,SELL,272.0,201,56449.34999999998
2021-10-19,BARUN,BUY,364.0,31,45165.34999999998
2021-10-19,CZBIL,BUY,295.0,30,36315.34999999998
2021-10-19,DHPL,BUY,275.0,26,29165.349999999977
2021-10-19,EBL,BUY,697.0,15,18710.349999999977
2021-10-19,EDBL,BUY,530.0,15,10760.349999999977
2021-10-19,HPPL,BUY,380.0,15,5060.349999999977
2021-10-19,JOSHI,BUY,286.0,15,770.3499999999767
2021-10-19,LBBL,SELL,462.0,30,14630.349999999977
2021-10-19,MEGA,BUY,301.6,15,10106.349999999977
2021-10-19,MLBL,BUY,579.0,15,1421.3499999999767
2021-10-19,NHPC,SELL,334.0,92,32149.349999999977
2021-10-19,NICA,BUY,791.0,15,20284.349999999977
2021-10-19,NMB,BUY,390.0,15,14434.349999999977
2021-10-19,PCBL,BUY,447.9,15,7715.849999999977
2021-10-19,PROFL,BUY,359.0,15,2330.8499999999767
2021-10-19,RLI,SELL,479.9,15,9529.349999999977
2021-10-19,SANIMA,BUY,490.0,15,2179.3499999999767
2021-10-24,AHPC,SELL,403.5,15,8231.849999999977
2021-10-24,AKJCL,BUY,301.0,15,3716.8499999999767
2021-10-24,BARUN,SELL,400.5,31,16132.349999999977
2021-10-24,CZBIL,BUY,288.0,15,11812.349999999977
2021-10-24,DHPL,BUY,290.0,15,7462.349999999977
2021-10-24,HPPL,BUY,406.0,15,1372.3499999999767
2021-10-24,SANIMA,SELL,402.0,30,13432.349999999977
2021-10-25,ADBL,BUY,512.0,15,5752.349999999977
2021-10-25,AKJCL,BUY,331.0,15,787.3499999999767
2021-10-25,DHPL,SELL,319.0,83,27264.349999999977
2021-10-25,EBL,BUY,720.0,15,16464.349999999977
2021-10-25,EDBL,BUY,580.0,15,7764.349999999977
2021-10-25,HPPL,BUY,446.6,15,1065.3499999999767
2021-10-25,JOSHI,SELL,325.0,117,39090.34999999998
2021-10-25,KKHC,BUY,321.0,24,31386.349999999977
2021-10-25,KSBBL,BUY,710.0,15,20736.349999999977
2021-10-25,LBBL,BUY,521.0,15,12921.349999999977
2021-10-25,MEGA,BUY,322.0,15,8091.349999999977
2021-10-25,MFIL,SELL,1100.0,37,48791.34999999998
2021-10-25,MLBL,BUY,605.0,16,39111.34999999998
2021-10-25,NABIL,BUY,1497.0,15,16656.349999999977
2021-10-25,NBB,BUY,405.0,15,10581.349999999977
2021-10-25,NHPC,BUY,407.0,15,4476.349999999977
2021-10-25,PROFL,SELL,412.0,15,10656.349999999977
2021-10-25,RLI,BUY,499.0,15,3171.3499999999767
2021-10-26,HURJA,SELL,450.0,30,16671.349999999977
2021-10-26,ICFC,BUY,814.0,15,4461.349999999977
2021-10-26,JBBL,SELL,520.0,30,20061.349999999977
2021-10-26,JOSHI,BUY,356.0,15,14721.349999999977
2021-10-26,KKHC,BUY,353.1,15,9424.849999999977
2021-10-26,LBBL,BUY,540.0,15,1324.8499999999767
2021-10-27,KSBBL,SELL,613.0,30,19714.849999999977
2021-10-27,LBBL,BUY,529.9,15,11766.349999999977
2021-10-27,MEGA,BUY,328.1,15,6844.849999999977
2021-10-27,NBB,BUY,430.0,15,394.8499999999767
2021-10-28,HPPL,SELL,520.0,181,94514.84999999998
2021-10-28,HURJA,BUY,463.0,40,75994.84999999998
2021-10-28,ICFC,BUY,790.0,19,60984.84999999998
2021-10-28,JBBL,BUY,516.1,23,49114.549999999974
2021-10-28,JOSHI,BUY,356.0,27,39502.549999999974
2021-10-28,KKHC,BUY,365.1,21,31835.449999999975
2021-10-28,KSBBL,BUY,663.0,15,21890.449999999975
2021-10-28,LBBL,BUY,527.1,15,13983.949999999975
2021-10-28,MEGA,BUY,330.0,15,9033.949999999975
2021-10-28,NBB,BUY,430.0,15,2583.9499999999753
2021-10-28,NICA,SELL,871.0,60,54843.949999999975
2021-10-28,NMB,BUY,413.0,26,44105.949999999975
2021-10-28,PCBL,BUY,481.0,18,35447.949999999975
2021-10-28,PROFL,BUY,425.1,16,28646.349999999977
2021-10-28,RLI,BUY,539.0,15,20561.349999999977
2021-10-28,SANIMA,BUY,403.5,15,14508.849999999977
2021-10-29,ADBL,BUY,538.0,15,6438.849999999977
2021-10-29,AKJCL,BUY,353.0,15,1143.8499999999767
2021-10-31,EDBL,SELL,650.0,60,40143.84999999998
2021-10-31,HPPL,BUY,558.9,15,31760.349999999977
2021-10-31,HURJA,BUY,509.3,15,24120.849999999977
2021-10-31,ICFC,BUY,844.0,15,11460.849999999977
2021-10-31,JBBL,BUY,560.0,15,3060.8499999999767
2021-10-31,MLBL,SELL,668.0,31,23768.849999999977
2021-10-31,NABIL,BUY,1580.0,15,68.84999999997672
2021-11-01,EBL,SELL,674.4,107,72229.64999999998
2021-11-01,EDBL,BUY,638.0,22,58193.64999999998
2021-11-01,HPPL,BUY,528.0,22,46577.64999999998
2021-11-01,HURJA,BUY,499.0,18,37595.64999999998
2021-11-01,ICFC,BUY,872.1,15,24514.14999999998
2021-11-01,JBBL,BUY,558.0,15,16144.14999999998
2021-11-01,JOSHI,BUY,376.0,15,10504.14999999998
2021-11-01,KKHC,BUY,374.0,15,4894.14999999998
2021-11-01,LBBL,SELL,608.0,60,41374.14999999998
2021-11-01,LICN,BUY,2118.0,15,9604.14999999998
2021-11-01,MEGA,BUY,344.0,15,4444.14999999998
2021-11-01,NBB,SELL,366.9,45,20954.64999999998
2021-11-01,NHPC,BUY,424.0,15,14594.64999999998
2021-11-01,NICA,BUY,874.0,15,1484.6499999999796
2021-11-03,ICFC,SELL,966.4,64,63334.24999999998
2021-11-03,JBBL,BUY,587.0,21,51007.24999999998
2021-11-03,JOSHI,BUY,374.0,27,40909.24999999998
2021-11-03,KKHC,BUY,379.0,21,32950.24999999998
2021-11-03,KSBBL,BUY,652.0,15,23170.249999999978
2021-11-03,LBBL,BUY,641.4,15,13549.249999999978
2021-11-03,MEGA,BUY,346.8,15,8347.249999999978
2021-11-03,NBB,BUY,357.1,15,2990.749999999978
2021-11-09,AKJCL,SELL,326.8,45,17696.749999999978
2021-11-09,BARUN,BUY,482.0,15,10466.749999999978
2021-11-09,CZBIL,BUY,297.0,15,6011.749999999978
2021-11-09,DHPL,BUY,332.0,15,1031.7499999999782
2021-11-09,HPPL,SELL,486.0,37,19013.749999999978
2021-11-09,HURJA,BUY,465.0,15,12038.749999999978
2021-11-09,JBBL,BUY,549.0,15,3803.749999999978
2021-11-09,JOSHI,SELL,343.0,84,32615.749999999978
2021-11-09,KKHC,BUY,351.0,18,26297.749999999978
2021-11-09,KSBBL,BUY,607.0,15,17192.749999999978
2021-11-09,LBBL,BUY,619.0,15,7907.749999999978
2021-11-09,MEGA,BUY,334.1,15,2896.249999999978
2021-11-11,ADBL,SELL,507.0,45,25711.249999999978
2021-11-11,AHPC,BUY,469.0,15,18676.249999999978
2021-11-11,AKJCL,BUY,313.8,15,13969.249999999978
2021-11-11,BARUN,BUY,451.8,15,7192.249999999978
2021-11-11,CZBIL,BUY,291.0,15,2827.249999999978
2021-11-11,NBB,SELL,335.1,15,7853.749999999978
2021-11-11,NHPC,BUY,415.0,15,1628.7499999999782
2021-11-11,NICA,SELL,824.0,15,13988.749999999978
2021-11-11,NMB,BUY,399.0,15,8003.749999999978
2021-11-11,PCBL,BUY,473.0,15,908.7499999999782
2021-11-11,PROFL,SELL,400.0,16,7308.749999999978
2021-11-11,SANIMA,BUY,383.0,15,1563.7499999999782
2021-11-16,AKJCL,SELL,347.9,15,6782.249999999978
2021-11-16,BARUN,SELL,506.0,30,21962.249999999978
2021-11-16,CZBIL,BUY,299.0,15,17477.249999999978
2021-11-16,DHPL,BUY,345.0,15,12302.249999999978
2021-11-16,EBL,BUY,636.0,15,2762.249999999978
2021-11-16,NHPC,SELL,463.0,45,23597.249999999978
2021-11-16,NICA,BUY,870.0,15,10547.249999999978
2021-11-16,NMB,BUY,399.0,15,4562.249999999978
2021-11-17,CZBIL,BUY,298.0,15,92.24999999997817
2021-11-23,KSBBL,SELL,564.9,45,25512.749999999978
2021-11-23,LBBL,BUY,630.0,15,16062.749999999978
2021-11-23,MEGA,BUY,328.5,15,11135.249999999978
2021-11-23,MLBL,BUY,721.1,15,318.7499999999782
2021-11-24,EBL,SELL,600.0,15,9318.749999999978
2021-11-24,EDBL,BUY,620.0,15,18.749999999978172
2021-11-28,CIT,SELL,3180.0,45,143118.74999999997
2021-11-28,CZBIL,BUY,279.0,102,114660.74999999997
2021-11-28,DHPL,BUY,323.0,70,92050.74999999997
2021-11-28,EBL,BUY,590.0,31,73760.74999999997
2021-11-28,EDBL,BUY,585.0,25,59135.74999999997
2021-11-28,HPPL,BUY,443.0,26,47617.74999999997
2021-11-28,HURJA,BUY,424.0,22,38289.74999999997
2021-11-28,ICFC,BUY,932.0,15,24309.74999999997
2021-11-28,JBBL,BUY,502.0,15,16779.74999999997
2021-11-28,JOSHI,BUY,375.0,15,11154.74999999997
2021-11-28,KKHC,BUY,339.0,15,6069.749999999971
2021-11-28,LBBL,SELL,581.0,45,32214.74999999997
2021-11-28,LICN,BUY,1921.1,15,3398.249999999971
2021-11-28,MLBL,SELL,652.0,15,13178.24999999997
2021-11-28,NBB,BUY,346.0,15,7988.249999999971
2021-11-28,NHPC,BUY,409.0,15,1853.249999999971
2021-11-28,NICA,SELL,817.0,15,14108.24999999997
2021-11-28,NMB,BUY,379.0,15,8423.24999999997
2021-11-28,PCBL,BUY,453.0,15,1628.249999999971
2021-11-28,RLI,SELL,506.0,30,16808.24999999997
2021-11-28,SANIMA,BUY,361.0,15,11393.24999999997
2021-11-29,ADBL,BUY,477.5,15,4230.749999999971
2021-11-29,CZBIL,BUY,277.0,15,75.7499999999709
2021-11-29,ICFC,SELL,838.8,15,12657.74999999997
2021-11-29,JBBL,BUY,494.2,15,5244.749999999971
2021-11-29,KKHC,BUY,336.0,15,204.7499999999709
2021-11-30,MEGA,SELL,285.0,151,43239.74999999997
2021-11-30,MFIL,BUY,1070.0,15,27189.74999999997
2021-11-30,MLBL,BUY,650.0,15,17439.74999999997
2021-11-30,NBB,BUY,360.0,15,12039.74999999997
2021-11-30,NHPC,BUY,421.0,15,5724.749999999971
2021-11-30,NMB,BUY,376.0,15,84.7499999999709
2021-12-02,AHPC,SELL,444.0,15,6744.749999999971
2021-12-02,AKJCL,BUY,318.0,15,1974.749999999971
2021-12-05,ADBL,SELL,446.0,15,8664.74999999997
2021-12-05,AHPC,BUY,424.0,15,2304.749999999971
2021-12-05,DHPL,SELL,303.0,100,32604.74999999997
2021-12-05,EBL,BUY,538.0,15,24534.74999999997
2021-12-05,EDBL,BUY,555.0,15,16209.74999999997
2021-12-05,HPPL,BUY,421.4,15,9888.74999999997
2021-12-05,HURJA,BUY,405.0,15,3813.749999999971
2021-12-05,JBBL,SELL,457.0,119,58196.74999999997
2021-12-05,JOSHI,BUY,365.0,31,46881.74999999997
2021-12-05,KKHC,BUY,310.0,30,37581.74999999997
2021-12-05,KSBBL,BUY,500.0,15,30081.74999999997
2021-12-05,LBBL,BUY,544.0,15,21921.74999999997
2021-12-05,MEGA,BUY,270.0,16,17601.74999999997
2021-12-05,MFIL,BUY,1020.0,15,2301.749999999971
2021-12-05,MLBL,SELL,602.0,15,11331.74999999997
2021-12-05,NABIL,SELL,1474.0,75,121881.74999999997
2021-12-05,NBB,BUY,360.0,67,97761.74999999997
2021-12-05,NHPC,BUY,404.0,48,78369.74999999997
2021-12-05,NICA,BUY,765.0,20,63069.74999999997
2021-12-05,NMB,BUY,369.0,34,50523.74999999997
2021-12-05,PCBL,BUY,442.0,22,40799.74999999997
2021-12-05,PROFL,BUY,370.0,22,32659.74999999997
2021-12-05,RLI,BUY,482.0,15,25429.74999999997
2021-12-05,SANIMA,BUY,350.0,15,20179.74999999997
2021-12-06,ADBL,BUY,451.0,15,13414.74999999997
2021-12-06,AHPC,BUY,438.0,15,6844.749999999971
2021-12-06,AKJCL,BUY,312.0,15,2164.749999999971
2021-12-08,AHPC,SELL,401.5,30,14209.74999999997
2021-12-08,AKJCL,BUY,288.0,15,9889.74999999997
2021-12-08,BARUN,BUY,421.0,15,3574.749999999971
2021-12-08,HPPL,SELL,400.0,41,19974.74999999997
2021-12-08,HURJA,BUY,403.1,15,13928.24999999997
2021-12-08,ICFC,BUY,703.8,15,3371.249999999971
2021-12-08,KSBBL,SELL,474.0,15,10481.24999999997
2021-12-08,LBBL,BUY,524.0,15,2621.249999999971
2021-12-08,NHPC,SELL,382.0,78,32417.24999999997
2021-12-08,NICA,BUY,749.0,15,21182.24999999997
2021-12-08,NMB,BUY,365.5,15,15699.74999999997
2021-12-08,PCBL,BUY,360.9,15,10286.24999999997
2021-12-08,PROFL,BUY,366.0,15,4796.249999999971
2021-12-09,AKJCL,BUY,280.2,15,593.2499999999709
2021-12-09,ICFC,SELL,627.0,15,9998.24999999997
2021-12-09,JBBL,BUY,444.0,15,3338.249999999971
2021-12-09,LICN,SELL,1825.0,30,58088.24999999997
2021-12-09,MEGA,BUY,268.0,43,46564.24999999997
2021-12-09,MFIL,BUY,1033.0,15,31069.24999999997
2021-12-09,MLBL,BUY,571.0,15,22504.24999999997
2021-12-09,NABIL,BUY,1452.9,15,710.7499999999709
2021-12-09,NBB,SELL,337.1,97,33409.44999999997
2021-12-09,NHPC,BUY,380.3,17,26944.34999999997
2021-12-09,NICA,BUY,742.6,15,15805.34999999997
2021-12-09,NMB,BUY,367.0,15,10300.34999999997
2021-12-09,PCBL,BUY,348.8,15,5068.349999999969
2021-12-10,AKJCL,BUY,280.2,15,865.3499999999694
2021-12-12,ADBL,SELL,421.0,15,7180.349999999969
2021-12-12,AHPC,BUY,380.0,15,1480.3499999999694
2021-12-12,AKJCL,SELL,259.0,75,20905.34999999997
2021-12-12,BARUN,BUY,396.0,15,14965.34999999997
2021-12-12,CZBIL,BUY,260.5,15,11057.84999999997
2021-12-12,DHPL,BUY,268.9,15,7024.349999999969
2021-12-12,EDBL,SELL,510.0,77,46294.34999999997
2021-12-12,HPPL,BUY,395.0,23,37209.34999999997
2021-12-12,HURJA,BUY,390.0,19,29799.34999999997
2021-12-12,ICFC,BUY,580.0,15,21099.34999999997
2021-12-12,JBBL,BUY,413.0,15,14904.34999999997
2021-12-12,JOSHI,BUY,318.0,15,10134.34999999997
2021-12-12,KKHC,BUY,279.4,15,5943.349999999969
2021-12-12,LBBL,SELL,485.5,30,20508.34999999997
2021-12-12,MEGA,BUY,262.0,15,16578.34999999997
2021-12-12,MFIL,BUY,1044.9,15,904.8499999999676
2021-12-12,MLBL,SELL,537.5,15,8967.349999999968
2021-12-12,NBB,BUY,327.0,15,4062.3499999999676
2021-12-12,NHPC,SELL,348.0,17,9978.349999999968
2021-12-12,NMB,BUY,362.0,15,4548.349999999968
2021-12-12,PCBL,SELL,329.0,191,67387.34999999996
2021-12-12,PROFL,BUY,335.0,40,53987.34999999996
2021-12-12,RLI,BUY,451.0,23,43614.34999999996
2021-12-12,SANIMA,BUY,327.0,26,35112.34999999996
2021-12-13,ADBL,BUY,421.0,16,28376.349999999962
2021-12-13,AHPC,BUY,362.0,15,22946.349999999962
2021-12-13,AKJCL,BUY,235.0,19,18481.349999999962
2021-12-13,BARUN,BUY,368.0,15,12961.349999999962
2021-12-13,CZBIL,BUY,255.0,15,9136.349999999962
2021-12-13,DHPL,BUY,243.0,15,5491.349999999962
2021-12-13,HURJA,SELL,370.5,159,64400.84999999996
2021-12-13,ICFC,BUY,527.0,24,51752.84999999996
2021-12-13,JBBL,BUY,396.0,26,41456.84999999996
2021-12-13,JOSHI,BUY,297.9,27,33413.54999999996
2021-12-13,KKHC,BUY,256.0,26,26757.54999999996
2021-12-13,KSBBL,BUY,400.0,15,20757.54999999996
2021-12-13,LBBL,BUY,413.0,15,14562.54999999996
2021-12-13,MEGA,BUY,254.5,15,10745.04999999996
2021-12-13,MLBL,BUY,517.0,15,2990.0499999999593
2021-12-13,NABIL,SELL,1366.1,15,23481.54999999996
2021-12-13,NBB,BUY,315.0,15,18756.54999999996
2021-12-13,NHPC,BUY,315.0,15,14031.54999999996
2021-12-13,NICA,BUY,709.0,15,3396.5499999999593
2021-12-13,PROFL,SELL,311.0,77,27343.54999999996
2021-12-13,RLI,BUY,432.0,15,20863.54999999996
2021-12-13,SANIMA,BUY,322.2,15,16030.54999999996
2021-12-14,ADBL,BUY,437.0,15,9475.54999999996
2021-12-14,AHPC,BUY,398.2,15,3502.5499999999593
2021-12-14,AKJCL,SELL,258.5,19,8414.04999999996
2021-12-14,BARUN,BUY,404.8,15,2342.0499999999593
2021-12-14,DHPL,SELL,267.3,30,10361.04999999996
2021-12-14,EBL,BUY,541.0,15,2246.0499999999593
2021-12-14,ICFC,SELL,579.7,39,24854.349999999962
2021-12-14,JBBL,BUY,435.6,15,18320.349999999962
2021-12-14,JOSHI,BUY,320.2,15,13517.349999999962
2021-12-14,KKHC,BUY,281.6,15,9293.349999999962
2021-12-14,KSBBL,BUY,440.0,15,2693.349999999962
2021-12-14,NHPC,SELL,346.5,15,7890.849999999962
2021-12-14,NMB,BUY,369.7,15,2345.349999999962
2021-12-16,JOSHI,SELL,304.0,103,33657.34999999996
2021-12-16,KKHC,BUY,279.0,24,26961.349999999962
2021-12-16,KSBBL,BUY,430.6,15,20502.349999999962
2021-12-16,LBBL,BUY,426.0,15,14112.349999999962
2021-12-16,MEGA,BUY,258.0,15,10242.349999999962
2021-12-16,MFIL,SELL,990.9,60,69696.34999999996
2021-12-16,MLBL,BUY,535.3,26,55778.54999999996
2021-12-16,NABIL,BUY,1430.0,15,34328.54999999996
2021-12-16,NBB,BUY,354.6,19,27591.149999999958
2021-12-16,NHPC,BUY,341.0,16,22135.149999999958
2021-12-16,NICA,BUY,734.0,15,11125.149999999958
2021-12-16,NMB,BUY,367.8,15,5608.149999999958
2021-12-16,PCBL,BUY,329.0,15,673.1499999999578
2021-12-20,AHPC,SELL,377.0,45,17638.149999999958
2021-12-20,AKJCL,BUY,255.9,15,13799.649999999958
2021-12-20,BARUN,BUY,402.0,15,7769.649999999958
2021-12-20,CZBIL,BUY,263.0,15,3824.649999999958
2021-12-22,ADBL,SELL,486.0,31,18890.649999999958
2021-12-22,AHPC,BUY,437.8,15,12323.649999999958
2021-12-22,AKJCL,BUY,296.0,15,7883.649999999958
2021-12-22,BARUN,BUY,451.0,15,1118.6499999999578
2021-12-22,NMB,SELL,340.0,279,95978.64999999997
2021-12-22,PCBL,BUY,346.0,55,76948.64999999997
2021-12-22,PROFL,BUY,368.0,41,61860.649999999965
2021-12-22,RLI,BUY,469.0,26,49666.649999999965
2021-12-22,SANIMA,BUY,347.5,28,39936.649999999965
2021-12-23,ADBL,BUY,496.0,16,32000.649999999965
2021-12-23,AHPC,BUY,447.0,15,25295.649999999965
2021-12-23,AKJCL,BUY,291.0,17,20348.649999999965
2021-12-23,BARUN,BUY,493.0,15,12953.649999999965
2021-12-23,CZBIL,BUY,277.5,15,8791.149999999965
2021-12-23,DHPL,BUY,290.1,15,4439.649999999965
2021-12-23,KKHC,BUY,295.0,15,14.649999999965075
2021-12-26,JBBL,SELL,412.0,71,29266.649999999965
2021-12-26,JOSHI,BUY,328.0,17,23690.649999999965
2021-12-26,KKHC,BUY,290.0,16,19050.649999999965
2021-12-26,KSBBL,BUY,461.0,15,12135.649999999965
2021-12-26,LBBL,BUY,453.0,15,5340.649999999965
2021-12-26,MEGA,BUY,277.5,15,1178.149999999965
2021-12-26,RLI,SELL,536.8,79,43585.34999999996
2021-12-26,SANIMA,BUY,358.0,24,34993.34999999996
2021-12-27,ADBL,BUY,493.0,15,27598.349999999962
2021-12-27,AHPC,BUY,423.0,15,21253.349999999962
2021-12-27,AKJCL,BUY,272.0,15,17173.349999999962
2021-12-27,BARUN,BUY,459.0,15,10288.349999999962
2021-12-27,CZBIL,BUY,273.0,15,6193.349999999962
2021-12-27,DHPL,BUY,277.0,15,2038.3499999999622
2021-12-27,JOSHI,SELL,300.0,17,7138.349999999962
2021-12-27,KKHC,BUY,279.0,15,2953.349999999962
2021-12-27,LBBL,SELL,429.9,45,22298.849999999962
2021-12-27,MEGA,BUY,285.0,15,18023.849999999962
2021-12-27,MFIL,BUY,960.5,15,3616.349999999962
2021-12-27,PROFL,SELL,343.1,41,17683.44999999996
2021-12-27,RLI,BUY,523.0,15,9838.44999999996
2021-12-27,SANIMA,BUY,356.0,15,4498.449999999961
2021-12-28,AKJCL,BUY,274.9,15,374.9499999999607
2021-12-28,KSBBL,SELL,436.0,60,26534.94999999996
2021-12-28,LBBL,BUY,437.0,15,19979.94999999996
2021-12-28,MEGA,BUY,283.0,15,15734.94999999996
2021-12-28,MFIL,BUY,944.0,15,1574.9499999999607
2021-12-28,MLBL,SELL,458.0,41,20352.94999999996
2021-12-28,NBB,BUY,369.0,15,14817.94999999996
2021-12-28,NHPC,BUY,337.0,15,9762.94999999996
2021-12-28,NMB,BUY,328.0,15,4842.949999999961
2021-12-29,AKJCL,BUY,273.0,15,747.9499999999607
2022-01-02,ADBL,SELL,411.0,31,13488.94999999996
2022-01-02,AHPC,BUY,442.0,15,6858.949999999961
2022-01-02,AKJCL,BUY,273.0,15,2763.9499999999607
2022-01-02,MFIL,SELL,650.0,30,22263.94999999996
2022-01-02,MLBL,BUY,466.0,15,15273.94999999996
2022-01-02,NABIL,SELL,1144.0,15,32433.94999999996
2022-01-02,NBB,BUY,408.0,15,26313.94999999996
2022-01-02,NHPC,BUY,335.0,15,21288.94999999996
2022-01-02,NICA,BUY,769.0,15,9753.94999999996
2022-01-02,NMB,BUY,329.5,15,4811.449999999961
2022-01-03,AKJCL,BUY,273.9,15,702.9499999999607
2022-01-04,CZBIL,SELL,302.0,297,90396.94999999995
2022-01-04,DHPL,BUY,277.0,65,72391.94999999995
2022-01-04,EBL,BUY,615.0,23,58246.94999999995
2022-01-04,EDBL,BUY,540.0,21,46906.94999999995
2022-01-04,HPPL,BUY,440.0,21,37666.94999999995
2022-01-04,HURJA,BUY,412.0,18,30250.949999999953
2022-01-04,ICFC,BUY,607.0,15,21145.949999999953
2022-01-04,JBBL,BUY,427.0,15,14740.949999999953
2022-01-04,JOSHI,BUY,298.0,15,10270.949999999953
2022-01-04,KKHC,BUY,280.0,15,6070.949999999953
2022-01-04,LBBL,SELL,495.0,15,13495.949999999953
2022-01-04,MEGA,BUY,304.0,15,8935.949999999953
2022-01-04,MLBL,BUY,499.0,15,1450.9499999999534
2022-01-09,AHPC,SELL,488.0,60,30730.949999999953
2022-01-09,AKJCL,BUY,312.5,19,24793.449999999953
2022-01-09,BARUN,BUY,492.0,15,17413.449999999953
2022-01-09,CZBIL,BUY,310.0,15,12763.449999999953
2022-01-09,DHPL,BUY,306.0,15,8173.449999999953
2022-01-09,EDBL,BUY,538.0,15,103.44999999995343
2022-01-09,HURJA,SELL,460.9,18,8399.649999999952
2022-01-09,ICFC,SELL,671.0,15,18464.64999999995
2022-01-09,JBBL,BUY,456.0,15,11624.64999999995
2022-01-09,JOSHI,BUY,319.0,15,6839.6499999999505
2022-01-09,KKHC,BUY,305.0,15,2264.6499999999505
2022-01-09,NHPC,SELL,391.0,46,20250.64999999995
2022-01-09,NICA,BUY,867.1,15,7244.1499999999505
2022-01-09,NMB,BUY,364.0,15,1784.1499999999505
2022-01-10,HPPL,SELL,494.0,44,23520.14999999995
2022-01-10,HURJA,BUY,498.0,15,16050.14999999995
2022-01-10,ICFC,BUY,690.0,15,5700.1499999999505
2022-01-10,JOSHI,BUY,340.0,15,600.1499999999505
2022-01-12,HURJA,SELL,467.0,15,7605.1499999999505
2022-01-12,JBBL,BUY,449.0,15,870.1499999999505
2022-01-13,ICFC,SELL,775.0,15,12495.14999999995
2022-01-13,JBBL,BUY,466.0,15,5505.1499999999505
2022-01-13,JOSHI,BUY,337.0,15,450.1499999999505
2022-01-13,KKHC,SELL,336.0,364,122754.14999999995
2022-01-13,KSBBL,BUY,563.0,43,98545.14999999995
2022-01-13,LBBL,BUY,545.1,36,78921.54999999994
2022-01-13,LICN,BUY,2164.9,15,46448.049999999945
2022-01-13,MEGA,BUY,304.0,30,37328.049999999945
2022-01-13,MFIL,BUY,758.0,15,25958.049999999945
2022-01-13,MLBL,BUY,535.1,15,17931.549999999945
2022-01-13,NABIL,BUY,1110.0,15,1281.5499999999447
2022-01-16,DHPL,SELL,337.0,110,38351.549999999945
2022-01-16,EBL,BUY,610.0,15,29201.549999999945
2022-01-16,EDBL,BUY,603.0,15,20156.549999999945
2022-01-16,HPPL,BUY,533.0,15,12161.549999999945
2022-01-16,HURJA,BUY,514.0,15,4451.549999999945
2022-01-16,SANIMA,SELL,393.0,168,70475.54999999994
2022-01-17,ADBL,BUY,441.0,31,56804.549999999945
2022-01-17,AHPC,BUY,571.3,19,45949.84999999995
2022-01-17,AKJCL,BUY,335.2,27,36899.449999999946
2022-01-17,BARUN,BUY,537.0,15,28844.449999999946
2022-01-17,CZBIL,BUY,310.0,18,23264.449999999946
2022-01-17,DHPL,BUY,334.0,15,18254.449999999946
2022-01-17,EBL,BUY,626.0,15,8864.449999999946
2022-01-17,HPPL,BUY,534.9,15,840.9499999999462
2022-01-19,AHPC,SELL,542.0,19,11138.949999999946
2022-01-19,AKJCL,BUY,319.0,15,6353.949999999946
2022-01-19,CZBIL,BUY,311.0,15,1688.9499999999462
2022-01-19,DHPL,SELL,317.0,15,6443.949999999946
2022-01-19,HPPL,SELL,504.0,30,21563.949999999946
2022-01-19,HURJA,BUY,505.0,15,13988.949999999946
2022-01-19,ICFC,BUY,737.0,15,2933.949999999946
2022-01-20,PCBL,SELL,383.9,70,29806.949999999946
2022-01-20,PROFL,BUY,419.0,15,23521.949999999946
2022-01-20,RLI,BUY,565.0,15,15046.949999999946
2022-01-20,SANIMA,BUY,391.0,15,9181.949999999946
2022-01-21,ADBL,BUY,433.0,15,2686.949999999946
2022-01-23,LICN,SELL,2398.9,15,38670.449999999946
2022-01-23,MEGA,BUY,304.0,25,31070.449999999946
2022-01-23,MFIL,BUY,752.0,15,19790.449999999946
2022-01-23,MLBL,BUY,547.0,15,11585.449999999946
2022-01-23,NBB,BUY,400.0,15,5585.449999999946
2022-01-23,NMB,BUY,362.0,15,155.44999999994616
2022-01-24,EBL,SELL,582.0,114,66503.44999999995
2022-01-24,EDBL,BUY,554.0,24,53207.44999999995
2022-01-24,HPPL,BUY,485.0,21,43022.44999999995
2022-01-24,HURJA,BUY,504.0,17,34454.44999999995
2022-01-24,ICFC,BUY,705.0,15,23879.449999999953
2022-01-24,JBBL,BUY,442.0,15,17249.449999999953
2022-01-24,JOSHI,BUY,318.0,15,12479.449999999953
2022-01-24,KKHC,BUY,322.0,15,7649.449999999953
2022-01-24,KSBBL,SELL,533.0,43,30568.449999999953
2022-01-24,LBBL,BUY,519.9,15,22769.949999999953
2022-01-24,MEGA,BUY,294.0,15,18359.949999999953
2022-01-24,MFIL,BUY,710.0,15,7709.949999999953
2022-01-24,NBB,BUY,400.0,15,1709.9499999999534
2022-01-24,PROFL,SELL,389.1,15,7546.449999999953
2022-01-24,SANIMA,BUY,367.0,15,2041.4499999999534
2022-01-25,CZBIL,SELL,294.2,48,16163.049999999952
2022-01-25,DHPL,BUY,310.0,15,11513.049999999952
2022-01-25,EBL,BUY,583.0,15,2768.049999999952
2022-01-26,MLBL,SELL,510.0,60,33368.04999999995
2022-01-26,NABIL,BUY,1121.0,15,16553.049999999952
2022-01-26,NBB,BUY,400.0,15,10553.049999999952
2022-01-26,NHPC,BUY,370.0,15,5003.049999999952
2022-01-26,NMB,SELL,343.1,60,25589.049999999952
2022-01-26,PCBL,BUY,352.0,15,20309.049999999952
2022-01-26,PROFL,BUY,377.0,15,14654.049999999952
2022-01-26,RLI,BUY,557.0,15,6299.049999999952
2022-01-26,SANIMA,BUY,359.0,15,914.049999999952
2022-02-01,NHPC,SELL,417.1,15,7170.549999999952
2022-02-01,NMB,BUY,347.5,15,1958.049999999952
2022-02-03,HURJA,SELL,554.8,47,28033.64999999995
2022-02-03,ICFC,BUY,732.0,15,17053.64999999995
2022-02-03,JBBL,BUY,447.0,15,10348.64999999995
2022-02-03,JOSHI,BUY,334.0,15,5338.6499999999505
2022-02-03,KKHC,BUY,335.0,15,313.6499999999505
2022-02-10,NICA,SELL,818.0,110,90293.64999999995
2022-02-10,NMB,BUY,335.0,53,72538.64999999995
2022-02-10,PCBL,BUY,348.0,41,58270.64999999995
2022-02-10,PROFL,BUY,387.0,30,46660.64999999995
2022-02-10,RLI,BUY,584.0,15,37900.64999999995
2022-02-10,SANIMA,BUY,355.0,21,30445.64999999995
2022-02-11,ADBL,BUY,414.5,15,24228.14999999995
2022-02-11,AHPC,BUY,575.0,15,15603.14999999995
2022-02-11,AKJCL,BUY,316.5,15,10855.64999999995
2022-02-11,BARUN,BUY,529.0,15,2920.6499999999505
2022-02-13,AHPC,SELL,543.0,15,11065.64999999995
2022-02-13,AKJCL,BUY,301.0,15,6550.6499999999505
2022-02-13,CZBIL,BUY,277.2,15,2392.6499999999505
2022-02-13,EDBL,SELL,521.0,75,41467.64999999995
2022-02-13,HPPL,BUY,469.0,17,33494.64999999995
2022-02-13,HURJA,BUY,487.0,15,26189.64999999995
2022-02-13,ICFC,BUY,672.0,15,16109.64999999995
2022-02-13,JBBL,BUY,412.1,15,9928.14999999995
2022-02-13,JOSHI,BUY,308.0,15,5308.1499999999505
2022-02-13,KKHC,BUY,308.0,15,688.1499999999505
2022-02-13,LBBL,SELL,488.3,51,25591.44999999995
2022-02-13,MEGA,BUY,274.1,18,20657.64999999995
2022-02-13,MFIL,BUY,667.0,15,10652.64999999995
2022-02-13,MLBL,BUY,490.0,15,3302.6499999999505
2022-02-14,EBL,SELL,550.5,15,11560.14999999995
2022-02-14,EDBL,BUY,524.4,15,3694.1499999999505
2022-02-14,NABIL,SELL,1064.0,30,35614.14999999995
2022-02-14,NBB,BUY,400.0,17,28814.14999999995
2022-02-14,NHPC,BUY,431.7,15,22338.64999999995
2022-02-14,NICA,BUY,805.0,15,10263.64999999995
2022-02-14,NMB,BUY,324.0,15,5403.6499999999505
2022-02-14,PCBL,BUY,337.0,15,348.6499999999505
2022-02-20,PROFL,SELL,367.0,45,16863.64999999995
2022-02-20,RLI,BUY,569.0,15,8328.64999999995
2022-02-20,SANIMA,BUY,338.0,15,3258.6499999999505
2022-02-23,DHPL,SELL,359.7,15,8654.14999999995
2022-02-23,EDBL,BUY,510.0,15,1004.1499999999505
2022-02-27,NHPC,SELL,366.0,15,6494.1499999999505
2022-02-27,NMB,BUY,314.5,15,1776.6499999999505
2022-02-27,PCBL,SELL,319.0,71,24425.64999999995
2022-02-27,PROFL,BUY,359.1,15,19039.14999999995
2022-02-27,RLI,BUY,561.0,15,10624.14999999995
2022-02-27,SANIMA,BUY,334.4,15,5608.1499999999505
2022-02-28,ADBL,SELL,390.0,61,29398.14999999995
2022-02-28,AHPC,BUY,524.0,15,21538.14999999995
2022-02-28,AKJCL,BUY,307.0,15,16933.14999999995
2022-02-28,BARUN,BUY,539.0,15,8848.14999999995
2022-02-28,CZBIL,BUY,267.0,15,4843.1499999999505
2022-02-28,DHPL,BUY,321.0,15,28.149999999950523
2022-02-28,EDBL,SELL,473.0,30,14218.14999999995
2022-02-28,HPPL,BUY,468.9,15,7184.6499999999505
2022-02-28,JBBL,BUY,395.0,15,1259.6499999999505
2022-02-28,MLBL,SELL,462.0,15,8189.6499999999505
2022-02-28,NBB,BUY,400.0,15,2189.6499999999505
2022-03-02,MEGA,SELL,258.0,252,67205.64999999995
2022-03-02,MFIL,BUY,615.0,21,54290.64999999995
2022-03-02,MLBL,BUY,445.0,24,43610.64999999995
2022-03-02,NABIL,BUY,1006.0,15,28520.64999999995
2022-03-02,NBB,BUY,400.0,15,22520.64999999995
2022-03-02,NHPC,BUY,329.5,15,17578.14999999995
2022-03-02,NICA,BUY,762.0,15,6148.1499999999505
2022-03-02,NMB,BUY,309.1,15,1511.6499999999505
2022-03-02,PROFL,SELL,339.0,15,6596.6499999999505
2022-03-02,SANIMA,BUY,326.0,15,1706.6499999999505
2022-03-06,AHPC,SELL,495.0,15,9131.64999999995
2022-03-06,AKJCL,BUY,294.1,15,4720.1499999999505
2022-03-06,BARUN,SELL,512.0,180,96880.14999999995
2022-03-06,CIT,BUY,2983.0,15,52135.14999999995
2022-03-06,CZBIL,BUY,264.0,39,41839.14999999995
2022-03-06,DHPL,BUY,307.0,27,33550.14999999995
2022-03-06,EBL,BUY,537.0,15,25495.14999999995
2022-03-06,EDBL,BUY,464.0,15,18535.14999999995
2022-03-06,HPPL,BUY,449.6,15,11791.14999999995
2022-03-06,HURJA,BUY,463.0,15,4846.1499999999505
2022-03-06,JOSHI,BUY,306.0,15,256.1499999999505
2022-03-07,ICFC,SELL,625.0,60,37756.14999999995
2022-03-07,JBBL,BUY,390.0,19,30346.14999999995
2022-03-07,JOSHI,BUY,299.0,20,24366.14999999995
2022-03-07,KKHC,BUY,301.0,16,19550.14999999995
2022-03-07,KSBBL,BUY,459.0,15,12665.14999999995
2022-03-07,LBBL,BUY,450.0,15,5915.1499999999505
2022-03-07,MEGA,BUY,261.0,15,2000.1499999999505
2022-03-07,RLI,SELL,523.6,90,49124.14999999995
2022-03-07,SANIMA,BUY,325.1,30,39371.14999999995
2022-03-08,ADBL,BUY,385.0,20,31671.14999999995
2022-03-08,AHPC,BUY,494.0,15,24261.14999999995
2022-03-08,AKJCL,BUY,288.8,16,19640.34999999995
2022-03-08,BARUN,BUY,492.0,15,12260.349999999951
2022-03-08,CZBIL,BUY,264.0,15,8300.349999999951
2022-03-08,DHPL,BUY,303.1,15,3753.8499999999513
2022-03-09,HPPL,SELL,423.9,68,32579.04999999995
2022-03-09,HURJA,BUY,442.0,15,25949.04999999995
2022-03-09,ICFC,BUY,649.7,15,16203.549999999948
2022-03-09,JBBL,BUY,378.0,15,10533.549999999948
2022-03-09,JOSHI,BUY,287.0,15,6228.549999999948
2022-03-09,KKHC,BUY,291.0,15,1863.5499999999483
2022-03-09,NHPC,SELL,305.0,15,6438.549999999948
2022-03-09,NMB,BUY,307.0,15,1833.5499999999483
2022-03-13,HURJA,SELL,499.0,45,24288.54999999995
2022-03-13,ICFC,BUY,669.5,15,14246.049999999948
2022-03-13,JBBL,BUY,425.0,15,7871.049999999948
2022-03-13,JOSHI,BUY,320.0,15,3071.0499999999483
2022-03-20,JOSHI,SELL,299.1,170,53918.04999999996
2022-03-20,KKHC,BUY,303.0,35,43313.04999999996
2022-03-20,KSBBL,BUY,485.0,17,35068.04999999996
2022-03-20,LBBL,BUY,475.5,15,27935.54999999996
2022-03-20,MEGA,BUY,262.9,21,22414.649999999958
2022-03-20,MFIL,BUY,632.0,15,12934.649999999958
2022-03-20,MLBL,BUY,456.9,15,6081.149999999958
2022-03-20,NBB,BUY,400.0,15,81.1499999999578
2022-03-27,JBBL,SELL,399.0,169,67512.14999999997
2022-03-27,JOSHI,BUY,288.0,46,54264.149999999965
2022-03-27,KKHC,BUY,295.0,36,43644.149999999965
2022-03-27,KSBBL,BUY,474.0,18,35112.149999999965
2022-03-27,LBBL,BUY,470.0,15,28062.149999999965
2022-03-27,MEGA,BUY,256.0,21,22686.149999999965
2022-03-27,MFIL,BUY,599.9,15,13687.649999999965
2022-03-27,MLBL,BUY,448.0,15,6967.649999999965
2022-03-27,NBB,BUY,400.0,15,967.6499999999651
2022-03-28,AHPC,SELL,469.0,15,8002.649999999965
2022-03-28,AKJCL,BUY,279.0,15,3817.649999999965
2022-03-28,ICFC,SELL,626.0,30,22597.649999999965
2022-03-28,JBBL,BUY,393.0,15,16702.649999999965
2022-03-28,JOSHI,BUY,282.7,15,12462.149999999965
2022-03-28,KKHC,BUY,289.0,15,8127.149999999965
2022-03-28,KSBBL,BUY,471.0,15,1062.149999999965
2022-03-29,MFIL,SELL,565.0,111,63777.149999999965
2022-03-29,MLBL,BUY,443.0,28,51373.149999999965
2022-03-29,NABIL,BUY,1009.0,15,36238.149999999965
2022-03-29,NBB,BUY,400.0,18,29038.149999999965
2022-03-29,NHPC,BUY,294.0,19,23452.149999999965
2022-03-29,NICA,BUY,757.0,15,12097.149999999965
2022-03-29,NMB,BUY,304.9,15,7523.649999999965
2022-03-29,PCBL,BUY,311.2,15,2855.649999999965
2022-03-31,BARUN,SELL,464.0,15,9815.649999999965
2022-03-31,CZBIL,BUY,264.1,15,5854.149999999965
2022-03-31,DHPL,BUY,289.0,15,1519.149999999965
2022-04-04,EDBL,SELL,434.0,15,8029.149999999965
2022-04-04,HPPL,BUY,422.0,15,1699.149999999965
2022-04-05,JOSHI,SELL,267.0,61,17986.149999999965
2022-04-05,KKHC,BUY,270.0,15,13936.149999999965
2022-04-05,KSBBL,BUY,457.0,15,7081.149999999965
2022-04-05,LBBL,BUY,442.0,15,451.1499999999651
2022-04-05,MEGA,SELL,242.4,57,14267.949999999966
2022-04-05,MFIL,BUY,533.1,15,6271.449999999966
2022-04-05,MLBL,BUY,417.0,15,16.449999999966167
2022-04-06,AKJCL,SELL,262.5,274,71941.44999999997
2022-04-06,BARUN,BUY,426.0,33,57883.44999999997
2022-04-06,CIT,BUY,2985.0,15,13108.449999999968
2022-04-06,CZBIL,BUY,259.0,15,9223.449999999968
2022-04-06,DHPL,BUY,275.5,15,5090.949999999968
2022-04-06,JOSHI,BUY,270.0,15,1040.949999999968
2022-04-06,NHPC,SELL,277.0,19,6303.949999999968
2022-04-06,NMB,BUY,297.0,15,1848.949999999968
2022-04-12,ADBL,SELL,363.8,20,9124.949999999968
2022-04-12,AHPC,BUY,413.0,15,2929.949999999968
2022-04-12,DHPL,SELL,260.0,87,25549.949999999968
2022-04-12,EBL,BUY,514.0,15,17839.949999999968
2022-04-12,EDBL,BUY,418.1,15,11568.449999999968
2022-04-12,HPPL,BUY,435.0,15,5043.449999999968
2022-04-12,JBBL,SELL,373.0,15,10638.449999999968
2022-04-12,JOSHI,BUY,257.0,15,6783.449999999968
2022-04-12,KKHC,BUY,255.0,15,2958.449999999968
2022-04-12,MFIL,SELL,501.5,15,10480.949999999968
2022-04-12,MLBL,BUY,403.0,15,4435.949999999968
2022-04-12,NHPC,BUY,261.0,15,520.949999999968
2022-04-12,PCBL,SELL,294.9,15,4944.449999999968
2022-04-12,PROFL,BUY,308.0,15,324.449999999968
2022-04-18,AHPC,SELL,387.5,15,6136.949999999968
2022-04-18,AKJCL,BUY,236.0,15,2596.949999999968
2022-04-18,BARUN,SELL,404.0,33,15928.949999999968
2022-04-18,CZBIL,BUY,254.0,15,12118.949999999968
2022-04-18,DHPL,BUY,272.0,15,8038.949999999968
2022-04-18,EBL,BUY,506.0,15,448.949999999968
2022-04-18,HPPL,SELL,407.0,30,12658.949999999968
2022-04-18,HURJA,BUY,336.9,15,7605.449999999968
2022-04-18,ICFC,BUY,495.0,15,180.44999999996799
2022-04-18,JOSHI,SELL,240.0,30,7380.449999999968
2022-04-18,KKHC,BUY,243.9,15,3721.949999999968
2022-04-18,KSBBL,SELL,430.1,80,38129.94999999997
2022-04-18,LBBL,BUY,427.0,17,30870.949999999968
2022-04-18,LICN,BUY,1863.8,15,2913.949999999968
2022-04-18,NABIL,SELL,956.0,30,31593.949999999968
2022-04-18,NBB,BUY,400.0,15,25593.949999999968
2022-04-18,NHPC,BUY,243.0,21,20490.949999999968
2022-04-18,NICA,BUY,747.5,15,9278.449999999968
2022-04-18,NMB,BUY,293.5,15,4875.949999999968
2022-04-18,PCBL,BUY,294.2,15,462.949999999968
2022-04-18,PROFL,SELL,290.2,15,4815.949999999968
2022-04-18,SANIMA,BUY,315.0,15,90.94999999996799
2022-04-19,DHPL,SELL,248.0,15,3810.949999999968
2022-04-19,JOSHI,BUY,240.0,15,210.94999999996799
2022-04-20,AKJCL,SELL,223.0,15,3555.949999999968
2022-04-20,JOSHI,BUY,229.0,15,120.94999999996799
2022-04-20,KKHC,SELL,230.0,207,47730.94999999997
2022-04-20,KSBBL,BUY,413.0,23,38231.94999999997
2022-04-20,LBBL,BUY,419.0,18,30689.949999999968
2022-04-20,LICN,BUY,1819.0,15,3404.949999999968
2022-04-21,AKJCL,BUY,223.9,15,46.449999999967986
2022-04-21,HURJA,SELL,320.0,15,4846.449999999968
2022-04-21,JOSHI,BUY,229.0,15,1411.449999999968
2022-04-24,KSBBL,SELL,455.0,23,11876.449999999968
2022-04-24,LBBL,BUY,445.1,15,5199.949999999968
2022-04-24,MEGA,BUY,242.0,15,1569.949999999968
2022-04-27,NHPC,SELL,269.0,36,11253.949999999968
2022-04-27,NMB,BUY,294.2,15,6840.949999999968
2022-04-27,PCBL,BUY,297.5,15,2378.449999999968
2022-05-02,CIT,SELL,2791.0,30,86108.44999999997
2022-05-02,CZBIL,BUY,248.5,69,68961.94999999997
2022-05-02,DHPL,BUY,235.0,58,55331.94999999997
2022-05-02,EBL,BUY,501.9,22,44290.149999999965
2022-05-02,EDBL,BUY,394.0,22,35622.149999999965
2022-05-02,HPPL,BUY,401.0,17,28805.149999999965
2022-05-02,HURJA,BUY,310.0,18,23225.149999999965
2022-05-02,ICFC,BUY,476.0,15,16085.149999999965
2022-05-02,JBBL,BUY,355.0,15,10760.149999999965
2022-05-02,JOSHI,BUY,228.0,15,7340.149999999965
2022-05-02,KKHC,BUY,236.0,15,3800.149999999965
2022-05-02,MEGA,BUY,230.6,15,341.1499999999651
2022-05-04,HURJA,SELL,294.0,18,5633.149999999965
2022-05-04,JBBL,BUY,349.0,15,398.1499999999651
2022-05-04,LBBL,SELL,414.0,110,45938.149999999965
2022-05-04,LICN,BUY,1717.9,15,20169.649999999965
2022-05-04,MEGA,BUY,229.0,17,16276.649999999965
2022-05-04,MFIL,BUY,455.0,15,9451.649999999965
2022-05-04,MLBL,BUY,397.0,15,3496.649999999965
2022-05-05,AKJCL,BUY,217.0,15,241.64999999996508
2022-05-05,DHPL,SELL,220.0,58,13001.649999999965
2022-05-05,EBL,BUY,495.0,15,5576.649999999965
2022-05-05,HPPL,SELL,378.0,17,12002.649999999965
2022-05-05,HURJA,BUY,285.0,15,7727.649999999965
2022-05-05,ICFC,BUY,452.0,15,947.6499999999651
2022-05-05,JOSHI,SELL,211.0,60,13607.649999999965
2022-05-05,KKHC,BUY,227.0,15,10202.649999999965
2022-05-05,KSBBL,BUY,408.0,15,4082.649999999965
2022-05-05,MEGA,BUY,226.1,15,691.1499999999651
2022-05-05,PCBL,SELL,281.9,30,9148.149999999965
2022-05-05,PROFL,BUY,276.0,15,5008.149999999965
2022-05-05,SANIMA,BUY,301.0,15,493.1499999999651
2022-05-08,NMB,SELL,279.0,188,52945.149999999965
2022-05-08,PCBL,BUY,283.5,37,42455.649999999965
2022-05-08,PROFL,BUY,290.0,29,34045.649999999965
2022-05-08,RLI,BUY,448.8,15,27313.649999999965
2022-05-08,SANIMA,BUY,299.0,18,21931.649999999965
2022-05-09,ADBL,BUY,365.0,15,16456.649999999965
2022-05-09,AHPC,BUY,398.0,15,10486.649999999965
2022-05-09,AKJCL,BUY,227.0,15,7081.649999999965
2022-05-09,BARUN,BUY,407.0,15,976.6499999999651
2022-05-10,KKHC,SELL,254.0,30,8596.649999999965
2022-05-10,KSBBL,BUY,422.0,15,2266.649999999965
2022-05-11,AHPC,SELL,450.0,15,9016.649999999965
2022-05-11,AKJCL,BUY,254.1,15,5205.149999999965
2022-05-11,BARUN,SELL,492.4,15,12591.149999999965
2022-05-11,CZBIL,BUY,248.9,15,8857.649999999965
2022-05-11,DHPL,BUY,271.0,15,4792.649999999965
2022-05-11,HURJA,SELL,325.0,15,9667.649999999965
2022-05-11,ICFC,BUY,489.0,15,2332.649999999965
2022-05-11,MFIL,SELL,507.0,15,9937.649999999965
2022-05-11,MLBL,BUY,420.0,15,3637.649999999965
2022-05-12,MEGA,BUY,237.0,15,82.64999999996508
2022-05-17,AKJCL,SELL,232.0,60,14002.649999999965
2022-05-17,BARUN,BUY,468.0,15,6982.649999999965
2022-05-17,CZBIL,BUY,243.0,15,3337.649999999965
2022-05-17,DHPL,SELL,237.0,15,6892.649999999965
2022-05-17,EDBL,BUY,386.0,15,1102.649999999965
2022-05-17,LICN,SELL,1565.1,45,71532.14999999997
2022-05-17,MEGA,BUY,228.0,62,57396.149999999965
2022-05-17,MFIL,BUY,479.0,23,46379.149999999965
2022-05-17,MLBL,BUY,399.5,23,37190.649999999965
2022-05-17,NABIL,BUY,910.0,15,23540.649999999965
2022-05-17,NBB,BUY,400.0,15,17540.649999999965
2022-05-17,NHPC,BUY,271.0,15,13475.649999999965
2022-05-17,NICA,BUY,775.0,15,1850.649999999965
2022-05-17,RLI,SELL,424.0,15,8210.649999999965
2022-05-17,SANIMA,BUY,305.8,15,3623.649999999965
2022-05-18,AKJCL,BUY,239.0,15,38.649999999965075
2022-05-19,ICFC,SELL,462.0,60,27758.649999999965
2022-05-19,JBBL,BUY,346.1,16,22221.049999999967
2022-05-19,JOSHI,BUY,237.6,18,17944.249999999967
2022-05-19,KKHC,BUY,243.0,15,14299.249999999967
2022-05-19,KSBBL,BUY,405.0,15,8224.249999999967
2022-05-19,LBBL,BUY,401.1,15,2207.7499999999673
2022-05-23,JBBL,SELL,328.0,46,17295.749999999967
2022-05-23,JOSHI,BUY,224.0,15,13935.749999999967
2022-05-23,KKHC,BUY,238.0,15,10365.749999999967
2022-05-23,KSBBL,BUY,396.2,15,4422.749999999967
2022-05-23,MEGA,BUY,223.0,15,1077.7499999999673
2022-05-26,MEGA,SELL,247.5,154,39192.74999999997
2022-05-26,MFIL,BUY,469.9,16,31674.34999999997
2022-05-26,MLBL,BUY,395.0,16,25354.34999999997
2022-05-26,NABIL,BUY,898.6,15,11875.34999999997
2022-05-26,NBB,BUY,400.0,15,5875.349999999969
2022-05-26,NHPC,BUY,280.0,15,1675.3499999999694
2022-05-27,PROFL,SELL,275.0,44,13775.34999999997
2022-05-27,RLI,BUY,396.0,15,7835.349999999969
2022-05-27,SANIMA,BUY,299.0,15,3350.3499999999694
2022-05-30,AKJCL,SELL,226.0,15,6740.349999999969
2022-05-30,CZBIL,BUY,234.0,15,3230.3499999999694
2022-05-30,LBBL,SELL,374.6,15,8849.34999999997
2022-05-30,MEGA,BUY,242.0,15,5219.349999999969
2022-05-30,NHPC,BUY,263.5,15,1266.8499999999694
2022-05-31,KKHC,SELL,224.0,30,7986.849999999969
2022-05-31,KSBBL,BUY,374.1,15,2375.3499999999694
2022-05-31,MLBL,SELL,374.0,181,70069.34999999998
2022-05-31,NABIL,BUY,875.0,16,56069.34999999998
2022-05-31,NBB,BUY,400.0,28,44869.34999999998
2022-05-31,NHPC,BUY,259.0,34,36063.34999999998
2022-05-31,NICA,BUY,752.7,15,24772.849999999977
2022-05-31,NMB,BUY,272.0,18,19876.849999999977
2022-05-31,PCBL,BUY,274.0,15,15766.849999999977
2022-05-31,PROFL,BUY,255.8,15,11929.849999999977
2022-05-31,RLI,BUY,384.0,15,6169.849999999977
2022-05-31,SANIMA,BUY,292.9,15,1776.3499999999767
2022-06-01,MFIL,SELL,446.0,39,19170.349999999977
2022-06-01,MLBL,BUY,378.0,15,13500.349999999977
2022-06-01,NABIL,BUY,867.0,15,495.3499999999767
2022-06-03,ADBL,SELL,343.5,15,5647.849999999977
2022-06-03,AKJCL,BUY,219.0,15,2362.8499999999767
2022-06-03,EBL,SELL,462.6,82,40296.04999999998
2022-06-03,EDBL,BUY,366.0,22,32244.04999999998
2022-06-03,HPPL,BUY,355.0,18,25854.04999999998
2022-06-03,HURJA,BUY,263.0,19,20857.04999999998
2022-06-03,ICFC,BUY,423.9,15,14498.549999999981
2022-06-03,JBBL,BUY,315.0,15,9773.549999999981
2022-06-03,JOSHI,BUY,221.0,15,6458.549999999981
2022-06-03,KKHC,BUY,218.0,15,3188.549999999981
2022-06-06,CZBIL,SELL,221.0,243,56891.54999999998
2022-06-06,DHPL,BUY,220.0,51,45671.54999999998
2022-06-06,EBL,BUY,464.0,19,36855.54999999998
2022-06-06,EDBL,BUY,370.0,19,29825.54999999998
2022-06-06,HPPL,BUY,359.0,16,24081.54999999998
2022-06-06,HURJA,BUY,263.0,18,19347.54999999998
2022-06-06,ICFC,BUY,427.0,15,12942.549999999981
2022-06-06,JBBL,BUY,313.6,15,8238.549999999981
2022-06-06,JOSHI,BUY,220.1,15,4937.049999999981
2022-06-06,KKHC,BUY,215.6,15,1703.049999999981
2022-06-06,MEGA,SELL,229.0,15,5138.049999999981
2022-06-06,NHPC,BUY,263.0,15,1193.049999999981
2022-06-07,BARUN,SELL,439.9,15,7791.549999999981
2022-06-07,CZBIL,BUY,217.0,15,4536.549999999981
2022-06-07,DHPL,BUY,213.0,15,1341.549999999981
2022-06-07,NICA,SELL,708.9,90,65142.54999999998
2022-06-07,NMB,BUY,258.1,50,52237.54999999998
2022-06-07,PCBL,BUY,265.0,39,41902.54999999998
2022-06-07,PROFL,BUY,242.7,34,33650.749999999985
2022-06-07,RLI,BUY,363.0,18,27116.749999999985
2022-06-07,SANIMA,BUY,280.5,19,21787.249999999985
2022-06-08,ADBL,BUY,334.0,15,16777.249999999985
2022-06-08,AHPC,BUY,406.0,15,10687.249999999985
2022-06-08,AKJCL,BUY,224.0,15,7327.249999999985
2022-06-08,BARUN,BUY,474.0,15,217.24999999998545
2022-06-10,BARUN,SELL,450.0,15,6967.249999999985
2022-06-10,CZBIL,BUY,223.1,15,3620.7499999999854
2022-06-10,DHPL,BUY,222.0,15,290.74999999998545
2022-06-13,KSBBL,SELL,352.0,75,26690.749999999985
2022-06-13,LBBL,BUY,356.0,15,21350.749999999985
2022-06-13,LICN,BUY,1234.8,15,2828.7499999999854
2022-06-14,AHPC,SELL,385.0,15,8603.749999999985
2022-06-14,AKJCL,BUY,208.5,15,5476.249999999985
2022-06-14,CZBIL,BUY,218.0,15,2206.2499999999854
2022-06-14,HURJA,SELL,244.0,37,11234.249999999985
2022-06-14,ICFC,BUY,419.0,15,4949.249999999985
2022-06-14,JBBL,BUY,300.0,15,449.24999999998545
2022-06-14,MLBL,SELL,358.0,15,5819.249999999985
2022-06-14,NHPC,BUY,249.1,15,2082.7499999999854
2022-06-15,EDBL,SELL,347.0,93,34353.749999999985
2022-06-15,HPPL,BUY,340.0,20,27553.749999999985
2022-06-15,HURJA,BUY,236.5,23,22114.249999999985
2022-06-15,ICFC,BUY,415.0,15,15889.249999999985
2022-06-15,JBBL,BUY,292.3,15,11504.749999999985
2022-06-15,JOSHI,BUY,200.0,15,8504.749999999985
2022-06-15,KKHC,BUY,205.0,15,5429.749999999985
2022-06-15,KSBBL,BUY,336.0,15,389.74999999998545
2022-06-15,LICN,SELL,1110.0,15,17039.749999999985
2022-06-15,MEGA,BUY,226.0,15,13649.749999999985
2022-06-15,MFIL,BUY,417.0,15,7394.749999999985
2022-06-15,MLBL,BUY,352.0,15,2114.7499999999854
2022-06-15,PROFL,SELL,224.2,49,13100.549999999985
2022-06-15,RLI,BUY,353.0,15,7805.549999999985
2022-06-15,SANIMA,BUY,274.9,15,3682.0499999999847
2022-06-16,AKJCL,BUY,203.0,15,637.0499999999847
2022-06-17,NABIL,SELL,817.0,61,50474.04999999999
2022-06-17,NBB,BUY,400.0,25,40474.04999999999
2022-06-17,NHPC,BUY,241.0,33,32521.04999999999
2022-06-17,NICA,BUY,695.0,15,22096.04999999999
2022-06-17,NMB,BUY,267.0,16,17824.04999999999
2022-06-17,PCBL,BUY,260.0,15,13924.049999999988
2022-06-17,PROFL,BUY,226.0,15,10534.049999999988
2022-06-17,RLI,BUY,354.1,15,5222.549999999988
2022-06-17,SANIMA,BUY,275.0,15,1097.5499999999884
2022-06-19,DHPL,SELL,201.4,81,17410.94999999999
2022-06-19,EBL,BUY,439.0,15,10825.94999999999
2022-06-19,EDBL,BUY,349.8,15,5578.94999999999
2022-06-19,HPPL,BUY,310.1,15,927.4499999999898
2022-06-19,HURJA,SELL,220.0,23,5987.44999999999
2022-06-19,ICFC,BUY,399.0,15,2.4499999999898137
2022-06-19,LBBL,SELL,330.0,15,4952.44999999999
2022-06-19,MEGA,BUY,226.0,15,1562.4499999999898
2022-06-19,NHPC,SELL,227.0,142,33796.44999999999
2022-06-19,NICA,BUY,682.0,15,23566.44999999999
2022-06-19,NMB,BUY,262.9,17,19097.14999999999
2022-06-19,PCBL,BUY,252.8,15,15305.14999999999
2022-06-19,PROFL,BUY,216.5,15,12057.64999999999
2022-06-19,RLI,BUY,344.0,15,6897.6499999999905
2022-06-19,SANIMA,BUY,273.0,15,2802.6499999999905
2022-06-20,ADBL,SELL,310.6,15,7461.6499999999905
2022-06-20,AHPC,BUY,348.8,15,2229.6499999999905
2022-06-20,AKJCL,SELL,185.0,60,13329.64999999999
2022-06-20,BARUN,BUY,395.0,15,7404.6499999999905
2022-06-20,CZBIL,BUY,208.8,15,4272.6499999999905
2022-06-20,DHPL,BUY,185.0,15,1497.6499999999905
2022-06-20,EDBL,SELL,330.0,15,6447.6499999999905
2022-06-20,HPPL,BUY,294.0,15,2037.6499999999905
2022-06-20,JBBL,SELL,270.0,60,18237.64999999999
2022-06-20,JOSHI,BUY,185.0,19,14722.64999999999
2022-06-20,KKHC,BUY,188.0,15,11902.64999999999
2022-06-20,KSBBL,BUY,314.0,15,7192.6499999999905
2022-06-20,LBBL,BUY,315.0,15,2467.6499999999905
2022-06-20,MFIL,SELL,390.0,15,8317.64999999999
2022-06-20,MLBL,BUY,325.0,15,3442.6499999999905
2022-06-20,NHPC,BUY,221.0,15,127.64999999999054
2022-06-23,AHPC,SELL,329.9,15,5076.1499999999905
2022-06-23,AKJCL,BUY,174.5,15,2458.6499999999905
2022-06-23,ICFC,SELL,378.0,75,30808.64999999999
2022-06-23,JBBL,BUY,258.5,23,24863.14999999999
2022-06-23,JOSHI,BUY,171.0,29,19904.14999999999
2022-06-23,KKHC,BUY,180.0,22,15944.14999999999
2022-06-23,KSBBL,BUY,308.0,15,11324.14999999999
2022-06-23,LBBL,BUY,300.1,15,6822.6499999999905
2022-06-23,MEGA,BUY,226.0,15,3432.6499999999905
2022-06-23,NHPC,BUY,203.4,15,381.64999999999054
2022-06-23,PROFL,SELL,199.0,30,6351.6499999999905
2022-06-23,RLI,BUY,329.9,15,1403.1499999999905
2022-06-26,AKJCL,SELL,195.0,15,4328.1499999999905
2022-06-26,BARUN,SELL,446.0,15,11018.14999999999
2022-06-26,CZBIL,BUY,216.5,15,7770.6499999999905
2022-06-26,DHPL,BUY,198.3,15,4796.1499999999905
2022-06-26,HPPL,BUY,312.2,15,113.14999999999054
2022-06-26,JBBL,SELL,290.0,23,6783.1499999999905
2022-06-26,JOSHI,BUY,190.1,15,3931.6499999999905
2022-06-26,KKHC,BUY,201.7,15,906.1499999999905
2022-06-26,KSBBL,SELL,339.5,45,16183.64999999999
2022-06-26,LBBL,BUY,336.0,15,11143.64999999999
2022-06-26,MEGA,BUY,226.0,15,7753.6499999999905
2022-06-26,MFIL,BUY,411.0,15,1588.6499999999905
2022-06-28,LBBL,SELL,317.0,45,15853.64999999999
2022-06-28,MEGA,BUY,226.0,15,12463.64999999999
2022-06-28,MFIL,BUY,396.0,15,6523.6499999999905
2022-06-28,MLBL,BUY,341.0,15,1408.6499999999905
2022-06-30,NHPC,SELL,239.0,30,8578.64999999999
2022-06-30,NMB,BUY,262.0,15,4648.6499999999905
2022-06-30,PCBL,BUY,256.0,15,808.6499999999905
2022-06-30,RLI,SELL,363.6,108,40077.45
2022-06-30,SANIMA,BUY,279.4,28,32254.25
2022-07-01,ADBL,BUY,326.0,19,26060.25
2022-07-01,AHPC,BUY,365.0,15,20585.25
2022-07-01,AKJCL,BUY,201.0,20,16565.25
2022-07-01,BARUN,BUY,462.0,15,9635.25
2022-07-01,CZBIL,BUY,208.0,15,6515.25
2022-07-01,DHPL,BUY,210.0,15,3365.25
2022-07-01,JOSHI,BUY,205.0,15,290.25
2022-07-01,MFIL,SELL,441.0,30,13520.25
2022-07-01,MLBL,BUY,369.0,15,7985.25
2022-07-01,NBB,BUY,400.0,15,1985.25
2022-07-03,HPPL,SELL,347.6,99,36397.65
2022-07-03,HURJA,BUY,250.0,29,29147.65
2022-07-03,ICFC,BUY,468.1,15,22126.15
2022-07-03,JBBL,BUY,310.0,15,17476.15
2022-07-03,JOSHI,BUY,215.0,16,14036.150000000001
2022-07-03,KKHC,BUY,221.9,15,10707.650000000001
2022-07-03,KSBBL,BUY,369.0,15,5172.6500000000015
2022-07-03,MEGA,BUY,226.0,15,1782.6500000000015
2022-07-05,ICFC,SELL,437.2,15,8340.650000000001
2022-07-05,JBBL,BUY,297.0,15,3885.6500000000015
2022-07-05,JOSHI,BUY,203.0,15,840.6500000000015
2022-07-05,KKHC,SELL,209.1,112,24259.850000000002
2022-07-05,KSBBL,BUY,348.0,15,19039.850000000002
2022-07-05,LBBL,BUY,352.0,15,13759.850000000002
2022-07-05,MEGA,BUY,226.0,15,10369.850000000002
2022-07-05,MFIL,BUY,434.9,15,3846.350000000002
2022-07-05,NHPC,BUY,247.0,15,141.35000000000218
2022-07-08,HURJA,SELL,226.0,29,6695.350000000002
2022-07-08,ICFC,BUY,435.4,15,164.35000000000218
2022-07-08,LBBL,SELL,330.1,15,5115.850000000002
2022-07-08,MEGA,BUY,226.0,15,1725.8500000000022
2022-07-08,SANIMA,SELL,260.0,326,86485.85
2022-07-09,ADBL,BUY,323.0,53,69366.85
2022-07-09,AHPC,BUY,347.0,39,55833.850000000006
2022-07-09,AKJCL,BUY,200.0,55,44833.850000000006
2022-07-09,BARUN,BUY,441.0,20,36013.850000000006
2022-07-09,CZBIL,BUY,202.0,35,28943.850000000006
2022-07-09,DHPL,BUY,207.2,27,23349.450000000004
2022-07-09,EBL,BUY,434.0,15,16839.450000000004
2022-07-09,EDBL,BUY,357.0,15,11484.450000000004
2022-07-09,HPPL,BUY,329.0,15,6549.450000000004
2022-07-09,HURJA,BUY,226.0,15,3159.4500000000044
2022-07-09,JOSHI,BUY,203.0,15,114.45000000000437
2022-07-11,AKJCL,SELL,189.0,75,14289.450000000004
2022-07-11,BARUN,BUY,412.0,15,8109.450000000004
2022-07-11,CZBIL,BUY,198.0,15,5139.450000000004
2022-07-11,DHPL,BUY,192.5,15,2251.9500000000044
2022-07-11,HPPL,SELL,299.1,15,6738.450000000004
2022-07-11,HURJA,BUY,217.9,15,3469.9500000000044
2022-07-11,ICFC,SELL,413.0,15,9664.950000000004
2022-07-11,JBBL,BUY,277.0,15,5509.950000000004
2022-07-11,JOSHI,BUY,191.9,15,2631.4500000000044
2022-07-11,KSBBL,SELL,327.9,30,12468.450000000004
2022-07-11,LBBL,BUY,314.9,15,7744.950000000004
2022-07-11,MEGA,BUY,226.0,15,4354.950000000004
2022-07-11,MFIL,SELL,406.0,15,10444.950000000004
2022-07-11,MLBL,BUY,335.0,15,5419.950000000004
2022-07-11,NHPC,BUY,220.0,15,2119.9500000000044
2022-07-11,NMB,SELL,247.0,116,30771.950000000004
2022-07-11,PCBL,BUY,245.0,25,24646.950000000004
2022-07-11,PROFL,BUY,216.0,22,19894.950000000004
2022-07-11,RLI,BUY,335.0,15,14869.950000000004
2022-07-11,SANIMA,BUY,253.0,15,11074.950000000004
2022-07-12,ADBL,BUY,310.0,15,6424.950000000004
2022-07-12,AHPC,BUY,341.0,15,1309.9500000000044
2022-07-12,EDBL,SELL,324.0,15,6169.950000000004
2022-07-12,HPPL,BUY,302.0,15,1639.9500000000044
2022-07-13,JBBL,SELL,304.9,45,15360.450000000003
2022-07-13,JOSHI,BUY,208.0,15,12240.450000000003
2022-07-13,KKHC,BUY,212.0,15,9060.450000000003
2022-07-13,KSBBL,BUY,343.0,15,3915.4500000000025
2022-07-13,MEGA,BUY,226.0,15,525.4500000000025
2022-07-13,NHPC,SELL,245.0,30,7875.450000000003
2022-07-13,NMB,BUY,258.0,15,4005.4500000000025
2022-07-13,PCBL,BUY,241.0,15,390.45000000000255
2022-07-13,PROFL,SELL,242.0,22,5714.450000000003
2022-07-13,RLI,BUY,335.0,15,689.4500000000025
2022-07-14,MLBL,SELL,374.0,75,28739.450000000004
2022-07-14,NABIL,BUY,817.0,15,16484.450000000004
2022-07-14,NBB,BUY,400.0,15,10484.450000000004
2022-07-14,NHPC,BUY,246.0,15,6794.450000000004
2022-07-14,NMB,BUY,258.0,15,2924.4500000000044
2022-07-18,BARUN,SELL,298.6,50,17854.450000000004
2022-07-18,CZBIL,BUY,206.0,17,14352.450000000004
2022-07-18,DHPL,BUY,203.0,15,11307.450000000004
2022-07-18,EBL,BUY,445.0,15,4632.450000000004
2022-07-18,HURJA,BUY,236.6,15,1083.4500000000044
2022-07-19,LBBL,SELL,346.9,15,6286.950000000004
2022-07-19,MEGA,BUY,226.0,15,2896.9500000000044
2022-07-22,NHPC,SELL,232.0,15,6376.950000000004
2022-07-22,NMB,BUY,258.6,15,2497.950000000004
2022-07-24,HPPL,SELL,338.0,15,7567.950000000004
2022-07-24,HURJA,BUY,240.6,15,3958.9500000000044
2022-07-24,JOSHI,BUY,208.0,15,838.9500000000044
2022-07-25,DHPL,SELL,227.4,102,24033.750000000004
2022-07-25,EBL,BUY,488.0,15,16713.750000000004
2022-07-25,EDBL,BUY,376.0,15,11073.750000000004
2022-07-25,HPPL,BUY,354.9,15,5750.250000000004
2022-07-25,HURJA,BUY,262.0,15,1820.2500000000036
2022-07-25,KKHC,SELL,234.9,15,5343.750000000004
2022-07-25,KSBBL,SELL,392.0,15,11223.750000000004
2022-07-25,LBBL,BUY,383.3,15,5474.250000000004
2022-07-25,MEGA,BUY,226.0,15,2084.2500000000036
2022-07-27,AHPC,SELL,381.0,69,28373.250000000004
2022-07-27,AKJCL,BUY,220.0,25,22873.250000000004
2022-07-27,BARUN,BUY,304.0,15,18313.250000000004
2022-07-27,CZBIL,BUY,204.2,17,14841.850000000004
2022-07-27,DHPL,BUY,228.0,15,11421.850000000004
2022-07-27,EBL,BUY,480.0,15,4221.850000000004
2022-07-27,HURJA,BUY,274.0,15,111.850000000004
2022-07-28,HPPL,SELL,393.0,15,6006.850000000004
2022-07-28,HURJA,BUY,274.9,15,1883.350000000004
2022-07-28,JOSHI,SELL,234.0,247,59681.350000000006
2022-07-28,KKHC,BUY,231.0,51,47900.350000000006
2022-07-28,KSBBL,BUY,390.0,24,38540.350000000006
2022-07-28,LBBL,BUY,395.0,19,31035.350000000006
2022-07-28,LICN,BUY,1509.0,15,8400.350000000006
2022-07-28,MEGA,BUY,226.0,15,5010.350000000006
2022-07-28,NHPC,BUY,282.0,15,780.3500000000058
2022-07-29,EDBL,SELL,426.0,15,7170.350000000006
2022-07-29,HPPL,BUY,396.0,15,1230.3500000000058
2022-08-01,LBBL,SELL,440.0,34,16190.350000000006
2022-08-01,MEGA,BUY,226.0,15,12800.350000000006
2022-08-01,MFIL,BUY,510.0,15,5150.350000000006
2022-08-01,NHPC,BUY,271.5,15,1077.8500000000058
2022-08-01,SANIMA,SELL,279.0,15,5262.850000000006
2022-08-02,ADBL,BUY,335.0,15,237.85000000000582
2022-08-05,MFIL,SELL,467.0,15,7242.850000000006
2022-08-05,MLBL,BUY,405.1,15,1166.3500000000058
2022-08-09,BARUN,SELL,282.9,15,5409.850000000006
2022-08-09,CZBIL,BUY,200.5,15,2402.350000000006
2022-08-09,KSBBL,SELL,354.1,24,10900.750000000007
2022-08-09,LBBL,BUY,398.0,15,4930.750000000007
2022-08-09,MEGA,BUY,226.0,15,1540.7500000000073
2022-08-10,LICN,SELL,1427.0,15,22945.750000000007
2022-08-10,MEGA,BUY,226.0,20,18425.750000000007
2022-08-10,MFIL,BUY,445.0,15,11750.750000000007
2022-08-10,MLBL,BUY,395.0,15,5825.750000000007
2022-08-10,NHPC,BUY,262.0,15,1895.7500000000073
2022-08-11,DHPL,SELL,214.0,15,5105.750000000007
2022-08-11,HURJA,BUY,264.0,15,1145.7500000000073
2022-08-14,ADBL,SELL,317.1,102,33489.95000000001
2022-08-14,AHPC,BUY,345.0,19,26934.95000000001
2022-08-14,AKJCL,BUY,208.5,25,21722.45000000001
2022-08-14,BARUN,BUY,277.0,15,17567.45000000001
2022-08-14,CZBIL,BUY,199.7,17,14172.550000000012
2022-08-14,DHPL,BUY,203.2,15,11124.550000000012
2022-08-14,EBL,BUY,496.2,15,3681.550000000012
2022-08-14,JOSHI,BUY,222.0,15,351.550000000012
2022-08-14,KKHC,SELL,215.0,51,11316.550000000012
2022-08-14,KSBBL,BUY,338.0,15,6246.550000000012
2022-08-14,LBBL,BUY,379.0,15,561.550000000012
2022-08-14,NHPC,SELL,246.0,45,11631.550000000012
2022-08-14,NICA,BUY,660.5,15,1724.050000000012
2022-08-21,HPPL,SELL,373.7,15,7329.550000000012
2022-08-21,HURJA,BUY,269.9,15,3281.0500000000125
2022-08-22,CZBIL,BUY,201.9,15,252.55000000001246
2022-08-26,HURJA,SELL,252.3,135,34313.05000000001
2022-08-26,ICFC,BUY,503.0,15,26768.05000000001
2022-08-26,JBBL,BUY,300.0,17,21668.05000000001
2022-08-26,JOSHI,BUY,216.0,20,17348.05000000001
2022-08-26,KKHC,BUY,218.0,15,14078.05000000001
2022-08-26,KSBBL,BUY,347.0,15,8873.05000000001
2022-08-26,LBBL,BUY,390.0,15,3023.05000000001
2022-08-27,CZBIL,BUY,199.8,15,26.050000000010186
2022-08-28,MFIL,SELL,411.0,15,6191.05000000001
2022-08-28,MLBL,BUY,376.0,15,551.0500000000102
2022-08-30,BARUN,SELL,259.0,15,4436.05000000001
2022-08-30,CZBIL,BUY,198.1,15,1464.5500000000102
2022-08-31,ICFC,SELL,476.2,15,8607.55000000001
2022-08-31,JBBL,BUY,286.0,15,4317.55000000001
2022-08-31,JOSHI,BUY,203.0,15,1272.5500000000102
2022-08-31,KKHC,SELL,204.1,15,4334.05000000001
2022-08-31,MEGA,BUY,226.0,15,944.0500000000102
2022-09-02,NMB,SELL,244.0,45,11924.05000000001
2022-09-02,PCBL,BUY,232.0,15,8444.05000000001
2022-09-02,PROFL,BUY,292.1,15,4062.55000000001
2022-09-02,SANIMA,BUY,254.0,15,252.5500000000102
2022-09-04,JOSHI,SELL,223.8,50,11442.55000000001
2022-09-04,KKHC,BUY,208.0,15,8322.55000000001
2022-09-04,KSBBL,BUY,339.0,15,3237.55000000001
2022-09-05,AKJCL,BUY,203.0,15,192.5500000000102
2022-09-05,NABIL,SELL,776.1,15,11834.05000000001
2022-09-05,NBB,BUY,400.0,15,5834.05000000001
2022-09-05,NHPC,BUY,235.0,15,2309.05000000001
2022-09-07,AHPC,SELL,325.3,19,8489.750000000011
2022-09-07,AKJCL,BUY,198.0,15,5519.750000000011
2022-09-07,BARUN,BUY,244.0,15,1859.750000000011
2022-09-07,LBBL,SELL,369.0,45,18464.75000000001
2022-09-07,MEGA,BUY,226.0,16,14848.750000000011
2022-09-07,MFIL,BUY,394.0,15,8938.750000000011
2022-09-07,MLBL,BUY,363.0,15,3493.750000000011
2022-09-07,NHPC,BUY,222.0,15,163.7500000000109
2022-09-12,DHPL,SELL,189.7,15,3009.250000000011
2022-09-12,KKHC,BUY,197.2,15,51.250000000010914
2022-09-12,NICA,SELL,627.1,45,28270.75000000001
2022-09-12,NMB,BUY,237.0,23,22819.75000000001
2022-09-12,PCBL,BUY,227.0,20,18279.75000000001
2022-09-12,PROFL,BUY,278.0,15,14109.750000000011
2022-09-12,RLI,BUY,335.0,15,9084.750000000011
2022-09-12,SANIMA,BUY,253.0,15,5289.750000000011
2022-09-13,ADBL,BUY,316.2,15,546.7500000000109
2022-09-18,AKJCL,SELL,184.9,80,15338.750000000011
2022-09-18,BARUN,BUY,232.0,15,11858.750000000011
2022-09-18,CZBIL,BUY,191.0,15,8993.750000000011
2022-09-18,DHPL,BUY,183.0,15,6248.750000000011
2022-09-18,EDBL,BUY,314.0,15,1538.750000000011
2022-09-18,KSBBL,SELL,314.0,45,15668.750000000011
2022-09-18,LBBL,BUY,360.2,15,10265.750000000011
2022-09-18,MEGA,BUY,226.0,15,6875.750000000011
2022-09-18,MFIL,BUY,384.0,15,1115.750000000011
2022-09-18,NHPC,SELL,204.0,30,7235.750000000011
2022-09-18,NMB,BUY,235.4,15,3704.750000000011
2022-09-18,PCBL,BUY,222.0,15,374.7500000000109
2022-09-20,BARUN,SELL,213.0,30,6764.750000000011
2022-09-20,CZBIL,BUY,188.6,15,3935.750000000011
2022-09-20,DHPL,BUY,177.0,15,1280.750000000011
2022-09-20,EDBL,SELL,297.3,15,5740.250000000011
2022-09-20,HPPL,BUY,302.0,15,1210.250000000011
2022-09-20,JBBL,SELL,266.9,32,9751.05000000001
2022-09-20,JOSHI,BUY,184.0,15,6991.05000000001
2022-09-20,KKHC,BUY,181.9,15,4262.55000000001
2022-09-20,MEGA,BUY,226.0,15,872.5500000000102
2022-09-20,MLBL,SELL,335.0,60,20972.55000000001
2022-09-20,NABIL,BUY,749.5,15,9730.05000000001
2022-09-20,NBB,BUY,400.0,15,3730.05000000001
2022-09-20,NHPC,BUY,196.0,15,790.0500000000102
2022-09-22,PROFL,SELL,262.0,30,8650.05000000001
2022-09-22,RLI,BUY,335.0,15,3625.05000000001
2022-09-23,AKJCL,BUY,177.0,15,970.0500000000102
2022-09-25,KKHC,SELL,168.0,45,8530.05000000001
2022-09-25,KSBBL,BUY,301.0,15,4015.05000000001
2022-09-25,MEGA,BUY,226.0,15,625.0500000000102
2022-09-25,SANIMA,SELL,240.0,30,7825.05000000001
2022-09-26,ADBL,BUY,304.0,15,3265.05000000001
2022-09-26,AKJCL,BUY,170.0,15,715.0500000000102
2022-09-28,LBBL,SELL,341.0,15,5830.05000000001
2022-09-28,MEGA,BUY,226.0,15,2440.05000000001
2022-10-17,DHPL,SELL,168.1,30,7483.05000000001
2022-10-17,EDBL,BUY,310.0,15,2833.05000000001
2022-10-17,JOSHI,BUY,179.9,15,134.5500000000102
2022-10-19,NHPC,SELL,184.5,15,2902.05000000001
2022-10-20,AKJCL,BUY,165.0,15,427.0500000000102
2022-10-20,HPPL,SELL,279.2,15,4615.05000000001
2022-10-20,HURJA,BUY,200.0,15,1615.0500000000102
2022-11-01,NABIL,SELL,835.0,15,14140.05000000001
2022-11-01,NBB,BUY,400.0,15,8140.05000000001
2022-11-01,NHPC,BUY,197.8,15,5173.05000000001
2022-11-01,NMB,BUY,249.0,15,1438.0500000000102
2022-11-03,MFIL,SELL,423.1,30,14131.05000000001
2022-11-03,MLBL,BUY,356.0,15,8791.05000000001
2022-11-03,NBB,BUY,400.0,15,2791.05000000001
2022-11-04,AKJCL,BUY,176.0,15,151.0500000000102
2022-11-06,HURJA,SELL,220.3,15,3455.55000000001
2022-11-06,JOSHI,BUY,202.0,15,425.5500000000102
2022-11-09,JOSHI,SELL,185.5,45,8773.05000000001
2022-11-09,KKHC,BUY,178.9,15,6089.55000000001
2022-11-09,KSBBL,BUY,303.8,15,1532.5500000000102
2022-11-13,AKJCL,SELL,165.0,60,11432.55000000001
2022-11-13,BARUN,BUY,204.9,15,8359.05000000001
2022-11-13,CZBIL,BUY,183.5,15,5606.55000000001
2022-11-13,DHPL,BUY,169.0,15,3071.55000000001
2022-11-13,HURJA,BUY,204.0,15,11.550000000010186
2022-11-13,NHPC,SELL,187.0,15,2816.55000000001
2022-11-13,NMB,SELL,236.1,53,15329.85000000001
2022-11-13,PCBL,BUY,227.9,15,11911.35000000001
2022-11-13,PROFL,BUY,263.0,15,7966.3500000000095
2022-11-13,RLI,BUY,335.0,15,2941.3500000000095
2022-11-14,AKJCL,BUY,171.0,15,376.35000000000946
2022-11-27,PROFL,SELL,305.0,15,4951.3500000000095
2022-11-27,SANIMA,BUY,267.5,15,938.8500000000095
2022-11-29,EBL,SELL,471.0,109,52277.850000000006
2022-11-29,EDBL,BUY,308.5,33,42097.350000000006
2022-11-29,HPPL,BUY,258.1,32,33838.15000000001
2022-11-29,HURJA,BUY,213.9,31,27207.250000000007
2022-11-29,ICFC,BUY,455.0,15,20382.250000000007
2022-11-29,JBBL,BUY,292.9,15,15988.750000000007
2022-11-29,JOSHI,BUY,197.0,16,12836.750000000007
2022-11-29,KKHC,BUY,193.0,15,9941.750000000007
2022-11-29,KSBBL,BUY,316.3,15,5197.250000000007
2022-11-29,LBBL,BUY,342.4,15,61.250000000007276
2022-11-30,MEGA,SELL,212.8,336,71562.05000000002
2022-11-30,MFIL,BUY,440.0,32,57482.05000000002
2022-11-30,MLBL,BUY,356.0,32,46090.05000000002
2022-11-30,NABIL,BUY,882.0,15,32860.05000000002
2022-11-30,NBB,BUY,400.0,16,26460.050000000017
2022-11-30,NHPC,BUY,208.5,25,21247.550000000017
2022-11-30,NICA,BUY,697.0,15,10792.550000000017
2022-11-30,NMB,BUY,253.9,15,6984.0500000000175
2022-11-30,PCBL,BUY,227.7,15,3568.5500000000175
2022-12-01,AKJCL,BUY,177.8,15,901.5500000000175
2022-12-05,JOSHI,SELL,185.0,16,3861.5500000000175
2022-12-05,KKHC,BUY,184.0,15,1101.5500000000175
2022-12-05,SANIMA,SELL,242.0,15,4731.5500000000175
2022-12-06,ADBL,BUY,311.7,15,56.05000000001746
2022-12-06,ICFC,SELL,430.0,15,6506.0500000000175
2022-12-06,JBBL,BUY,282.0,15,2276.0500000000175
2022-12-06,LBBL,SELL,325.1,15,7152.5500000000175
2022-12-06,MEGA,BUY,214.4,15,3936.5500000000175
2022-12-06,NHPC,BUY,202.0,15,906.5500000000175
2022-12-06,NMB,SELL,236.7,15,4457.0500000000175
2022-12-06,PCBL,BUY,227.9,15,1038.5500000000175
2022-12-07,HURJA,SELL,203.0,46,10376.550000000017
2022-12-07,ICFC,BUY,424.0,15,4016.5500000000175
2022-12-07,JOSHI,BUY,183.5,15,1264.0500000000175
2022-12-11,HPPL,SELL,242.3,32,9017.650000000018
2022-12-11,HURJA,BUY,197.0,15,6062.650000000018
2022-12-11,JBBL,BUY,271.1,15,1996.1500000000174
2022-12-11,KKHC,SELL,174.5,45,9848.650000000018
2022-12-11,KSBBL,BUY,302.9,15,5305.150000000018
2022-12-11,LBBL,BUY,315.5,15,572.6500000000178
2022-12-11,MEGA,SELL,196.3,15,3517.150000000018
2022-12-11,MFIL,SELL,411.1,32,16672.35000000002
2022-12-11,MLBL,BUY,335.0,15,11647.35000000002
2022-12-11,NBB,BUY,400.0,15,5647.35000000002
2022-12-11,NHPC,BUY,197.0,15,2692.3500000000204
2022-12-12,AKJCL,BUY,172.0,15,112.35000000002037
2022-12-12,NABIL,SELL,815.0,15,12337.35000000002
2022-12-12,NBB,BUY,400.0,15,6337.35000000002
2022-12-12,NHPC,BUY,202.0,15,3307.3500000000204
2022-12-13,AKJCL,BUY,171.0,15,742.3500000000204
2022-12-18,BARUN,SELL,193.0,15,3637.3500000000204
2022-12-18,CZBIL,BUY,178.5,15,959.8500000000204
2022-12-18,MLBL,SELL,311.9,62,20297.65000000002
2022-12-18,NABIL,BUY,794.0,15,8387.65000000002
2022-12-18,NBB,BUY,400.0,15,2387.6500000000196
2022-12-18,NHPC,SELL,190.0,70,15687.65000000002
2022-12-18,NICA,BUY,665.0,15,5712.65000000002
2022-12-18,NMB,BUY,229.9,15,2264.1500000000196
2022-12-18,PCBL,SELL,213.8,271,60203.950000000026
2022-12-18,PROFL,BUY,277.0,43,48292.950000000026
2022-12-18,RLI,BUY,314.0,30,38872.950000000026
2022-12-18,SANIMA,BUY,223.0,34,31290.950000000026
2022-12-19,ADBL,BUY,307.0,20,25150.950000000026
2022-12-19,AHPC,BUY,254.0,19,20324.950000000026
2022-12-19,AKJCL,BUY,165.0,24,16364.950000000026
2022-12-19,BARUN,BUY,194.9,16,13246.550000000027
2022-12-19,CZBIL,BUY,178.0,15,10576.550000000027
2022-12-19,DHPL,BUY,169.6,15,8032.550000000027
2022-12-19,EBL,BUY,430.0,15,1582.5500000000266
2022-12-22,ICFC,SELL,402.0,15,7612.550000000027
2022-12-22,JBBL,BUY,266.9,15,3609.050000000027
2022-12-22,JOSHI,BUY,181.0,15,894.050000000027
2022-12-27,AHPC,SELL,284.9,19,6307.150000000027
2022-12-27,AKJCL,BUY,187.0,15,3502.150000000027
2022-12-27,BARUN,BUY,216.8,15,250.15000000002692
2022-12-27,DHPL,SELL,195.0,30,6100.150000000027
2022-12-27,EBL,SELL,476.9,15,13253.650000000027
2022-12-27,EDBL,BUY,322.0,15,8423.650000000027
2022-12-27,HPPL,BUY,260.0,15,4523.650000000027
2022-12-27,HURJA,BUY,215.0,15,1298.650000000027
2022-12-27,JBBL,SELL,295.0,60,18998.650000000027
2022-12-27,JOSHI,BUY,196.0,19,15274.650000000027
2022-12-27,KKHC,BUY,198.6,15,12295.650000000027
2022-12-27,KSBBL,BUY,312.0,15,7615.650000000027
2022-12-27,LBBL,BUY,347.0,15,2410.650000000027
2022-12-27,RLI,SELL,352.0,105,39370.65000000002
2022-12-27,SANIMA,BUY,237.0,33,31549.650000000023
2022-12-28,ADBL,BUY,322.4,19,25424.050000000025
2022-12-28,AHPC,BUY,285.0,17,20579.050000000025
2022-12-28,AKJCL,BUY,185.0,22,16509.050000000025
2022-12-28,BARUN,BUY,210.0,15,13359.050000000025
2022-12-28,CZBIL,BUY,186.0,15,10569.050000000025
2022-12-28,DHPL,BUY,194.0,15,7659.050000000025
2022-12-28,EBL,BUY,471.0,15,594.0500000000247
2022-12-28,PROFL,SELL,305.0,43,13709.050000000025
2022-12-28,RLI,BUY,364.0,15,8249.050000000025
2022-12-28,SANIMA,BUY,235.2,15,4721.050000000025
2022-12-29,AHPC,BUY,299.0,15,236.05000000002474
2023-01-01,HURJA,SELL,241.0,30,7466.050000000025
2023-01-01,ICFC,BUY,450.0,15,716.0500000000247
2023-01-01,NICA,SELL,738.0,30,22856.050000000025
2023-01-01,NMB,BUY,233.3,19,18423.350000000024
2023-01-01,PCBL,BUY,223.4,16,14848.950000000024
2023-01-01,PROFL,BUY,320.0,15,10048.950000000024
2023-01-01,RLI,BUY,420.9,15,3735.4500000000244
2023-01-01,SANIMA,BUY,239.0,15,150.45000000002437
2023-01-02,HPPL,SELL,287.9,15,4468.950000000024
2023-01-02,HURJA,BUY,250.9,15,705.4500000000244
2023-01-02,NABIL,SELL,739.0,15,11790.450000000024
2023-01-02,NBB,BUY,400.0,15,5790.450000000024
2023-01-02,NHPC,BUY,243.0,15,2145.4500000000244
2023-01-04,AKJCL,SELL,209.0,121,27434.450000000026
2023-01-04,BARUN,BUY,238.0,23,21960.450000000026
2023-01-04,CZBIL,BUY,196.9,22,17628.650000000027
2023-01-04,DHPL,BUY,217.0,16,14156.650000000027
2023-01-04,EBL,BUY,520.0,15,6356.650000000027
2023-01-04,EDBL,BUY,344.0,15,1196.650000000027
2023-01-05,HURJA,SELL,284.7,15,5467.150000000027
2023-01-05,JBBL,BUY,316.0,15,727.1500000000269
2023-01-05,KKHC,SELL,223.0,15,4072.150000000027
2023-01-05,MEGA,BUY,205.9,15,983.6500000000269
2023-01-08,JOSHI,SELL,219.0,49,11714.650000000027
2023-01-08,KKHC,BUY,229.0,15,8279.650000000027
2023-01-08,KSBBL,BUY,343.1,15,3133.150000000027
2023-01-08,MEGA,BUY,206.9,15,29.65000000002692
2023-01-08,PROFL,SELL,360.0,15,5429.650000000027
2023-01-08,SANIMA,BUY,245.1,15,1753.150000000027
2023-01-09,AHPC,SELL,346.7,32,12847.550000000027
2023-01-09,AKJCL,BUY,237.0,15,9292.550000000027
2023-01-09,BARUN,BUY,272.8,15,5200.550000000027
2023-01-09,CZBIL,BUY,204.5,15,2133.0500000000266
2023-01-09,ICFC,SELL,505.0,15,9708.050000000027
2023-01-09,JBBL,BUY,324.5,15,4840.550000000027
2023-01-09,JOSHI,BUY,240.9,15,1227.0500000000266
2023-01-09,RLI,SELL,476.8,30,15531.050000000027
2023-01-09,SANIMA,BUY,257.0,15,11676.050000000027
2023-01-10,ADBL,BUY,340.0,15,6576.050000000027
2023-01-10,AHPC,BUY,340.0,15,1476.0500000000266
2023-01-10,DHPL,SELL,247.0,31,9133.050000000027
2023-01-10,EBL,BUY,519.0,15,1348.0500000000266
2023-01-10,KKHC,SELL,268.3,15,5372.550000000027
2023-01-10,KSBBL,BUY,358.0,15,2.5500000000265572
2023-01-18,LBBL,SELL,382.0,30,11462.550000000027
2023-01-18,MEGA,BUY,219.0,15,8177.550000000027
2023-01-18,MFIL,BUY,464.0,15,1217.5500000000266
2023-01-18,NHPC,SELL,283.0,15,5462.550000000027
2023-01-18,NMB,BUY,242.0,15,1832.5500000000266
2023-01-23,ADBL,SELL,312.1,99,32730.450000000026
2023-01-23,AHPC,BUY,343.0,19,26213.450000000026
2023-01-23,AKJCL,BUY,233.0,22,21087.450000000026
2023-01-23,BARUN,BUY,269.8,15,17040.450000000026
2023-01-23,CZBIL,BUY,201.0,16,13824.450000000026
2023-01-23,DHPL,BUY,237.2,15,10266.450000000026
2023-01-23,EBL,BUY,538.0,15,2196.450000000026
2023-01-23,JBBL,SELL,308.0,30,11436.450000000026
2023-01-23,JOSHI,BUY,246.0,15,7746.450000000026
2023-01-23,KKHC,BUY,257.0,15,3891.450000000026
2023-01-23,MEGA,BUY,219.0,15,606.4500000000262
2023-01-26,KSBBL,SELL,339.0,105,36201.450000000026
2023-01-26,LBBL,BUY,376.9,19,29040.350000000028
2023-01-26,LICN,BUY,1549.0,15,5805.350000000028
2023-01-26,MEGA,BUY,219.0,15,2520.3500000000276
2023-01-30,EBL,SELL,505.1,60,32826.35000000003
2023-01-30,EDBL,BUY,339.0,19,26385.350000000028
2023-01-30,HPPL,BUY,340.5,15,21277.850000000028
2023-01-30,HURJA,BUY,393.0,15,15382.850000000028
2023-01-30,ICFC,BUY,465.0,15,8407.850000000028
2023-01-30,JBBL,BUY,297.0,15,3952.8500000000276
2023-01-30,KKHC,BUY,250.1,15,201.35000000002765
2023-01-31,LBBL,SELL,354.0,19,6927.350000000028
2023-01-31,MEGA,BUY,219.0,15,3642.3500000000276
2023-01-31,NMB,BUY,234.1,15,130.85000000002765
2023-02-01,AHPC,SELL,302.0,34,10398.850000000028
2023-02-01,AKJCL,BUY,242.0,15,6768.850000000028
2023-02-01,BARUN,BUY,260.0,15,2868.8500000000276
2023-02-01,CZBIL,BUY,190.5,15,11.350000000027649
2023-02-02,HURJA,SELL,373.0,15,5606.350000000028
2023-02-02,JBBL,BUY,299.0,15,1121.3500000000276
2023-02-06,LICN,SELL,1470.0,15,23171.350000000028
2023-02-06,MEGA,BUY,219.0,21,18572.350000000028
2023-02-06,MFIL,BUY,461.0,15,11657.350000000028
2023-02-06,MLBL,BUY,333.0,15,6662.350000000028
2023-02-06,NBB,BUY,400.0,15,662.3500000000276
2023-02-07,JOSHI,SELL,293.5,30,9467.350000000028
2023-02-07,KKHC,BUY,267.3,15,5457.850000000028
2023-02-07,KSBBL,BUY,343.0,15,312.85000000002765
2023-02-14,HPPL,SELL,320.0,15,5112.850000000028
2023-02-14,JBBL,BUY,292.0,15,732.8500000000276
2023-02-14,KKHC,SELL,252.0,45,12072.850000000028
2023-02-14,KSBBL,BUY,326.0,15,7182.850000000028
2023-02-14,LBBL,BUY,358.9,15,1799.3500000000276
2023-02-15,PCBL,SELL,211.4,16,5181.750000000027
2023-02-15,SANIMA,BUY,245.6,15,1497.7500000000273
2023-02-16,AKJCL,SELL,229.0,52,13405.750000000027
2023-02-16,BARUN,BUY,261.0,15,9490.750000000027
2023-02-16,CZBIL,BUY,186.0,15,6700.750000000027
2023-02-16,DHPL,BUY,228.0,15,3280.7500000000273
2023-02-16,PCBL,BUY,209.9,15,132.25000000002728
2023-02-20,SANIMA,SELL,230.0,142,32792.25000000003
2023-02-21,ADBL,BUY,293.0,22,26346.25000000003
2023-02-21,AHPC,BUY,302.0,17,21212.25000000003
2023-02-21,AKJCL,BUY,229.2,18,17086.65000000003
2023-02-21,BARUN,BUY,258.0,15,13216.65000000003
2023-02-21,CZBIL,BUY,186.0,15,10426.65000000003
2023-02-21,DHPL,BUY,225.0,15,7051.650000000031
2023-02-21,EDBL,BUY,342.0,15,1921.6500000000306
2023-02-28,JBBL,SELL,275.0,45,14296.65000000003
2023-02-28,JOSHI,BUY,275.0,15,10171.65000000003
2023-02-28,KKHC,BUY,253.0,15,6376.650000000031
2023-02-28,KSBBL,BUY,320.0,15,1576.6500000000306
2023-03-01,ICFC,SELL,439.9,15,8175.150000000031
2023-03-01,JBBL,BUY,272.5,15,4087.6500000000306
2023-03-01,KKHC,BUY,248.5,15,360.15000000003056
2023-03-01,LBBL,SELL,336.0,15,5400.150000000031
2023-03-01,MEGA,BUY,219.0,15,2115.1500000000306
2023-03-01,MLBL,SELL,316.0,15,6855.150000000031
2023-03-01,NBB,BUY,400.0,15,855.1500000000306
2023-03-05,EDBL,SELL,322.9,112,37019.950000000026
2023-03-05,HPPL,BUY,295.0,25,29644.950000000026
2023-03-05,HURJA,BUY,357.0,16,23932.950000000026
2023-03-05,ICFC,BUY,420.2,15,17629.950000000026
2023-03-05,JBBL,BUY,270.0,15,13579.950000000026
2023-03-05,JOSHI,BUY,250.2,15,9826.950000000026
2023-03-05,KKHC,BUY,240.0,15,6226.950000000026
2023-03-05,KSBBL,BUY,309.0,15,1591.9500000000262
2023-03-05,MFIL,SELL,430.0,30,14491.950000000026
2023-03-05,MLBL,BUY,312.8,15,9799.950000000026
2023-03-05,NABIL,BUY,637.3,15,240.4500000000262
2023-03-09,JOSHI,SELL,279.0,30,8610.450000000026
2023-03-09,KKHC,BUY,254.0,15,4800.450000000026
2023-03-09,MEGA,BUY,219.0,15,1515.4500000000262
2023-03-13,NMB,SELL,221.3,64,15678.650000000027
2023-03-13,PCBL,BUY,201.9,15,12650.150000000027
2023-03-13,PROFL,BUY,336.0,15,7610.150000000027
2023-03-13,RLI,BUY,396.2,15,1667.150000000027
2023-03-15,ADBL,SELL,272.0,22,7651.150000000027
2023-03-15,AHPC,BUY,301.0,15,3136.150000000027
2023-03-15,CZBIL,BUY,179.5,15,443.6500000000269
2023-03-23,NABIL,SELL,605.0,15,9518.650000000027
2023-03-23,NBB,BUY,400.0,15,3518.650000000027
2023-03-23,NMB,BUY,229.9,15,70.15000000002692
2023-03-26,KKHC,SELL,239.9,60,14464.150000000027
2023-03-26,KSBBL,BUY,306.0,15,9874.150000000027
2023-03-26,LBBL,BUY,321.5,15,5051.650000000027
2023-03-26,MEGA,BUY,219.0,15,1766.650000000027
2023-03-26,PROFL,SELL,319.0,15,6551.650000000027
2023-03-26,RLI,BUY,387.0,15,746.6500000000269
2023-03-28,HURJA,SELL,336.2,16,6125.850000000027
2023-03-28,JBBL,BUY,272.9,15,2032.3500000000272
2023-04-03,DHPL,SELL,213.2,45,11626.350000000028
2023-04-03,EBL,BUY,489.0,15,4291.350000000028
2023-04-03,JBBL,BUY,263.5,15,338.85000000002765
2023-04-04,AKJCL,SELL,216.0,18,4226.850000000028
2023-04-04,BARUN,BUY,256.0,15,386.85000000002765
2023-04-04,NMB,SELL,218.0,15,3656.8500000000276
2023-04-04,PCBL,BUY,194.0,15,746.8500000000276
2023-04-06,HPPL,SELL,278.0,25,7696.850000000028
2023-04-06,HURJA,BUY,312.0,15,3016.8500000000276
2023-04-06,PCBL,BUY,193.9,15,108.35000000002765
2023-04-09,AHPC,SELL,275.0,32,8908.350000000028
2023-04-09,AKJCL,BUY,210.1,15,5756.850000000028
2023-04-09,BARUN,BUY,250.0,15,2006.8500000000276
2023-04-09,CZBIL,SELL,170.4,454,79368.45000000004
2023-04-09,DHPL,BUY,212.0,74,63680.45000000004
2023-04-09,EBL,BUY,481.8,26,51153.65000000004
2023-04-09,EDBL,BUY,283.0,36,40965.65000000004
2023-04-09,HPPL,BUY,274.0,29,33019.65000000004
2023-04-09,HURJA,BUY,300.0,22,26419.650000000038
2023-04-09,ICFC,BUY,397.2,15,20461.650000000038
2023-04-09,JBBL,BUY,256.0,15,16621.650000000038
2023-04-09,JOSHI,BUY,255.0,15,12796.650000000038
2023-04-09,KKHC,BUY,224.8,15,9424.650000000038
2023-04-09,KSBBL,BUY,291.4,15,5053.650000000038
2023-04-09,LBBL,BUY,307.0,15,448.65000000003783
2023-04-12,AKJCL,SELL,232.0,15,3928.650000000038
2023-04-12,CZBIL,BUY,184.0,15,1168.6500000000378
2023-04-12,HPPL,SELL,306.9,29,10068.750000000036
2023-04-12,HURJA,BUY,330.0,15,5118.750000000036
2023-04-12,ICFC,SELL,438.0,30,18258.750000000036
2023-04-12,JBBL,BUY,281.8,15,14031.750000000036
2023-04-12,JOSHI,BUY,284.0,15,9771.750000000036
2023-04-12,KKHC,BUY,248.2,15,6048.750000000036
2023-04-12,KSBBL,BUY,319.0,15,1263.7500000000364
2023-04-17,HURJA,SELL,313.0,52,17539.750000000036
2023-04-17,ICFC,BUY,417.0,15,11284.750000000036
2023-04-17,JBBL,BUY,268.9,15,7251.250000000036
2023-04-17,JOSHI,BUY,272.8,15,3159.2500000000364
2023-04-17,KKHC,SELL,235.0,30,10209.250000000036
2023-04-17,KSBBL,BUY,304.0,15,5649.250000000036
2023-04-17,LBBL,BUY,321.9,15,820.7500000000364
2023-04-23,CZBIL,SELL,174.3,15,3435.2500000000364
2023-04-23,DHPL,BUY,212.4,15,249.25000000003638
2023-04-24,MLBL,SELL,297.0,15,4704.250000000036
2023-04-24,NHPC,BUY,227.4,15,1293.2500000000364
2023-04-27,EBL,SELL,539.0,41,23392.250000000036
2023-04-27,EDBL,BUY,287.8,16,18787.450000000037
2023-04-27,HPPL,BUY,280.1,15,14585.950000000037
2023-04-27,HURJA,BUY,299.0,15,10100.950000000037
2023-04-27,ICFC,BUY,412.9,15,3907.450000000037
2023-04-27,JBBL,BUY,259.1,15,20.950000000036653
2023-05-02,HURJA,SELL,277.0,15,4175.950000000037
2023-05-02,JBBL,BUY,255.1,15,349.4500000000371
2023-05-02,NHPC,SELL,216.0,15,3589.450000000037
2023-05-02,NMB,BUY,234.0,15,79.45000000003711
2023-05-03,KSBBL,SELL,288.5,120,34699.45000000004
2023-05-03,LBBL,BUY,330.0,21,27769.45000000004
2023-05-03,LICN,BUY,1270.0,15,8719.45000000004
2023-05-03,MEGA,BUY,219.0,15,5434.450000000041
2023-05-03,MLBL,BUY,298.0,15,964.4500000000407
2023-05-08,BARUN,SELL,233.0,174,41506.45000000004
2023-05-08,CIT,BUY,2005.0,15,11431.45000000004
2023-05-08,CZBIL,BUY,170.0,15,8881.45000000004
2023-05-08,DHPL,BUY,200.0,15,5881.450000000041
2023-05-08,EDBL,BUY,278.4,15,1705.4500000000407
2023-05-08,JOSHI,SELL,253.9,45,13130.95000000004
2023-05-08,KKHC,BUY,210.0,15,9980.95000000004
2023-05-08,KSBBL,BUY,288.0,15,5660.950000000041
2023-05-08,LBBL,BUY,326.0,15,770.9500000000407
2023-05-14,HPPL,SELL,263.5,15,4723.450000000041
2023-05-14,HURJA,BUY,230.0,15,1273.4500000000407
2023-05-17,HURJA,SELL,256.0,15,5113.450000000041
2023-05-17,JBBL,BUY,259.9,15,1214.9500000000412
2023-05-23,CIT,SELL,2212.0,15,34394.95000000004
2023-05-23,CZBIL,BUY,177.0,38,27668.95000000004
2023-05-23,DHPL,BUY,211.0,26,22182.95000000004
2023-05-23,EBL,BUY,552.0,15,13902.95000000004
2023-05-23,EDBL,BUY,295.0,15,9477.95000000004
2023-05-23,HPPL,BUY,292.0,15,5097.950000000041
2023-05-23,HURJA,BUY,302.0,15,567.9500000000407
2023-05-28,HURJA,SELL,278.0,15,4737.950000000041
2023-05-28,JBBL,BUY,267.9,15,719.4500000000412
2023-05-30,DHPL,SELL,199.0,130,26589.45000000004
2023-05-30,EBL,BUY,534.0,15,18579.45000000004
2023-05-30,EDBL,BUY,282.0,15,14349.45000000004
2023-05-30,HPPL,BUY,272.5,15,10261.95000000004
2023-05-30,HURJA,BUY,261.1,15,6345.450000000041
2023-05-30,ICFC,BUY,407.0,15,240.45000000004075
2023-05-31,NMB,SELL,221.0,15,3555.4500000000407
2023-05-31,PCBL,BUY,191.5,15,682.9500000000407
2023-06-11,HURJA,SELL,306.0,15,5272.950000000041
2023-06-11,ICFC,SELL,465.0,45,26197.95000000004
2023-06-11,JBBL,BUY,283.0,18,21103.95000000004
2023-06-11,JOSHI,BUY,279.8,15,16906.95000000004
2023-06-11,KKHC,BUY,222.5,15,13569.45000000004
2023-06-11,KSBBL,BUY,326.0,15,8679.45000000004
2023-06-11,LBBL,BUY,371.9,15,3100.9500000000407
2023-06-11,PCBL,BUY,192.8,15,208.95000000004075
2023-06-12,EDBL,SELL,311.0,97,30375.95000000004
2023-06-12,HPPL,BUY,290.2,20,24571.95000000004
2023-06-12,HURJA,BUY,297.1,16,19818.350000000042
2023-06-12,ICFC,BUY,467.0,15,12813.350000000042
2023-06-12,JBBL,BUY,282.0,15,8583.350000000042
2023-06-12,JOSHI,BUY,278.0,15,4413.350000000042
2023-06-12,KKHC,BUY,227.0,15,1008.3500000000422
2023-06-12,LICN,SELL,1415.0,15,22233.350000000042
2023-06-12,MEGA,BUY,219.0,20,17853.350000000042
2023-06-12,MFIL,BUY,455.0,15,11028.350000000042
2023-06-12,MLBL,BUY,320.0,15,6228.350000000042
2023-06-12,NBB,BUY,400.0,15,228.3500000000422
2023-06-20,HURJA,SELL,274.5,16,4620.350000000042
2023-06-20,JBBL,BUY,299.0,15,135.3500000000422
2023-06-22,HPPL,SELL,272.0,50,13735.350000000042
2023-06-22,HURJA,BUY,265.0,15,9760.350000000042
2023-06-22,ICFC,BUY,461.1,15,2843.850000000042
2023-06-22,KKHC,SELL,212.9,45,12424.350000000042
2023-06-22,KSBBL,BUY,322.0,15,7594.350000000042
2023-06-22,LBBL,BUY,380.0,15,1894.3500000000422
2023-06-26,ICFC,SELL,515.9,30,17371.350000000042
2023-06-26,JBBL,BUY,306.0,15,12781.350000000042
2023-06-26,JOSHI,BUY,270.0,15,8731.350000000042
2023-06-26,KKHC,BUY,220.0,15,5431.350000000042
2023-06-26,KSBBL,BUY,341.7,15,305.8500000000422
2023-06-26,LBBL,SELL,422.0,111,47147.85000000004
2023-06-26,LICN,BUY,1733.8,15,21140.850000000042
2023-06-26,MEGA,BUY,219.0,19,16979.850000000042
2023-06-26,MFIL,BUY,513.0,15,9284.850000000042
2023-06-26,MLBL,BUY,341.8,15,4157.850000000042
2023-06-26,NHPC,BUY,187.0,15,1352.8500000000422
2023-07-02,JBBL,SELL,288.1,228,67039.65000000005
2023-07-02,JOSHI,BUY,267.0,50,53689.65000000005
2023-07-02,KKHC,BUY,216.0,49,43105.65000000005
2023-07-02,KSBBL,BUY,325.0,26,34655.65000000005
2023-07-02,LBBL,BUY,394.9,17,27942.350000000053
2023-07-02,LICN,BUY,1648.0,15,3222.350000000053
2023-07-02,NHPC,BUY,183.5,15,469.8500000000531
2023-07-03,MLBL,SELL,320.0,45,14869.850000000053
2023-07-03,NABIL,BUY,584.9,15,6096.350000000053
2023-07-03,NBB,BUY,400.0,15,96.35000000005311
2023-07-04,CZBIL,SELL,168.0,53,9000.350000000053
2023-07-04,DHPL,BUY,185.1,15,6223.850000000053
2023-07-04,EDBL,BUY,317.0,15,1468.8500000000531
2023-07-05,KKHC,SELL,202.0,64,14396.850000000053
2023-07-05,KSBBL,BUY,317.0,15,9641.850000000053
2023-07-05,LBBL,BUY,386.0,15,3851.850000000053
2023-07-05,MEGA,BUY,219.0,15,566.8500000000531
2023-07-05,NHPC,SELL,174.0,30,5786.850000000053
2023-07-05,NMB,BUY,223.0,15,2441.850000000053
2023-07-11,MFIL,SELL,570.0,30,19541.850000000053
2023-07-11,MLBL,BUY,334.0,15,14531.850000000053
2023-07-11,NABIL,BUY,583.0,15,5786.850000000053
2023-07-11,NHPC,BUY,165.6,15,3302.850000000053
2023-07-11,PCBL,BUY,188.4,15,476.8500000000531
2023-07-16,LICN,SELL,1555.0,30,47126.85000000005
2023-07-16,MEGA,BUY,219.0,43,37709.85000000005
2023-07-16,MFIL,BUY,550.0,15,29459.85000000005
2023-07-16,MLBL,BUY,325.5,18,23600.85000000005
2023-07-16,NABIL,BUY,599.2,15,14612.85000000005
2023-07-16,NBB,BUY,400.0,15,8612.85000000005
2023-07-16,NHPC,BUY,177.9,15,5944.3500000000495
2023-07-16,NMB,BUY,226.0,15,2554.3500000000495
2023-07-17,LBBL,SELL,434.0,32,16442.35000000005
2023-07-17,MEGA,BUY,219.0,15,13157.35000000005
2023-07-17,MFIL,BUY,571.0,15,4592.3500000000495
2023-07-17,NHPC,BUY,179.0,15,1907.3500000000495
2023-07-18,EBL,SELL,592.0,30,19667.35000000005
2023-07-18,EDBL,BUY,333.0,15,14672.35000000005
2023-07-18,HPPL,BUY,284.9,15,10398.85000000005
2023-07-18,HURJA,BUY,264.0,15,6438.8500000000495
2023-07-18,JBBL,BUY,308.0,15,1818.8500000000495
2023-07-19,KSBBL,SELL,349.0,101,37067.85000000005
2023-07-19,LBBL,BUY,430.0,17,29757.85000000005
2023-07-19,LICN,BUY,1590.0,15,5907.8500000000495
2023-07-19,MEGA,BUY,219.0,15,2622.8500000000495
2023-07-19,PCBL,SELL,210.0,105,24672.85000000005
2023-07-19,PROFL,BUY,427.0,15,18267.85000000005
2023-07-19,RLI,BUY,387.0,15,12462.85000000005
2023-07-19,SANIMA,BUY,290.2,15,8109.8500000000495
2023-07-20,ADBL,BUY,255.0,15,4284.8500000000495
2023-07-20,AHPC,BUY,255.1,15,458.3500000000495
2023-07-23,JBBL,SELL,353.0,15,5753.3500000000495
2023-07-23,JOSHI,BUY,270.2,15,1700.3500000000495
2023-07-23,MLBL,SELL,370.5,33,13926.85000000005
2023-07-23,NABIL,BUY,649.0,15,4191.8500000000495
2023-07-23,NHPC,BUY,179.1,15,1505.3500000000495
2023-07-23,NMB,SELL,251.9,30,9062.35000000005
2023-07-23,PCBL,BUY,221.0,15,5747.3500000000495
2023-07-23,SANIMA,BUY,301.0,15,1232.3500000000495
2023-07-25,MFIL,SELL,538.1,30,17375.35000000005
2023-07-25,MLBL,BUY,347.7,15,12159.85000000005
2023-07-25,NABIL,BUY,623.6,15,2805.8500000000495
2023-07-25,NHPC,BUY,176.6,15,156.85000000004948
2023-07-25,PCBL,SELL,208.9,15,3290.3500000000495
2023-07-25,SANIMA,SELL,283.8,30,11804.35000000005
2023-07-26,ADBL,BUY,251.0,15,8039.3500000000495
2023-07-26,AHPC,BUY,256.0,15,4199.3500000000495
2023-07-26,AKJCL,BUY,193.0,15,1304.3500000000495
2023-07-27,JOSHI,SELL,254.0,110,29244.35000000005
2023-07-27,KKHC,BUY,200.0,29,23444.35000000005
2023-07-27,KSBBL,BUY,352.5,15,18156.85000000005
2023-07-27,LBBL,BUY,415.0,15,11931.85000000005
2023-07-27,MEGA,BUY,219.0,15,8646.85000000005
2023-07-27,MFIL,BUY,525.5,15,764.3500000000495
2023-07-30,DHPL,SELL,175.0,15,3389.3500000000495
2023-07-30,HPPL,SELL,265.1,15,7365.8500000000495
2023-07-30,HURJA,BUY,263.7,15,3410.3500000000495
2023-07-30,KKHC,BUY,199.9,15,411.8500000000495
2023-07-30,LICN,SELL,1489.0,15,22746.85000000005
2023-07-30,MEGA,BUY,219.0,20,18366.85000000005
2023-07-30,MFIL,BUY,511.0,15,10701.85000000005
2023-07-30,MLBL,BUY,338.0,15,5631.8500000000495
2023-07-30,NHPC,BUY,167.0,15,3126.8500000000495
2023-07-30,PCBL,BUY,206.4,15,30.850000000049477
2023-07-31,AHPC,SELL,243.2,30,7326.8500000000495
2023-07-31,AKJCL,BUY,186.7,15,4526.3500000000495
2023-07-31,BARUN,BUY,242.0,15,896.3500000000495
2023-08-01,EDBL,SELL,314.0,30,10316.35000000005
2023-08-01,HPPL,BUY,254.2,15,6503.3500000000495
2023-08-01,HURJA,BUY,255.0,15,2678.3500000000495
2023-08-01,NHPC,BUY,164.0,15,218.35000000004948
2023-08-01,PROFL,SELL,396.1,15,6159.8500000000495
2023-08-01,RLI,BUY,387.0,15,354.8500000000495
2023-08-03,HURJA,SELL,242.0,60,14874.85000000005
2023-08-03,ICFC,BUY,478.0,15,7704.8500000000495
2023-08-03,JBBL,BUY,318.0,15,2934.8500000000495
2023-08-03,KKHC,BUY,193.5,15,32.35000000004948
2023-08-06,AKJCL,SELL,174.0,30,5252.3500000000495
2023-08-06,BARUN,BUY,230.8,15,1790.3500000000495
2023-08-06,KSBBL,SELL,320.0,15,6590.3500000000495
2023-08-06,LBBL,BUY,390.0,15,740.3500000000495
2023-08-06,MLBL,SELL,321.0,30,10370.35000000005
2023-08-06,NABIL,BUY,612.0,15,1190.3500000000495
2023-08-06,PCBL,SELL,193.3,15,4089.8500000000495
2023-08-07,ADBL,BUY,258.0,15,219.85000000004948
2023-08-15,KKHC,SELL,178.5,59,10751.35000000005
2023-08-15,KSBBL,BUY,315.0,15,6026.3500000000495
2023-08-15,LBBL,BUY,397.2,15,68.35000000004948
2023-08-15,NHPC,SELL,154.7,105,16311.850000000048
2023-08-15,NICA,BUY,785.0,15,4536.850000000048
2023-08-15,NMB,BUY,226.0,15,1146.8500000000477
2023-08-16,BARUN,SELL,218.0,30,7686.850000000048
2023-08-16,CZBIL,BUY,186.7,15,4886.350000000048
2023-08-16,DHPL,BUY,157.0,15,2531.3500000000477
2023-08-16,HPPL,SELL,234.5,15,6048.850000000048
2023-08-16,HURJA,BUY,232.0,15,2568.8500000000477
2023-08-16,NHPC,BUY,152.0,15,288.85000000004766
2023-08-21,DHPL,SELL,149.0,15,2523.8500000000477
2023-08-21,HURJA,SELL,215.0,15,5748.850000000048
2023-08-21,JBBL,BUY,308.0,15,1128.8500000000477
2023-09-04,NHPC,SELL,144.0,15,3288.8500000000477
2023-09-04,PCBL,BUY,181.3,15,569.3500000000477
2023-09-07,JBBL,SELL,291.0,30,9299.350000000048
2023-09-07,JOSHI,BUY,191.1,15,6432.850000000048
2023-09-07,KKHC,BUY,162.0,15,4002.8500000000477
2023-09-07,MEGA,BUY,219.0,15,717.8500000000477
2023-09-07,NABIL,SELL,577.2,90,52665.85000000006
2023-09-07,NBB,BUY,400.0,26,42265.85000000006
2023-09-07,NHPC,BUY,137.1,61,33902.75000000006
2023-09-07,NICA,BUY,775.0,15,22277.75000000006
2023-09-07,NMB,BUY,217.0,20,17937.75000000006
2023-09-07,PCBL,BUY,179.4,19,14529.150000000058
2023-09-07,PROFL,BUY,280.0,15,10329.150000000058
2023-09-07,RLI,BUY,387.0,15,4524.150000000058
2023-09-07,SANIMA,BUY,290.0,15,174.15000000005784
2023-09-10,ICFC,SELL,453.0,15,6969.150000000058
2023-09-10,JBBL,BUY,293.7,15,2563.650000000058
2023-09-10,KKHC,BUY,164.0,15,103.65000000005784
2023-09-11,PROFL,SELL,314.0,15,4813.650000000058
2023-09-11,SANIMA,BUY,299.0,15,328.65000000005784
2023-09-21,JOSHI,SELL,224.0,15,3688.650000000058
2023-09-21,KKHC,BUY,194.0,15,778.6500000000578
2023-09-21,NHPC,SELL,158.4,61,10441.050000000057
2023-09-21,NMB,BUY,219.0,15,7156.0500000000575
2023-09-21,PCBL,BUY,184.7,15,4385.5500000000575
2023-09-21,SANIMA,BUY,289.3,15,46.05000000005748
2023-10-01,KKHC,SELL,181.0,45,8191.0500000000575
2023-10-01,KSBBL,BUY,315.9,15,3452.5500000000575
2023-10-01,MEGA,BUY,219.0,15,167.55000000005748
2023-10-03,NICA,SELL,573.0,30,17357.550000000057
2023-10-03,NMB,BUY,215.1,16,13915.950000000057
2023-10-03,PCBL,BUY,182.8,15,11173.950000000057
2023-10-03,PROFL,BUY,305.0,15,6598.950000000057
2023-10-03,RLI,BUY,387.0,15,793.9500000000571
2023-10-04,CZBIL,SELL,175.0,15,3418.950000000057
2023-10-04,DHPL,BUY,156.1,15,1077.4500000000571
2023-10-04,SANIMA,SELL,274.3,45,13420.950000000057
2023-10-05,ADBL,BUY,258.0,15,9550.950000000057
2023-10-05,AHPC,BUY,226.6,15,6151.950000000057
2023-10-05,AKJCL,BUY,162.0,15,3721.950000000057
2023-10-05,BARUN,BUY,227.3,15,312.4500000000571
2023-10-08,DHPL,SELL,147.5,15,2524.950000000057
2023-10-08,NHPC,BUY,149.0,15,289.9500000000571
2023-10-09,AHPC,SELL,214.3,15,3504.450000000057
2023-10-09,AKJCL,BUY,156.2,15,1161.4500000000571
2023-10-10,BARUN,SELL,215.0,15,4386.450000000057
2023-10-10,CZBIL,BUY,168.4,15,1860.4500000000571
2023-10-12,LBBL,SELL,375.0,62,25110.450000000055
2023-10-12,LICN,BUY,1310.0,15,5460.450000000055
2023-10-12,MEGA,BUY,219.0,15,2175.4500000000553
2023-10-12,NHPC,BUY,141.4,15,54.4500000000553
2023-10-16,AKJCL,SELL,148.1,30,4497.450000000055
2023-10-16,BARUN,BUY,212.0,15,1317.4500000000553
2023-10-16,KSBBL,SELL,296.5,30,10212.450000000055
2023-10-16,LBBL,BUY,372.9,15,4618.950000000055
2023-10-16,MEGA,BUY,219.0,15,1333.9500000000553
2023-10-19,PROFL,SELL,285.2,15,5611.950000000055
2023-10-19,SANIMA,BUY,248.8,15,1879.9500000000553
2023-10-29,NHPC,SELL,129.0,30,5749.950000000055
2023-10-29,NMB,BUY,206.5,15,2652.4500000000553
2023-10-30,AKJCL,BUY,152.0,15,372.4500000000553
2023-11-01,SANIMA,SELL,235.0,15,3897.4500000000553
2023-11-02,ADBL,BUY,248.2,15,174.4500000000553
2023-11-05,JBBL,SELL,274.9,15,4297.950000000055
2023-11-05,JOSHI,BUY,193.8,15,1390.9500000000553
2023-11-09,BARUN,SELL,201.0,15,4405.950000000055
2023-11-09,CZBIL,BUY,163.3,15,1956.4500000000553
2023-11-09,NHPC,BUY,128.0,15,36.4500000000553
2023-11-21,AKJCL,SELL,144.0,15,2196.4500000000553
2023-11-21,DHPL,BUY,136.6,15,147.4500000000553
2023-12-03,NMB,SELL,196.1,81,16031.550000000056
2023-12-03,PCBL,BUY,191.0,16,12975.550000000056
2023-12-03,PROFL,BUY,276.0,15,8835.550000000056
2023-12-03,RLI,BUY,387.0,15,3030.5500000000557
2023-12-04,AKJCL,BUY,146.0,15,840.5500000000557
2023-12-10,LICN,SELL,1480.0,15,23040.550000000054
2023-12-10,MEGA,BUY,219.0,21,18441.550000000054
2023-12-10,MFIL,BUY,513.0,15,10746.550000000054
2023-12-10,MLBL,BUY,316.0,15,6006.550000000054
2023-12-10,NBB,BUY,400.0,15,6.550000000053842
2023-12-10,NHPC,SELL,147.8,15,2223.550000000054
2023-12-10,PROFL,SELL,305.0,15,6798.550000000054
2023-12-10,RLI,BUY,387.0,15,993.5500000000538
2023-12-12,AKJCL,SELL,169.0,15,3528.550000000054
2023-12-12,CZBIL,BUY,173.9,15,920.0500000000538
2023-12-12,DHPL,SELL,153.1,15,3216.550000000054
2023-12-12,JOSHI,SELL,219.0,15,6501.550000000054
2023-12-12,KKHC,BUY,200.0,15,3501.550000000054
2023-12-12,MEGA,BUY,219.0,15,216.55000000005384
2023-12-18,LBBL,SELL,415.0,15,6441.550000000054
2023-12-18,MEGA,BUY,219.0,15,3156.550000000054
2023-12-18,NHPC,BUY,167.0,15,651.5500000000538
2023-12-19,KKHC,SELL,223.0,15,3996.550000000054
2023-12-19,MEGA,BUY,219.0,15,711.5500000000538
2023-12-19,MLBL,SELL,352.0,15,5991.550000000054
2023-12-19,NHPC,BUY,168.5,15,3464.050000000054
2023-12-19,NMB,BUY,214.2,15,251.05000000005384
2023-12-20,MFIL,SELL,569.0,45,25856.050000000054
2023-12-20,MLBL,BUY,351.0,15,20591.050000000054
2023-12-20,NABIL,BUY,520.0,15,12791.050000000054
2023-12-20,NBB,BUY,400.0,15,6791.050000000054
2023-12-20,NHPC,BUY,169.5,15,4248.550000000054
2023-12-20,NMB,BUY,213.0,15,1053.5500000000538
2023-12-20,PCBL,SELL,211.1,80,17941.550000000054
2023-12-20,PROFL,BUY,328.0,15,13021.550000000054
2023-12-20,RLI,BUY,387.0,15,7216.550000000054
2023-12-20,SANIMA,BUY,270.0,15,3166.550000000054
2023-12-21,CZBIL,BUY,184.0,15,406.55000000005384
2023-12-24,MLBL,SELL,330.3,15,5361.050000000054
2023-12-24,NHPC,BUY,161.4,15,2940.050000000054
2023-12-25,CZBIL,BUY,180.0,15,240.05000000005384
2023-12-27,PROFL,SELL,311.5,15,4912.550000000054
2023-12-27,SANIMA,BUY,257.0,15,1057.5500000000538
2024-01-02,NMB,SELL,200.2,30,7063.550000000054
2024-01-02,PCBL,BUY,200.8,15,4051.550000000054
2024-01-02,SANIMA,BUY,251.0,15,286.55000000005384
2024-01-07,CZBIL,SELL,168.6,75,12931.550000000054
2024-01-07,DHPL,BUY,188.0,15,10111.550000000054
2024-01-07,EBL,BUY,503.0,15,2566.550000000054
2024-01-07,NABIL,SELL,490.0,15,9916.550000000054
2024-01-07,NBB,BUY,400.0,15,3916.550000000054
2024-01-07,NHPC,BUY,158.0,15,1546.5500000000538
2024-01-14,DHPL,SELL,208.3,15,4671.050000000054
2024-01-14,HPPL,BUY,264.0,15,711.0500000000538
2024-01-16,NHPC,SELL,174.0,75,13761.050000000054
2024-01-16,NICA,BUY,514.0,15,6051.050000000054
2024-01-16,NMB,BUY,205.9,15,2962.550000000054
2024-01-17,CZBIL,BUY,182.0,15,232.55000000005384
2024-01-18,EBL,SELL,554.0,15,8542.550000000054
2024-01-18,EDBL,BUY,385.0,15,2767.550000000054
2024-01-18,NHPC,BUY,173.0,15,172.55000000005384
2024-01-21,HPPL,SELL,307.0,15,4777.550000000054
2024-01-21,HURJA,BUY,300.0,15,277.55000000005384
2024-01-22,EDBL,SELL,358.0,15,5647.550000000054
2024-01-22,HPPL,BUY,301.0,15,1132.5500000000538
2024-01-23,NICA,SELL,478.6,15,8311.550000000054
2024-01-23,NMB,BUY,196.7,15,5361.050000000054
2024-01-23,PCBL,BUY,207.8,15,2244.050000000054
2024-01-24,CZBIL,SELL,172.9,15,4837.550000000054
2024-01-24,DHPL,BUY,212.8,15,1645.5500000000538
2024-01-24,HPPL,SELL,279.0,15,5830.550000000054
2024-01-24,HURJA,BUY,284.0,15,1570.5500000000538
2024-01-31,HURJA,SELL,315.0,30,11020.550000000054
2024-01-31,ICFC,BUY,479.0,15,3835.550000000054
2024-01-31,JOSHI,BUY,255.5,15,3.050000000053842
2024-02-12,JOSHI,SELL,300.0,15,4503.050000000054
2024-02-12,KKHC,BUY,245.1,15,826.5500000000538
2024-02-13,ADBL,SELL,231.3,75,18174.050000000054
2024-02-13,AHPC,BUY,204.0,17,14706.050000000054
2024-02-13,AKJCL,BUY,231.0,15,11241.050000000054
2024-02-13,BARUN,BUY,272.0,15,7161.050000000054
2024-02-13,CZBIL,BUY,167.0,15,4656.050000000054
2024-02-13,DHPL,BUY,211.0,15,1491.0500000000538
2024-02-18,AHPC,SELL,193.0,17,4772.050000000054
2024-02-18,AKJCL,BUY,241.9,15,1143.5500000000538
2024-02-18,NHPC,SELL,162.0,15,3573.550000000054
2024-02-18,NMB,BUY,186.5,15,776.0500000000538
2024-02-21,SANIMA,SELL,235.0,45,11351.050000000054
2024-02-22,ADBL,BUY,229.0,15,7916.050000000054
2024-02-22,AHPC,BUY,190.0,15,5066.050000000054
2024-02-22,AKJCL,BUY,224.7,15,1695.5500000000538
2024-02-22,BARUN,SELL,253.1,15,5492.050000000054
2024-02-22,CZBIL,BUY,163.3,15,3042.550000000054
2024-02-22,DHPL,BUY,201.0,15,27.550000000053842
2024-02-22,PCBL,SELL,197.0,30,5937.550000000054
2024-02-22,PROFL,BUY,314.3,15,1223.0500000000538
2024-02-26,NMB,SELL,177.0,45,9188.050000000054
2024-02-26,PCBL,BUY,193.1,15,6291.550000000054
2024-02-26,PROFL,BUY,317.5,15,1529.0500000000538
2024-02-29,AHPC,SELL,180.3,15,4233.550000000054
2024-02-29,AKJCL,BUY,213.1,15,1037.0500000000538
2024-02-29,DHPL,SELL,189.0,45,9542.050000000054
2024-02-29,EBL,BUY,499.1,15,2055.550000000054
2024-03-03,PROFL,SELL,301.0,30,11085.550000000054
2024-03-03,RLI,BUY,387.0,15,5280.550000000054
2024-03-03,SANIMA,BUY,234.0,15,1770.5500000000538
2024-04-07,KKHC,SELL,230.0,15,5220.550000000054
2024-04-07,MEGA,BUY,219.0,15,1935.5500000000538
2024-04-09,ICFC,SELL,532.9,15,9929.050000000054
2024-04-09,JBBL,BUY,299.0,15,5444.050000000054
2024-04-09,JOSHI,BUY,335.0,15,419.05000000005384
2024-04-18,JBBL,SELL,281.0,15,4634.050000000054
2024-04-18,KKHC,BUY,243.3,15,984.5500000000538
2024-04-21,KKHC,SELL,230.0,15,4434.550000000054
2024-04-21,MEGA,BUY,219.0,15,1149.5500000000538
2024-04-24,CZBIL,SELL,154.6,30,5787.550000000054
2024-04-24,DHPL,BUY,198.9,15,2804.050000000054
2024-04-24,NHPC,BUY,146.3,15,609.5500000000538
2024-05-08,JOSHI,SELL,317.0,15,5364.550000000054
2024-05-08,KKHC,BUY,217.0,15,2109.550000000054
2024-05-13,AKJCL,SELL,202.0,60,14229.550000000054
2024-05-13,BARUN,BUY,226.0,15,10839.550000000054
2024-05-13,CZBIL,BUY,161.5,15,8417.050000000054
2024-05-13,DHPL,BUY,195.0,15,5492.050000000054
2024-05-13,HPPL,BUY,254.0,15,1682.0500000000538
2024-05-19,ADBL,SELL,254.0,15,5492.050000000054
2024-05-19,AHPC,BUY,162.1,15,3060.550000000054
2024-05-19,CZBIL,BUY,164.0,15,600.5500000000538
2024-05-21,SANIMA,SELL,262.0,15,4530.550000000054
2024-05-22,ADBL,BUY,280.0,15,330.55000000005384
2024-05-22,EBL,SELL,550.9,15,8594.050000000054
2024-05-22,EDBL,BUY,392.0,15,2714.050000000054
2024-05-22,NHPC,BUY,149.0,15,479.05000000005384
2024-05-22,PCBL,SELL,212.9,15,3672.550000000054
2024-05-23,AHPC,BUY,163.8,15,1215.5500000000538
2024-05-30,ADBL,SELL,261.0,15,5130.550000000054
2024-05-30,AHPC,BUY,158.9,15,2747.050000000054
2024-05-30,CZBIL,BUY,170.2,15,194.05000000005384
2024-06-10,BARUN,SELL,249.0,15,3929.050000000054
2024-06-10,CZBIL,BUY,166.0,15,1439.0500000000538
2024-06-18,DHPL,SELL,220.2,30,8045.050000000054
2024-06-18,EBL,BUY,531.7,15,69.55000000005293
2024-06-25,HPPL,SELL,293.0,15,4464.550000000053
2024-06-25,JBBL,BUY,289.0,15,129.55000000005293
2024-06-26,NHPC,SELL,141.0,30,4359.550000000053
2024-06-26,NMB,BUY,186.3,15,1565.050000000053
2024-06-30,AHPC,SELL,149.1,45,8274.550000000054
2024-06-30,AKJCL,BUY,204.5,15,5207.050000000054
2024-06-30,BARUN,BUY,302.2,15,674.0500000000538
2024-07-04,AKJCL,SELL,227.7,15,4089.550000000054
2024-07-04,CZBIL,BUY,176.0,15,1449.5500000000538
2024-07-04,EDBL,SELL,439.0,15,8034.550000000054
2024-07-04,HPPL,BUY,288.0,15,3714.550000000054
2024-07-04,HURJA,BUY,195.0,15,789.5500000000538
2024-07-09,HURJA,SELL,185.0,15,3564.550000000054
2024-07-09,JBBL,SELL,320.0,15,8364.550000000054
2024-07-09,JOSHI,BUY,293.4,15,3963.550000000054
2024-07-09,KKHC,BUY,228.0,15,543.5500000000538
2024-07-10,NMB,SELL,206.9,15,3647.050000000054
2024-07-10,PCBL,BUY,207.2,15,539.0500000000538
2024-07-16,CZBIL,SELL,202.9,75,15756.550000000054
2024-07-16,DHPL,BUY,223.5,15,12404.050000000054
2024-07-16,EBL,BUY,572.9,15,3810.550000000054
2024-07-16,HPPL,SELL,323.0,15,8655.550000000054
2024-07-16,HURJA,BUY,213.0,15,5460.550000000054
2024-07-16,JBBL,BUY,327.0,15,555.5500000000538
2024-07-16,KKHC,SELL,254.8,30,8199.550000000054
2024-07-16,KSBBL,BUY,429.9,15,1751.0500000000538
2024-07-16,PCBL,SELL,230.9,15,5214.550000000054
2024-07-16,SANIMA,BUY,283.0,15,969.5500000000538
2024-07-17,BARUN,SELL,343.1,15,6116.050000000054
2024-07-17,CZBIL,BUY,205.1,15,3039.550000000054
2024-07-17,JOSHI,SELL,327.2,15,7947.550000000054
2024-07-17,KKHC,BUY,258.9,15,4064.0500000000543
2024-07-17,MEGA,BUY,219.0,15,779.0500000000543
2024-07-21,CZBIL,SELL,226.0,15,4169.050000000054
2024-07-21,DHPL,BUY,232.8,15,677.0500000000538
2024-07-21,SANIMA,SELL,315.1,15,5403.550000000054
2024-07-22,ADBL,BUY,330.0,15,453.55000000005384
2024-07-23,HURJA,SELL,248.4,15,4179.550000000054
2024-07-23,KKHC,BUY,270.0,15,129.55000000005384
2024-07-24,KSBBL,SELL,483.0,15,7374.550000000054
2024-07-24,LBBL,BUY,474.0,15,264.55000000005384
2024-07-28,ADBL,SELL,387.2,15,6072.550000000054
2024-07-28,AHPC,BUY,216.9,15,2819.050000000054
2024-07-28,EBL,SELL,678.5,30,23174.050000000054
2024-07-28,EDBL,BUY,540.0,15,15074.050000000054
2024-07-28,HPPL,BUY,342.0,15,9944.050000000054
2024-07-28,HURJA,BUY,235.0,15,6419.050000000054
2024-07-28,JBBL,BUY,378.0,15,749.0500000000538
2024-07-31,DHPL,SELL,258.5,30,8504.050000000054
2024-07-31,EDBL,BUY,543.0,15,359.05000000005384
2024-08-06,EDBL,SELL,490.1,30,15062.050000000054
2024-08-06,HPPL,BUY,342.0,15,9932.050000000054
2024-08-06,HURJA,BUY,219.0,15,6647.050000000054
2024-08-06,JBBL,BUY,352.0,15,1367.0500000000538
2024-08-07,AHPC,SELL,240.0,15,4967.050000000054
2024-08-07,AKJCL,BUY,199.0,15,1982.0500000000538
2024-08-11,HURJA,SELL,243.2,30,9278.050000000054
2024-08-11,JBBL,BUY,374.0,15,3668.050000000054
2024-08-11,KKHC,SELL,305.8,30,12842.050000000054
2024-08-11,KSBBL,BUY,504.0,15,5282.050000000054
2024-08-11,MEGA,BUY,219.0,15,1997.0500000000538
2024-08-12,AKJCL,SELL,239.5,15,5589.550000000054
2024-08-12,CZBIL,BUY,254.0,15,1779.5500000000538
2024-08-13,HPPL,SELL,391.0,30,13509.550000000054
2024-08-13,HURJA,BUY,260.0,15,9609.550000000054
2024-08-13,JBBL,BUY,381.0,15,3894.550000000054
2024-08-13,MEGA,BUY,219.0,15,609.5500000000538
2024-08-14,LBBL,SELL,531.2,15,8577.550000000054
2024-08-14,MEGA,BUY,219.0,15,5292.550000000054
2024-08-14,NHPC,BUY,271.8,15,1215.5500000000538
2024-08-15,HURJA,SELL,286.0,15,5505.550000000054
2024-08-15,KKHC,BUY,328.0,15,585.5500000000538
2024-08-21,KKHC,SELL,307.3,15,5195.050000000054
2024-08-21,MEGA,BUY,219.0,15,1910.0500000000538
2024-08-21,NHPC,SELL,254.6,15,5729.050000000054
2024-08-21,NMB,BUY,279.1,15,1542.5500000000538
2024-08-27,NMB,SELL,261.9,15,5471.050000000054
2024-08-27,PCBL,BUY,288.5,15,1143.5500000000538
2024-09-01,CZBIL,SELL,236.7,15,4694.050000000054
2024-09-01,DHPL,BUY,246.0,15,1004.0500000000538
2024-09-09,PCBL,SELL,269.0,15,5039.050000000054
2024-09-09,SANIMA,BUY,326.9,15,135.55000000005384
2024-09-10,KSBBL,SELL,474.0,15,7245.550000000054
2024-09-10,MEGA,BUY,219.0,15,3960.550000000054
2024-09-10,NHPC,BUY,229.0,15,525.5500000000538
2024-09-11,JBBL,SELL,356.0,75,27225.550000000054
2024-09-11,JOSHI,BUY,320.0,17,21785.550000000054
2024-09-11,KKHC,BUY,251.4,17,17511.750000000055
2024-09-11,KSBBL,BUY,469.0,15,10476.750000000055
2024-09-11,LBBL,BUY,479.9,15,3278.2500000000546
2024-09-15,AKJCL,BUY,215.9,15,39.75000000005457
2024-09-23,AKJCL,SELL,202.0,15,3069.7500000000546
2024-09-23,JOSHI,SELL,302.0,17,8203.750000000055
2024-09-23,KKHC,BUY,254.0,15,4393.750000000055
2024-09-23,MEGA,BUY,219.0,15,1108.7500000000546
2024-09-23,NHPC,SELL,213.0,15,4303.750000000055
2024-09-23,NMB,BUY,247.8,15,586.7500000000546
2024-09-24,DHPL,SELL,229.0,15,4021.7500000000546
2024-09-24,HURJA,BUY,207.0,15,916.7500000000546
2024-09-24,LBBL,SELL,448.0,15,7636.750000000055
2024-09-24,MEGA,BUY,219.0,15,4351.750000000055
2024-09-24,NHPC,BUY,203.5,15,1299.2500000000546
2024-10-07,NHPC,SELL,226.4,15,4695.250000000055
2024-10-07,NMB,BUY,272.0,15,615.2500000000546
2024-10-07,SANIMA,SELL,360.4,15,6021.250000000055
2024-10-08,ADBL,BUY,381.4,15,300.25000000005457
2024-10-16,HURJA,SELL,228.0,15,3720.2500000000546
2024-10-16,MEGA,BUY,219.0,15,435.25000000005457
2024-10-24,ADBL,SELL,361.1,15,5851.750000000055
2024-10-24,AHPC,BUY,267.9,15,1833.250000000055
2024-10-29,KKHC,SELL,285.0,32,10953.250000000055
2024-10-29,KSBBL,BUY,459.0,15,4068.2500000000546
2024-10-29,MEGA,BUY,219.0,15,783.2500000000546
2024-11-05,NMB,SELL,258.0,30,8523.250000000055
2024-11-05,PCBL,BUY,280.4,15,4317.250000000055
2024-11-06,AHPC,BUY,274.1,15,205.75000000005457
2024-12-01,PCBL,SELL,265.1,15,4182.250000000055
2024-12-02,AKJCL,BUY,212.0,15,1002.2500000000546
2024-12-16,AHPC,SELL,255.0,30,8652.250000000055
2024-12-16,AKJCL,BUY,205.0,15,5577.250000000055
2024-12-16,CZBIL,BUY,217.6,15,2313.2500000000546
2024-12-22,KSBBL,SELL,431.5,30,15258.250000000055
2024-12-22,LBBL,BUY,481.0,15,8043.250000000055
2024-12-22,MEGA,BUY,219.0,15,4758.250000000055
2024-12-22,NHPC,BUY,214.0,15,1548.2500000000546
2024-12-31,AKJCL,SELL,194.0,30,7368.250000000055
2024-12-31,BARUN,BUY,386.0,15,1578.2500000000546
2025-01-13,LBBL,SELL,456.0,15,8418.250000000055
2025-01-13,MEGA,BUY,219.0,15,5133.250000000055
2025-01-13,NHPC,BUY,213.9,15,1924.7500000000546
2025-01-16,BARUN,SELL,433.0,15,8419.750000000055
2025-01-16,CZBIL,BUY,207.5,15,5307.250000000055
2025-01-16,DHPL,BUY,326.0,15,417.25000000005457
2025-01-26,DHPL,SELL,308.0,15,5037.250000000055
2025-01-26,HURJA,BUY,234.0,15,1527.2500000000546
2025-02-04,HURJA,SELL,268.7,15,5557.750000000055
2025-02-04,JBBL,BUY,365.0,15,82.75000000005457
2025-03-02,CZBIL,SELL,229.8,30,6976.750000000055
2025-03-02,DHPL,BUY,381.0,15,1261.7500000000546
2025-03-02,NHPC,SELL,236.5,30,8356.750000000055
2025-03-02,NICA,BUY,410.0,15,2206.7500000000546
2025-03-09,NICA,SELL,387.5,15,8019.250000000055
2025-03-09,NMB,BUY,257.0,15,4164.250000000055
2025-03-09,PCBL,BUY,260.4,15,258.250000000055
2025-03-12,DHPL,SELL,419.9,15,6556.750000000055
2025-03-12,HURJA,BUY,249.6,15,2812.7500000000546
2025-03-23,HURJA,SELL,229.3,15,6252.250000000055
2025-03-23,JBBL,BUY,340.17,15,1149.7000000000544
2025-03-23,NMB,SELL,243.09,15,4796.050000000054
2025-03-23,PCBL,BUY,249.0,15,1061.0500000000538
2025-04-29,JBBL,SELL,320.27,30,10669.150000000052
2025-04-29,JOSHI,BUY,367.25,15,5160.400000000052
2025-04-29,KKHC,BUY,342.5,15,22.900000000052387
2025-05-05,PCBL,SELL,234.14,30,7047.100000000052
2025-05-05,RLI,BUY,387.0,15,1242.1000000000522
2025-05-11,JOSHI,SELL,418.8,15,7524.100000000052
2025-05-11,KKHC,BUY,371.45,15,1952.3500000000522
2025-05-14,KKHC,SELL,349.98,30,12451.750000000055
2025-05-14,KSBBL,BUY,452.92,15,5657.950000000054
2025-05-14,MEGA,BUY,219.0,15,2372.9500000000544
2025-07-16,KSBBL,SELL,500.69,15,9883.300000000054
2025-07-16,LBBL,BUY,480.69,15,2672.9500000000535
2025-07-21,LBBL,SELL,549.69,15,10918.300000000054
2025-07-21,MEGA,BUY,219.0,15,7633.300000000054
2025-07-21,MLBL,BUY,430.17,15,1180.7500000000537
2025-08-11,MLBL,SELL,402.21,15,7213.900000000053
2025-08-11,NBB,BUY,400.0,15,1213.9000000000533
