Date,Stock,Action,Price,Quantity,Cash_After
2/7/2021,ADBL,BUY,450,5,7713
2/7/2021,AHPC,SELL,284,5,9133
2/7/2021,AKJCL,SELL,139,5,9828
2/7/2021,BARUN,SELL,263,5,11143
2/7/2021,CZBIL,SELL,290,5,12593
2/7/2021,DHPL,SELL,116,5,13173
2/7/2021,EBL,BUY,776,5,9293
2/7/2021,EDBL,BUY,392,5,7333
2/7/2021,HPPL,SELL,334,5,9003
2/7/2021,HURJA,SELL,236,5,10183
2/7/2021,ICFC,BUY,295,5,8708
2/7/2021,JBBL,SELL,222,5,9818
2/7/2021,JOSHI,SELL,124,5,10438
2/7/2021,KKHC,SELL,116,5,11018
2/7/2021,KSBBL,SELL,290,5,12468
2/7/2021,LBBL,SELL,239,5,13663
2/7/2021,MEGA,BUY,282,5,12253
2/7/2021,MFIL,SELL,484,5,14673
2/7/2021,MLBL,BUY,284,5,13253
2/7/2021,NABIL,BUY,1114,5,7683
2/7/2021,NBB,BUY,292,5,6223
2/7/2021,NHPC,SELL,145,5,6948
2/7/2021,NICA,BUY,874,5,2578
2/7/2021,NMB,BUY,427,5,443
2/7/2021,RLI,SELL,773,5,4308
2/7/2021,SANIMA,SELL,357,5,6093
2/8/2021,ADBL,SELL,462,5,8403
2/8/2021,AHPC,SELL,278,5,9793
2/8/2021,AKJCL,BUY,137,5,9108
2/8/2021,BARUN,SELL,254,5,10378
2/8/2021,CZBIL,SELL,302,5,11888
2/8/2021,DHPL,BUY,115,5,11313
2/8/2021,EBL,SELL,792,5,15273
2/8/2021,EDBL,SELL,403,5,17288
2/8/2021,HPPL,SELL,343,5,19003
2/8/2021,HURJA,SELL,220,5,20103
2/8/2021,ICFC,SELL,302,5,21613
2/8/2021,JBBL,SELL,226,5,22743
2/8/2021,JOSHI,BUY,121,5,22138
2/8/2021,KKHC,BUY,114,5,21568
2/8/2021,KSBBL,SELL,309,5,23113
2/8/2021,LBBL,SELL,245,5,24338
2/8/2021,MEGA,SELL,298,5,25828
2/8/2021,MFIL,SELL,516,5,28408
2/8/2021,MLBL,SELL,293,5,29873
2/8/2021,NABIL,SELL,1165,5,35698
2/8/2021,NBB,SELL,306,5,37228
2/8/2021,NHPC,BUY,140,5,36528
2/8/2021,NICA,SELL,889,5,40973
2/8/2021,NMB,SELL,442,5,43183
2/8/2021,PCBL,SELL,462,5,45493
2/8/2021,PROFL,BUY,160,5,44693
2/8/2021,SANIMA,SELL,379,5,46588
2/9/2021,ADBL,BUY,453,5,44323
2/9/2021,AHPC,SELL,278,5,45713
2/9/2021,AKJCL,SELL,144,5,46433
2/9/2021,BARUN,SELL,245,5,47658
2/9/2021,CZBIL,SELL,301,5,49163
2/9/2021,DHPL,BUY,114,5,48593
2/9/2021,EBL,BUY,782,5,44683
2/9/2021,EDBL,SELL,405,5,46708
2/9/2021,HPPL,SELL,350,5,48458
2/9/2021,HURJA,SELL,223,5,49573
2/9/2021,ICFC,SELL,297,5,51058
2/9/2021,JBBL,SELL,226,5,52188
2/9/2021,JOSHI,BUY,120,5,51588
2/9/2021,KKHC,SELL,116,5,52168
2/9/2021,KSBBL,SELL,330,5,53818
2/9/2021,LBBL,SELL,250,5,55068
2/9/2021,MEGA,SELL,296,5,56548
2/9/2021,MFIL,SELL,521,5,59153
2/9/2021,MLBL,SELL,299,5,60648
2/9/2021,NABIL,SELL,1160,5,66448
2/9/2021,NBB,SELL,299,5,67943
2/9/2021,NHPC,BUY,140,5,67243
2/9/2021,NICA,SELL,888,5,71683
2/9/2021,NMB,SELL,440,5,73883
2/9/2021,PCBL,SELL,458,5,76173
2/9/2021,PROFL,SELL,164,5,76993
2/9/2021,SANIMA,SELL,374,5,78863
2/10/2021,ADBL,SELL,457,5,81148
2/10/2021,AHPC,SELL,281,5,82553
2/10/2021,AKJCL,SELL,143,5,83268
2/10/2021,BARUN,SELL,245,5,84493
2/10/2021,CZBIL,SELL,308,5,86033
2/10/2021,DHPL,BUY,114,5,85463
2/10/2021,EBL,BUY,779,5,81568
2/10/2021,EDBL,SELL,401,5,83573
2/10/2021,HPPL,SELL,368,5,85413
2/10/2021,HURJA,SELL,231,5,86568
2/10/2021,ICFC,SELL,326,5,88198
2/10/2021,JBBL,SELL,226,5,89328
2/10/2021,JOSHI,BUY,119,5,88733
2/10/2021,KKHC,BUY,113,5,88168
2/10/2021,KSBBL,SELL,325,5,89793
2/10/2021,LBBL,SELL,250,5,91043
2/10/2021,MEGA,SELL,304,5,92563
2/10/2021,MLBL,SELL,305,5,94088
2/10/2021,NBB,SELL,307,5,95623
2/10/2021,NHPC,BUY,136,5,94943
2/10/2021,NMB,SELL,443,5,97158
2/10/2021,PROFL,SELL,165,5,97983
2/11/2021,ADBL,BUY,451,5,95728
2/11/2021,AHPC,SELL,291,5,97183
2/11/2021,AKJCL,BUY,138,5,96493
2/11/2021,BARUN,SELL,243,5,97708
2/11/2021,DHPL,BUY,115,5,97133
2/11/2021,EBL,SELL,785,5,101058
2/11/2021,EDBL,SELL,400,5,103058
2/11/2021,HPPL,SELL,350,5,104808
2/11/2021,HURJA,SELL,229,5,105953
2/11/2021,ICFC,SELL,320,5,107553
2/11/2021,JBBL,SELL,235,5,108728
2/11/2021,JOSHI,BUY,119,5,108133
2/11/2021,KKHC,SELL,116,5,108713
2/11/2021,LBBL,SELL,260,5,110013
2/11/2021,MEGA,SELL,303,5,111528
2/11/2021,MLBL,SELL,305,5,113053
2/11/2021,NBB,SELL,306,5,114583
2/11/2021,NHPC,BUY,135,5,113908
2/11/2021,NMB,SELL,441,5,116113
2/11/2021,PROFL,SELL,165,5,116938
2/11/2021,RLI,BUY,736,5,113258
2/14/2021,ADBL,BUY,448,5,111018
2/14/2021,AKJCL,SELL,143,5,111733
2/14/2021,CIT,BUY,4500,5,89233
2/14/2021,DHPL,BUY,114,5,88663
2/14/2021,EBL,BUY,775,5,84788
2/14/2021,HURJA,SELL,245,5,86013
2/14/2021,ICFC,SELL,310,5,87563
2/14/2021,JOSHI,BUY,119,5,86968
2/14/2021,KKHC,BUY,115,5,86393
2/14/2021,MEGA,SELL,296,5,87873
2/14/2021,MLBL,SELL,300,5,89373
2/14/2021,NBB,SELL,304,5,90893
2/14/2021,NHPC,BUY,134,5,90223
2/14/2021,NICA,BUY,877,5,85838
2/14/2021,PROFL,BUY,160,5,85038
2/14/2021,RLI,BUY,726,5,81408
2/15/2021,ADBL,SELL,456,5,83688
2/15/2021,AKJCL,SELL,143,5,84403
2/15/2021,CIT,SELL,4689,5,107848
2/15/2021,DHPL,BUY,115,5,107273
2/15/2021,EBL,SELL,797,5,111258
2/15/2021,JOSHI,SELL,121,5,111863
2/15/2021,KKHC,SELL,115,5,112438
2/15/2021,NHPC,BUY,137,5,111753
2/15/2021,NICA,SELL,917,5,116338
2/15/2021,PROFL,SELL,166,5,117168
2/15/2021,RLI,SELL,760,5,120968
2/16/2021,ADBL,SELL,462,5,123278
2/16/2021,AKJCL,SELL,145,5,124003
2/16/2021,DHPL,BUY,114,5,123433
2/16/2021,EBL,SELL,791,5,127388
2/16/2021,HPPL,BUY,330,5,125738
2/16/2021,JOSHI,BUY,118,5,125148
2/16/2021,KKHC,BUY,113,5,124583
2/16/2021,NHPC,BUY,136,5,123903
2/16/2021,PROFL,BUY,162,5,123093
2/16/2021,RLI,BUY,745,5,119368
2/17/2021,ADBL,SELL,467,5,121703
2/17/2021,AKJCL,BUY,141,5,120998
2/17/2021,BARUN,BUY,246,5,119768
2/17/2021,CIT,BUY,4600,5,96768
2/17/2021,DHPL,BUY,114,5,96198
2/17/2021,EBL,SELL,814,5,100268
2/17/2021,HPPL,BUY,325,5,98643
2/17/2021,JOSHI,BUY,119,5,98048
2/17/2021,KKHC,BUY,113,5,97483
2/17/2021,NHPC,BUY,135,5,96808
2/17/2021,PROFL,SELL,165,5,97633
2/17/2021,RLI,BUY,735,5,93958
2/18/2021,ADBL,SELL,472,5,96318
2/18/2021,AKJCL,SELL,142,5,97028
2/18/2021,BARUN,BUY,243,5,95813
2/18/2021,CIT,SELL,4705,5,119338
2/18/2021,DHPL,BUY,113,5,118773
2/18/2021,HPPL,SELL,352,5,120533
2/18/2021,JOSHI,BUY,118,5,119943
2/18/2021,KKHC,BUY,112,5,119383
2/18/2021,NHPC,BUY,137,5,118698
2/18/2021,PROFL,SELL,172,5,119558
2/18/2021,RLI,BUY,725,5,115933
2/21/2021,AKJCL,SELL,150,5,116683
2/21/2021,BARUN,BUY,246,5,115453
2/21/2021,DHPL,SELL,116,5,116033
2/21/2021,HPPL,SELL,344,5,117753
2/21/2021,JOSHI,SELL,123,5,118368
2/21/2021,KKHC,SELL,117,5,118953
2/21/2021,LICN,BUY,2426,5,106823
2/21/2021,MFIL,BUY,511,5,104268
2/21/2021,NHPC,SELL,147,5,105003
2/21/2021,PROFL,SELL,169,5,105848
2/21/2021,RLI,BUY,720,5,102248
2/22/2021,AKJCL,SELL,165,5,103073
2/22/2021,BARUN,BUY,243,5,101858
2/22/2021,DHPL,SELL,121,5,102463
2/22/2021,ICFC,BUY,316,5,100883
2/22/2021,JBBL,BUY,233,5,99718
2/22/2021,JOSHI,SELL,124,5,100338
2/22/2021,KKHC,SELL,128,5,100978
2/22/2021,KSBBL,BUY,315,5,99403
2/22/2021,LICN,BUY,2341,5,87698
2/22/2021,MFIL,BUY,510,5,85148
2/22/2021,NHPC,SELL,148,5,85888
2/22/2021,PCBL,BUY,464,5,83568
2/22/2021,PROFL,SELL,170,5,84418
2/22/2021,RLI,BUY,709,5,80873
2/23/2021,ADBL,BUY,455,5,78598
2/23/2021,AKJCL,SELL,154,5,79368
2/23/2021,BARUN,BUY,241,5,78163
2/23/2021,CZBIL,BUY,313,5,76598
2/23/2021,DHPL,SELL,119,5,77193
2/23/2021,ICFC,BUY,315,5,75618
2/23/2021,JBBL,BUY,235,5,74443
2/23/2021,KKHC,SELL,123,5,75058
2/23/2021,KSBBL,BUY,311,5,73503
2/23/2021,LBBL,BUY,259,5,72208
2/23/2021,LICN,BUY,2320,5,60608
2/23/2021,MEGA,BUY,307,5,59073
2/23/2021,MFIL,BUY,509,5,56528
2/23/2021,NHPC,SELL,146,5,57258
2/23/2021,NMB,BUY,450,5,55008
2/23/2021,PCBL,BUY,468,5,52668
2/23/2021,PROFL,SELL,170,5,53518
2/23/2021,RLI,BUY,693,5,50053
2/23/2021,SANIMA,BUY,377,5,48168
2/24/2021,ADBL,BUY,459,5,45873
2/24/2021,AKJCL,SELL,156,5,46653
2/24/2021,BARUN,BUY,239,5,45458
2/24/2021,CZBIL,BUY,312,5,43898
2/24/2021,DHPL,SELL,118,5,44488
2/24/2021,ICFC,BUY,315,5,42913
2/24/2021,JBBL,BUY,235,5,41738
2/24/2021,JOSHI,BUY,120,5,41138
2/24/2021,KKHC,SELL,123,5,41753
2/24/2021,KSBBL,BUY,316,5,40173
2/24/2021,LBBL,BUY,264,5,38853
2/24/2021,LICN,BUY,2330,5,27203
2/24/2021,MEGA,SELL,313,5,28768
2/24/2021,MFIL,BUY,505,5,26243
2/24/2021,MLBL,BUY,309,5,24698
2/24/2021,NHPC,SELL,146,5,25428
2/24/2021,NICA,BUY,920,5,20828
2/24/2021,NMB,BUY,456,5,18548
2/24/2021,PCBL,BUY,469,5,16203
2/24/2021,PROFL,SELL,171,5,17058
2/24/2021,RLI,BUY,710,5,13508
2/24/2021,SANIMA,BUY,378,5,11618
2/25/2021,ADBL,BUY,455,5,9343
2/25/2021,AKJCL,SELL,150,5,10093
2/25/2021,BARUN,BUY,235,5,8918
2/25/2021,CZBIL,BUY,307,5,7383
2/25/2021,EBL,BUY,805,5,3358
2/25/2021,ICFC,BUY,307,5,1823
2/25/2021,JBBL,BUY,229,5,678
2/25/2021,JOSHI,BUY,120,5,78
2/25/2021,KKHC,SELL,121,5,683
2/25/2021,NHPC,SELL,158,5,1473
2/25/2021,PROFL,BUY,165,5,648
2/28/2021,DHPL,BUY,113,5,83
2/28/2021,NHPC,SELL,149,5,828
2/28/2021,PROFL,BUY,162,5,18
3/1/2021,NHPC,SELL,149,5,763
3/2/2021,AKJCL,BUY,143,5,48
3/3/2021,NHPC,SELL,149,5,793
3/3/2021,PROFL,BUY,158,5,3
3/4/2021,JOSHI,SELL,119,5,598
3/4/2021,KKHC,BUY,119,5,3
3/4/2021,NHPC,SELL,163,5,818
3/4/2021,PROFL,BUY,161,5,13
3/7/2021,CZBIL,SELL,307,5,1548
3/7/2021,DHPL,BUY,115,5,973
3/7/2021,JOSHI,BUY,118,5,383
3/7/2021,NHPC,SELL,154,5,1153
3/7/2021,PROFL,BUY,159,5,358
3/9/2021,BARUN,SELL,235,5,1533
3/9/2021,CZBIL,BUY,301,5,28
3/9/2021,NHPC,SELL,154,5,798
3/9/2021,PROFL,BUY,158,5,8
3/10/2021,BARUN,SELL,236,5,1188
3/10/2021,DHPL,BUY,112,5,628
3/10/2021,JOSHI,BUY,117,5,43
3/10/2021,MLBL,SELL,299,5,1538
3/10/2021,NBB,BUY,304,5,18
3/10/2021,NHPC,SELL,158,5,808
3/10/2021,PROFL,BUY,160,5,8
3/14/2021,AKJCL,SELL,144,5,728
3/14/2021,BARUN,SELL,232,5,1888
3/14/2021,CZBIL,BUY,293,5,423
3/14/2021,DHPL,SELL,114,5,993
3/14/2021,JOSHI,BUY,117,5,408
3/14/2021,NHPC,SELL,159,5,1203
3/14/2021,PROFL,BUY,155,5,428
3/15/2021,DHPL,SELL,117,5,1013
3/15/2021,JOSHI,SELL,121,5,1618
3/15/2021,KKHC,SELL,117,5,2203
3/15/2021,KSBBL,BUY,293,5,738
3/15/2021,NHPC,SELL,160,5,1538
3/15/2021,PROFL,BUY,154,5,768
3/16/2021,BARUN,SELL,231,5,1923
3/16/2021,CZBIL,BUY,293,5,458
3/16/2021,DHPL,SELL,124,5,1078
3/16/2021,JOSHI,SELL,133,5,1743
3/16/2021,KKHC,SELL,128,5,2383
3/16/2021,KSBBL,BUY,295,5,908
3/16/2021,NHPC,SELL,166,5,1738
3/16/2021,PROFL,BUY,154,5,968
3/17/2021,BARUN,SELL,231,5,2123
3/17/2021,CZBIL,BUY,298,5,633
3/17/2021,DHPL,SELL,131,5,1288
3/17/2021,JBBL,SELL,222,5,2398
3/17/2021,JOSHI,SELL,146,5,3128
3/17/2021,KKHC,SELL,140,5,3828
3/17/2021,KSBBL,SELL,302,5,5338
3/17/2021,LBBL,BUY,242,5,4128
3/17/2021,LICN,SELL,2271,5,15483
3/17/2021,MEGA,BUY,287,5,14048
3/17/2021,MFIL,SELL,475,5,16423
3/17/2021,MLBL,BUY,264,5,15103
3/17/2021,NABIL,BUY,1219,5,9008
3/17/2021,NBB,SELL,318,5,10598
3/17/2021,NHPC,SELL,163,5,11413
3/17/2021,NICA,BUY,865,5,7088
3/17/2021,NMB,BUY,412,5,5028
3/17/2021,PCBL,BUY,423,5,2913
3/17/2021,PROFL,SELL,161,5,3718
3/17/2021,RLI,BUY,638,5,528
3/18/2021,ADBL,SELL,430,5,2678
3/18/2021,AHPC,BUY,321,5,1073
3/18/2021,CZBIL,SELL,301,5,2578
3/18/2021,DHPL,SELL,124,5,3198
3/18/2021,HPPL,BUY,413,5,1133
3/18/2021,ICFC,SELL,300,5,2633
3/18/2021,JBBL,SELL,224,5,3753
3/18/2021,JOSHI,SELL,136,5,4433
3/18/2021,KKHC,SELL,133,5,5098
3/18/2021,KSBBL,SELL,310,5,6648
3/18/2021,LBBL,SELL,248,5,7888
3/18/2021,LICN,SELL,2354,5,19658
3/18/2021,MEGA,SELL,297,5,21143
3/18/2021,MFIL,SELL,492,5,23603
3/18/2021,MLBL,BUY,266,5,22273
3/18/2021,NABIL,BUY,1243,5,16058
3/18/2021,NHPC,SELL,164,5,16878
3/18/2021,NICA,SELL,872,5,21238
3/18/2021,NMB,BUY,415,5,19163
3/18/2021,PCBL,BUY,428,5,17023
3/18/2021,PROFL,SELL,159,5,17818
3/18/2021,RLI,SELL,657,5,21103
3/18/2021,SANIMA,SELL,360,5,22903
3/21/2021,ADBL,SELL,437,5,25088
3/21/2021,AHPC,BUY,313,5,23523
3/21/2021,AKJCL,BUY,145,5,22798
3/21/2021,BARUN,BUY,230,5,21648
3/21/2021,CZBIL,SELL,305,5,23173
3/21/2021,DHPL,SELL,119,5,23768
3/21/2021,EBL,BUY,745,5,20043
3/21/2021,HPPL,BUY,429,5,17898
3/21/2021,HURJA,BUY,327,5,16263
3/21/2021,ICFC,SELL,304,5,17783
3/21/2021,JBBL,SELL,227,5,18918
3/21/2021,JOSHI,SELL,129,5,19563
3/21/2021,KKHC,SELL,125,5,20188
3/21/2021,KSBBL,SELL,316,5,21768
3/21/2021,LBBL,SELL,253,5,23033
3/21/2021,LICN,SELL,2363,5,34848
3/21/2021,MFIL,SELL,493,5,37313
3/21/2021,MLBL,BUY,275,5,35938
3/21/2021,NABIL,SELL,1259,5,42233
3/21/2021,NHPC,SELL,162,5,43043
3/21/2021,NICA,SELL,893,5,47508
3/21/2021,NMB,SELL,428,5,49648
3/21/2021,PCBL,SELL,435,5,51823
3/21/2021,PROFL,SELL,159,5,52618
3/21/2021,RLI,SELL,680,5,56018
3/21/2021,SANIMA,SELL,365,5,57843
3/22/2021,ADBL,SELL,429,5,59988
3/22/2021,AHPC,BUY,260,5,58688
3/22/2021,AKJCL,SELL,154,5,59458
3/22/2021,BARUN,BUY,229,5,58313
3/22/2021,CZBIL,SELL,300,5,59813
3/22/2021,DHPL,BUY,116,5,59233
3/22/2021,EBL,BUY,736,5,55553
3/22/2021,EDBL,BUY,425,5,53428
3/22/2021,HPPL,BUY,415,5,51353
3/22/2021,HURJA,BUY,338,5,49663
3/22/2021,ICFC,SELL,300,5,51163
3/22/2021,JBBL,SELL,222,5,52273
3/22/2021,JOSHI,SELL,127,5,52908
3/22/2021,KKHC,SELL,125,5,53533
3/22/2021,KSBBL,SELL,311,5,55088
3/22/2021,LBBL,SELL,250,5,56338
3/22/2021,LICN,SELL,2302,5,67848
3/22/2021,MFIL,SELL,484,5,70268
3/22/2021,MLBL,BUY,273,5,68903
3/22/2021,NABIL,SELL,1244,5,75123
3/22/2021,NMB,SELL,423,5,77238
3/22/2021,PCBL,SELL,436,5,79418
3/22/2021,PROFL,SELL,158,5,80208
3/22/2021,RLI,SELL,667,5,83543
3/23/2021,AHPC,BUY,253,5,82278
3/23/2021,BARUN,SELL,233,5,83443
3/23/2021,DHPL,SELL,119,5,84038
3/23/2021,EBL,BUY,733,5,80373
3/23/2021,EDBL,SELL,447,5,82608
3/23/2021,HPPL,BUY,402,5,80598
3/23/2021,HURJA,SELL,345,5,82323
3/23/2021,ICFC,SELL,297,5,83808
3/23/2021,JOSHI,SELL,131,5,84463
3/23/2021,KKHC,SELL,128,5,85103
3/23/2021,KSBBL,SELL,310,5,86653
3/23/2021,MLBL,BUY,268,5,85313
3/23/2021,NABIL,BUY,1234,5,79143
3/23/2021,NHPC,SELL,163,5,79958
3/23/2021,NMB,SELL,422,5,82068
3/23/2021,PCBL,SELL,434,5,84238
3/23/2021,PROFL,BUY,156,5,83458
3/23/2021,RLI,SELL,664,5,86778
3/23/2021,SANIMA,BUY,356,5,84998
3/24/2021,AHPC,BUY,249,5,83753
3/24/2021,AKJCL,BUY,150,5,83003
3/24/2021,BARUN,SELL,234,5,84173
3/24/2021,CZBIL,SELL,307,5,85708
3/24/2021,DHPL,SELL,120,5,86308
3/24/2021,EBL,SELL,743,5,90023
3/24/2021,HPPL,BUY,410,5,87973
3/24/2021,HURJA,SELL,345,5,89698
3/24/2021,JOSHI,BUY,128,5,89058
3/24/2021,KKHC,BUY,125,5,88433
3/24/2021,MLBL,BUY,270,5,87083
3/24/2021,NABIL,SELL,1239,5,93278
3/24/2021,NMB,SELL,427,5,95413
3/24/2021,PCBL,SELL,443,5,97628
3/24/2021,PROFL,SELL,159,5,98423
3/24/2021,RLI,SELL,670,5,101773
3/24/2021,SANIMA,SELL,364,5,103593
3/25/2021,AHPC,BUY,245,5,102368
3/25/2021,AKJCL,BUY,150,5,101618
3/25/2021,BARUN,SELL,235,5,102793
3/25/2021,CZBIL,SELL,303,5,104308
3/25/2021,DHPL,SELL,121,5,104913
3/25/2021,EBL,SELL,735,5,108588
3/25/2021,HPPL,BUY,398,5,106598
3/25/2021,HURJA,BUY,330,5,104948
3/25/2021,JOSHI,SELL,131,5,105603
3/25/2021,KKHC,BUY,125,5,104978
3/25/2021,MFIL,BUY,475,5,102603
3/25/2021,MLBL,BUY,270,5,101253
3/25/2021,NABIL,BUY,1227,5,95118
3/25/2021,NHPC,BUY,162,5,94308
3/25/2021,PCBL,SELL,433,5,96473
3/25/2021,PROFL,BUY,156,5,95693
3/25/2021,RLI,SELL,665,5,99018
3/29/2021,AHPC,BUY,245,5,97793
3/29/2021,AKJCL,BUY,149,5,97048
3/29/2021,BARUN,SELL,246,5,98278
3/29/2021,CZBIL,SELL,305,5,99803
3/29/2021,DHPL,BUY,119,5,99208
3/29/2021,EBL,SELL,737,5,102893
3/29/2021,HPPL,BUY,390,5,100943
3/29/2021,HURJA,SELL,348,5,102683
3/29/2021,ICFC,BUY,296,5,101203
3/29/2021,JBBL,BUY,221,5,100098
3/29/2021,JOSHI,BUY,131,5,99443
3/29/2021,KKHC,BUY,124,5,98823
3/29/2021,LBBL,BUY,245,5,97598
3/29/2021,MFIL,BUY,474,5,95228
3/29/2021,MLBL,BUY,268,5,93888
3/29/2021,NABIL,SELL,1232,5,100048
3/29/2021,NHPC,BUY,161,5,99243
3/29/2021,NICA,BUY,872,5,94883
3/29/2021,PCBL,BUY,430,5,92733
3/29/2021,PROFL,SELL,160,5,93533
3/29/2021,RLI,SELL,674,5,96903
3/30/2021,AHPC,BUY,243,5,95688
3/30/2021,AKJCL,BUY,150,5,94938
3/30/2021,DHPL,BUY,118,5,94348
3/30/2021,EBL,SELL,736,5,98028
3/30/2021,HPPL,BUY,395,5,96053
3/30/2021,ICFC,SELL,300,5,97553
3/30/2021,JBBL,BUY,221,5,96448
3/30/2021,JOSHI,BUY,130,5,95798
3/30/2021,KKHC,BUY,125,5,95173
3/30/2021,LBBL,SELL,247,5,96408
3/30/2021,MFIL,SELL,484,5,98828
3/30/2021,MLBL,BUY,267,5,97493
3/30/2021,NHPC,BUY,161,5,96688
3/30/2021,NICA,BUY,872,5,92328
3/30/2021,PCBL,BUY,430,5,90178
3/30/2021,RLI,SELL,710,5,93728
3/31/2021,AHPC,BUY,244,5,92508
3/31/2021,AKJCL,BUY,149,5,91763
3/31/2021,DHPL,BUY,118,5,91173
3/31/2021,HPPL,BUY,393,5,89208
3/31/2021,HURJA,BUY,338,5,87518
3/31/2021,JBBL,SELL,224,5,88638
3/31/2021,JOSHI,BUY,130,5,87988
3/31/2021,KKHC,BUY,123,5,87373
3/31/2021,LICN,BUY,2270,5,76023
3/31/2021,MFIL,SELL,487,5,78458
3/31/2021,MLBL,SELL,272,5,79818
3/31/2021,NHPC,BUY,161,5,79013
3/31/2021,NICA,SELL,903,5,83528
3/31/2021,PCBL,SELL,437,5,85713
3/31/2021,PROFL,SELL,160,5,86513
3/31/2021,RLI,SELL,724,5,90133
4/1/2021,AHPC,BUY,255,5,88858
4/1/2021,AKJCL,SELL,150,5,89608
4/1/2021,CIT,BUY,4370,5,67758
4/1/2021,DHPL,BUY,118,5,67168
4/1/2021,HPPL,BUY,391,5,65213
4/1/2021,HURJA,BUY,334,5,63543
4/1/2021,JBBL,SELL,232,5,64703
4/1/2021,JOSHI,BUY,130,5,64053
4/1/2021,KKHC,BUY,125,5,63428
4/1/2021,LICN,BUY,2292,5,51968
4/1/2021,MLBL,SELL,277,5,53353
4/1/2021,NHPC,SELL,164,5,54173
4/1/2021,NICA,SELL,907,5,58708
4/1/2021,PCBL,SELL,438,5,60898
4/1/2021,PROFL,SELL,160,5,61698
4/4/2021,AHPC,SELL,272,5,63058
4/4/2021,AKJCL,SELL,152,5,63818
4/4/2021,CIT,BUY,4288,5,42378
4/4/2021,DHPL,SELL,119,5,42973
4/4/2021,HPPL,BUY,398,5,40983
4/4/2021,HURJA,BUY,338,5,39293
4/4/2021,JOSHI,BUY,128,5,38653
4/4/2021,KKHC,BUY,123,5,38038
4/4/2021,LICN,BUY,2301,5,26533
4/4/2021,MLBL,SELL,280,5,27933
4/4/2021,NHPC,SELL,167,5,28768
4/4/2021,PROFL,SELL,168,5,29608
4/5/2021,AHPC,SELL,277,5,30993
4/5/2021,AKJCL,BUY,150,5,30243
4/5/2021,CIT,BUY,4195,5,9268
4/5/2021,DHPL,SELL,119,5,9863
4/5/2021,HPPL,BUY,396,5,7883
4/5/2021,HURJA,BUY,336,5,6203
4/5/2021,JOSHI,SELL,130,5,6853
4/5/2021,KKHC,BUY,123,5,6238
4/5/2021,LICN,SELL,2323,5,17853
4/5/2021,MLBL,SELL,279,5,19248
4/5/2021,NBB,BUY,369,5,17403
4/5/2021,NHPC,SELL,170,5,18253
4/5/2021,PROFL,SELL,166,5,19083
4/6/2021,AHPC,SELL,277,5,20468
4/6/2021,AKJCL,SELL,158,5,21258
4/6/2021,DHPL,SELL,129,5,21903
4/6/2021,HPPL,SELL,420,5,24003
4/6/2021,HURJA,BUY,339,5,22308
4/6/2021,JOSHI,SELL,142,5,23018
4/6/2021,KKHC,SELL,128,5,23658
4/6/2021,LICN,SELL,2314,5,35228
4/6/2021,MLBL,SELL,285,5,36653
4/6/2021,NBB,BUY,366,5,34823
4/6/2021,NHPC,SELL,184,5,35743
4/6/2021,NMB,BUY,424,5,33623
4/6/2021,PROFL,SELL,170,5,34473
4/7/2021,AHPC,SELL,267,5,35808
4/7/2021,AKJCL,SELL,157,5,36593
4/7/2021,CIT,BUY,4231,5,15438
4/7/2021,DHPL,SELL,127,5,16073
4/7/2021,HPPL,SELL,403,5,18088
4/7/2021,HURJA,BUY,337,5,16403
4/7/2021,JOSHI,SELL,138,5,17093
4/7/2021,KKHC,SELL,138,5,17783
4/7/2021,LICN,SELL,2348,5,29523
4/7/2021,MLBL,SELL,292,5,30983
4/7/2021,NBB,BUY,367,5,29148
4/7/2021,NMB,SELL,425,5,31273
4/7/2021,PROFL,SELL,170,5,32123
4/8/2021,AHPC,SELL,264,5,33443
4/8/2021,AKJCL,SELL,155,5,34218
4/8/2021,BARUN,BUY,245,5,32993
4/8/2021,CIT,BUY,4205,5,11968
4/8/2021,DHPL,SELL,126,5,12598
4/8/2021,HPPL,SELL,402,5,14608
4/8/2021,HURJA,BUY,333,5,12943
4/8/2021,JOSHI,SELL,138,5,13633
4/8/2021,KKHC,SELL,134,5,14303
4/8/2021,MLBL,SELL,292,5,15763
4/8/2021,NBB,BUY,368,5,13923
4/8/2021,NMB,BUY,424,5,11803
4/12/2021,AHPC,SELL,261,5,13108
4/12/2021,AKJCL,SELL,153,5,13873
4/12/2021,BARUN,BUY,242,5,12663
4/12/2021,DHPL,SELL,123,5,13278
4/12/2021,HPPL,SELL,400,5,15278
4/12/2021,HURJA,BUY,330,5,13628
4/12/2021,JOSHI,SELL,137,5,14313
4/12/2021,KKHC,SELL,130,5,14963
4/12/2021,MLBL,SELL,295,5,16438
4/12/2021,NBB,SELL,379,5,18333
4/12/2021,NMB,SELL,431,5,20488
4/13/2021,AHPC,BUY,260,5,19188
4/13/2021,BARUN,SELL,248,5,20428
4/13/2021,DHPL,SELL,122,5,21038
4/13/2021,HPPL,BUY,398,5,19048
4/13/2021,HURJA,BUY,330,5,17398
4/13/2021,JOSHI,SELL,137,5,18083
4/13/2021,KKHC,SELL,132,5,18743
4/13/2021,MLBL,SELL,310,5,20293
4/13/2021,NBB,SELL,392,5,22253
4/13/2021,NHPC,BUY,166,5,21423
4/13/2021,RLI,BUY,728,5,17783
4/15/2021,AHPC,BUY,261,5,16478
4/15/2021,BARUN,BUY,244,5,15258
4/15/2021,DHPL,SELL,127,5,15893
4/15/2021,HPPL,BUY,398,5,13903
4/15/2021,HURJA,BUY,333,5,12238
4/15/2021,JOSHI,SELL,138,5,12928
4/15/2021,KKHC,SELL,134,5,13598
4/15/2021,NBB,SELL,403,5,15613
4/15/2021,NHPC,BUY,162,5,14803
4/15/2021,RLI,BUY,725,5,11178
4/18/2021,AHPC,BUY,256,5,9898
4/18/2021,BARUN,BUY,243,5,8683
4/18/2021,DHPL,SELL,139,5,9378
4/18/2021,HPPL,SELL,401,5,11383
4/18/2021,HURJA,SELL,338,5,13073
4/18/2021,JOSHI,SELL,145,5,13798
4/18/2021,KKHC,SELL,138,5,14488
4/18/2021,NBB,SELL,390,5,16438
4/18/2021,NHPC,BUY,159,5,15643
4/18/2021,RLI,BUY,718,5,12053
4/19/2021,ADBL,BUY,433,5,9888
4/19/2021,AHPC,BUY,253,5,8623
4/19/2021,AKJCL,BUY,152,5,7863
4/19/2021,BARUN,BUY,241,5,6658
4/19/2021,CZBIL,BUY,317,5,5073
4/19/2021,DHPL,SELL,135,5,5748
4/19/2021,HPPL,BUY,399,5,3753
4/19/2021,HURJA,SELL,335,5,5428
4/19/2021,JOSHI,SELL,141,5,6133
4/19/2021,KKHC,SELL,135,5,6808
4/19/2021,MEGA,BUY,312,5,5248
4/19/2021,NHPC,BUY,157,5,4463
4/19/2021,NMB,BUY,424,5,2343
4/19/2021,PCBL,BUY,440,5,143
4/20/2021,AHPC,SELL,266,5,1473
4/20/2021,BARUN,BUY,241,5,268
4/20/2021,CZBIL,SELL,320,5,1868
4/20/2021,DHPL,SELL,135,5,2543
4/20/2021,HPPL,SELL,430,5,4693
4/20/2021,HURJA,SELL,368,5,6533
4/20/2021,JOSHI,SELL,140,5,7233
4/20/2021,KKHC,SELL,138,5,7923
4/20/2021,MEGA,SELL,314,5,9493
4/20/2021,MLBL,BUY,292,5,8033
4/20/2021,NABIL,BUY,1315,5,1458
4/20/2021,NHPC,BUY,158,5,668
4/21/2021,AKJCL,SELL,156,5,1448
4/21/2021,BARUN,BUY,241,5,243
4/21/2021,DHPL,SELL,133,5,908
4/21/2021,HPPL,SELL,412,5,2968
4/21/2021,HURJA,SELL,378,5,4858
4/21/2021,ICFC,BUY,320,5,3258
4/21/2021,JBBL,BUY,260,5,1958
4/21/2021,JOSHI,SELL,140,5,2658
4/21/2021,KKHC,SELL,136,5,3338
4/21/2021,KSBBL,BUY,352,5,1578
4/21/2021,MEGA,BUY,310,5,28
4/22/2021,AHPC,SELL,262,5,1338
4/22/2021,BARUN,BUY,243,5,123
4/22/2021,DHPL,SELL,136,5,803
4/22/2021,HPPL,SELL,412,5,2863
4/22/2021,HURJA,SELL,365,5,4688
4/22/2021,ICFC,BUY,326,5,3058
4/22/2021,JBBL,SELL,267,5,4393
4/22/2021,JOSHI,SELL,141,5,5098
4/22/2021,KSBBL,BUY,353,5,3333
4/22/2021,MEGA,BUY,313,5,1768
4/22/2021,MLBL,SELL,299,5,3263
4/22/2021,NHPC,BUY,161,5,2458
4/22/2021,NMB,BUY,421,5,353
4/25/2021,HURJA,SELL,358,5,2143
4/25/2021,ICFC,BUY,310,5,593
4/27/2021,AHPC,SELL,270,5,1943
4/27/2021,AKJCL,BUY,153,5,1178
4/27/2021,BARUN,BUY,235,5,3
4/27/2021,HURJA,SELL,374,5,1873
4/27/2021,ICFC,BUY,313,5,308
4/28/2021,AHPC,SELL,273,5,1673
4/28/2021,AKJCL,BUY,151,5,918
4/28/2021,DHPL,BUY,129,5,273
4/28/2021,HURJA,SELL,390,5,2223
4/28/2021,ICFC,BUY,308,5,683
4/28/2021,JOSHI,BUY,134,5,13
4/29/2021,AHPC,SELL,288,5,1453
4/29/2021,AKJCL,BUY,153,5,688
4/29/2021,BARUN,SELL,240,5,1888
4/29/2021,CZBIL,BUY,309,5,343
4/29/2021,DHPL,SELL,136,5,1023
4/29/2021,HPPL,SELL,412,5,3083
4/29/2021,HURJA,SELL,389,5,5028
4/29/2021,ICFC,BUY,309,5,3483
4/29/2021,JBBL,BUY,261,5,2178
4/29/2021,JOSHI,BUY,136,5,1498
4/29/2021,KKHC,BUY,130,5,848
4/29/2021,NHPC,SELL,157,5,1633
4/29/2021,PROFL,BUY,173,5,768
5/2/2021,ADBL,SELL,424,5,2888
5/2/2021,AHPC,SELL,303,5,4403
5/2/2021,AKJCL,SELL,155,5,5178
5/2/2021,BARUN,SELL,242,5,6388
5/2/2021,CIT,SELL,3910,5,25938
5/2/2021,CZBIL,SELL,313,5,27503
5/2/2021,DHPL,SELL,135,5,28178
5/2/2021,EBL,BUY,743,5,24463
5/2/2021,HPPL,SELL,425,5,26588
5/2/2021,HURJA,SELL,391,5,28543
5/2/2021,ICFC,BUY,315,5,26968
5/2/2021,JBBL,SELL,267,5,28303
5/2/2021,JOSHI,BUY,137,5,27618
5/2/2021,KKHC,SELL,134,5,28288
5/2/2021,KSBBL,SELL,351,5,30043
5/2/2021,LBBL,BUY,281,5,28638
5/2/2021,MEGA,SELL,307,5,30173
5/2/2021,MFIL,BUY,495,5,27698
5/2/2021,MLBL,BUY,287,5,26263
5/2/2021,NABIL,BUY,1275,5,19888
5/2/2021,NHPC,SELL,158,5,20678
5/2/2021,NICA,BUY,904,5,16158
5/2/2021,NMB,SELL,421,5,18263
5/2/2021,PCBL,SELL,440,5,20463
5/2/2021,PROFL,SELL,181,5,21368
5/2/2021,RLI,SELL,707,5,24903
5/3/2021,ADBL,BUY,418,5,22813
5/3/2021,AHPC,SELL,299,5,24308
5/3/2021,AKJCL,BUY,153,5,23543
5/3/2021,BARUN,SELL,243,5,24758
5/3/2021,CIT,SELL,3909,5,44303
5/3/2021,CZBIL,BUY,308,5,42763
5/3/2021,DHPL,SELL,133,5,43428
5/3/2021,EBL,BUY,733,5,39763
5/3/2021,EDBL,BUY,529,5,37118
5/3/2021,HPPL,SELL,411,5,39173
5/3/2021,ICFC,BUY,314,5,37603
5/3/2021,JOSHI,SELL,137,5,38288
5/3/2021,KKHC,BUY,132,5,37628
5/3/2021,KSBBL,SELL,349,5,39373
5/3/2021,LBBL,BUY,276,5,37993
5/3/2021,MEGA,BUY,304,5,36473
5/3/2021,MFIL,BUY,489,5,34028
5/3/2021,MLBL,BUY,284,5,32608
5/3/2021,NABIL,SELL,1284,5,39028
5/3/2021,NHPC,SELL,157,5,39813
5/3/2021,NICA,BUY,898,5,35323
5/3/2021,NMB,SELL,417,5,37408
5/3/2021,PROFL,BUY,177,5,36523
5/3/2021,RLI,SELL,704,5,40043
5/4/2021,ADBL,BUY,417,5,37958
5/4/2021,AHPC,SELL,306,5,39488
5/4/2021,AKJCL,SELL,159,5,40283
5/4/2021,BARUN,SELL,247,5,41518
5/4/2021,CIT,SELL,3915,5,61093
5/4/2021,CZBIL,BUY,308,5,59553
5/4/2021,EBL,BUY,730,5,55903
5/4/2021,EDBL,SELL,530,5,58553
5/4/2021,HPPL,SELL,411,5,60608
5/4/2021,ICFC,BUY,311,5,59053
5/4/2021,JOSHI,SELL,144,5,59773
5/4/2021,KKHC,SELL,137,5,60458
5/4/2021,LBBL,BUY,278,5,59068
5/4/2021,MEGA,BUY,301,5,57563
5/4/2021,MFIL,BUY,489,5,55118
5/4/2021,MLBL,BUY,282,5,53708
5/4/2021,NABIL,SELL,1274,5,60078
5/4/2021,NHPC,SELL,162,5,60888
5/4/2021,NICA,BUY,890,5,56438
5/4/2021,PROFL,BUY,176,5,55558
5/4/2021,RLI,SELL,698,5,59048
5/5/2021,ADBL,BUY,417,5,56963
5/5/2021,AKJCL,SELL,174,5,57833
5/5/2021,BARUN,SELL,271,5,59188
5/5/2021,CIT,SELL,3886,5,78618
5/5/2021,EBL,BUY,729,5,74973
5/5/2021,HPPL,SELL,412,5,77033
5/5/2021,ICFC,BUY,312,5,75473
5/5/2021,JOSHI,SELL,158,5,76263
5/5/2021,KSBBL,BUY,343,5,74548
5/5/2021,LBBL,BUY,278,5,73158
5/5/2021,MEGA,BUY,302,5,71648
5/5/2021,MFIL,SELL,500,5,74148
5/5/2021,MLBL,BUY,282,5,72738
5/5/2021,NABIL,BUY,1266,5,66408
5/5/2021,NHPC,SELL,167,5,67243
5/5/2021,NICA,BUY,887,5,62808
5/5/2021,NMB,BUY,414,5,60738
5/5/2021,PROFL,BUY,176,5,59858
5/6/2021,ADBL,BUY,417,5,57773
5/6/2021,AKJCL,SELL,172,5,58633
5/6/2021,BARUN,SELL,279,5,60028
5/6/2021,CIT,BUY,3826,5,40898
5/6/2021,CZBIL,SELL,311,5,42453
5/6/2021,EBL,BUY,725,5,38828
5/6/2021,HPPL,SELL,411,5,40883
5/6/2021,HURJA,BUY,368,5,39043
5/6/2021,ICFC,SELL,317,5,40628
5/6/2021,JOSHI,SELL,173,5,41493
5/6/2021,KSBBL,SELL,344,5,43213
5/6/2021,LBBL,BUY,275,5,41838
5/6/2021,MEGA,SELL,304,5,43358
5/6/2021,MFIL,SELL,509,5,45903
5/6/2021,MLBL,BUY,281,5,44498
5/6/2021,NABIL,BUY,1265,5,38173
5/6/2021,NHPC,SELL,165,5,38998
5/6/2021,NICA,BUY,886,5,34568
5/6/2021,NMB,BUY,412,5,32508
5/6/2021,PROFL,SELL,180,5,33408
5/6/2021,RLI,BUY,686,5,29978
5/9/2021,ADBL,SELL,419,5,32073
5/9/2021,BARUN,SELL,265,5,33398
5/9/2021,CIT,BUY,3826,5,14268
5/9/2021,CZBIL,SELL,312,5,15828
5/9/2021,EBL,BUY,725,5,12203
5/9/2021,HPPL,SELL,408,5,14243
5/9/2021,HURJA,BUY,363,5,12428
5/9/2021,ICFC,SELL,314,5,13998
5/9/2021,JOSHI,SELL,170,5,14848
5/9/2021,KSBBL,BUY,341,5,13143
5/9/2021,LBBL,BUY,274,5,11773
5/9/2021,MEGA,SELL,306,5,13303
5/9/2021,MFIL,SELL,502,5,15813
5/9/2021,MLBL,BUY,279,5,14418
5/9/2021,NABIL,BUY,1259,5,8123
5/9/2021,NICA,BUY,884,5,3703
5/9/2021,NMB,BUY,413,5,1638
5/9/2021,PROFL,SELL,179,5,2533
5/10/2021,ADBL,SELL,420,5,4633
5/10/2021,BARUN,SELL,275,5,6008
5/10/2021,EBL,BUY,726,5,2378
5/10/2021,HURJA,BUY,363,5,563
5/10/2021,ICFC,SELL,315,5,2138
5/10/2021,JOSHI,SELL,163,5,2953
5/10/2021,KSBBL,BUY,341,5,1248
5/10/2021,LBBL,SELL,277,5,2633
5/10/2021,MEGA,SELL,307,5,4168
5/10/2021,MLBL,BUY,280,5,2768
5/10/2021,NBB,BUY,375,5,893
5/10/2021,PROFL,SELL,178,5,1783
5/11/2021,ADBL,SELL,421,5,3888
5/11/2021,CIT,SELL,3929,5,23533
5/11/2021,EBL,BUY,726,5,19903
5/11/2021,HPPL,BUY,409,5,17858
5/11/2021,HURJA,BUY,373,5,15993
5/11/2021,ICFC,SELL,316,5,17573
5/11/2021,JOSHI,SELL,168,5,18413
5/11/2021,KSBBL,SELL,345,5,20138
5/11/2021,LBBL,SELL,281,5,21543
5/11/2021,MEGA,SELL,308,5,23083
5/11/2021,MLBL,SELL,283,5,24498
5/11/2021,NABIL,BUY,1265,5,18173
5/11/2021,NBB,BUY,373,5,16308
5/11/2021,NICA,BUY,892,5,11848
5/11/2021,NMB,SELL,418,5,13938
5/11/2021,PCBL,BUY,430,5,11788
5/11/2021,RLI,BUY,688,5,8348
5/12/2021,ADBL,BUY,419,5,6253
5/12/2021,CIT,SELL,3920,5,25853
5/12/2021,EBL,BUY,726,5,22223
5/12/2021,HPPL,SELL,438,5,24413
5/12/2021,HURJA,SELL,377,5,26298
5/12/2021,ICFC,SELL,319,5,27893
5/12/2021,KSBBL,BUY,344,5,26173
5/12/2021,LBBL,SELL,281,5,27578
5/12/2021,MLBL,BUY,282,5,26168
5/12/2021,NABIL,BUY,1262,5,19858
5/12/2021,NBB,BUY,371,5,18003
5/12/2021,NICA,BUY,887,5,13568
5/12/2021,NMB,SELL,416,5,15648
5/12/2021,PCBL,BUY,428,5,13508
5/12/2021,RLI,BUY,687,5,10073
5/13/2021,ADBL,BUY,419,5,7978
5/13/2021,CIT,SELL,3903,5,27493
5/13/2021,EBL,BUY,722,5,23883
5/13/2021,HURJA,SELL,391,5,25838
5/13/2021,ICFC,SELL,334,5,27508
5/13/2021,KSBBL,SELL,356,5,29288
5/13/2021,LBBL,SELL,288,5,30728
5/13/2021,MLBL,SELL,287,5,32163
5/13/2021,NABIL,BUY,1267,5,25828
5/13/2021,NBB,BUY,375,5,23953
5/13/2021,NICA,BUY,889,5,19508
5/13/2021,NMB,BUY,415,5,17433
5/13/2021,PCBL,BUY,430,5,15283
5/13/2021,RLI,BUY,688,5,11843
5/16/2021,ADBL,SELL,425,5,13968
5/16/2021,EBL,SELL,737,5,17653
5/16/2021,HURJA,SELL,387,5,19588
5/16/2021,ICFC,SELL,338,5,21278
5/16/2021,KSBBL,SELL,377,5,23163
5/16/2021,LBBL,SELL,299,5,24658
5/16/2021,MLBL,SELL,303,5,26173
5/16/2021,NABIL,SELL,1288,5,32613
5/16/2021,NBB,SELL,382,5,34523
5/16/2021,NICA,SELL,903,5,39038
5/16/2021,NMB,SELL,423,5,41153
5/16/2021,PCBL,SELL,437,5,43338
5/16/2021,RLI,SELL,715,5,46913
5/17/2021,ADBL,SELL,428,5,49053
5/17/2021,EBL,SELL,737,5,52738
5/17/2021,HURJA,SELL,399,5,54733
5/17/2021,ICFC,SELL,333,5,56398
5/17/2021,LBBL,SELL,297,5,57883
5/17/2021,MLBL,SELL,299,5,59378
5/17/2021,NABIL,SELL,1308,5,65918
5/17/2021,NBB,SELL,384,5,67838
5/17/2021,NICA,SELL,907,5,72373
5/17/2021,NMB,SELL,425,5,74498
5/17/2021,PCBL,SELL,438,5,76688
5/17/2021,RLI,SELL,711,5,80243
5/18/2021,ADBL,SELL,433,5,82408
5/18/2021,EBL,SELL,737,5,86093
5/18/2021,ICFC,SELL,350,5,87843
5/18/2021,MLBL,SELL,306,5,89373
5/18/2021,NABIL,SELL,1308,5,95913
5/18/2021,NBB,SELL,384,5,97833
5/18/2021,NICA,SELL,905,5,102358
5/18/2021,PCBL,SELL,437,5,104543
5/18/2021,RLI,SELL,712,5,108103
5/19/2021,EBL,SELL,738,5,111793
5/19/2021,ICFC,SELL,349,5,113538
5/19/2021,MLBL,SELL,300,5,115038
5/19/2021,NABIL,SELL,1302,5,121548
5/19/2021,NBB,SELL,384,5,123468
5/19/2021,NICA,SELL,905,5,127993
5/19/2021,RLI,SELL,711,5,131548
5/20/2021,EBL,SELL,740,5,135248
5/20/2021,HPPL,BUY,423,5,133133
5/20/2021,MLBL,SELL,311,5,134688
5/20/2021,NABIL,SELL,1300,5,141188
5/20/2021,NICA,SELL,906,5,145718
5/23/2021,EBL,SELL,758,5,149508
5/23/2021,HPPL,BUY,426,5,147378
5/23/2021,HURJA,BUY,386,5,145448
5/23/2021,MLBL,SELL,342,5,147158
5/23/2021,NABIL,SELL,1312,5,153718
5/23/2021,NICA,SELL,948,5,158458
5/24/2021,EBL,SELL,754,5,162228
5/24/2021,HPPL,SELL,436,5,164408
5/24/2021,HURJA,SELL,390,5,166358
5/24/2021,LICN,BUY,2353,5,154593
5/24/2021,NICA,SELL,923,5,159208
5/24/2021,RLI,BUY,702,5,155698
5/25/2021,EBL,SELL,743,5,159413
5/25/2021,HPPL,SELL,436,5,161593
5/25/2021,LICN,SELL,2399,5,173588
5/25/2021,NICA,SELL,910,5,178138
5/25/2021,RLI,SELL,725,5,181763
5/27/2021,CIT,BUY,4003,5,161748
5/27/2021,EBL,BUY,739,5,158053
5/27/2021,LICN,BUY,2385,5,146128
5/27/2021,NABIL,BUY,1294,5,139658
5/27/2021,NBB,BUY,383,5,137743
5/27/2021,NICA,BUY,905,5,133218
5/30/2021,CIT,BUY,4011,5,113163
5/30/2021,EBL,BUY,737,5,109478
5/30/2021,LICN,BUY,2360,5,97678
5/30/2021,NABIL,BUY,1300,5,91178
5/30/2021,NBB,SELL,388,5,93118
5/30/2021,NICA,BUY,907,5,88583
5/31/2021,CIT,BUY,3961,5,68778
5/31/2021,EBL,BUY,730,5,65128
5/31/2021,HPPL,BUY,416,5,63048
5/31/2021,HURJA,BUY,378,5,61158
5/31/2021,LICN,BUY,2312,5,49598
5/31/2021,NABIL,BUY,1285,5,43173
5/31/2021,NBB,BUY,384,5,41253
5/31/2021,NICA,BUY,902,5,36743
6/1/2021,ADBL,BUY,437,5,34558
6/1/2021,CIT,BUY,3921,5,14953
6/1/2021,EBL,BUY,728,5,11313
6/1/2021,HPPL,BUY,418,5,9223
6/1/2021,HURJA,BUY,375,5,7348
6/1/2021,MEGA,BUY,326,5,5718
6/1/2021,NBB,BUY,379,5,3823
6/1/2021,NMB,BUY,430,5,1673
6/2/2021,HPPL,SELL,432,5,3833
6/2/2021,HURJA,SELL,398,5,5823
6/2/2021,MEGA,SELL,332,5,7483
6/2/2021,NABIL,BUY,1293,5,1018
6/2/2021,NBB,SELL,387,5,2953
6/2/2021,NMB,BUY,432,5,793
6/3/2021,ADBL,SELL,450,5,3043
6/3/2021,BARUN,BUY,429,5,898
6/3/2021,LICN,SELL,2390,5,12848
6/3/2021,NABIL,SELL,1309,5,19393
6/3/2021,NBB,SELL,397,5,21378
6/3/2021,NICA,SELL,918,5,25968
6/3/2021,NMB,SELL,442,5,28178
6/3/2021,RLI,BUY,718,5,24588
6/6/2021,AHPC,BUY,425,5,22463
6/6/2021,AKJCL,BUY,241,5,21258
6/6/2021,BARUN,BUY,424,5,19138
6/6/2021,CIT,SELL,4112,5,39698
6/6/2021,DHPL,BUY,229,5,38553
6/6/2021,EBL,SELL,750,5,42303
6/6/2021,HPPL,BUY,413,5,40238
6/6/2021,HURJA,BUY,371,5,38383
6/6/2021,JOSHI,BUY,244,5,37163
6/6/2021,LICN,SELL,2390,5,49113
6/6/2021,NABIL,SELL,1330,5,55763
6/6/2021,NICA,SELL,928,5,60403
6/6/2021,NMB,SELL,461,5,62708
6/6/2021,RLI,BUY,711,5,59153
6/7/2021,AHPC,BUY,434,5,56983
6/7/2021,AKJCL,SELL,260,5,58283
6/7/2021,BARUN,BUY,445,5,56058
6/7/2021,CIT,SELL,4113,5,76623
6/7/2021,DHPL,SELL,251,5,77878
6/7/2021,EBL,SELL,739,5,81573
6/7/2021,HPPL,BUY,423,5,79458
6/7/2021,HURJA,BUY,387,5,77523
6/7/2021,JOSHI,SELL,258,5,78813
6/7/2021,LICN,SELL,2425,5,90938
6/7/2021,NABIL,SELL,1316,5,97518
6/7/2021,NICA,BUY,908,5,92978
6/7/2021,RLI,BUY,713,5,89413
6/8/2021,AHPC,BUY,436,5,87233
6/8/2021,BARUN,SELL,489,5,89678
6/8/2021,CIT,SELL,4098,5,110168
6/8/2021,EBL,SELL,740,5,113868
6/8/2021,HPPL,BUY,425,5,111743
6/8/2021,HURJA,BUY,387,5,109808
6/8/2021,NABIL,SELL,1315,5,116383
6/8/2021,NICA,SELL,916,5,120963
6/8/2021,RLI,SELL,758,5,124753
6/9/2021,AHPC,SELL,479,5,127148
6/9/2021,BARUN,SELL,537,5,129833
6/9/2021,CIT,SELL,4105,5,150358
6/9/2021,EBL,BUY,736,5,146678
6/9/2021,HPPL,BUY,416,5,144598
6/9/2021,HURJA,BUY,386,5,142668
6/9/2021,JOSHI,BUY,257,5,141383
6/9/2021,NICA,SELL,914,5,145953
6/9/2021,RLI,SELL,748,5,149693
6/10/2021,AHPC,SELL,526,5,152323
6/10/2021,BARUN,SELL,590,5,155273
6/10/2021,EBL,BUY,730,5,151623
6/10/2021,HPPL,SELL,431,5,153778
6/10/2021,HURJA,SELL,400,5,155778
6/10/2021,JOSHI,SELL,282,5,157188
6/10/2021,NABIL,BUY,1304,5,150668
6/10/2021,NICA,BUY,907,5,146133
6/10/2021,RLI,SELL,741,5,149838
6/13/2021,AHPC,SELL,574,5,152708
6/13/2021,EBL,SELL,740,5,156408
6/13/2021,HPPL,SELL,474,5,158778
6/13/2021,HURJA,SELL,422,5,160888
6/13/2021,NABIL,BUY,1304,5,154368
6/13/2021,NICA,BUY,902,5,149858
6/13/2021,PCBL,BUY,465,5,147533
6/14/2021,EBL,SELL,768,5,151373
6/14/2021,HPPL,SELL,513,5,153938
6/14/2021,HURJA,SELL,411,5,155993
6/14/2021,NABIL,SELL,1309,5,162538
6/14/2021,NICA,BUY,910,5,157988
6/14/2021,PCBL,SELL,484,5,160408
6/15/2021,EBL,SELL,768,5,164248
6/15/2021,HPPL,SELL,505,5,166773
6/15/2021,HURJA,BUY,391,5,164818
6/15/2021,NABIL,SELL,1312,5,171378
6/15/2021,NICA,BUY,905,5,166853
6/15/2021,RLI,BUY,730,5,163203
6/16/2021,EBL,SELL,761,5,167008
6/16/2021,HPPL,SELL,459,5,169303
6/16/2021,HURJA,BUY,359,5,167508
6/16/2021,LICN,BUY,2446,5,155278
6/16/2021,MLBL,BUY,440,5,153078
6/16/2021,NABIL,BUY,1308,5,146538
6/16/2021,NBB,BUY,418,5,144448
6/16/2021,NICA,BUY,900,5,139948
6/16/2021,RLI,BUY,708,5,136408
6/17/2021,EBL,SELL,755,5,140183
6/17/2021,HPPL,BUY,447,5,137948
6/17/2021,HURJA,BUY,369,5,136103
6/17/2021,LICN,BUY,2460,5,123803
6/17/2021,MLBL,BUY,441,5,121598
6/17/2021,NABIL,BUY,1309,5,115053
6/17/2021,NBB,BUY,415,5,112978
6/17/2021,NICA,BUY,901,5,108473
6/17/2021,NMB,BUY,451,5,106218
6/17/2021,RLI,BUY,712,5,102658
6/20/2021,AHPC,BUY,497,5,100173
6/20/2021,AKJCL,BUY,280,5,98773
6/20/2021,BARUN,BUY,512,5,96213
6/20/2021,CZBIL,BUY,383,5,94298
6/20/2021,DHPL,BUY,273,5,92933
6/20/2021,EBL,BUY,740,5,89233
6/20/2021,EDBL,BUY,790,5,85283
6/20/2021,HPPL,BUY,422,5,83173
6/20/2021,HURJA,BUY,352,5,81413
6/20/2021,ICFC,BUY,605,5,78388
6/20/2021,JBBL,BUY,475,5,76013
6/20/2021,JOSHI,BUY,294,5,74543
6/20/2021,KSBBL,BUY,558,5,71753
6/20/2021,LBBL,BUY,624,5,68633
6/20/2021,LICN,BUY,2458,5,56343
6/20/2021,MEGA,BUY,369,5,54498
6/20/2021,MFIL,BUY,1000,5,49498
6/20/2021,MLBL,BUY,431,5,47343
6/20/2021,NABIL,BUY,1297,5,40858
6/20/2021,NBB,BUY,407,5,38823
6/20/2021,NICA,BUY,893,5,34358
6/20/2021,NMB,BUY,441,5,32153
6/20/2021,PCBL,BUY,469,5,29808
6/20/2021,PROFL,BUY,369,5,27963
6/20/2021,RLI,BUY,698,5,24473
6/20/2021,SANIMA,BUY,480,5,22073
6/21/2021,ADBL,BUY,470,5,19723
6/21/2021,AHPC,BUY,473,5,17358
6/21/2021,AKJCL,BUY,259,5,16063
6/21/2021,BARUN,BUY,520,5,13463
6/21/2021,CZBIL,BUY,373,5,11598
6/21/2021,DHPL,BUY,263,5,10283
6/21/2021,EBL,BUY,730,5,6633
6/21/2021,EDBL,BUY,767,5,2798
6/21/2021,HPPL,BUY,393,5,833
6/22/2021,ADBL,SELL,482,5,3243
6/22/2021,AHPC,BUY,509,5,698
6/22/2021,BARUN,SELL,572,5,3558
6/22/2021,CZBIL,BUY,383,5,1643
6/22/2021,DHPL,SELL,289,5,3088
6/22/2021,HPPL,BUY,432,5,928
6/22/2021,NICA,SELL,905,5,5453
6/22/2021,NMB,BUY,445,5,3228
6/22/2021,PCBL,BUY,472,5,868
6/22/2021,SANIMA,SELL,485,5,3293
6/23/2021,ADBL,BUY,471,5,938
6/24/2021,ADBL,SELL,482,5,3348
6/24/2021,AHPC,BUY,488,5,908
6/27/2021,NICA,SELL,916,5,5488
6/27/2021,NMB,BUY,443,5,3273
6/27/2021,PCBL,BUY,470,5,923
6/28/2021,MEGA,SELL,372,5,2783
6/28/2021,MLBL,BUY,397,5,798
6/28/2021,NABIL,SELL,1302,5,7308
6/28/2021,NBB,BUY,408,5,5268
6/28/2021,NICA,SELL,935,5,9943
6/28/2021,NMB,SELL,445,5,12168
6/28/2021,PCBL,SELL,473,5,14533
6/28/2021,PROFL,BUY,339,5,12838
6/28/2021,RLI,BUY,684,5,9418
6/28/2021,SANIMA,BUY,480,5,7018
6/29/2021,AHPC,BUY,442,5,4808
6/29/2021,AKJCL,BUY,270,5,3458
6/29/2021,BARUN,BUY,513,5,893
6/29/2021,NICA,SELL,915,5,5468
6/29/2021,NMB,BUY,440,5,3268
6/29/2021,PCBL,BUY,467,5,933
6/30/2021,BARUN,SELL,541,5,3638
6/30/2021,CZBIL,BUY,375,5,1763
6/30/2021,DHPL,BUY,258,5,473
6/30/2021,NABIL,SELL,1296,5,6953
6/30/2021,NBB,BUY,405,5,4928
6/30/2021,NICA,SELL,915,5,9503
6/30/2021,NMB,BUY,441,5,7298
6/30/2021,PCBL,BUY,462,5,4988
6/30/2021,PROFL,BUY,340,5,3288
6/30/2021,SANIMA,BUY,470,5,938
7/1/2021,BARUN,SELL,539,5,3633
7/1/2021,CZBIL,BUY,375,5,1758
7/1/2021,DHPL,BUY,267,5,423
7/1/2021,EDBL,SELL,781,5,4328
7/1/2021,HPPL,BUY,410,5,2278
7/1/2021,HURJA,BUY,342,5,568
7/1/2021,JBBL,SELL,451,5,2823
7/1/2021,JOSHI,SELL,291,5,4278
7/1/2021,KKHC,BUY,270,5,2928
7/1/2021,KSBBL,BUY,528,5,288
7/1/2021,MFIL,SELL,1003,5,5303
7/1/2021,MLBL,SELL,412,5,7363
7/1/2021,NABIL,SELL,1297,5,13848
7/1/2021,NBB,BUY,403,5,11833
7/1/2021,NICA,SELL,911,5,16388
7/1/2021,NMB,BUY,439,5,14193
7/1/2021,PCBL,BUY,465,5,11868
7/1/2021,PROFL,BUY,347,5,10133
7/1/2021,RLI,BUY,668,5,6793
7/1/2021,SANIMA,BUY,472,5,4433
7/4/2021,ADBL,BUY,477,5,2048
7/4/2021,AKJCL,BUY,265,5,723
7/4/2021,MLBL,SELL,408,5,2763
7/4/2021,NBB,BUY,400,5,763
7/4/2021,NICA,SELL,918,5,5353
7/4/2021,NMB,BUY,437,5,3168
7/4/2021,PCBL,BUY,462,5,858
7/6/2021,MLBL,SELL,402,5,2868
7/6/2021,NBB,BUY,397,5,883
7/6/2021,NICA,SELL,916,5,5463
7/6/2021,NMB,BUY,436,5,3283
7/6/2021,PCBL,BUY,460,5,983
7/7/2021,EDBL,SELL,773,5,4848
7/7/2021,HPPL,BUY,393,5,2883
7/7/2021,HURJA,BUY,335,5,1208
7/7/2021,MLBL,SELL,405,5,3233
7/7/2021,NBB,BUY,400,5,1233
7/8/2021,CZBIL,SELL,380,5,3133
7/8/2021,DHPL,BUY,253,5,1868
7/8/2021,EBL,SELL,735,5,5543
7/8/2021,HPPL,BUY,393,5,3578
7/8/2021,HURJA,BUY,338,5,1888
7/8/2021,KKHC,BUY,259,5,593
7/8/2021,KSBBL,SELL,528,5,3233
7/8/2021,LBBL,BUY,558,5,443
7/8/2021,PCBL,SELL,467,5,2778
7/8/2021,PROFL,BUY,335,5,1103
7/8/2021,SANIMA,SELL,477,5,3488
7/11/2021,ADBL,SELL,488,5,5928
7/11/2021,AHPC,SELL,459,5,8223
7/11/2021,AKJCL,SELL,283,5,9638
7/11/2021,CZBIL,SELL,393,5,11603
7/11/2021,DHPL,SELL,272,5,12963
7/11/2021,EBL,SELL,749,5,16708
7/11/2021,HPPL,SELL,417,5,18793
7/11/2021,HURJA,SELL,367,5,20628
7/11/2021,ICFC,SELL,583,5,23543
7/11/2021,KKHC,SELL,284,5,24963
7/11/2021,KSBBL,SELL,577,5,27848
7/11/2021,LBBL,SELL,603,5,30863
7/11/2021,LICN,SELL,2390,5,42813
7/11/2021,NBB,SELL,414,5,44883
7/11/2021,NMB,SELL,445,5,47108
7/11/2021,PCBL,SELL,479,5,49503
7/11/2021,PROFL,SELL,368,5,51343
7/11/2021,RLI,SELL,684,5,54763
7/11/2021,SANIMA,SELL,489,5,57208
7/12/2021,AHPC,SELL,444,5,59428
7/12/2021,AKJCL,SELL,274,5,60798
7/12/2021,CZBIL,SELL,384,5,62718
7/12/2021,DHPL,SELL,265,5,64043
7/12/2021,HPPL,BUY,402,5,62033
7/12/2021,HURJA,SELL,361,5,63838
7/12/2021,KKHC,SELL,269,5,65183
7/12/2021,LBBL,SELL,587,5,68118
7/12/2021,LICN,SELL,2332,5,79778
7/12/2021,NBB,SELL,415,5,81853
7/12/2021,NHPC,BUY,304,5,80333
7/12/2021,NMB,SELL,441,5,82538
7/12/2021,PCBL,SELL,479,5,84933
7/12/2021,PROFL,SELL,364,5,86753
7/12/2021,RLI,SELL,668,5,90093
7/12/2021,SANIMA,SELL,482,5,92503
7/13/2021,AHPC,SELL,451,5,94758
7/13/2021,AKJCL,SELL,275,5,96133
7/13/2021,BARUN,BUY,520,5,93533
7/13/2021,CZBIL,SELL,390,5,95483
7/13/2021,DHPL,SELL,268,5,96823
7/13/2021,HPPL,SELL,420,5,98923
7/13/2021,HURJA,SELL,358,5,100713
7/13/2021,LICN,BUY,2310,5,89163
7/13/2021,NBB,SELL,439,5,91358
7/13/2021,NHPC,BUY,307,5,89823
7/13/2021,NMB,SELL,443,5,92038
7/13/2021,PCBL,SELL,480,5,94438
7/13/2021,PROFL,SELL,388,5,96378
7/13/2021,RLI,SELL,672,5,99738
7/14/2021,AHPC,SELL,465,5,102063
7/14/2021,AKJCL,SELL,279,5,103458
7/14/2021,BARUN,SELL,537,5,106143
7/14/2021,CZBIL,SELL,388,5,108083
7/14/2021,DHPL,SELL,270,5,109433
7/14/2021,HPPL,SELL,454,5,111703
7/14/2021,HURJA,SELL,366,5,113533
7/14/2021,LICN,SELL,2345,5,125258
7/14/2021,NBB,SELL,435,5,127433
7/14/2021,NHPC,SELL,310,5,128983
7/14/2021,NMB,SELL,442,5,131193
7/14/2021,PCBL,SELL,478,5,133583
7/14/2021,PROFL,SELL,401,5,135588
7/14/2021,RLI,SELL,669,5,138933
7/15/2021,AHPC,SELL,480,5,141333
7/15/2021,HPPL,SELL,449,5,143578
7/15/2021,HURJA,SELL,360,5,145378
7/15/2021,LICN,SELL,2342,5,157088
7/15/2021,NBB,SELL,436,5,159268
7/15/2021,NHPC,SELL,310,5,160818
7/15/2021,NMB,SELL,440,5,163018
7/15/2021,PCBL,SELL,479,5,165413
7/15/2021,PROFL,SELL,396,5,167393
7/15/2021,RLI,SELL,672,5,170753
7/18/2021,HPPL,SELL,493.9,5,173222.5
7/18/2021,HURJA,SELL,368,5,175062.5
7/18/2021,NBB,SELL,453,5,177327.5
7/18/2021,NMB,SELL,463,5,179642.5
7/18/2021,PCBL,SELL,501,5,182147.5
7/18/2021,RLI,SELL,701.5,5,185655
7/19/2021,HPPL,SELL,519,5,188250
7/19/2021,HURJA,SELL,390,5,190200
7/19/2021,NBB,SELL,460,5,192500
7/19/2021,NMB,SELL,479,5,194895
7/20/2021,HPPL,SELL,540,5,197595
7/20/2021,HURJA,SELL,386.6,5,199528
7/20/2021,NBB,SELL,460,5,201828
7/20/2021,NMB,SELL,480,5,204228
7/22/2021,HPPL,SELL,518,5,206818
7/22/2021,HURJA,SELL,393,5,208783
7/22/2021,NBB,SELL,465,5,211108
7/25/2021,JBBL,BUY,480.3,5,208706.5
7/25/2021,KSBBL,BUY,587,5,205771.5
7/25/2021,LBBL,BUY,586.9,5,202837
7/26/2021,JBBL,BUY,480,5,200437
7/26/2021,KSBBL,BUY,581,5,197532
7/26/2021,LBBL,BUY,582,5,194622
7/27/2021,JBBL,SELL,483,5,197037
7/27/2021,KSBBL,BUY,581,5,194132
7/27/2021,LBBL,BUY,590,5,191182
7/28/2021,JBBL,SELL,486,5,193612
7/28/2021,KSBBL,BUY,584.5,5,190689.5
7/28/2021,LBBL,BUY,580,5,187789.5
7/29/2021,EBL,BUY,765.8,5,183960.5
7/29/2021,KSBBL,BUY,581,5,181055.5
7/29/2021,LBBL,SELL,611,5,184110.5
7/29/2021,MEGA,BUY,384.5,5,182188
7/29/2021,NICA,BUY,1036,5,177008
8/1/2021,CZBIL,BUY,415,5,174933
8/1/2021,EBL,BUY,763,5,171118
8/1/2021,KSBBL,BUY,582,5,168208
8/1/2021,LBBL,SELL,626.9,5,171342.5
8/1/2021,LICN,BUY,2460,5,159042.5
8/1/2021,MEGA,BUY,384,5,157122.5
8/1/2021,MFIL,BUY,1286,5,150692.5
8/1/2021,NBB,BUY,463,5,148377.5
8/1/2021,NICA,BUY,1029.9,5,143228
8/1/2021,NMB,BUY,487.8,5,140789
8/1/2021,PCBL,BUY,507,5,138254
8/1/2021,RLI,BUY,705,5,134729
8/1/2021,SANIMA,BUY,534.6,5,132056
8/2/2021,CZBIL,BUY,414.8,5,129982
8/2/2021,EBL,BUY,762,5,126172
8/2/2021,JBBL,BUY,479,5,123777
8/2/2021,KSBBL,BUY,576.6,5,120894
8/2/2021,LBBL,SELL,615,5,123969
8/2/2021,LICN,SELL,2493,5,136434
8/2/2021,MEGA,BUY,384.2,5,134513
8/2/2021,MFIL,BUY,1275,5,128138
8/2/2021,NBB,BUY,464.9,5,125813.5
8/2/2021,NICA,BUY,1026,5,120683.5
8/2/2021,NMB,BUY,484,5,118263.5
8/2/2021,PCBL,BUY,509,5,115718.5
8/2/2021,RLI,BUY,708.8,5,112174.5
8/2/2021,SANIMA,BUY,536,5,109494.5
8/3/2021,CZBIL,BUY,413.2,5,107428.5
8/3/2021,EBL,BUY,767,5,103593.5
8/3/2021,JBBL,BUY,478,5,101203.5
8/3/2021,KSBBL,BUY,577,5,98318.5
8/3/2021,LBBL,SELL,615,5,101393.5
8/3/2021,MEGA,BUY,383.8,5,99474.5
8/3/2021,MFIL,SELL,1310,5,106024.5
8/3/2021,NBB,SELL,483,5,108439.5
8/3/2021,NICA,BUY,1027.7,5,103301
8/3/2021,NMB,BUY,481,5,100896
8/3/2021,PCBL,BUY,509,5,98351
8/3/2021,RLI,SELL,712,5,101911
8/3/2021,SANIMA,BUY,538,5,99221
8/4/2021,CZBIL,BUY,415,5,97146
8/4/2021,EBL,BUY,762,5,93336
8/4/2021,JBBL,SELL,486,5,95766
8/4/2021,KSBBL,BUY,582,5,92856
8/4/2021,MEGA,BUY,384.5,5,90933.5
8/4/2021,MFIL,SELL,1309,5,97478.5
8/4/2021,NBB,SELL,493,5,99943.5
8/4/2021,NICA,BUY,1025.7,5,94815
8/4/2021,NMB,BUY,481.9,5,92405.5
8/4/2021,PCBL,BUY,510,5,89855.5
8/4/2021,RLI,SELL,709,5,93400.5
8/4/2021,SANIMA,BUY,540.1,5,90700
8/5/2021,CZBIL,BUY,413,5,88635
8/5/2021,EBL,BUY,760,5,84835
8/5/2021,JBBL,SELL,501,5,87340
8/5/2021,KSBBL,SELL,590,5,90290
8/5/2021,LICN,BUY,2449,5,78045
8/5/2021,MEGA,BUY,385.6,5,76117
8/5/2021,MFIL,BUY,1294,5,69647
8/5/2021,NICA,BUY,1026,5,64517
8/5/2021,NMB,BUY,481,5,62112
8/5/2021,PCBL,BUY,509,5,59567
8/5/2021,RLI,BUY,704,5,56047
8/5/2021,SANIMA,SELL,545.4,5,58774
8/8/2021,CZBIL,BUY,410,5,56724
8/8/2021,EBL,BUY,761,5,52919
8/8/2021,ICFC,BUY,672,5,49559
8/8/2021,KSBBL,SELL,591,5,52514
8/8/2021,LICN,BUY,2420,5,40414
8/8/2021,MEGA,BUY,385,5,38489
8/8/2021,MFIL,BUY,1298,5,31999
8/8/2021,NICA,BUY,1028,5,26859
8/8/2021,NMB,BUY,481,5,24454
8/8/2021,PCBL,BUY,510.1,5,21903.5
8/8/2021,RLI,BUY,700,5,18403.5
8/8/2021,SANIMA,SELL,544,5,21123.5
8/9/2021,CZBIL,BUY,406.5,5,19091
8/9/2021,EBL,BUY,760,5,15291
8/9/2021,ICFC,SELL,739.2,5,18987
8/9/2021,KSBBL,SELL,587,5,21922
8/9/2021,LICN,BUY,2450,5,9672
8/9/2021,MEGA,BUY,381,5,7767
8/9/2021,MFIL,BUY,1300,5,1267
8/9/2021,SANIMA,SELL,540,5,3967
8/10/2021,CZBIL,SELL,422,5,6077
8/10/2021,EBL,SELL,772,5,9937
8/10/2021,KSBBL,SELL,645.7,5,13165.5
8/10/2021,LICN,SELL,2488,5,25605.5
8/10/2021,MEGA,SELL,392,5,27565.5
8/10/2021,MFIL,SELL,1328,5,34205.5
8/10/2021,NICA,SELL,1047,5,39440.5
8/10/2021,NMB,SELL,488,5,41880.5
8/10/2021,PCBL,SELL,515,5,44455.5
8/10/2021,RLI,BUY,707.5,5,40918
8/10/2021,SANIMA,SELL,549,5,43663
8/11/2021,CIT,BUY,4172,5,22803
8/11/2021,CZBIL,SELL,417.1,5,24888.5
8/11/2021,EBL,SELL,766,5,28718.5
8/11/2021,KSBBL,SELL,648,5,31958.5
8/11/2021,LICN,BUY,2473.3,5,19592
8/11/2021,MEGA,SELL,389,5,21537
8/11/2021,MFIL,SELL,1310,5,28087
8/11/2021,NICA,SELL,1032,5,33247
8/11/2021,NMB,SELL,484.1,5,35667.5
8/11/2021,PCBL,SELL,510,5,38217.5
8/11/2021,RLI,BUY,700,5,34717.5
8/12/2021,CIT,BUY,4147,5,13982.5
8/12/2021,CZBIL,SELL,416,5,16062.5
8/12/2021,EBL,SELL,768,5,19902.5
8/12/2021,JOSHI,BUY,416,5,17822.5
8/12/2021,KSBBL,SELL,712.8,5,21386.5
8/12/2021,LICN,BUY,2457,5,9101.5
8/12/2021,MEGA,SELL,391.5,5,11059
8/12/2021,MFIL,BUY,1282,5,4649
8/12/2021,NICA,SELL,1034,5,9819
8/12/2021,NMB,SELL,485.1,5,12244.5
8/12/2021,PCBL,SELL,515,5,14819.5
8/12/2021,RLI,SELL,706,5,18349.5
8/15/2021,AHPC,BUY,592,5,15389.5
8/15/2021,AKJCL,BUY,395,5,13414.5
8/15/2021,BARUN,BUY,655,5,10139.5
8/15/2021,CZBIL,BUY,410,5,8089.5
8/15/2021,DHPL,BUY,371,5,6234.5
8/15/2021,EBL,BUY,761.1,5,2429
8/15/2021,JOSHI,BUY,405,5,404
8/15/2021,KSBBL,SELL,700,5,3904
8/15/2021,MEGA,SELL,389.5,5,5851.5
8/15/2021,NICA,BUY,1004,5,831.5
8/15/2021,NMB,SELL,483.5,5,3249
8/15/2021,PCBL,SELL,525,5,5874
8/15/2021,RLI,BUY,690,5,2424
8/16/2021,AHPC,SELL,603,5,5439
8/16/2021,AKJCL,SELL,407,5,7474
8/16/2021,BARUN,SELL,664.1,5,10794.5
8/16/2021,CZBIL,BUY,408,5,8754.5
8/16/2021,DHPL,SELL,401,5,10759.5
8/16/2021,EBL,BUY,758.8,5,6965.5
8/16/2021,JOSHI,BUY,421,5,4860.5
8/16/2021,KSBBL,SELL,745,5,8585.5
8/16/2021,MEGA,BUY,384.2,5,6664.5
8/16/2021,MFIL,BUY,1278,5,274.5
8/16/2021,PCBL,SELL,523,5,2889.5
8/16/2021,SANIMA,BUY,540,5,189.5
8/17/2021,JOSHI,SELL,463.1,5,2505
8/17/2021,KSBBL,SELL,790,5,6455
8/17/2021,MEGA,BUY,380,5,4555
8/17/2021,MFIL,SELL,1328,5,11195
8/17/2021,NABIL,BUY,1495,5,3720
8/17/2021,NBB,BUY,491.1,5,1264.5
8/17/2021,PCBL,SELL,520,5,3864.5
8/17/2021,RLI,BUY,681,5,459.5
8/18/2021,CZBIL,SELL,415,5,2534.5
8/18/2021,JOSHI,SELL,472,5,4894.5
8/18/2021,MEGA,BUY,382.9,5,2980
8/18/2021,MFIL,SELL,1370,5,9830
8/18/2021,NABIL,BUY,1495,5,2355
8/18/2021,NBB,SELL,495,5,4830
8/18/2021,NMB,BUY,474.9,5,2455.5
8/19/2021,CZBIL,SELL,419,5,4550.5
8/19/2021,EBL,BUY,759,5,755.5
8/19/2021,JOSHI,SELL,448,5,2995.5
8/19/2021,LICN,SELL,2447,5,15230.5
8/19/2021,MEGA,BUY,377,5,13345.5
8/19/2021,MFIL,SELL,1326,5,19975.5
8/19/2021,NABIL,BUY,1490,5,12525.5
8/19/2021,NBB,BUY,485.2,5,10099.5
8/19/2021,NICA,BUY,969,5,5254.5
8/19/2021,NMB,BUY,468,5,2914.5
8/19/2021,PCBL,BUY,515.5,5,337
8/19/2021,RLI,SELL,704,5,3857
8/19/2021,SANIMA,BUY,535.5,5,1179.5
8/24/2021,CZBIL,SELL,418.2,5,3270.5
8/24/2021,DHPL,BUY,368.1,5,1430
8/24/2021,EBL,SELL,762,5,5240
8/24/2021,HPPL,BUY,613,5,2175
8/24/2021,JOSHI,BUY,403.2,5,159
8/24/2021,PCBL,SELL,520,5,2759
8/24/2021,PROFL,BUY,501,5,254
8/26/2021,DHPL,SELL,417,5,2339
8/26/2021,JOSHI,BUY,427,5,204
8/26/2021,PROFL,SELL,519.9,5,2803.5
8/26/2021,SANIMA,BUY,522,5,193.5
8/29/2021,JOSHI,SELL,428,5,2333.5
8/29/2021,MEGA,BUY,362,5,523.5
9/6/2021,CZBIL,SELL,407.5,5,2561
9/6/2021,DHPL,BUY,378.4,5,669
9/6/2021,EBL,SELL,753.9,5,4438.5
9/6/2021,HPPL,BUY,550,5,1688.5
9/6/2021,MEGA,SELL,364,5,3508.5
9/6/2021,MLBL,BUY,632.5,5,346
9/6/2021,NABIL,SELL,1442,5,7556
9/6/2021,NBB,BUY,452.8,5,5292
9/6/2021,NHPC,BUY,432.3,5,3130.5
9/6/2021,NICA,SELL,929,5,7775.5
9/6/2021,NMB,BUY,448,5,5535.5
9/6/2021,PCBL,BUY,501,5,3030.5
9/6/2021,SANIMA,BUY,511,5,475.5
9/9/2021,HPPL,SELL,585.2,5,3401.5
9/9/2021,HURJA,BUY,502,5,891.5
9/12/2021,CZBIL,SELL,399,5,2886.5
9/12/2021,DHPL,SELL,399.5,5,4884
9/12/2021,EBL,SELL,732,5,8544
9/12/2021,HPPL,SELL,643.6,5,11762
9/12/2021,HURJA,SELL,540,5,14462
9/12/2021,ICFC,BUY,954.7,5,9688.5
9/12/2021,JOSHI,SELL,413.1,5,11754
9/12/2021,LBBL,BUY,636,5,8574
9/12/2021,MEGA,BUY,349.2,5,6828
9/12/2021,MFIL,BUY,1200,5,828
9/12/2021,MLBL,SELL,635,5,4003
9/12/2021,NABIL,SELL,1440,5,11203
9/12/2021,NBB,BUY,442,5,8993
9/12/2021,NHPC,SELL,467.5,5,11330.5
9/12/2021,NICA,BUY,906,5,6800.5
9/12/2021,NMB,BUY,432,5,4640.5
9/12/2021,PCBL,BUY,494.9,5,2166
9/12/2021,SANIMA,SELL,504,5,4686
9/13/2021,CZBIL,SELL,409,5,6731
9/13/2021,EBL,SELL,737.5,5,10418.5
9/13/2021,ICFC,BUY,944,5,5698.5
9/13/2021,LBBL,SELL,645,5,8923.5
9/13/2021,MEGA,BUY,351.3,5,7167
9/13/2021,MFIL,BUY,1180,5,1267
9/13/2021,NABIL,SELL,1455,5,8542
9/13/2021,NBB,SELL,445,5,10767
9/13/2021,NICA,SELL,927,5,15402
9/13/2021,NMB,BUY,438,5,13212
9/13/2021,PCBL,SELL,495,5,15687
9/13/2021,PROFL,BUY,515,5,13112
9/13/2021,RLI,BUY,635,5,9937
9/13/2021,SANIMA,SELL,506.9,5,12471.5
9/14/2021,AHPC,BUY,695,5,8996.5
9/14/2021,AKJCL,BUY,405,5,6971.5
9/14/2021,EBL,SELL,740,5,10671.5
9/14/2021,ICFC,BUY,948,5,5931.5
9/14/2021,MEGA,SELL,354.4,5,7703.5
9/14/2021,MFIL,BUY,1180,5,1803.5
9/14/2021,NICA,SELL,919.1,5,6399
9/14/2021,NMB,BUY,433.5,5,4231.5
9/14/2021,PCBL,SELL,494,5,6701.5
9/14/2021,PROFL,BUY,502,5,4191.5
9/14/2021,RLI,BUY,631.1,5,1036
9/14/2021,SANIMA,SELL,502,5,3546
9/15/2021,ADBL,BUY,536,5,866
9/15/2021,NICA,SELL,912,5,5426
9/15/2021,NMB,BUY,430,5,3276
9/15/2021,PCBL,BUY,492,5,816
9/22/2021,MEGA,SELL,347.8,5,2555
9/22/2021,NBB,BUY,434,5,385
9/22/2021,SANIMA,SELL,510,5,2935
9/23/2021,ADBL,SELL,545,5,5660
9/23/2021,AHPC,BUY,614,5,2590
9/23/2021,AKJCL,BUY,372,5,730
9/23/2021,EBL,SELL,729,5,4375
9/23/2021,EDBL,BUY,691,5,920
9/23/2021,LICN,SELL,2015,5,10995
9/23/2021,MEGA,SELL,360,5,12795
9/23/2021,MFIL,BUY,1106,5,7265
9/23/2021,MLBL,BUY,590,5,4315
9/23/2021,NBB,SELL,457,5,6600
9/23/2021,NHPC,BUY,439,5,4405
9/23/2021,NICA,SELL,902,5,8915
9/23/2021,NMB,SELL,434.2,5,11086
9/23/2021,PCBL,SELL,500,5,13586
9/23/2021,PROFL,BUY,438.1,5,11395.5
9/23/2021,RLI,BUY,586,5,8465.5
9/26/2021,AHPC,BUY,575,5,5590.5
9/26/2021,AKJCL,BUY,351.9,5,3831
9/26/2021,BARUN,BUY,523,5,1216
9/26/2021,EBL,SELL,735,5,4891
9/26/2021,EDBL,BUY,656,5,1611
9/26/2021,LICN,SELL,1999,5,11606
9/26/2021,MEGA,SELL,364,5,13426
9/26/2021,MFIL,BUY,1074,5,8056
9/26/2021,MLBL,BUY,570,5,5206
9/26/2021,NBB,SELL,457,5,7491
9/26/2021,NHPC,BUY,420,5,5391
9/26/2021,NICA,BUY,884,5,971
9/26/2021,NMB,SELL,432,5,3131
9/26/2021,PROFL,BUY,407,5,1096
9/27/2021,MEGA,SELL,349.9,5,2845.5
9/27/2021,MLBL,BUY,558,5,55.5
9/27/2021,NBB,SELL,441,5,2260.5
9/27/2021,NHPC,BUY,418,5,170.5
9/28/2021,MEGA,SELL,356.8,5,1954.5
9/28/2021,PROFL,BUY,355,5,179.5
9/29/2021,EBL,SELL,721,5,3784.5
9/29/2021,EDBL,BUY,594,5,814.5
10/5/2021,LICN,SELL,1980,5,10714.5
10/5/2021,MEGA,BUY,329.9,5,9065
10/5/2021,MFIL,BUY,998,5,4075
10/5/2021,MLBL,BUY,535,5,1400
10/6/2021,CIT,SELL,3349,5,18145
10/6/2021,DHPL,BUY,300,5,16645
10/6/2021,EBL,BUY,711.9,5,13085.5
10/6/2021,EDBL,BUY,579.5,5,10188
10/6/2021,HPPL,BUY,440,5,7988
10/6/2021,HURJA,BUY,415.5,5,5910.5
10/6/2021,ICFC,SELL,700,5,9410.5
10/6/2021,JOSHI,BUY,312,5,7850.5
10/6/2021,KKHC,BUY,318,5,6260.5
10/6/2021,LBBL,BUY,537,5,3575.5
10/6/2021,MEGA,BUY,333.7,5,1907
10/6/2021,MFIL,SELL,1050,5,7157
10/6/2021,MLBL,SELL,586,5,10087
10/6/2021,NBB,BUY,439,5,7892
10/6/2021,NHPC,BUY,398,5,5902
10/6/2021,NICA,BUY,858,5,1612
10/6/2021,PROFL,SELL,394.9,5,3586.5
10/6/2021,RLI,BUY,505,5,1061.5
10/10/2021,CIT,SELL,3352,5,17821.5
10/10/2021,CZBIL,BUY,333.5,5,16154
10/10/2021,DHPL,BUY,290,5,14704
10/10/2021,EBL,BUY,700,5,11204
10/10/2021,EDBL,BUY,565.5,5,8376.5
10/10/2021,HPPL,BUY,420,5,6276.5
10/10/2021,HURJA,BUY,400.1,5,4276
10/10/2021,ICFC,SELL,698,5,7766
10/10/2021,JBBL,BUY,483,5,5351
10/10/2021,JOSHI,BUY,303,5,3836
10/10/2021,KKHC,BUY,310.6,5,2283
10/10/2021,MEGA,BUY,333.9,5,613.5
10/10/2021,MFIL,SELL,1061,5,5918.5
10/10/2021,MLBL,SELL,631.3,5,9075
10/10/2021,NBB,BUY,417.8,5,6986
10/10/2021,NHPC,BUY,388.9,5,5041.5
10/10/2021,NICA,BUY,850,5,791.5
10/10/2021,PROFL,SELL,398,5,2781.5
10/10/2021,RLI,BUY,504,5,261.5
10/11/2021,ICFC,SELL,688,5,3701.5
10/11/2021,JBBL,SELL,486,5,6131.5
10/11/2021,JOSHI,BUY,305,5,4606.5
10/11/2021,KKHC,BUY,311,5,3051.5
10/11/2021,LBBL,BUY,510,5,501.5
10/11/2021,MFIL,SELL,1025.1,5,5627
10/11/2021,MLBL,SELL,576,5,8507
10/11/2021,NBB,BUY,416,5,6427
10/11/2021,NHPC,BUY,381,5,4522
10/11/2021,NICA,BUY,840,5,322
10/11/2021,NMB,SELL,410,5,2372
10/11/2021,PROFL,SELL,399,5,4367
10/11/2021,RLI,BUY,507,5,1832
10/17/2021,AKJCL,BUY,304.1,5,311.5
10/17/2021,EBL,SELL,714,5,3881.5
10/17/2021,EDBL,BUY,554.1,5,1111
10/17/2021,HPPL,SELL,428.8,5,3255
10/17/2021,HURJA,SELL,415,5,5330
10/17/2021,JOSHI,BUY,304.9,5,3805.5
10/17/2021,KKHC,SELL,315,5,5380.5
10/17/2021,LBBL,BUY,517,5,2795.5
10/17/2021,MEGA,BUY,329.7,5,1147
10/17/2021,MFIL,SELL,1050,5,6397
10/17/2021,MLBL,SELL,583,5,9312
10/17/2021,NBB,BUY,412,5,7252
10/17/2021,NHPC,BUY,388,5,5312
10/17/2021,NICA,BUY,849,5,1067
10/17/2021,NMB,SELL,410,5,3117
10/17/2021,PROFL,SELL,402,5,5127
10/17/2021,RLI,BUY,502.5,5,2614.5
10/18/2021,ADBL,BUY,496,5,134.5
10/18/2021,MFIL,SELL,1020,5,5234.5
10/18/2021,NBB,BUY,403,5,3219.5
10/18/2021,NHPC,BUY,369,5,1374.5
10/18/2021,PROFL,SELL,378,5,3264.5
10/18/2021,RLI,BUY,493,5,799.5
10/20/2021,ADBL,SELL,503.8,5,3318.5
10/20/2021,AHPC,BUY,387,5,1383.5
10/20/2021,AKJCL,SELL,299.2,5,2879.5
10/20/2021,BARUN,BUY,370.1,5,1029
10/20/2021,DHPL,SELL,291,5,2484
10/20/2021,EBL,SELL,707,5,6019
10/20/2021,EDBL,BUY,534.7,5,3345.5
10/20/2021,HPPL,BUY,405,5,1320.5
10/20/2021,HURJA,SELL,404,5,3340.5
10/20/2021,ICFC,BUY,648,5,100.5
10/20/2021,MFIL,SELL,1055,5,5375.5
10/20/2021,NBB,BUY,390.1,5,3425
10/20/2021,NHPC,BUY,367.3,5,1588.5
10/21/2021,AKJCL,BUY,295.3,5,112
10/21/2021,ICFC,SELL,675.3,5,3488.5
10/21/2021,JBBL,BUY,451,5,1233.5
10/24/2021,AHPC,SELL,403.5,5,3251
10/24/2021,AKJCL,SELL,301,5,4756
10/24/2021,BARUN,SELL,400.5,5,6758.5
10/24/2021,CZBIL,BUY,288,5,5318.5
10/24/2021,DHPL,SELL,290,5,6768.5
10/24/2021,EDBL,SELL,555,5,9543.5
10/24/2021,HPPL,BUY,406,5,7513.5
10/24/2021,JBBL,BUY,456.2,5,5232.5
10/24/2021,JOSHI,BUY,295.8,5,3753.5
10/24/2021,KKHC,BUY,304,5,2233.5
10/24/2021,MEGA,BUY,313,5,668.5
10/25/2021,AHPC,SELL,443.8,5,2887.5
10/25/2021,AKJCL,SELL,331,5,4542.5
10/25/2021,BARUN,SELL,440.4,5,6744.5
10/25/2021,CZBIL,BUY,301.9,5,5235
10/25/2021,EDBL,SELL,580,5,8135
10/25/2021,HPPL,SELL,446.6,5,10368
10/25/2021,JBBL,SELL,498,5,12858
10/25/2021,JOSHI,SELL,325,5,14483
10/25/2021,KKHC,SELL,321,5,16088
10/25/2021,LBBL,SELL,521,5,18693
10/25/2021,MEGA,SELL,322,5,20303
10/25/2021,NBB,SELL,405,5,22328
10/25/2021,NHPC,SELL,407,5,24363
10/25/2021,NICA,SELL,836,5,28543
10/25/2021,NMB,SELL,404,5,30563
10/25/2021,RLI,SELL,499,5,33058
10/25/2021,SANIMA,BUY,403,5,31043
10/26/2021,AHPC,SELL,478,5,33433
10/26/2021,AKJCL,SELL,363,5,35248
10/26/2021,CZBIL,SELL,307.5,5,36785.5
10/26/2021,EDBL,SELL,587.9,5,39725
10/26/2021,HPPL,SELL,489,5,42170
10/26/2021,JBBL,SELL,520,5,44770
10/26/2021,JOSHI,SELL,356,5,46550
10/26/2021,KKHC,SELL,353.1,5,48315.5
10/26/2021,LBBL,SELL,540,5,51015.5
10/26/2021,MEGA,SELL,331,5,52670.5
10/26/2021,NBB,SELL,420.5,5,54773
10/26/2021,NHPC,SELL,418,5,56863
10/26/2021,NICA,SELL,837,5,61048
10/26/2021,NMB,SELL,416.8,5,63132
10/26/2021,RLI,SELL,528,5,65772
10/26/2021,SANIMA,BUY,402.6,5,63759
10/27/2021,AHPC,SELL,471,5,66114
10/27/2021,AKJCL,SELL,349,5,67859
10/27/2021,CZBIL,BUY,301.1,5,66353.5
10/27/2021,EDBL,SELL,580,5,69253.5
10/27/2021,HPPL,SELL,476,5,71633.5
10/27/2021,JOSHI,SELL,355,5,73408.5
10/27/2021,KKHC,SELL,368,5,75248.5
10/27/2021,KSBBL,BUY,613,5,72183.5
10/27/2021,LBBL,SELL,529.9,5,74833
10/27/2021,MEGA,SELL,328.1,5,76473.5
10/27/2021,NBB,SELL,430,5,78623.5
10/27/2021,NHPC,SELL,408,5,80663.5
10/27/2021,NICA,SELL,870,5,85013.5
10/27/2021,NMB,SELL,415,5,87088.5
10/27/2021,RLI,SELL,543,5,89803.5
10/27/2021,SANIMA,BUY,408,5,87763.5
10/28/2021,CZBIL,BUY,300,5,86263.5
10/28/2021,EDBL,SELL,615,5,89338.5
10/28/2021,JOSHI,SELL,356,5,91118.5
10/28/2021,KSBBL,BUY,663,5,87803.5
10/28/2021,MEGA,SELL,330,5,89453.5
10/28/2021,NBB,SELL,430,5,91603.5
10/28/2021,NHPC,SELL,434,5,93773.5
10/28/2021,NICA,SELL,871,5,98128.5
10/28/2021,NMB,SELL,413,5,100193.5
10/28/2021,RLI,SELL,539,5,102888.5
10/28/2021,SANIMA,BUY,403.5,5,100871
10/31/2021,CZBIL,SELL,299.1,5,102366.5
10/31/2021,EBL,BUY,691,5,98911.5
10/31/2021,EDBL,SELL,650,5,102161.5
10/31/2021,JOSHI,SELL,383,5,104076.5
10/31/2021,KSBBL,SELL,729,5,107721.5
10/31/2021,MEGA,SELL,331,5,109376.5
10/31/2021,NBB,SELL,425.8,5,111505.5
10/31/2021,NHPC,SELL,443,5,113720.5
10/31/2021,NICA,SELL,893,5,118185.5
10/31/2021,NMB,SELL,414,5,120255.5
10/31/2021,RLI,SELL,560,5,123055.5
10/31/2021,SANIMA,BUY,405,5,121030.5
11/1/2021,CZBIL,SELL,299.1,5,122526
11/1/2021,EBL,BUY,674.4,5,119154
11/1/2021,EDBL,SELL,638,5,122344
11/1/2021,KSBBL,SELL,680,5,125744
11/1/2021,MEGA,SELL,344,5,127464
11/1/2021,NBB,BUY,366.9,5,125629.5
11/1/2021,NHPC,SELL,424,5,127749.5
11/1/2021,NICA,SELL,874,5,132119.5
11/1/2021,PCBL,BUY,470,5,129769.5
11/1/2021,RLI,SELL,556.5,5,132552
11/1/2021,SANIMA,BUY,406,5,130522
11/2/2021,CZBIL,SELL,305.7,5,132050.5
11/2/2021,EBL,BUY,670,5,128700.5
11/2/2021,KSBBL,BUY,670,5,125350.5
11/2/2021,MEGA,SELL,347.5,5,127088
11/2/2021,NBB,BUY,356.8,5,125304
11/2/2021,NHPC,SELL,426,5,127434
11/2/2021,NICA,SELL,869,5,131779
11/2/2021,PCBL,BUY,470,5,129429
11/2/2021,RLI,SELL,563,5,132244
11/2/2021,SANIMA,BUY,408,5,130204
11/3/2021,CZBIL,SELL,301,5,131709
11/3/2021,EBL,BUY,661,5,128404
11/3/2021,KSBBL,BUY,652,5,125144
11/3/2021,MEGA,SELL,346.8,5,126878
11/3/2021,NBB,BUY,357.1,5,125092.5
11/3/2021,NHPC,SELL,422,5,127202.5
11/3/2021,PCBL,SELL,474.9,5,129577
11/3/2021,RLI,SELL,563.5,5,132394.5
11/3/2021,SANIMA,BUY,404.8,5,130370.5
11/8/2021,ADBL,BUY,528,5,127730.5
11/8/2021,AKJCL,BUY,340.8,5,126026.5
11/8/2021,EBL,BUY,657,5,122741.5
11/8/2021,KSBBL,BUY,640,5,119541.5
11/8/2021,MEGA,SELL,340.1,5,121242
11/8/2021,NBB,BUY,356,5,119462
11/8/2021,NHPC,SELL,439,5,121657
11/8/2021,NICA,BUY,856,5,117377
11/8/2021,PCBL,BUY,470,5,115027
11/8/2021,RLI,SELL,562,5,117837
11/8/2021,SANIMA,BUY,400,5,115837
11/9/2021,ADBL,BUY,515,5,113262
11/9/2021,AHPC,BUY,488,5,110822
11/9/2021,AKJCL,BUY,326.8,5,109188
11/9/2021,BARUN,BUY,482,5,106778
11/9/2021,CIT,BUY,3400,5,89778
11/9/2021,CZBIL,BUY,297,5,88293
11/9/2021,DHPL,BUY,332,5,86633
11/9/2021,EBL,BUY,645.2,5,83407
11/9/2021,HPPL,BUY,486,5,80977
11/9/2021,HURJA,BUY,465,5,78652
11/9/2021,JOSHI,BUY,343,5,76937
11/9/2021,KKHC,BUY,351,5,75182
11/9/2021,KSBBL,BUY,607,5,72147
11/9/2021,MEGA,BUY,334.1,5,70476.5
11/9/2021,MFIL,BUY,1084,5,65056.5
11/9/2021,NABIL,BUY,1579,5,57161.5
11/9/2021,NBB,BUY,344,5,55441.5
11/9/2021,NICA,BUY,839,5,51246.5
11/9/2021,NMB,BUY,404.1,5,49226
11/9/2021,PCBL,SELL,477.4,5,51613
11/9/2021,PROFL,BUY,419.4,5,49516
11/9/2021,RLI,BUY,538,5,46826
11/9/2021,SANIMA,BUY,390,5,44876
11/11/2021,ADBL,BUY,507,5,42341
11/11/2021,AHPC,BUY,469,5,39996
11/11/2021,AKJCL,BUY,313.8,5,38427
11/11/2021,BARUN,BUY,451.8,5,36168
11/11/2021,CIT,BUY,3310,5,19618
11/11/2021,CZBIL,BUY,291,5,18163
11/11/2021,DHPL,BUY,316.8,5,16579
11/11/2021,EBL,BUY,633,5,13414
11/11/2021,EDBL,BUY,630,5,10264
11/11/2021,HPPL,BUY,466,5,7934
11/11/2021,HURJA,BUY,454,5,5664
11/11/2021,ICFC,BUY,861.1,5,1358.5
11/11/2021,MEGA,SELL,337.5,5,3046
11/11/2021,NBB,BUY,335.1,5,1370.5
11/16/2021,AHPC,SELL,509,5,3915.5
11/16/2021,AKJCL,SELL,347.9,5,5655
11/16/2021,BARUN,SELL,506,5,8185
11/16/2021,CZBIL,SELL,299,5,9680
11/16/2021,DHPL,SELL,345,5,11405
11/16/2021,EBL,BUY,636,5,8225
11/16/2021,EDBL,BUY,635.9,5,5045.5
11/16/2021,HPPL,BUY,505,5,2520.5
11/16/2021,HURJA,SELL,491,5,4975.5
11/16/2021,ICFC,BUY,893,5,510.5
11/16/2021,JOSHI,SELL,369,5,2355.5
11/16/2021,KKHC,SELL,365,5,4180.5
11/16/2021,KSBBL,BUY,616.2,5,1099.5
11/16/2021,MFIL,SELL,1106.7,5,6633
11/16/2021,NBB,SELL,358.6,5,8426
11/16/2021,NICA,SELL,870,5,12776
11/16/2021,NMB,BUY,399,5,10781
11/16/2021,PCBL,BUY,469.5,5,8433.5
11/16/2021,PROFL,SELL,435,5,10608.5
11/16/2021,RLI,SELL,557,5,13393.5
11/16/2021,SANIMA,SELL,401,5,15398.5
11/17/2021,ADBL,BUY,512.9,5,12834
11/17/2021,AHPC,BUY,498,5,10344
11/17/2021,AKJCL,SELL,347,5,12079
11/17/2021,BARUN,SELL,518.5,5,14671.5
11/17/2021,CZBIL,SELL,298,5,16161.5
11/17/2021,DHPL,SELL,355,5,17936.5
11/17/2021,EBL,BUY,625,5,14811.5
11/17/2021,EDBL,SELL,657,5,18096.5
11/17/2021,HPPL,SELL,514,5,20666.5
11/17/2021,HURJA,SELL,491.9,5,23126
11/17/2021,ICFC,BUY,899.9,5,18626.5
11/17/2021,JBBL,BUY,567,5,15791.5
11/17/2021,KKHC,BUY,360,5,13991.5
11/17/2021,KSBBL,BUY,608,5,10951.5
11/17/2021,LICN,BUY,2050,5,701.5
11/17/2021,NBB,SELL,394.4,5,2673.5
11/17/2021,NICA,SELL,875,5,7048.5
11/17/2021,NMB,BUY,398.5,5,5056
11/17/2021,PCBL,BUY,470,5,2706
11/17/2021,PROFL,BUY,430,5,556
11/17/2021,RLI,SELL,555,5,3331
11/17/2021,SANIMA,SELL,396,5,5311
11/18/2021,ADBL,BUY,508.2,5,2770
11/18/2021,AHPC,BUY,487,5,335
11/18/2021,AKJCL,SELL,339.9,5,2034.5
11/18/2021,CZBIL,BUY,295,5,559.5
11/18/2021,NBB,SELL,383,5,2474.5
11/18/2021,NMB,BUY,394,5,504.5
11/21/2021,HPPL,SELL,499,5,2999.5
11/21/2021,HURJA,BUY,470,5,649.5
11/21/2021,NBB,SELL,374,5,2519.5
11/21/2021,NMB,BUY,393,5,554.5
11/22/2021,CIT,SELL,3367,5,17389.5
11/22/2021,CZBIL,BUY,290.1,5,15939
11/22/2021,EBL,BUY,615.3,5,12862.5
11/22/2021,EDBL,BUY,635,5,9687.5
11/22/2021,HPPL,BUY,492,5,7227.5
11/22/2021,HURJA,BUY,471,5,4872.5
11/22/2021,ICFC,BUY,870,5,522.5
11/22/2021,KKHC,SELL,365.5,5,2350
11/22/2021,MEGA,BUY,331,5,695
11/22/2021,NBB,SELL,369,5,2540
11/22/2021,NMB,BUY,391.5,5,582.5
11/22/2021,PROFL,SELL,424,5,2702.5
11/22/2021,RLI,BUY,527,5,67.5
11/23/2021,NBB,SELL,364,5,1887.5
11/24/2021,CZBIL,BUY,285.5,5,460
11/24/2021,HPPL,SELL,490,5,2910
11/24/2021,HURJA,BUY,456,5,630
11/24/2021,NBB,SELL,365,5,2455
11/24/2021,NMB,BUY,387,5,520
11/28/2021,ICFC,SELL,932,5,5180
11/28/2021,JBBL,BUY,502,5,2670
11/28/2021,JOSHI,BUY,375,5,795
11/30/2021,ICFC,SELL,890,5,5245
11/30/2021,JBBL,BUY,492,5,2785
11/30/2021,JOSHI,BUY,386,5,855
12/6/2021,EDBL,SELL,608,5,3895
12/6/2021,HPPL,BUY,440,5,1695
12/6/2021,KKHC,BUY,323.9,5,75.5
12/7/2021,EDBL,SELL,600,5,3075.5
12/7/2021,HPPL,BUY,414,5,1005.5
12/14/2021,HPPL,SELL,420,5,3105.5
12/14/2021,HURJA,BUY,404,5,1085.5
12/14/2021,NMB,SELL,369.7,5,2934
12/14/2021,PCBL,BUY,333,5,1269
12/15/2021,HURJA,SELL,410,5,3319
12/15/2021,ICFC,BUY,618,5,229
12/15/2021,LICN,SELL,1837,5,9414
12/15/2021,MEGA,BUY,262,5,8104
12/15/2021,MFIL,BUY,1013,5,3039
12/15/2021,MLBL,BUY,559.9,5,239.5
12/15/2021,NMB,SELL,369,5,2084.5
12/15/2021,PCBL,BUY,333,5,419.5
12/16/2021,ADBL,SELL,441,5,2624.5
12/16/2021,AHPC,BUY,386,5,694.5
12/16/2021,HURJA,SELL,414,5,2764.5
12/16/2021,JBBL,BUY,430.2,5,613.5
12/16/2021,NMB,SELL,367.8,5,2452.5
12/16/2021,PCBL,BUY,329,5,807.5
12/20/2021,ADBL,SELL,463,5,3122.5
12/20/2021,AHPC,BUY,377,5,1237.5
12/20/2021,HURJA,SELL,413,5,3302.5
12/20/2021,ICFC,BUY,572,5,442.5
12/20/2021,NMB,SELL,368,5,2282.5
12/20/2021,PCBL,BUY,324,5,662.5
12/21/2021,ADBL,SELL,468,5,3002.5
12/21/2021,AHPC,SELL,398,5,4992.5
12/21/2021,CIT,SELL,2840,5,19192.5
12/21/2021,CZBIL,SELL,267.5,5,20530
12/21/2021,DHPL,BUY,272,5,19170
12/21/2021,EBL,SELL,535,5,21845
12/21/2021,EDBL,BUY,480,5,19445
12/21/2021,HPPL,BUY,395.5,5,17467.5
12/21/2021,HURJA,SELL,414.9,5,19542
12/21/2021,ICFC,BUY,590,5,16592
12/21/2021,JBBL,SELL,434.9,5,18766.5
12/21/2021,JOSHI,BUY,321.9,5,17157
12/21/2021,KKHC,SELL,286,5,18587
12/21/2021,KSBBL,BUY,437,5,16402
12/21/2021,LBBL,BUY,430,5,14252
12/21/2021,LICN,BUY,1797,5,5267
12/21/2021,MEGA,SELL,270,5,6617
12/21/2021,MFIL,BUY,965,5,1792
12/21/2021,NABIL,SELL,1452.5,5,9054.5
12/21/2021,NHPC,BUY,346,5,7324.5
12/21/2021,NICA,BUY,731.2,5,3668.5
12/21/2021,NMB,SELL,378.4,5,5560.5
12/21/2021,PCBL,BUY,329,5,3915.5
12/21/2021,PROFL,BUY,346,5,2185.5
12/21/2021,SANIMA,SELL,337,5,3870.5
12/22/2021,ADBL,SELL,486,5,6300.5
12/22/2021,AHPC,SELL,437.8,5,8489.5
12/22/2021,CZBIL,SELL,275.2,5,9865.5
12/22/2021,DHPL,SELL,291,5,11320.5
12/22/2021,EBL,SELL,538.3,5,14012
12/22/2021,EDBL,SELL,499.8,5,16511
12/22/2021,HPPL,SELL,426,5,18641
12/22/2021,ICFC,SELL,612,5,21701
12/22/2021,JBBL,SELL,454.9,5,23975.5
12/22/2021,JOSHI,SELL,330,5,25625.5
12/22/2021,KSBBL,SELL,469,5,27970.5
12/22/2021,LBBL,BUY,457,5,25685.5
12/22/2021,LICN,SELL,1849,5,34930.5
12/22/2021,MEGA,SELL,278.5,5,36323
12/22/2021,MFIL,BUY,995,5,31348
12/22/2021,MLBL,SELL,574,5,34218
12/22/2021,NHPC,SELL,372,5,36078
12/22/2021,NICA,SELL,752,5,39838
12/22/2021,NMB,BUY,340,5,38138
12/22/2021,PCBL,SELL,346,5,39868
12/22/2021,PROFL,SELL,368,5,41708
12/22/2021,RLI,SELL,469,5,44053
12/22/2021,SANIMA,SELL,347.5,5,45790.5
12/23/2021,ADBL,SELL,496,5,48270.5
12/23/2021,AHPC,SELL,447,5,50505.5
12/23/2021,CZBIL,SELL,277.5,5,51893
12/23/2021,EBL,SELL,540,5,54593
12/23/2021,HPPL,SELL,420,5,56693
12/23/2021,ICFC,SELL,599.8,5,59692
12/23/2021,JBBL,SELL,447.5,5,61929.5
12/23/2021,JOSHI,SELL,333,5,63594.5
12/23/2021,KSBBL,SELL,463.7,5,65913
12/23/2021,LBBL,SELL,451,5,68168
12/23/2021,MFIL,BUY,983,5,63253
12/23/2021,NMB,BUY,337.1,5,61567.5
12/23/2021,PCBL,SELL,344.3,5,63289
12/23/2021,RLI,SELL,488,5,65729
12/23/2021,SANIMA,SELL,350,5,67479
12/26/2021,AHPC,SELL,440.9,5,69683.5
12/26/2021,EBL,SELL,543,5,72398.5
12/26/2021,HPPL,SELL,426.4,5,74530.5
12/26/2021,HURJA,BUY,405.5,5,72503
12/26/2021,ICFC,SELL,590,5,75453
12/26/2021,JBBL,BUY,412,5,73393
12/26/2021,JOSHI,SELL,328,5,75033
12/26/2021,KSBBL,SELL,461,5,77338
12/26/2021,LBBL,SELL,453,5,79603
12/26/2021,MFIL,BUY,986,5,74673
12/26/2021,NMB,BUY,337,5,72988
12/26/2021,PCBL,SELL,350,5,74738
12/26/2021,RLI,SELL,536.8,5,77422
12/26/2021,SANIMA,SELL,358,5,79212
12/27/2021,AHPC,SELL,423,5,81327
12/27/2021,EBL,SELL,533.1,5,83992.5
12/27/2021,HURJA,BUY,405,5,81967.5
12/27/2021,ICFC,BUY,570,5,79117.5
12/27/2021,JBBL,BUY,390.8,5,77163.5
12/27/2021,JOSHI,BUY,300,5,75663.5
12/27/2021,KKHC,BUY,279,5,74268.5
12/27/2021,KSBBL,BUY,441,5,72063.5
12/27/2021,LBBL,BUY,429.9,5,69914
12/27/2021,MFIL,BUY,960.5,5,65111.5
12/27/2021,NHPC,BUY,338,5,63421.5
12/27/2021,NMB,BUY,332,5,61761.5
12/27/2021,PCBL,SELL,340,5,63461.5
12/27/2021,PROFL,BUY,343.1,5,61746
12/27/2021,SANIMA,SELL,356,5,63526
12/28/2021,AKJCL,BUY,274.9,5,62151.5
12/28/2021,DHPL,BUY,277,5,60766.5
12/28/2021,EBL,SELL,536,5,63446.5
12/28/2021,HURJA,SELL,413,5,65511.5
12/28/2021,ICFC,BUY,585,5,62586.5
12/28/2021,JBBL,BUY,391,5,60631.5
12/28/2021,JOSHI,BUY,310,5,59081.5
12/28/2021,KKHC,BUY,280,5,57681.5
12/28/2021,KSBBL,BUY,436,5,55501.5
12/28/2021,LBBL,BUY,437,5,53316.5
12/28/2021,MFIL,BUY,944,5,48596.5
12/28/2021,MLBL,BUY,458,5,46306.5
12/28/2021,NHPC,BUY,337,5,44621.5
12/28/2021,NICA,BUY,738,5,40931.5
12/28/2021,NMB,BUY,328,5,39291.5
12/28/2021,PCBL,BUY,334.9,5,37617
12/28/2021,PROFL,BUY,350,5,35867
12/28/2021,SANIMA,SELL,352,5,37627
12/29/2021,AKJCL,BUY,273,5,36262
12/29/2021,CZBIL,BUY,271.1,5,34906.5
12/29/2021,DHPL,BUY,278,5,33516.5
12/29/2021,EBL,SELL,535.3,5,36193
12/29/2021,HURJA,BUY,408,5,34153
12/29/2021,ICFC,BUY,585.3,5,31226.5
12/29/2021,JBBL,BUY,388,5,29286.5
12/29/2021,JOSHI,BUY,303,5,27771.5
12/29/2021,KKHC,BUY,282,5,26361.5
12/29/2021,KSBBL,BUY,435,5,24186.5
12/29/2021,LBBL,BUY,430.2,5,22035.5
12/29/2021,MFIL,BUY,939,5,17340.5
12/29/2021,MLBL,BUY,446.1,5,15110
12/29/2021,NABIL,BUY,1450,5,7860
12/29/2021,NHPC,BUY,334,5,6190
12/29/2021,NICA,BUY,740,5,2490
12/29/2021,NMB,BUY,329,5,845
12/29/2021,SANIMA,SELL,354,5,2615
1/2/2022,ADBL,BUY,411,5,560
1/2/2022,CZBIL,SELL,273.5,5,1927.5
1/2/2022,DHPL,BUY,272.1,5,567
1/2/2022,EBL,SELL,548,5,3307
1/2/2022,HURJA,SELL,415,5,5382
1/2/2022,ICFC,SELL,589,5,8327
1/2/2022,JBBL,BUY,401.5,5,6319.5
1/2/2022,JOSHI,BUY,301.9,5,4810
1/2/2022,KKHC,BUY,279,5,3415
1/2/2022,KSBBL,SELL,448,5,5655
1/2/2022,LBBL,SELL,456,5,7935
1/2/2022,MFIL,BUY,650,5,4685
1/2/2022,MLBL,BUY,466,5,2355
1/2/2022,NHPC,BUY,335,5,680
1/2/2022,NICA,SELL,769,5,4525
1/2/2022,NMB,BUY,329.5,5,2877.5
1/2/2022,PCBL,BUY,335,5,1202.5
1/2/2022,PROFL,SELL,354.9,5,2977
1/2/2022,SANIMA,SELL,363,5,4792
1/3/2022,ADBL,BUY,415,5,2717
1/3/2022,AKJCL,BUY,273.9,5,1347.5
1/3/2022,EBL,SELL,573.9,5,4217
1/3/2022,HURJA,SELL,412.6,5,6280
1/3/2022,ICFC,SELL,595,5,9255
1/3/2022,JBBL,BUY,402,5,7245
1/3/2022,JOSHI,BUY,297.7,5,5756.5
1/3/2022,KKHC,BUY,278,5,4366.5
1/3/2022,KSBBL,SELL,459,5,6661.5
1/3/2022,LBBL,SELL,470,5,9011.5
1/3/2022,MFIL,BUY,657,5,5726.5
1/3/2022,MLBL,BUY,470,5,3376.5
1/3/2022,NHPC,BUY,337,5,1691.5
1/3/2022,NICA,SELL,784,5,5611.5
1/3/2022,NMB,BUY,335,5,3936.5
1/3/2022,PCBL,SELL,345,5,5661.5
1/3/2022,PROFL,BUY,345,5,3936.5
1/4/2022,ADBL,BUY,422,5,1826.5
1/4/2022,AKJCL,SELL,280,5,3226.5
1/4/2022,DHPL,BUY,277,5,1841.5
1/4/2022,EBL,SELL,615,5,4916.5
1/4/2022,HURJA,BUY,412,5,2856.5
1/4/2022,ICFC,SELL,607,5,5891.5
1/4/2022,JBBL,SELL,427,5,8026.5
1/4/2022,JOSHI,BUY,298,5,6536.5
1/4/2022,KKHC,BUY,280,5,5136.5
1/4/2022,KSBBL,SELL,489,5,7581.5
1/4/2022,LBBL,SELL,495,5,10056.5
1/4/2022,MFIL,BUY,657.1,5,6771
1/4/2022,MLBL,BUY,499,5,4276
1/4/2022,NHPC,BUY,345,5,2551
1/4/2022,NMB,SELL,358,5,4341
1/4/2022,PCBL,SELL,360.8,5,6145
1/4/2022,PROFL,SELL,368,5,7985
1/5/2022,ADBL,BUY,419,5,5890
1/5/2022,AKJCL,SELL,286,5,7320
1/5/2022,DHPL,SELL,280.1,5,8720.5
1/5/2022,HURJA,SELL,418,5,10810.5
1/5/2022,ICFC,SELL,605.2,5,13836.5
1/5/2022,JBBL,SELL,418,5,15926.5
1/5/2022,JOSHI,BUY,300.1,5,14426
1/5/2022,KKHC,BUY,282,5,13016
1/5/2022,KSBBL,SELL,474,5,15386
1/5/2022,MFIL,BUY,660,5,12086
1/5/2022,MLBL,BUY,483,5,9671
1/5/2022,NABIL,BUY,1111.9,5,4111.5
1/5/2022,NHPC,SELL,350,5,5861.5
1/5/2022,NMB,SELL,349,5,7606.5
1/5/2022,PCBL,SELL,360,5,9406.5
1/5/2022,PROFL,SELL,360,5,11206.5
1/6/2022,ADBL,BUY,421,5,9101.5
1/6/2022,AKJCL,SELL,290,5,10551.5
1/6/2022,DHPL,SELL,283,5,11966.5
1/6/2022,ICFC,SELL,614,5,15036.5
1/6/2022,JBBL,SELL,426,5,17166.5
1/6/2022,JOSHI,BUY,306,5,15636.5
1/6/2022,KKHC,SELL,287,5,17071.5
1/6/2022,KSBBL,SELL,486,5,19501.5
1/6/2022,MFIL,BUY,664,5,16181.5
1/6/2022,MLBL,BUY,486.1,5,13751
1/6/2022,NABIL,BUY,1114,5,8181
1/6/2022,NHPC,SELL,362,5,9991
1/6/2022,NMB,SELL,352,5,11751
1/6/2022,PCBL,SELL,364,5,13571
1/9/2022,ADBL,BUY,431,5,11416
1/9/2022,DHPL,SELL,306,5,12946
1/9/2022,JBBL,SELL,456,5,15226
1/9/2022,JOSHI,SELL,319,5,16821
1/9/2022,KKHC,SELL,305,5,18346
1/9/2022,KSBBL,SELL,515,5,20921
1/9/2022,MFIL,BUY,680,5,17521
1/9/2022,MLBL,SELL,513.5,5,20088.5
1/9/2022,NABIL,BUY,1113,5,14523.5
1/9/2022,NHPC,SELL,391,5,16478.5
1/9/2022,NMB,SELL,364,5,18298.5
1/9/2022,PCBL,SELL,376,5,20178.5
1/10/2022,ADBL,BUY,429,5,18033.5
1/10/2022,DHPL,SELL,315.2,5,19609.5
1/10/2022,JBBL,SELL,452,5,21869.5
1/10/2022,JOSHI,SELL,340,5,23569.5
1/10/2022,KKHC,SELL,330,5,25219.5
1/10/2022,KSBBL,SELL,521,5,27824.5
1/10/2022,MFIL,BUY,712,5,24264.5
1/10/2022,MLBL,SELL,512,5,26824.5
1/10/2022,NABIL,BUY,1111.3,5,21268
1/10/2022,NBB,BUY,390.1,5,19317.5
1/10/2022,NHPC,SELL,389.9,5,21267
1/10/2022,NMB,SELL,358.5,5,23059.5
1/10/2022,PCBL,SELL,379,5,24954.5
1/11/2022,ADBL,BUY,428.9,5,22810
1/11/2022,JBBL,SELL,459.5,5,25107.5
1/11/2022,JOSHI,SELL,346,5,26837.5
1/11/2022,KKHC,SELL,334,5,28507.5
1/11/2022,MFIL,SELL,760,5,32307.5
1/11/2022,MLBL,SELL,538,5,34997.5
1/11/2022,NABIL,BUY,1114.8,5,29423.5
1/11/2022,NBB,BUY,389.5,5,27476
1/11/2022,NHPC,SELL,390,5,29426
1/11/2022,NMB,SELL,359,5,31221
1/12/2022,ADBL,BUY,424,5,29101
1/12/2022,JBBL,SELL,449,5,31346
1/12/2022,JOSHI,SELL,327,5,32981
1/12/2022,KKHC,SELL,325,5,34606
1/12/2022,MFIL,SELL,749,5,38351
1/12/2022,MLBL,SELL,521,5,40956
1/12/2022,NABIL,BUY,1107,5,35421
1/12/2022,NBB,SELL,400,5,37421
1/12/2022,NHPC,SELL,384.1,5,39341.5
1/12/2022,NMB,SELL,353.1,5,41107
1/13/2022,ADBL,SELL,426.9,5,43241.5
1/13/2022,JOSHI,SELL,337,5,44926.5
1/13/2022,KKHC,SELL,336,5,46606.5
1/13/2022,MFIL,SELL,758,5,50396.5
1/13/2022,MLBL,SELL,535.1,5,53072
1/13/2022,NABIL,BUY,1110,5,47522
1/13/2022,NMB,SELL,353.4,5,49289
1/16/2022,ADBL,SELL,435,5,51464
1/16/2022,JOSHI,SELL,347,5,53199
1/16/2022,KKHC,SELL,358,5,54989
1/16/2022,MFIL,SELL,816,5,59069
1/16/2022,MLBL,SELL,560,5,61869
1/16/2022,NABIL,SELL,1140,5,67569
1/16/2022,NMB,SELL,362,5,69379
1/17/2022,ADBL,SELL,441,5,71584
1/17/2022,JOSHI,SELL,351.5,5,73341.5
1/17/2022,MFIL,SELL,810,5,77391.5
1/17/2022,MLBL,SELL,552,5,80151.5
1/17/2022,NABIL,SELL,1178.9,5,86046
1/17/2022,NMB,SELL,365.1,5,87871.5
1/18/2022,ADBL,SELL,440,5,90071.5
1/18/2022,JOSHI,SELL,339,5,91766.5
1/18/2022,MFIL,SELL,785,5,95691.5
1/18/2022,NABIL,SELL,1190,5,101641.5
1/19/2022,ADBL,SELL,433,5,103806.5
1/19/2022,AKJCL,BUY,319,5,102211.5
1/19/2022,DHPL,BUY,317,5,100626.5
1/19/2022,HPPL,BUY,504,5,98106.5
1/19/2022,JOSHI,BUY,328,5,96466.5
1/19/2022,KSBBL,BUY,541.5,5,93759
1/19/2022,LBBL,BUY,533,5,91094
1/19/2022,MFIL,SELL,766.5,5,94926.5
1/19/2022,MLBL,BUY,522.3,5,92315
1/19/2022,NABIL,SELL,1177,5,98200
1/19/2022,NHPC,BUY,390,5,96250
1/19/2022,PROFL,BUY,408,5,94210
1/19/2022,RLI,BUY,552,5,91450
1/20/2022,ADBL,SELL,433,5,93615
1/20/2022,AKJCL,SELL,331.5,5,95272.5
1/20/2022,DHPL,SELL,329.4,5,96919.5
1/20/2022,HPPL,SELL,513.5,5,99487
1/20/2022,JOSHI,SELL,340.5,5,101189.5
1/20/2022,KSBBL,SELL,574,5,104059.5
1/20/2022,LBBL,SELL,560,5,106859.5
1/20/2022,MFIL,SELL,779.9,5,110759
1/20/2022,MLBL,SELL,548.9,5,113503.5
1/20/2022,NABIL,SELL,1178,5,119393.5
1/20/2022,NHPC,SELL,405,5,121418.5
1/20/2022,PROFL,SELL,419,5,123513.5
1/20/2022,RLI,SELL,565,5,126338.5
1/23/2022,ADBL,BUY,430.2,5,124187.5
1/23/2022,EBL,BUY,601,5,121182.5
1/23/2022,EDBL,BUY,579,5,118287.5
1/23/2022,HPPL,BUY,508,5,115747.5
1/23/2022,ICFC,BUY,745.1,5,112022
1/23/2022,JBBL,BUY,465,5,109697
1/23/2022,JOSHI,BUY,334,5,108027
1/23/2022,MEGA,BUY,304,5,106507
1/23/2022,MFIL,BUY,752,5,102747
1/23/2022,NABIL,SELL,1161,5,108552
1/23/2022,NHPC,BUY,397.3,5,106565.5
1/23/2022,NMB,BUY,362,5,104755.5
1/23/2022,PCBL,BUY,375,5,102880.5
1/23/2022,PROFL,BUY,410,5,100830.5
1/23/2022,SANIMA,BUY,383,5,98915.5
1/24/2022,ADBL,BUY,422,5,96805.5
1/24/2022,AHPC,BUY,514,5,94235.5
1/24/2022,AKJCL,BUY,314,5,92665.5
1/24/2022,BARUN,BUY,539,5,89970.5
1/24/2022,CIT,BUY,3380,5,73070.5
1/24/2022,CZBIL,BUY,297,5,71585.5
1/24/2022,DHPL,BUY,308,5,70045.5
1/24/2022,EBL,BUY,582,5,67135.5
1/24/2022,EDBL,BUY,554,5,64365.5
1/24/2022,HPPL,BUY,485,5,61940.5
1/24/2022,HURJA,BUY,504,5,59420.5
1/24/2022,ICFC,BUY,705,5,55895.5
1/24/2022,JBBL,BUY,442,5,53685.5
1/24/2022,JOSHI,BUY,318,5,52095.5
1/24/2022,KKHC,BUY,322,5,50485.5
1/24/2022,KSBBL,BUY,533,5,47820.5
1/24/2022,LBBL,BUY,519.9,5,45221
1/24/2022,MEGA,BUY,294,5,43751
1/24/2022,MFIL,BUY,710,5,40201
1/24/2022,MLBL,BUY,520,5,37601
1/24/2022,NABIL,BUY,1127,5,31966
1/24/2022,NHPC,BUY,377,5,30081
1/24/2022,NICA,BUY,866.2,5,25750
1/24/2022,NMB,BUY,349,5,24005
1/24/2022,PCBL,BUY,365,5,22180
1/24/2022,PROFL,BUY,389.1,5,20234.5
1/24/2022,SANIMA,BUY,367,5,18399.5
1/25/2022,ADBL,BUY,419.9,5,16300
1/25/2022,AHPC,BUY,508,5,13760
1/25/2022,AKJCL,BUY,313,5,12195
1/25/2022,BARUN,BUY,538,5,9505
1/25/2022,CZBIL,BUY,294.2,5,8034
1/25/2022,DHPL,BUY,310,5,6484
1/25/2022,EBL,BUY,583,5,3569
1/25/2022,EDBL,BUY,556,5,789
1/30/2022,AHPC,SELL,545,5,3514
1/30/2022,AKJCL,SELL,329,5,5159
1/30/2022,BARUN,SELL,558,5,7949
1/30/2022,CIT,SELL,3439,5,25144
1/30/2022,CZBIL,BUY,297.4,5,23657
1/30/2022,DHPL,SELL,325,5,25282
1/30/2022,EBL,BUY,594.9,5,22307.5
1/30/2022,EDBL,BUY,571,5,19452.5
1/30/2022,HPPL,SELL,507,5,21987.5
1/30/2022,HURJA,SELL,525,5,24612.5
1/30/2022,ICFC,SELL,732,5,28272.5
1/30/2022,JBBL,SELL,460,5,30572.5
1/30/2022,JOSHI,SELL,332,5,32232.5
1/30/2022,KKHC,SELL,334,5,33902.5
1/30/2022,KSBBL,SELL,550,5,36652.5
1/30/2022,LBBL,SELL,542,5,39362.5
1/30/2022,MEGA,BUY,293.6,5,37894.5
1/30/2022,MFIL,SELL,743.5,5,41612
1/30/2022,MLBL,SELL,545,5,44337
1/30/2022,NABIL,BUY,1135,5,38662
1/30/2022,NHPC,SELL,395.9,5,40641.5
1/30/2022,NICA,BUY,883,5,36226.5
1/30/2022,NMB,BUY,352,5,34466.5
1/30/2022,PCBL,BUY,365,5,32641.5
1/30/2022,PROFL,SELL,411.9,5,34701
1/30/2022,SANIMA,BUY,370,5,32851
1/31/2022,ADBL,BUY,422,5,30741
1/31/2022,AHPC,SELL,534,5,33411
1/31/2022,AKJCL,SELL,320.1,5,35011.5
1/31/2022,BARUN,BUY,545,5,32286.5
1/31/2022,CIT,BUY,3398,5,15296.5
1/31/2022,CZBIL,BUY,295,5,13821.5
1/31/2022,DHPL,SELL,318,5,15411.5
1/31/2022,EBL,BUY,583,5,12496.5
1/31/2022,EDBL,BUY,560,5,9696.5
1/31/2022,HPPL,SELL,502,5,12206.5
1/31/2022,ICFC,BUY,718,5,8616.5
1/31/2022,JBBL,BUY,447,5,6381.5
1/31/2022,JOSHI,BUY,325,5,4756.5
1/31/2022,KKHC,BUY,327,5,3121.5
1/31/2022,KSBBL,BUY,538,5,431.5
1/31/2022,NHPC,SELL,388,5,2371.5
1/31/2022,NMB,BUY,347,5,636.5
1/31/2022,PROFL,SELL,401,5,2641.5
1/31/2022,SANIMA,BUY,367,5,806.5
2/1/2022,BARUN,SELL,565,5,3631.5
2/1/2022,CIT,SELL,3416,5,20711.5
2/1/2022,CZBIL,BUY,299,5,19216.5
2/1/2022,EBL,BUY,585,5,16291.5
2/1/2022,EDBL,SELL,579,5,19186.5
2/1/2022,ICFC,SELL,734.9,5,22861
2/1/2022,JBBL,SELL,454,5,25131
2/1/2022,JOSHI,SELL,335,5,26806
2/1/2022,KKHC,SELL,334,5,28476
2/1/2022,KSBBL,SELL,549,5,31221
2/1/2022,MEGA,BUY,295,5,29746
2/1/2022,MFIL,SELL,732,5,33406
2/1/2022,NABIL,BUY,1121.1,5,27800.5
2/1/2022,NICA,BUY,870,5,23450.5
2/1/2022,NMB,BUY,347.5,5,21713
2/1/2022,PCBL,BUY,359.9,5,19913.5
2/1/2022,SANIMA,BUY,369,5,18068.5
2/3/2022,ADBL,BUY,420.6,5,15965.5
2/3/2022,BARUN,SELL,555,5,18740.5
2/3/2022,CZBIL,SELL,299,5,20235.5
2/3/2022,EBL,BUY,585,5,17310.5
2/3/2022,EDBL,SELL,563.6,5,20128.5
2/3/2022,ICFC,SELL,732,5,23788.5
2/3/2022,JBBL,BUY,447,5,21553.5
2/3/2022,JOSHI,SELL,334,5,23223.5
2/3/2022,KSBBL,BUY,539,5,20528.5
2/3/2022,MEGA,SELL,296,5,22008.5
2/3/2022,MFIL,SELL,726,5,25638.5
2/3/2022,NABIL,BUY,1122,5,20028.5
2/3/2022,NICA,BUY,860.4,5,15726.5
2/3/2022,NMB,BUY,347,5,13991.5
2/3/2022,PCBL,BUY,359,5,12196.5
2/3/2022,SANIMA,BUY,369,5,10351.5
2/6/2022,ADBL,BUY,418,5,8261.5
2/6/2022,BARUN,BUY,538,5,5571.5
2/6/2022,CZBIL,BUY,293,5,4106.5
2/6/2022,EBL,BUY,580,5,1206.5
2/7/2022,BARUN,SELL,547.3,5,3943
2/7/2022,CZBIL,BUY,293,5,2478
2/7/2022,JBBL,BUY,441,5,273
2/7/2022,KSBBL,SELL,534,5,2943
2/7/2022,MEGA,BUY,289.1,5,1497.5
2/8/2022,CZBIL,BUY,292,5,37.5
2/21/2022,EBL,SELL,578,5,2927.5
2/21/2022,EDBL,BUY,505,5,402.5
2/22/2022,EBL,SELL,601,5,3407.5
2/22/2022,EDBL,BUY,515.1,5,832
2/23/2022,EBL,SELL,582,5,3742
2/23/2022,EDBL,BUY,510,5,1192
3/10/2022,JBBL,SELL,410,5,3242
3/10/2022,JOSHI,BUY,306,5,1712
3/10/2022,KKHC,BUY,305,5,187
3/13/2022,ADBL,SELL,403,5,2202
3/13/2022,CZBIL,SELL,278,5,3592
3/13/2022,DHPL,BUY,321,5,1987
3/13/2022,EBL,SELL,555,5,4762
3/13/2022,EDBL,BUY,465,5,2437
3/13/2022,JBBL,SELL,425,5,4562
3/13/2022,JOSHI,SELL,320,5,6162
3/13/2022,KKHC,SELL,315.1,5,7737.5
3/13/2022,MEGA,SELL,268.9,5,9082
3/13/2022,MFIL,SELL,667,5,12417
3/13/2022,NABIL,SELL,1079,5,17812
3/13/2022,NHPC,BUY,331,5,16157
3/13/2022,NICA,SELL,782,5,20067
3/13/2022,NMB,SELL,322.8,5,21681
3/13/2022,PCBL,SELL,332.8,5,23345
3/13/2022,SANIMA,SELL,337.5,5,25032.5
3/14/2022,ADBL,SELL,402,5,27042.5
3/14/2022,BARUN,BUY,517,5,24457.5
3/14/2022,CZBIL,SELL,277,5,25842.5
3/14/2022,DHPL,BUY,316,5,24262.5
3/14/2022,EBL,SELL,555,5,27037.5
3/14/2022,EDBL,BUY,465,5,24712.5
3/14/2022,JBBL,SELL,422,5,26822.5
3/14/2022,MEGA,SELL,270,5,28172.5
3/14/2022,MFIL,SELL,662,5,31482.5
3/14/2022,NABIL,SELL,1092,5,36942.5
3/14/2022,NHPC,BUY,327,5,35307.5
3/14/2022,NICA,SELL,778,5,39197.5
3/14/2022,NMB,SELL,316.5,5,40780
3/14/2022,PCBL,SELL,330,5,42430
3/14/2022,SANIMA,SELL,343,5,44145
3/15/2022,ADBL,SELL,399,5,46140
3/15/2022,AHPC,BUY,500.1,5,43639.5
3/15/2022,BARUN,BUY,508,5,41099.5
3/15/2022,CZBIL,SELL,277,5,42484.5
3/15/2022,DHPL,BUY,310,5,40934.5
3/15/2022,EBL,SELL,547,5,43669.5
3/15/2022,EDBL,SELL,472,5,46029.5
3/15/2022,ICFC,BUY,656,5,42749.5
3/15/2022,MEGA,SELL,266,5,44079.5
3/15/2022,MFIL,SELL,655,5,47354.5
3/15/2022,NABIL,SELL,1079,5,52749.5
3/15/2022,NHPC,BUY,320,5,51149.5
3/15/2022,NICA,SELL,772,5,55009.5
3/15/2022,NMB,SELL,317.9,5,56599
3/15/2022,PCBL,SELL,330,5,58249
3/15/2022,SANIMA,SELL,340.9,5,59953.5
3/16/2022,ADBL,SELL,396.2,5,61934.5
3/16/2022,AHPC,BUY,494,5,59464.5
3/16/2022,AKJCL,BUY,297,5,57979.5
3/16/2022,BARUN,BUY,499,5,55484.5
3/16/2022,CZBIL,SELL,273,5,56849.5
3/16/2022,DHPL,BUY,309,5,55304.5
3/16/2022,EBL,BUY,544,5,52584.5
3/16/2022,EDBL,SELL,462,5,54894.5
3/16/2022,HPPL,BUY,450,5,52644.5
3/16/2022,ICFC,BUY,650,5,49394.5
3/16/2022,JOSHI,BUY,305,5,47869.5
3/16/2022,MEGA,SELL,266,5,49199.5
3/16/2022,MFIL,SELL,647,5,52434.5
3/16/2022,NABIL,SELL,1064,5,57754.5
3/16/2022,NHPC,BUY,317,5,56169.5
3/16/2022,NICA,BUY,768,5,52329.5
3/16/2022,NMB,SELL,316,5,53909.5
3/16/2022,PCBL,SELL,328,5,55549.5
3/16/2022,SANIMA,SELL,336.2,5,57230.5
3/20/2022,ADBL,SELL,396.6,5,59213.5
3/20/2022,AHPC,BUY,496,5,56733.5
3/20/2022,AKJCL,BUY,294,5,55263.5
3/20/2022,BARUN,BUY,498,5,52773.5
3/20/2022,CZBIL,SELL,273.1,5,54139
3/20/2022,DHPL,BUY,308,5,52599
3/20/2022,EBL,BUY,538,5,49909
3/20/2022,EDBL,SELL,465,5,52234
3/20/2022,HPPL,BUY,450,5,49984
3/20/2022,HURJA,BUY,466,5,47654
3/20/2022,ICFC,BUY,641,5,44449
3/20/2022,JOSHI,BUY,299.1,5,42953.5
3/20/2022,KKHC,BUY,303,5,41438.5
3/20/2022,MEGA,BUY,262.9,5,40124
3/20/2022,MFIL,SELL,632,5,43284
3/20/2022,NABIL,SELL,1060,5,48584
3/20/2022,NHPC,BUY,318,5,46994
3/20/2022,NICA,SELL,770,5,50844
3/20/2022,NMB,SELL,314.5,5,52416.5
3/20/2022,PCBL,SELL,325,5,54041.5
3/20/2022,SANIMA,SELL,335,5,55716.5
3/21/2022,ADBL,SELL,395.6,5,57694.5
3/21/2022,AHPC,SELL,520,5,60294.5
3/21/2022,AKJCL,SELL,300,5,61794.5
3/21/2022,BARUN,SELL,517,5,64379.5
3/21/2022,CZBIL,SELL,273.9,5,65749
3/21/2022,DHPL,SELL,315,5,67324
3/21/2022,EBL,SELL,544,5,70044
3/21/2022,EDBL,SELL,479,5,72439
3/21/2022,HPPL,SELL,465,5,74764
3/21/2022,HURJA,SELL,474,5,77134
3/21/2022,ICFC,BUY,652,5,73874
3/21/2022,JOSHI,SELL,310.9,5,75428.5
3/21/2022,KKHC,SELL,314,5,76998.5
3/21/2022,MEGA,BUY,263,5,75683.5
3/21/2022,MFIL,SELL,645,5,78908.5
3/21/2022,NABIL,SELL,1052,5,84168.5
3/21/2022,NHPC,SELL,328,5,85808.5
3/21/2022,NICA,SELL,773,5,89673.5
3/21/2022,NMB,SELL,316,5,91253.5
3/21/2022,PCBL,BUY,323.2,5,89637.5
3/21/2022,SANIMA,SELL,335,5,91312.5
3/22/2022,ADBL,SELL,398,5,93302.5
3/22/2022,AHPC,SELL,510,5,95852.5
3/22/2022,AKJCL,SELL,298,5,97342.5
3/22/2022,BARUN,SELL,518.9,5,99937
3/22/2022,CZBIL,SELL,274.6,5,101310
3/22/2022,DHPL,SELL,314,5,102880
3/22/2022,EBL,SELL,546,5,105610
3/22/2022,EDBL,SELL,482,5,108020
3/22/2022,HPPL,SELL,467,5,110355
3/22/2022,ICFC,SELL,659.8,5,113654
3/22/2022,JOSHI,SELL,310,5,115204
3/22/2022,MEGA,SELL,265,5,116529
3/22/2022,NABIL,BUY,1050,5,111279
3/22/2022,NHPC,SELL,327,5,112914
3/22/2022,PCBL,SELL,326,5,114544
3/23/2022,ADBL,BUY,395,5,112569
3/23/2022,AHPC,BUY,498.3,5,110077.5
3/23/2022,BARUN,SELL,508.7,5,112621
3/23/2022,CZBIL,BUY,272.6,5,111258
3/23/2022,DHPL,BUY,308.1,5,109717.5
3/23/2022,EBL,BUY,539,5,107022.5
3/23/2022,EDBL,SELL,486,5,109452.5
3/23/2022,HURJA,BUY,466,5,107122.5
3/23/2022,ICFC,BUY,647,5,103887.5
3/23/2022,JOSHI,BUY,300,5,102387.5
3/23/2022,KKHC,BUY,299,5,100892.5
3/23/2022,MEGA,BUY,261,5,99587.5
3/23/2022,NABIL,BUY,1047,5,94352.5
3/23/2022,NHPC,SELL,321.8,5,95961.5
3/23/2022,NMB,BUY,314.9,5,94387
3/23/2022,PCBL,BUY,324,5,92767
3/23/2022,SANIMA,BUY,335.2,5,91091
3/24/2022,ADBL,BUY,393,5,89126
3/24/2022,AHPC,BUY,492.5,5,86663.5
3/24/2022,AKJCL,BUY,294,5,85193.5
3/24/2022,BARUN,BUY,504,5,82673.5
3/24/2022,CIT,BUY,3170,5,66823.5
3/24/2022,CZBIL,BUY,269,5,65478.5
3/24/2022,DHPL,BUY,300,5,63978.5
3/24/2022,EBL,BUY,535.1,5,61303
3/24/2022,EDBL,SELL,472,5,63663
3/24/2022,HPPL,BUY,448,5,61423
3/24/2022,HURJA,BUY,459.9,5,59123.5
3/24/2022,ICFC,BUY,644.9,5,55899
3/24/2022,JBBL,BUY,409.3,5,53852.5
3/24/2022,JOSHI,BUY,296.1,5,52372
3/24/2022,KKHC,BUY,301,5,50867
3/24/2022,KSBBL,BUY,493,5,48402
3/24/2022,MEGA,BUY,259,5,47107
3/24/2022,MFIL,BUY,630.2,5,43956
3/24/2022,MLBL,BUY,463,5,41641
3/24/2022,NABIL,BUY,1040,5,36441
3/24/2022,NHPC,BUY,315,5,34866
3/24/2022,NMB,BUY,312,5,33306
3/24/2022,PCBL,BUY,319.5,5,31708.5
3/24/2022,PROFL,BUY,345,5,29983.5
3/24/2022,SANIMA,BUY,332.2,5,28322.5
3/27/2022,ADBL,BUY,388.1,5,26382
3/27/2022,AHPC,BUY,475,5,24007
3/27/2022,AKJCL,BUY,285.4,5,22580
3/27/2022,BARUN,BUY,485,5,20155
3/27/2022,CIT,BUY,3146,5,4425
3/27/2022,CZBIL,BUY,269,5,3080
3/27/2022,DHPL,BUY,294,5,1610
3/27/2022,ICFC,SELL,657.7,5,4898.5
3/27/2022,JBBL,BUY,399,5,2903.5
3/27/2022,JOSHI,BUY,288,5,1463.5
3/27/2022,MEGA,BUY,256,5,183.5
4/7/2022,HPPL,SELL,462,5,2493.5
4/7/2022,HURJA,BUY,419,5,398.5
4/13/2022,EBL,SELL,519,5,2993.5
4/13/2022,EDBL,BUY,428.8,5,849.5
4/18/2022,DHPL,SELL,272,5,2209.5
4/18/2022,EDBL,BUY,410,5,159.5
4/19/2022,ADBL,SELL,371,5,2014.5
4/19/2022,AHPC,BUY,390,5,64.5
4/19/2022,MLBL,SELL,414,5,2134.5
4/19/2022,NHPC,BUY,243,5,919.5
4/20/2022,ADBL,SELL,370,5,2769.5
4/20/2022,AHPC,BUY,371.9,5,910
4/21/2022,ADBL,SELL,370,5,2760
4/21/2022,AHPC,BUY,382,5,850
4/24/2022,ADBL,SELL,376.6,5,2733
4/24/2022,AHPC,SELL,420.2,5,4834
4/24/2022,AKJCL,SELL,246.2,5,6065
4/24/2022,BARUN,SELL,417.8,5,8154
4/24/2022,CIT,SELL,2948.9,5,22898.5
4/24/2022,CZBIL,SELL,260,5,24198.5
4/24/2022,DHPL,SELL,268,5,25538.5
4/24/2022,EBL,BUY,510,5,22988.5
4/24/2022,EDBL,SELL,430,5,25138.5
4/24/2022,HURJA,BUY,343,5,23423.5
4/24/2022,ICFC,SELL,525,5,26048.5
4/24/2022,JBBL,SELL,380,5,27948.5
4/24/2022,JOSHI,SELL,250,5,29198.5
4/24/2022,KKHC,SELL,254.1,5,30469
4/24/2022,KSBBL,SELL,455,5,32744
4/24/2022,LICN,BUY,1895,5,23269
4/24/2022,MEGA,SELL,242,5,24479
4/24/2022,MFIL,SELL,492.8,5,26943
4/24/2022,NABIL,BUY,951.5,5,22185.5
4/24/2022,NHPC,SELL,260.7,5,23489
4/24/2022,NMB,SELL,299.9,5,24988.5
4/24/2022,PCBL,SELL,301,5,26493.5
4/24/2022,PROFL,SELL,315,5,28068.5
4/24/2022,RLI,BUY,508,5,25528.5
4/24/2022,SANIMA,BUY,314,5,23958.5
4/25/2022,ADBL,SELL,378,5,25848.5
4/25/2022,AHPC,SELL,421,5,27953.5
4/25/2022,AKJCL,SELL,245.1,5,29179
4/25/2022,BARUN,SELL,413,5,31244
4/25/2022,CIT,SELL,2908,5,45784
4/25/2022,CZBIL,SELL,259,5,47079
4/25/2022,DHPL,SELL,265,5,48404
4/25/2022,EBL,SELL,513,5,50969
4/25/2022,EDBL,SELL,418,5,53059
4/25/2022,HURJA,BUY,328.1,5,51418.5
4/25/2022,ICFC,BUY,509,5,48873.5
4/25/2022,JBBL,SELL,375,5,50748.5
4/25/2022,JOSHI,BUY,241,5,49543.5
4/25/2022,KKHC,SELL,257.1,5,50829
4/25/2022,LBBL,BUY,432.1,5,48668.5
4/25/2022,LICN,BUY,1870,5,39318.5
4/25/2022,MEGA,SELL,238.2,5,40509.5
4/25/2022,NABIL,BUY,940.9,5,35805
4/25/2022,NHPC,SELL,267,5,37140
4/25/2022,NMB,SELL,296,5,38620
4/25/2022,PCBL,SELL,299,5,40115
4/25/2022,RLI,BUY,496.1,5,37634.5
4/25/2022,SANIMA,BUY,313,5,36069.5
4/26/2022,AHPC,SELL,415,5,38144.5
4/26/2022,BARUN,SELL,407,5,40179.5
4/26/2022,CIT,BUY,2875,5,25804.5
4/26/2022,CZBIL,BUY,254,5,24534.5
4/26/2022,DHPL,SELL,262.5,5,25847
4/26/2022,EBL,BUY,506,5,23317
4/26/2022,EDBL,BUY,415,5,21242
4/26/2022,HPPL,BUY,420,5,19142
4/26/2022,HURJA,BUY,320.6,5,17539
4/26/2022,ICFC,BUY,506.1,5,15008.5
4/26/2022,JBBL,BUY,369,5,13163.5
4/26/2022,JOSHI,BUY,239.9,5,11964
4/26/2022,KSBBL,BUY,435,5,9789
4/26/2022,LBBL,BUY,427.2,5,7653
4/26/2022,MEGA,SELL,238,5,8843
4/26/2022,NABIL,BUY,937.9,5,4153.5
4/26/2022,NHPC,SELL,264.7,5,5477
4/26/2022,RLI,BUY,487.5,5,3039.5
4/26/2022,SANIMA,BUY,312.4,5,1477.5
4/27/2022,AHPC,SELL,422,5,3587.5
4/27/2022,CZBIL,BUY,254,5,2317.5
4/27/2022,DHPL,SELL,259,5,3612.5
4/27/2022,EBL,BUY,507.8,5,1073.5
4/27/2022,EDBL,SELL,418,5,3163.5
4/27/2022,HPPL,BUY,420.6,5,1060.5
4/27/2022,ICFC,SELL,506,5,3590.5
4/27/2022,JBBL,SELL,377,5,5475.5
4/27/2022,JOSHI,SELL,244,5,6695.5
4/27/2022,KSBBL,SELL,445,5,8920.5
4/27/2022,LBBL,SELL,443,5,11135.5
4/27/2022,LICN,BUY,1839.2,5,1939.5
4/27/2022,MEGA,BUY,236.2,5,758.5
4/27/2022,NHPC,SELL,269,5,2103.5
4/27/2022,NMB,BUY,294.2,5,632.5
4/28/2022,AHPC,SELL,417.2,5,2718.5
4/28/2022,BARUN,BUY,398,5,728.5
4/28/2022,LBBL,SELL,436.8,5,2912.5
4/28/2022,MEGA,BUY,235,5,1737.5
4/28/2022,NMB,BUY,293,5,272.5
5/8/2022,BARUN,SELL,402,5,2282.5
5/8/2022,CZBIL,BUY,240,5,1082.5
5/10/2022,AHPC,SELL,419,5,3177.5
5/10/2022,CZBIL,BUY,245.5,5,1950
5/10/2022,DHPL,SELL,250,5,3200
5/10/2022,EBL,BUY,500.1,5,699.5
5/10/2022,EDBL,SELL,408,5,2739.5
5/10/2022,HPPL,SELL,406,5,4769.5
5/10/2022,HURJA,BUY,305,5,3244.5
5/10/2022,ICFC,BUY,465,5,919.5
5/10/2022,JOSHI,SELL,238,5,2109.5
5/10/2022,LBBL,BUY,420,5,9.5
5/10/2022,NMB,SELL,290.9,5,1464
5/10/2022,PCBL,BUY,289,5,19
5/10/2022,SANIMA,SELL,309,5,1564
5/11/2022,AHPC,SELL,450,5,3814
5/11/2022,CIT,SELL,2829,5,17959
5/11/2022,CZBIL,SELL,248.9,5,19203.5
5/11/2022,EBL,SELL,510,5,21753.5
5/11/2022,HPPL,SELL,421,5,23858.5
5/11/2022,HURJA,SELL,325,5,25483.5
5/11/2022,ICFC,SELL,489,5,27928.5
5/11/2022,JOSHI,SELL,254,5,29198.5
5/11/2022,LBBL,SELL,430,5,31348.5
5/11/2022,LICN,BUY,1656,5,23068.5
5/11/2022,MEGA,SELL,237,5,24253.5
5/11/2022,NABIL,SELL,933,5,28918.5
5/11/2022,NMB,SELL,294.6,5,30391.5
5/11/2022,PCBL,SELL,291,5,31846.5
5/11/2022,RLI,SELL,470,5,34196.5
5/11/2022,SANIMA,SELL,314,5,35766.5
5/12/2022,CZBIL,SELL,250,5,37016.5
5/12/2022,EBL,SELL,504,5,39536.5
5/12/2022,HURJA,SELL,317,5,41121.5
5/12/2022,ICFC,SELL,495,5,43596.5
5/12/2022,JOSHI,SELL,245,5,44821.5
5/12/2022,KSBBL,BUY,422,5,42711.5
5/12/2022,LICN,BUY,1636,5,34531.5
5/12/2022,MEGA,SELL,237,5,35716.5
5/12/2022,NABIL,SELL,930,5,40366.5
5/12/2022,RLI,BUY,455,5,38091.5
5/12/2022,SANIMA,SELL,314,5,39661.5
5/17/2022,ADBL,BUY,366,5,37831.5
5/17/2022,AHPC,BUY,407,5,35796.5
5/17/2022,AKJCL,BUY,232,5,34636.5
5/17/2022,CIT,BUY,2760,5,20836.5
5/17/2022,CZBIL,BUY,243,5,19621.5
5/17/2022,DHPL,BUY,237,5,18436.5
5/17/2022,EBL,BUY,494.5,5,15964
5/17/2022,EDBL,BUY,386,5,14034
5/17/2022,HPPL,BUY,383,5,12119
5/17/2022,HURJA,BUY,303,5,10604
5/17/2022,ICFC,BUY,470,5,8254
5/17/2022,JBBL,BUY,346,5,6524
5/17/2022,KKHC,BUY,242,5,5314
5/17/2022,KSBBL,BUY,405.8,5,3285
5/17/2022,LBBL,BUY,407,5,1250
5/17/2022,MEGA,BUY,228,5,110
5/18/2022,AHPC,SELL,421,5,2215
5/18/2022,AKJCL,SELL,239,5,3410
5/18/2022,CZBIL,BUY,243,5,2195
5/18/2022,DHPL,SELL,245,5,3420
5/18/2022,EBL,BUY,495,5,945
5/18/2022,EDBL,SELL,400,5,2945
5/18/2022,HPPL,BUY,391.5,5,987.5
5/18/2022,HURJA,SELL,308.5,5,2530
5/18/2022,ICFC,SELL,475.1,5,4905.5
5/18/2022,JBBL,BUY,354,5,3135.5
5/18/2022,KKHC,SELL,252.9,5,4400
5/18/2022,KSBBL,BUY,410.6,5,2347
5/18/2022,LBBL,BUY,406.7,5,313.5
5/18/2022,NABIL,SELL,914,5,4883.5
5/18/2022,PCBL,BUY,284.8,5,3459.5
5/18/2022,RLI,BUY,420,5,1359.5
5/19/2022,CZBIL,BUY,242,5,149.5
5/26/2022,CZBIL,SELL,243.9,5,1369
5/26/2022,DHPL,BUY,240,5,169
5/26/2022,MEGA,SELL,247.5,5,1406.5
5/26/2022,NHPC,BUY,280,5,6.5
5/26/2022,PCBL,SELL,285,5,1431.5
5/26/2022,PROFL,BUY,282,5,21.5
5/27/2022,MEGA,SELL,250,5,1271.5
5/30/2022,AKJCL,BUY,226,5,141.5
6/8/2022,AKJCL,SELL,224,5,1261.5
6/8/2022,CZBIL,BUY,226,5,131.5
6/8/2022,DHPL,SELL,230,5,1281.5
6/8/2022,ICFC,SELL,453,5,3546.5
6/8/2022,JBBL,BUY,316.5,5,1964
6/8/2022,KKHC,BUY,221,5,859
6/8/2022,NHPC,SELL,268,5,2199
6/8/2022,NMB,BUY,267.4,5,862
6/8/2022,PROFL,SELL,261,5,2167
6/8/2022,RLI,BUY,375,5,292
6/9/2022,HPPL,SELL,366.1,5,2122.5
6/9/2022,HURJA,BUY,261,5,817.5
6/9/2022,ICFC,SELL,439,5,3012.5
6/9/2022,JBBL,BUY,312,5,1452.5
6/9/2022,JOSHI,BUY,221.4,5,345.5
6/10/2022,HPPL,SELL,369,5,2190.5
6/10/2022,HURJA,BUY,258,5,900.5
6/10/2022,ICFC,SELL,432,5,3060.5
6/10/2022,JBBL,BUY,305,5,1535.5
6/10/2022,JOSHI,BUY,217,5,450.5
6/17/2022,NMB,SELL,267,5,1785.5
6/17/2022,PCBL,BUY,260,5,485.5
6/21/2022,EBL,SELL,450.8,5,2739.5
6/21/2022,EDBL,BUY,344,5,1019.5
6/21/2022,JOSHI,BUY,190,5,69.5
6/23/2022,LICN,SELL,1140,5,5769.5
6/23/2022,MFIL,BUY,378,5,3879.5
6/23/2022,MLBL,BUY,316,5,2299.5
6/23/2022,NHPC,BUY,203.4,5,1282.5
6/23/2022,NMB,BUY,250,5,32.5
6/24/2022,LICN,SELL,1229.9,5,6182
6/24/2022,MFIL,BUY,381,5,4277
6/24/2022,MLBL,BUY,324,5,2657
6/24/2022,NHPC,BUY,201,5,1652
6/24/2022,NMB,BUY,249.9,5,402.5
6/26/2022,ADBL,SELL,315.1,5,1978
6/26/2022,CIT,SELL,2427.7,5,14116.5
6/26/2022,CZBIL,SELL,216.5,5,15199
6/26/2022,EBL,SELL,445,5,17424
6/26/2022,EDBL,SELL,357.8,5,19213
6/26/2022,HURJA,SELL,222.3,5,20324.5
6/26/2022,JBBL,SELL,290,5,21774.5
6/26/2022,JOSHI,SELL,190.1,5,22725
6/26/2022,KKHC,SELL,201.7,5,23733.5
6/26/2022,KSBBL,SELL,339.5,5,25431
6/26/2022,LBBL,SELL,336,5,27111
6/26/2022,LICN,SELL,1300,5,33611
6/26/2022,MFIL,SELL,411,5,35666
6/26/2022,MLBL,SELL,355,5,37441
6/26/2022,NABIL,BUY,775,5,33566
6/26/2022,NHPC,BUY,221.1,5,32460.5
6/26/2022,NMB,BUY,257.2,5,31174.5
6/26/2022,PCBL,SELL,254.9,5,32449
6/26/2022,RLI,SELL,345,5,34174
6/26/2022,SANIMA,SELL,278,5,35564
6/27/2022,AHPC,BUY,343,5,33849
6/27/2022,AKJCL,BUY,188,5,32909
6/27/2022,CZBIL,BUY,208.1,5,31868.5
6/27/2022,DHPL,BUY,195,5,30893.5
6/27/2022,EBL,BUY,438,5,28703.5
6/27/2022,EDBL,BUY,339.5,5,27006
6/27/2022,HURJA,BUY,216.1,5,25925.5
6/27/2022,JBBL,SELL,279.3,5,27322
6/27/2022,JOSHI,SELL,190,5,28272
6/27/2022,KSBBL,SELL,328,5,29912
6/27/2022,LBBL,SELL,325,5,31537
6/27/2022,LICN,SELL,1419,5,38632
6/27/2022,MFIL,SELL,404,5,40652
6/27/2022,MLBL,SELL,340,5,42352
6/27/2022,NABIL,BUY,780,5,38452
6/27/2022,NHPC,BUY,214,5,37382
6/27/2022,NMB,BUY,255,5,36107
6/27/2022,PCBL,BUY,253,5,34842
6/27/2022,RLI,BUY,338.1,5,33151.5
6/27/2022,SANIMA,SELL,272,5,34511.5
6/28/2022,AHPC,BUY,334,5,32841.5
6/28/2022,AKJCL,BUY,186.8,5,31907.5
6/28/2022,CZBIL,BUY,209,5,30862.5
6/28/2022,DHPL,BUY,191,5,29907.5
6/28/2022,EBL,BUY,439,5,27712.5
6/28/2022,EDBL,BUY,330,5,26062.5
6/28/2022,HPPL,BUY,300,5,24562.5
6/28/2022,HURJA,BUY,210.5,5,23510
6/28/2022,JBBL,BUY,271.9,5,22150.5
6/28/2022,JOSHI,BUY,187,5,21215.5
6/28/2022,KSBBL,SELL,324,5,22835.5
6/28/2022,LBBL,BUY,317,5,21250.5
6/28/2022,LICN,SELL,1470,5,28600.5
6/28/2022,MFIL,BUY,396,5,26620.5
6/28/2022,NABIL,BUY,778,5,22730.5
6/28/2022,NHPC,BUY,209,5,21685.5
6/28/2022,NICA,BUY,672.5,5,18323
6/28/2022,NMB,BUY,254,5,17053
6/28/2022,PCBL,SELL,253,5,18318
6/28/2022,RLI,SELL,343,5,20033
6/29/2022,AHPC,SELL,352,5,21793
6/29/2022,AKJCL,SELL,191,5,22748
6/29/2022,CZBIL,BUY,209,5,21703
6/29/2022,DHPL,SELL,202.8,5,22717
6/29/2022,EBL,SELL,442.5,5,24929.5
6/29/2022,EDBL,SELL,343,5,26644.5
6/29/2022,HPPL,SELL,310,5,28194.5
6/29/2022,HURJA,SELL,223.9,5,29314
6/29/2022,JBBL,SELL,285,5,30739
6/29/2022,JOSHI,SELL,194,5,31709
6/29/2022,LBBL,SELL,337,5,33394
6/29/2022,MFIL,SELL,409,5,35439
6/29/2022,NABIL,SELL,795,5,39414
6/29/2022,NHPC,SELL,221,5,40519
6/29/2022,NICA,SELL,679,5,43914
6/29/2022,NMB,SELL,256,5,45194
6/29/2022,RLI,SELL,351,5,46949
6/30/2022,AHPC,SELL,371,5,48804
6/30/2022,AKJCL,SELL,201.2,5,49810
6/30/2022,CZBIL,SELL,212,5,50870
6/30/2022,DHPL,SELL,211,5,51925
6/30/2022,EBL,SELL,456.9,5,54209.5
6/30/2022,EDBL,SELL,369.5,5,56057
6/30/2022,HURJA,SELL,237.4,5,57244
6/30/2022,JBBL,SELL,302,5,58754
6/30/2022,JOSHI,SELL,204,5,59774
6/30/2022,NABIL,SELL,835,5,63949
6/30/2022,NHPC,SELL,239,5,65144
6/30/2022,NMB,SELL,262,5,66454
6/30/2022,RLI,SELL,363.6,5,68272
7/1/2022,CZBIL,BUY,208,5,67232
7/1/2022,EBL,SELL,450,5,69482
7/1/2022,HURJA,SELL,238,5,70672
7/1/2022,JBBL,SELL,296,5,72152
7/1/2022,NABIL,SELL,856,5,76432
7/1/2022,NHPC,SELL,238.9,5,77626.5
7/1/2022,NMB,SELL,260,5,78926.5
7/1/2022,RLI,SELL,364,5,80746.5
7/3/2022,CZBIL,BUY,209,5,79701.5
7/3/2022,EBL,SELL,450,5,81951.5
7/3/2022,HURJA,SELL,250,5,83201.5
7/3/2022,JBBL,SELL,310,5,84751.5
7/3/2022,NABIL,SELL,889,5,89196.5
7/3/2022,NHPC,SELL,254,5,90466.5
7/3/2022,NMB,SELL,260,5,91766.5
7/3/2022,RLI,SELL,380.9,5,93671
7/4/2022,CZBIL,BUY,206.1,5,92640.5
7/4/2022,EBL,SELL,453,5,94905.5
7/4/2022,HURJA,SELL,245,5,96130.5
7/4/2022,NABIL,SELL,895,5,100605.5
7/4/2022,NHPC,SELL,249,5,101850.5
7/4/2022,NMB,SELL,258.4,5,103142.5
7/4/2022,SANIMA,BUY,270.2,5,101791.5
7/5/2022,CZBIL,BUY,206,5,100761.5
7/5/2022,EBL,BUY,445,5,98536.5
7/5/2022,EDBL,BUY,353,5,96771.5
7/5/2022,HURJA,SELL,238,5,97961.5
7/5/2022,LICN,BUY,1409,5,90916.5
7/5/2022,NABIL,SELL,872,5,95276.5
7/5/2022,PCBL,BUY,253,5,94011.5
7/5/2022,SANIMA,BUY,271,5,92656.5
7/6/2022,BARUN,BUY,456,5,90376.5
7/6/2022,CZBIL,BUY,205.9,5,89347
7/6/2022,EBL,BUY,444.5,5,87124.5
7/6/2022,EDBL,SELL,367,5,88959.5
7/6/2022,HURJA,SELL,242,5,90169.5
7/6/2022,LICN,SELL,1549.9,5,97919
7/6/2022,NICA,BUY,689,5,94474
7/6/2022,NMB,BUY,257.1,5,93188.5
7/6/2022,PCBL,SELL,255,5,94463.5
7/6/2022,SANIMA,BUY,272,5,93103.5
7/7/2022,BARUN,BUY,452,5,90843.5
7/7/2022,CIT,BUY,2586.1,5,77913
7/7/2022,CZBIL,BUY,204.5,5,76890.5
7/7/2022,EBL,BUY,440,5,74690.5
7/7/2022,HURJA,SELL,239,5,75885.5
7/7/2022,LBBL,BUY,346,5,74155.5
7/7/2022,NICA,BUY,685,5,70730.5
7/7/2022,NMB,BUY,257,5,69445.5
7/7/2022,PCBL,BUY,252,5,68185.5
7/7/2022,RLI,BUY,355,5,66410.5
7/7/2022,SANIMA,BUY,267,5,65075.5
7/8/2022,ADBL,BUY,323,5,63460.5
7/8/2022,AHPC,BUY,347,5,61725.5
7/8/2022,AKJCL,BUY,200,5,60725.5
7/8/2022,BARUN,BUY,441,5,58520.5
7/8/2022,CIT,BUY,2525,5,45895.5
7/8/2022,CZBIL,BUY,202,5,44885.5
7/8/2022,DHPL,BUY,207.2,5,43849.5
7/8/2022,EBL,BUY,434,5,41679.5
7/8/2022,EDBL,BUY,357,5,39894.5
7/8/2022,HPPL,BUY,329,5,38249.5
7/8/2022,HURJA,BUY,226,5,37119.5
7/8/2022,ICFC,BUY,435.4,5,34942.5
7/8/2022,JBBL,BUY,292,5,33482.5
7/8/2022,JOSHI,BUY,203,5,32467.5
7/8/2022,KKHC,BUY,209,5,31422.5
7/8/2022,KSBBL,BUY,342,5,29712.5
7/8/2022,LBBL,BUY,330.1,5,28062
7/8/2022,MFIL,BUY,430.5,5,25909.5
7/8/2022,MLBL,BUY,355,5,24134.5
7/8/2022,NABIL,BUY,826,5,20004.5
7/8/2022,NHPC,BUY,238.5,5,18812
7/8/2022,NICA,BUY,668,5,15472
7/8/2022,NMB,BUY,256,5,14192
7/8/2022,PCBL,BUY,249.5,5,12944.5
7/8/2022,PROFL,BUY,233,5,11779.5
7/8/2022,RLI,BUY,348,5,10039.5
7/8/2022,SANIMA,BUY,260,5,8739.5
7/11/2022,ADBL,BUY,312.4,5,7177.5
7/11/2022,AHPC,BUY,335.8,5,5498.5
7/11/2022,AKJCL,BUY,189,5,4553.5
7/11/2022,BARUN,BUY,412,5,2493.5
7/11/2022,CZBIL,BUY,198,5,1503.5
7/11/2022,DHPL,BUY,192.5,5,541
7/13/2022,AKJCL,SELL,202,5,1551
7/13/2022,CZBIL,BUY,202,5,541
7/13/2022,JBBL,SELL,304.9,5,2065.5
7/13/2022,JOSHI,SELL,208,5,3105.5
7/13/2022,KKHC,SELL,212,5,4165.5
7/13/2022,KSBBL,BUY,343,5,2450.5
7/13/2022,LBBL,BUY,338,5,760.5
7/13/2022,MFIL,SELL,439,5,2955.5
7/13/2022,MLBL,SELL,366,5,4785.5
7/13/2022,NABIL,BUY,811,5,730.5
7/13/2022,NHPC,SELL,245,5,1955.5
7/13/2022,NMB,SELL,258,5,3245.5
7/13/2022,PCBL,BUY,241,5,2040.5
7/13/2022,PROFL,SELL,242,5,3250.5
7/13/2022,SANIMA,BUY,262.9,5,1936
7/14/2022,ADBL,SELL,324.9,5,3560.5
7/14/2022,AHPC,SELL,364.8,5,5384.5
7/14/2022,AKJCL,SELL,203.9,5,6404
7/14/2022,BARUN,BUY,444,5,4184
7/14/2022,CZBIL,BUY,199.9,5,3184.5
7/14/2022,DHPL,BUY,204,5,2164.5
7/14/2022,EBL,BUY,427.9,5,25
7/14/2022,HURJA,SELL,234.5,5,1197.5
7/14/2022,ICFC,SELL,450,5,3447.5
7/14/2022,KKHC,BUY,210.2,5,2396.5
7/14/2022,KSBBL,SELL,349,5,4141.5
7/14/2022,LBBL,SELL,344,5,5861.5
7/14/2022,NABIL,BUY,817,5,1776.5
7/14/2022,NICA,SELL,694,5,5246.5
7/14/2022,NMB,SELL,258,5,6536.5
7/14/2022,PCBL,BUY,248.9,5,5292
7/14/2022,SANIMA,BUY,257.9,5,4002.5
7/15/2022,ADBL,SELL,331,5,5657.5
7/15/2022,AHPC,BUY,356.1,5,3877
7/15/2022,AKJCL,BUY,200.5,5,2874.5
7/15/2022,BARUN,BUY,440,5,674.5
7/15/2022,EBL,SELL,439,5,2869.5
7/15/2022,EDBL,BUY,327,5,1234.5
7/15/2022,HURJA,BUY,229,5,89.5
7/15/2022,KKHC,SELL,211,5,1144.5
7/15/2022,KSBBL,SELL,349.9,5,2894
7/15/2022,LBBL,SELL,341,5,4599
7/15/2022,NABIL,BUY,824,5,479
7/15/2022,NICA,SELL,696,5,3959
7/15/2022,NMB,SELL,261,5,5264
7/15/2022,PCBL,SELL,265,5,6589
7/15/2022,SANIMA,SELL,276,5,7969
7/17/2022,AHPC,BUY,352.2,5,6208
7/17/2022,AKJCL,SELL,201,5,7213
7/17/2022,BARUN,SELL,443,5,9428
7/17/2022,CIT,SELL,2547,5,22163
7/17/2022,CZBIL,SELL,205,5,23188
7/17/2022,DHPL,SELL,204.9,5,24212.5
7/17/2022,EBL,SELL,446.9,5,26447
7/17/2022,EDBL,BUY,327,5,24812
7/17/2022,HPPL,BUY,313,5,23247
7/17/2022,HURJA,SELL,232,5,24407
7/17/2022,JOSHI,BUY,200.1,5,23406.5
7/17/2022,LBBL,SELL,338.1,5,25097
7/17/2022,LICN,BUY,1435,5,17922
7/17/2022,NABIL,SELL,830,5,22072
7/17/2022,NHPC,BUY,239,5,20877
7/17/2022,NICA,SELL,703,5,24392
7/17/2022,PCBL,SELL,262.8,5,25706
7/17/2022,SANIMA,SELL,272.9,5,27070.5
7/18/2022,AHPC,SELL,357.1,5,28856
7/18/2022,BARUN,BUY,298.6,5,27363
7/18/2022,CIT,SELL,2610,5,40413
7/18/2022,CZBIL,SELL,206,5,41443
7/18/2022,DHPL,BUY,203,5,40428
7/18/2022,EBL,SELL,445,5,42653
7/18/2022,EDBL,BUY,340.5,5,40950.5
7/18/2022,HPPL,BUY,319,5,39355.5
7/18/2022,JOSHI,SELL,204,5,40375.5
7/18/2022,LICN,SELL,1457.9,5,47665
7/18/2022,NABIL,SELL,832,5,51825
7/18/2022,NHPC,SELL,241,5,53030
7/18/2022,PCBL,SELL,260.9,5,54334.5
7/18/2022,SANIMA,SELL,272,5,55694.5
7/19/2022,AHPC,SELL,357.5,5,57482
7/19/2022,BARUN,BUY,299,5,55987
7/19/2022,CZBIL,SELL,207,5,57022
7/19/2022,DHPL,SELL,205,5,58047
7/19/2022,EBL,SELL,457.9,5,60336.5
7/19/2022,EDBL,SELL,347.5,5,62074
7/19/2022,HPPL,SELL,329,5,63719
7/19/2022,NABIL,SELL,838,5,67909
7/19/2022,PCBL,SELL,262,5,69219
7/19/2022,SANIMA,SELL,273.6,5,70587
7/20/2022,AHPC,SELL,357,5,72372
7/20/2022,BARUN,BUY,294,5,70902
7/20/2022,CZBIL,SELL,205,5,71927
7/20/2022,DHPL,SELL,207,5,72962
7/20/2022,EBL,SELL,459.4,5,75259
7/20/2022,EDBL,SELL,345.8,5,76988
7/20/2022,HPPL,SELL,332,5,78648
7/20/2022,NABIL,SELL,845,5,82873
7/20/2022,SANIMA,SELL,273.5,5,84240.5
7/21/2022,AHPC,BUY,352,5,82480.5
7/21/2022,BARUN,BUY,289,5,81035.5
7/21/2022,CZBIL,SELL,205.3,5,82062
7/21/2022,DHPL,SELL,204.9,5,83086.5
7/21/2022,EBL,SELL,459.1,5,85382
7/21/2022,EDBL,SELL,342,5,87092
7/21/2022,HPPL,SELL,327.1,5,88727.5
7/21/2022,LICN,BUY,1423,5,81612.5
7/21/2022,NHPC,BUY,235.6,5,80434.5
7/21/2022,SANIMA,SELL,271,5,81789.5
7/22/2022,ADBL,BUY,320,5,80189.5
7/22/2022,AHPC,BUY,343.1,5,78474
7/22/2022,AKJCL,BUY,197,5,77489
7/22/2022,BARUN,BUY,285,5,76064
7/22/2022,CZBIL,BUY,202,5,75054
7/22/2022,DHPL,BUY,202.5,5,74041.5
7/22/2022,EDBL,BUY,335,5,72366.5
7/22/2022,HURJA,BUY,230,5,71216.5
7/22/2022,JBBL,BUY,299,5,69721.5
7/22/2022,JOSHI,BUY,198,5,68731.5
7/22/2022,KKHC,BUY,207,5,67696.5
7/22/2022,KSBBL,BUY,346,5,65966.5
7/22/2022,LBBL,BUY,336.9,5,64282
7/22/2022,LICN,BUY,1390,5,57332
7/22/2022,MFIL,BUY,445,5,55107
7/22/2022,MLBL,BUY,373.1,5,53241.5
7/22/2022,NHPC,BUY,232,5,52081.5
7/22/2022,NMB,BUY,258.6,5,50788.5
7/22/2022,SANIMA,BUY,267,5,49453.5
7/24/2022,ADBL,BUY,325,5,47828.5
7/24/2022,AHPC,SELL,360.9,5,49633
7/24/2022,AKJCL,SELL,207,5,50668
7/24/2022,BARUN,BUY,298,5,49178
7/24/2022,CZBIL,SELL,207,5,50213
7/24/2022,DHPL,SELL,218,5,51303
7/24/2022,EDBL,SELL,350,5,53053
7/24/2022,HURJA,SELL,240.6,5,54256
7/24/2022,JBBL,SELL,316,5,55836
7/24/2022,JOSHI,SELL,208,5,56876
7/24/2022,KKHC,SELL,218,5,57966
7/24/2022,KSBBL,SELL,365,5,59791
7/24/2022,LBBL,SELL,363,5,61606
7/24/2022,LICN,SELL,1434,5,68776
7/24/2022,MFIL,SELL,471,5,71131
7/24/2022,MLBL,SELL,392,5,73091
7/24/2022,NHPC,SELL,253,5,74356
7/24/2022,NMB,BUY,262,5,73046
7/24/2022,SANIMA,SELL,270,5,74396
7/25/2022,ADBL,SELL,331.9,5,76055.5
7/25/2022,AHPC,SELL,374.5,5,77928
7/25/2022,BARUN,BUY,310.8,5,76374
7/25/2022,CZBIL,SELL,210.4,5,77426
7/25/2022,EDBL,SELL,376,5,79306
7/25/2022,LICN,SELL,1498.9,5,86800.5
7/25/2022,NHPC,SELL,265,5,88125.5
7/25/2022,NMB,SELL,265,5,89450.5
7/25/2022,SANIMA,BUY,270,5,88100.5
7/26/2022,ADBL,BUY,327.9,5,86461
7/26/2022,BARUN,BUY,300.1,5,84960.5
7/26/2022,CZBIL,SELL,206,5,85990.5
7/26/2022,NICA,BUY,709,5,82445.5
7/26/2022,NMB,BUY,260.1,5,81145
7/26/2022,PCBL,BUY,257.5,5,79857.5
7/26/2022,SANIMA,BUY,263.5,5,78540
7/27/2022,ADBL,SELL,329,5,80185
7/27/2022,BARUN,BUY,304,5,78665
7/27/2022,CZBIL,BUY,204.2,5,77644
7/27/2022,NICA,BUY,711,5,74089
7/27/2022,NMB,BUY,258,5,72799
7/27/2022,PCBL,BUY,256,5,71519
7/27/2022,SANIMA,BUY,262,5,70209
7/28/2022,ADBL,SELL,329.2,5,71855
7/28/2022,BARUN,SELL,304.1,5,73375.5
7/28/2022,CZBIL,BUY,204,5,72355.5
7/28/2022,NICA,BUY,709,5,68810.5
7/28/2022,NMB,BUY,258,5,67520.5
7/28/2022,PCBL,BUY,255,5,66245.5
7/28/2022,SANIMA,BUY,260,5,64945.5
7/29/2022,BARUN,SELL,303,5,66460.5
7/29/2022,CZBIL,BUY,203,5,65445.5
7/29/2022,NICA,BUY,707.9,5,61906
7/29/2022,NMB,BUY,258,5,60616
7/29/2022,PCBL,BUY,254,5,59346
7/29/2022,SANIMA,BUY,260.1,5,58045.5
7/31/2022,BARUN,SELL,307,5,59580.5
7/31/2022,CZBIL,SELL,212.1,5,60641
7/31/2022,NICA,SELL,725,5,64266
7/31/2022,NMB,SELL,266.9,5,65600.5
7/31/2022,PCBL,SELL,262,5,66910.5
7/31/2022,SANIMA,SELL,275,5,68285.5
8/1/2022,BARUN,SELL,305.9,5,69815
8/1/2022,CZBIL,SELL,214.8,5,70889
8/1/2022,NICA,SELL,722,5,74499
8/1/2022,NMB,SELL,272,5,75859
8/1/2022,PCBL,SELL,261.7,5,77167.5
8/1/2022,SANIMA,SELL,279,5,78562.5
8/2/2022,BARUN,SELL,302,5,80072.5
8/2/2022,CZBIL,SELL,212.9,5,81137
8/2/2022,NICA,SELL,720.2,5,84738
8/2/2022,NMB,SELL,269,5,86083
8/2/2022,PCBL,SELL,261,5,87388
8/2/2022,SANIMA,SELL,277,5,88773
8/3/2022,BARUN,SELL,308,5,90313
8/3/2022,CZBIL,SELL,211.8,5,91372
8/3/2022,NABIL,BUY,862,5,87062
8/3/2022,NICA,BUY,715,5,83487
8/3/2022,NMB,SELL,269.9,5,84836.5
8/3/2022,PCBL,BUY,255,5,83561.5
8/3/2022,SANIMA,SELL,273.1,5,84927
8/4/2022,ADBL,BUY,327.2,5,83291
8/4/2022,AHPC,BUY,383,5,81376
8/4/2022,BARUN,BUY,300.1,5,79875.5
8/4/2022,CZBIL,BUY,207.5,5,78838
8/4/2022,EBL,BUY,499,5,76343
8/4/2022,EDBL,BUY,389,5,74398
8/4/2022,ICFC,BUY,541,5,71693
8/4/2022,JBBL,BUY,329,5,70048
8/4/2022,KSBBL,BUY,386,5,68118
8/4/2022,LICN,BUY,1487,5,60683
8/4/2022,MFIL,BUY,493,5,58218
8/4/2022,MLBL,BUY,415.8,5,56139
8/4/2022,NABIL,BUY,850,5,51889
8/4/2022,NHPC,BUY,265.5,5,50561.5
8/4/2022,NICA,BUY,706,5,47031.5
8/4/2022,NMB,SELL,268.9,5,48376
8/4/2022,PCBL,BUY,248.4,5,47134
8/4/2022,SANIMA,BUY,266.5,5,45801.5
8/5/2022,ADBL,BUY,326,5,44171.5
8/5/2022,AHPC,BUY,375,5,42296.5
8/5/2022,AKJCL,BUY,223,5,41181.5
8/5/2022,BARUN,BUY,297.5,5,39694
8/5/2022,CZBIL,BUY,204,5,38674
8/5/2022,DHPL,BUY,225.6,5,37546
8/5/2022,EBL,BUY,495,5,35071
8/5/2022,EDBL,BUY,379,5,33176
8/5/2022,HURJA,BUY,280,5,31776
8/5/2022,ICFC,BUY,520,5,29176
8/5/2022,JBBL,BUY,318,5,27586
8/5/2022,KKHC,BUY,236,5,26406
8/5/2022,KSBBL,BUY,378.9,5,24511.5
8/5/2022,LBBL,BUY,414.2,5,22440.5
8/5/2022,LICN,BUY,1467,5,15105.5
8/5/2022,MFIL,BUY,467,5,12770.5
8/5/2022,MLBL,BUY,405.1,5,10745
8/5/2022,NABIL,BUY,819.7,5,6646.5
8/5/2022,NHPC,BUY,262,5,5336.5
8/5/2022,NICA,BUY,695.5,5,1859
8/5/2022,NMB,BUY,260.6,5,556
8/7/2022,HURJA,SELL,289,5,2001
8/7/2022,JBBL,BUY,324,5,381
8/7/2022,LBBL,SELL,425,5,2506
8/7/2022,MFIL,BUY,480,5,106
8/8/2022,EBL,SELL,509,5,2651
8/8/2022,EDBL,BUY,371,5,796
8/15/2022,ADBL,SELL,325,5,2421
8/15/2022,AHPC,SELL,370,5,4271
8/15/2022,AKJCL,SELL,222,5,5381
8/15/2022,BARUN,BUY,285,5,3956
8/15/2022,CZBIL,BUY,203,5,2941
8/15/2022,DHPL,BUY,220,5,1841
8/15/2022,EBL,SELL,505,5,4366
8/15/2022,EDBL,BUY,350,5,2616
8/15/2022,ICFC,SELL,540,5,5316
8/15/2022,JBBL,SELL,316,5,6896
8/15/2022,JOSHI,BUY,238,5,5706
8/15/2022,KKHC,BUY,231,5,4551
8/15/2022,KSBBL,BUY,363,5,2736
8/15/2022,LBBL,BUY,407,5,701
8/15/2022,MLBL,SELL,402.8,5,2715
8/15/2022,NHPC,BUY,260,5,1415
8/15/2022,NMB,BUY,253,5,150
8/16/2022,ADBL,SELL,322.9,5,1764.5
8/16/2022,AKJCL,BUY,214,5,694.5
8/16/2022,ICFC,SELL,530,5,3344.5
8/16/2022,JBBL,BUY,305,5,1819.5
8/16/2022,JOSHI,BUY,225,5,694.5
8/16/2022,SANIMA,SELL,260,5,1994.5
8/17/2022,ADBL,BUY,320,5,394.5
8/17/2022,KKHC,SELL,230,5,1544.5
8/17/2022,NHPC,BUY,249.9,5,295
8/18/2022,ADBL,SELL,323,5,1910
8/18/2022,AHPC,SELL,369,5,3755
8/18/2022,AKJCL,SELL,224.9,5,4879.5
8/18/2022,BARUN,SELL,284,5,6299.5
8/18/2022,CZBIL,SELL,202.5,5,7312
8/18/2022,DHPL,SELL,219.9,5,8411.5
8/18/2022,EDBL,SELL,363.4,5,10228.5
8/18/2022,HPPL,BUY,382,5,8318.5
8/18/2022,HURJA,BUY,273,5,6953.5
8/18/2022,JBBL,SELL,313.1,5,8519
8/18/2022,JOSHI,BUY,234,5,7349
8/18/2022,KKHC,SELL,231.2,5,8505
8/18/2022,KSBBL,SELL,367,5,10340
8/18/2022,LBBL,SELL,414,5,12410
8/18/2022,LICN,BUY,1408,5,5370
8/18/2022,MFIL,SELL,450,5,7620
8/18/2022,MLBL,SELL,408,5,9660
8/18/2022,NABIL,SELL,802,5,13670
8/18/2022,NHPC,SELL,260.5,5,14972.5
8/18/2022,NICA,BUY,668,5,11632.5
8/18/2022,NMB,BUY,252,5,10372.5
8/18/2022,PCBL,BUY,238,5,9182.5
8/18/2022,SANIMA,SELL,257.5,5,10470
8/21/2022,AHPC,BUY,360,5,8670
8/21/2022,BARUN,SELL,288,5,10110
8/21/2022,CZBIL,BUY,201.2,5,9104
8/21/2022,DHPL,BUY,216,5,8024
8/21/2022,EDBL,SELL,362,5,9834
8/21/2022,HPPL,BUY,373.7,5,7965.5
8/21/2022,HURJA,BUY,269.9,5,6616
8/21/2022,JBBL,SELL,313,5,8181
8/21/2022,JOSHI,BUY,229,5,7036
8/21/2022,KSBBL,SELL,363.1,5,8851.5
8/21/2022,LICN,BUY,1399.9,5,1852
8/21/2022,MFIL,SELL,445,5,4077
8/21/2022,NABIL,SELL,801,5,8082
8/21/2022,NHPC,BUY,254.2,5,6811
8/21/2022,NICA,BUY,667,5,3476
8/21/2022,NMB,BUY,252,5,2216
8/21/2022,PCBL,SELL,240,5,3416
8/21/2022,SANIMA,SELL,257,5,4701
8/22/2022,AHPC,SELL,360,5,6501
8/22/2022,BARUN,SELL,285,5,7926
8/22/2022,CZBIL,SELL,201.9,5,8935.5
8/22/2022,DHPL,BUY,216,5,7855.5
8/22/2022,EDBL,SELL,354.9,5,9630
8/22/2022,HPPL,BUY,380,5,7730
8/22/2022,HURJA,BUY,268,5,6390
8/22/2022,JBBL,SELL,310,5,7940
8/22/2022,JOSHI,BUY,226,5,6810
8/22/2022,KSBBL,SELL,361.5,5,8617.5
8/22/2022,LICN,BUY,1389,5,1672.5
8/22/2022,NABIL,SELL,799,5,5667.5
8/22/2022,NHPC,BUY,252.4,5,4405.5
8/22/2022,NICA,BUY,663,5,1090.5
8/22/2022,NMB,SELL,254,5,2360.5
8/22/2022,PCBL,SELL,240.8,5,3564.5
8/23/2022,BARUN,BUY,281,5,2159.5
8/23/2022,CZBIL,SELL,202.5,5,3172
8/23/2022,DHPL,SELL,218,5,4262
8/23/2022,EDBL,BUY,350,5,2512
8/23/2022,HPPL,BUY,370,5,662
8/23/2022,MFIL,SELL,442,5,2872
8/23/2022,NHPC,SELL,255,5,4147
8/23/2022,NICA,BUY,662,5,837
8/23/2022,NMB,SELL,254.7,5,2110.5
8/23/2022,PCBL,SELL,243.6,5,3328.5
8/24/2022,BARUN,SELL,283,5,4743.5
8/24/2022,CZBIL,SELL,202,5,5753.5
8/24/2022,DHPL,SELL,217.1,5,6839
8/24/2022,EDBL,SELL,354,5,8609
8/24/2022,HPPL,BUY,372,5,6749
8/24/2022,HURJA,BUY,267,5,5414
8/24/2022,ICFC,BUY,525,5,2789
8/24/2022,JOSHI,BUY,226.1,5,1658.5
8/24/2022,NHPC,SELL,256,5,2938.5
8/24/2022,NMB,SELL,255,5,4213.5
8/24/2022,PCBL,SELL,243,5,5428.5
8/25/2022,AHPC,BUY,353.3,5,3662
8/25/2022,AKJCL,BUY,216,5,2582
8/25/2022,BARUN,BUY,278.5,5,1189.5
8/25/2022,CZBIL,BUY,201,5,184.5
8/25/2022,NMB,SELL,254,5,1454.5
8/25/2022,PCBL,BUY,239.9,5,255
8/26/2022,LICN,SELL,1445,5,7480
8/26/2022,MFIL,BUY,427,5,5345
8/26/2022,MLBL,BUY,389,5,3400
8/26/2022,NHPC,BUY,245.1,5,2174.5
8/26/2022,NMB,BUY,252,5,914.5
8/28/2022,LICN,SELL,1431,5,8069.5
8/28/2022,MFIL,BUY,411,5,6014.5
8/28/2022,MLBL,BUY,376,5,4134.5
8/28/2022,NABIL,BUY,793.5,5,167
8/29/2022,LICN,SELL,1433.9,5,7336.5
8/29/2022,MFIL,BUY,414,5,5266.5
8/29/2022,MLBL,BUY,380,5,3366.5
8/29/2022,NHPC,BUY,237,5,2181.5
8/29/2022,NMB,BUY,248.8,5,937.5
8/30/2022,LICN,SELL,1434.9,5,8112
8/30/2022,MFIL,BUY,409,5,6067
8/30/2022,MLBL,BUY,379.8,5,4168
8/30/2022,NABIL,BUY,789.5,5,220.5
9/1/2022,LICN,SELL,1420,5,7320.5
9/1/2022,MFIL,BUY,410,5,5270.5
9/1/2022,MLBL,BUY,371,5,3415.5
9/1/2022,NHPC,BUY,230,5,2265.5
9/1/2022,NMB,BUY,246.9,5,1031
9/2/2022,AKJCL,BUY,204,5,11
9/4/2022,JOSHI,SELL,223.8,5,1130
9/4/2022,KKHC,BUY,208,5,90
9/5/2022,JOSHI,SELL,217,5,1175
9/5/2022,KKHC,BUY,206.9,5,140.5
9/8/2022,JOSHI,SELL,210,5,1190.5
9/8/2022,KKHC,BUY,201,5,185.5
9/13/2022,MLBL,SELL,367,5,2020.5
9/13/2022,NHPC,BUY,222.2,5,909.5
9/14/2022,AHPC,SELL,335,5,2584.5
9/14/2022,AKJCL,SELL,204.9,5,3609
9/14/2022,BARUN,SELL,254,5,4879
9/14/2022,CZBIL,SELL,198.5,5,5871.5
9/14/2022,DHPL,SELL,207.1,5,6907
9/14/2022,EDBL,SELL,340.8,5,8611
9/14/2022,HPPL,BUY,336,5,6931
9/14/2022,HURJA,SELL,239.5,5,8128.5
9/14/2022,ICFC,SELL,496,5,10608.5
9/14/2022,JOSHI,SELL,217,5,11693.5
9/14/2022,KKHC,SELL,209,5,12738.5
9/14/2022,LICN,BUY,1353.9,5,5969
9/14/2022,MFIL,SELL,419.9,5,8068.5
9/14/2022,MLBL,SELL,386,5,9998.5
9/14/2022,NABIL,SELL,799,5,13993.5
9/14/2022,NHPC,SELL,231,5,15148.5
9/14/2022,NICA,SELL,650,5,18398.5
9/14/2022,NMB,BUY,240.9,5,17194
9/14/2022,PCBL,SELL,232.7,5,18357.5
9/15/2022,ADBL,BUY,316,5,16777.5
9/15/2022,AHPC,BUY,317.9,5,15188
9/15/2022,AKJCL,BUY,197,5,14203
9/15/2022,BARUN,BUY,240,5,13003
9/15/2022,CIT,BUY,1902.5,5,3490.5
9/15/2022,CZBIL,BUY,193.8,5,2521.5
9/15/2022,DHPL,BUY,194,5,1551.5
9/15/2022,HURJA,BUY,229.5,5,404
9/15/2022,NABIL,SELL,781,5,4309
9/15/2022,NHPC,BUY,216.9,5,3224.5
9/15/2022,NICA,BUY,630,5,74.5
9/27/2022,HPPL,SELL,316.9,5,1659
9/27/2022,HURJA,BUY,204.1,5,638.5
9/28/2022,ADBL,SELL,310.5,5,2191
9/28/2022,AHPC,BUY,275,5,816
9/29/2022,CIT,SELL,1848,5,10056
9/29/2022,CZBIL,SELL,195.4,5,11033
9/29/2022,DHPL,BUY,175,5,10158
9/29/2022,EDBL,BUY,301,5,8653
9/29/2022,HPPL,BUY,287,5,7218
9/29/2022,HURJA,BUY,207,5,6183
9/29/2022,ICFC,BUY,420,5,4083
9/29/2022,JBBL,BUY,265,5,2758
9/29/2022,JOSHI,BUY,182.9,5,1843.5
9/29/2022,KKHC,BUY,175,5,968.5
9/29/2022,MFIL,SELL,382,5,2878.5
9/29/2022,MLBL,SELL,350,5,4628.5
9/29/2022,NHPC,BUY,192.7,5,3665
9/29/2022,NICA,SELL,618.3,5,6756.5
9/29/2022,NMB,SELL,232,5,7916.5
9/29/2022,PROFL,BUY,258,5,6626.5
10/9/2022,AHPC,BUY,285,5,5201.5
10/9/2022,AKJCL,SELL,184,5,6121.5
10/9/2022,BARUN,BUY,218,5,5031.5
10/9/2022,CZBIL,SELL,199,5,6026.5
10/9/2022,DHPL,SELL,179,5,6921.5
10/9/2022,EDBL,SELL,325,5,8546.5
10/9/2022,HPPL,BUY,297,5,7061.5
10/9/2022,HURJA,SELL,214,5,8131.5
10/9/2022,ICFC,SELL,447,5,10366.5
10/9/2022,JBBL,SELL,283,5,11781.5
10/9/2022,JOSHI,BUY,185.6,5,10853.5
10/9/2022,KKHC,SELL,180.9,5,11758
10/9/2022,LICN,SELL,1285,5,18183
10/9/2022,MFIL,SELL,396,5,20163
10/9/2022,MLBL,SELL,365,5,21988
10/9/2022,NHPC,BUY,195.8,5,21009
10/9/2022,NICA,SELL,632,5,24169
10/9/2022,NMB,SELL,238,5,25359
10/9/2022,PROFL,SELL,270,5,26709
10/10/2022,AHPC,BUY,273,5,25344
10/10/2022,AKJCL,BUY,176,5,24464
10/10/2022,BARUN,BUY,214,5,23394
10/10/2022,CZBIL,SELL,195.2,5,24370
10/10/2022,DHPL,BUY,175.7,5,23491.5
10/10/2022,HPPL,BUY,298,5,22001.5
10/10/2022,HURJA,BUY,206,5,20971.5
10/10/2022,JOSHI,BUY,182,5,20061.5
10/10/2022,KKHC,SELL,178.1,5,20952
10/10/2022,MFIL,SELL,391,5,22907
10/10/2022,MLBL,SELL,351,5,24662
10/10/2022,NHPC,BUY,192,5,23702
10/10/2022,NICA,SELL,621.4,5,26809
10/10/2022,NMB,SELL,235.6,5,27987
10/11/2022,AHPC,BUY,272.1,5,26626.5
10/11/2022,AKJCL,BUY,172,5,25766.5
10/11/2022,BARUN,BUY,212.9,5,24702
10/11/2022,CZBIL,SELL,197.2,5,25688
10/11/2022,DHPL,BUY,171.1,5,24832.5
10/11/2022,HPPL,SELL,302.9,5,26347
10/11/2022,HURJA,SELL,206,5,27377
10/11/2022,JOSHI,BUY,178.8,5,26483
10/11/2022,KKHC,BUY,175,5,25608
10/11/2022,LICN,BUY,1229,5,19463
10/11/2022,MFIL,SELL,385,5,21388
10/11/2022,NHPC,BUY,191,5,20433
10/11/2022,NICA,BUY,609,5,17388
10/11/2022,NMB,SELL,234,5,18558
10/11/2022,PROFL,BUY,258.1,5,17267.5
10/11/2022,SANIMA,BUY,246,5,16037.5
10/12/2022,AHPC,SELL,281,5,17442.5
10/12/2022,AKJCL,SELL,176.9,5,18327
10/12/2022,BARUN,SELL,215,5,19402
10/12/2022,CZBIL,SELL,201.1,5,20407.5
10/12/2022,DHPL,SELL,179,5,21302.5
10/12/2022,HPPL,SELL,304,5,22822.5
10/12/2022,HURJA,SELL,210,5,23872.5
10/12/2022,JOSHI,SELL,187,5,24807.5
10/12/2022,KKHC,SELL,177.5,5,25695
10/12/2022,LICN,BUY,1240,5,19495
10/12/2022,NHPC,SELL,194,5,20465
10/12/2022,NICA,BUY,612.5,5,17402.5
10/12/2022,PROFL,SELL,271.9,5,18762
10/12/2022,SANIMA,SELL,249,5,20007
10/13/2022,AHPC,SELL,277,5,21392
10/13/2022,AKJCL,BUY,173.9,5,20522.5
10/13/2022,BARUN,SELL,217.5,5,21610
10/13/2022,CZBIL,SELL,204.9,5,22634.5
10/13/2022,DHPL,BUY,173.7,5,21766
10/13/2022,HPPL,BUY,298.1,5,20275.5
10/13/2022,HURJA,SELL,210,5,21325.5
10/13/2022,JOSHI,SELL,183,5,22240.5
10/13/2022,KKHC,SELL,180,5,23140.5
10/13/2022,LICN,SELL,1249.9,5,29390
10/13/2022,NHPC,SELL,194,5,30360
10/13/2022,NICA,BUY,612,5,27300
10/16/2022,AHPC,BUY,272,5,25940
10/16/2022,AKJCL,BUY,170.4,5,25088
10/16/2022,BARUN,BUY,213,5,24023
10/16/2022,CIT,BUY,1831,5,14868
10/16/2022,CZBIL,BUY,190.5,5,13915.5
10/16/2022,DHPL,BUY,169,5,13070.5
10/16/2022,HPPL,SELL,301,5,14575.5
10/16/2022,HURJA,SELL,207,5,15610.5
10/16/2022,JOSHI,SELL,183.6,5,16528.5
10/16/2022,LICN,BUY,1225,5,10403.5
10/16/2022,NHPC,SELL,192.5,5,11366
10/16/2022,NICA,BUY,609.9,5,8316.5
10/16/2022,NMB,BUY,232.1,5,7156
10/16/2022,SANIMA,BUY,246.1,5,5925.5
10/17/2022,ADBL,BUY,313.5,5,4358
10/17/2022,AHPC,BUY,269.5,5,3010.5
10/17/2022,AKJCL,BUY,170,5,2160.5
10/17/2022,BARUN,BUY,212,5,1100.5
10/17/2022,CZBIL,BUY,187.5,5,163
10/17/2022,HPPL,SELL,301,5,1668
10/17/2022,HURJA,BUY,203,5,653
10/17/2022,NMB,SELL,235,5,1828
10/17/2022,PCBL,BUY,221.5,5,720.5
10/17/2022,SANIMA,SELL,252,5,1980.5
10/19/2022,ADBL,BUY,313,5,415.5
10/20/2022,ADBL,SELL,316,5,1995.5
10/20/2022,AHPC,BUY,258,5,705.5
10/20/2022,NICA,SELL,615.9,5,3785
10/20/2022,NMB,BUY,234.9,5,2610.5
10/20/2022,PCBL,BUY,220.8,5,1506.5
10/20/2022,PROFL,BUY,259,5,211.5
10/23/2022,ADBL,SELL,317.9,5,1801
10/23/2022,AHPC,BUY,261.9,5,491.5
10/23/2022,NICA,SELL,618,5,3581.5
10/23/2022,NMB,SELL,237.5,5,4769
10/23/2022,PCBL,SELL,225,5,5894
10/23/2022,PROFL,BUY,258.9,5,4599.5
10/31/2022,AHPC,BUY,258,5,3309.5
10/31/2022,AKJCL,BUY,168.9,5,2465
10/31/2022,BARUN,BUY,208,5,1425
10/31/2022,CZBIL,BUY,190,5,475
10/31/2022,HURJA,SELL,206,5,1505
10/31/2022,JBBL,BUY,271,5,150
10/31/2022,LICN,SELL,1229,5,6295
10/31/2022,MLBL,BUY,345,5,4570
10/31/2022,NHPC,BUY,187.5,5,3632.5
10/31/2022,NICA,SELL,660,5,6932.5
10/31/2022,PCBL,SELL,226.9,5,8067
10/31/2022,PROFL,BUY,262,5,6757
11/1/2022,AHPC,SELL,276,5,8137
11/1/2022,AKJCL,SELL,179,5,9032
11/1/2022,BARUN,SELL,215,5,10107
11/1/2022,CIT,SELL,1877.9,5,19496.5
11/1/2022,CZBIL,BUY,191,5,18541.5
11/1/2022,DHPL,SELL,174,5,19411.5
11/1/2022,HPPL,BUY,282,5,18001.5
11/1/2022,HURJA,SELL,216.9,5,19086
11/1/2022,JBBL,SELL,285.1,5,20511.5
11/1/2022,JOSHI,SELL,185.9,5,21441
11/1/2022,LICN,SELL,1245.9,5,27670.5
11/1/2022,MLBL,SELL,356,5,29450.5
11/1/2022,NHPC,SELL,197.8,5,30439.5
11/1/2022,NICA,SELL,695,5,33914.5
11/1/2022,PROFL,SELL,283.1,5,35330
11/2/2022,AHPC,SELL,278,5,36720
11/2/2022,AKJCL,SELL,179.9,5,37619.5
11/2/2022,BARUN,SELL,216.5,5,38702
11/2/2022,CZBIL,SELL,191,5,39657
11/2/2022,DHPL,SELL,183.1,5,40572.5
11/2/2022,HPPL,BUY,282,5,39162.5
11/2/2022,HURJA,SELL,213.7,5,40231
11/2/2022,JOSHI,SELL,197,5,41216
11/2/2022,NHPC,SELL,203.9,5,42235.5
11/2/2022,NICA,SELL,693.6,5,45703.5
11/2/2022,PROFL,SELL,281,5,47108.5
11/3/2022,AHPC,SELL,275,5,48483.5
11/3/2022,AKJCL,SELL,176,5,49363.5
11/3/2022,BARUN,SELL,217,5,50448.5
11/3/2022,CZBIL,BUY,189,5,49503.5
11/3/2022,DHPL,SELL,180,5,50403.5
11/3/2022,HPPL,BUY,274,5,49033.5
11/3/2022,JOSHI,SELL,193.8,5,50002.5
11/3/2022,KSBBL,BUY,311,5,48447.5
11/3/2022,NHPC,SELL,199,5,49442.5
11/3/2022,NICA,SELL,684,5,52862.5
11/3/2022,PROFL,SELL,270.1,5,54213
11/6/2022,AHPC,SELL,283.5,5,55630.5
11/6/2022,AKJCL,SELL,184,5,56550.5
11/6/2022,BARUN,SELL,223.5,5,57668
11/6/2022,DHPL,SELL,186.1,5,58598.5
11/6/2022,HPPL,SELL,292,5,60058.5
11/6/2022,KSBBL,SELL,321,5,61663.5
11/6/2022,NHPC,SELL,208,5,62703.5
11/6/2022,NICA,SELL,689,5,66148.5
11/7/2022,AHPC,SELL,279,5,67543.5
11/7/2022,AKJCL,SELL,181,5,68448.5
11/7/2022,BARUN,SELL,218.7,5,69542
11/7/2022,CZBIL,SELL,188,5,70482
11/7/2022,HPPL,BUY,283,5,69067
11/7/2022,NHPC,SELL,204.9,5,70091.5
11/7/2022,NICA,SELL,678,5,73481.5
11/8/2022,AHPC,SELL,279.9,5,74881
11/8/2022,AKJCL,SELL,180,5,75781
11/8/2022,BARUN,SELL,215,5,76856
11/8/2022,CZBIL,SELL,188,5,77796
11/8/2022,HPPL,SELL,289,5,79241
11/8/2022,KSBBL,BUY,312.1,5,77680.5
11/8/2022,NHPC,SELL,202,5,78690.5
11/8/2022,NICA,SELL,676.1,5,82071
11/9/2022,ADBL,BUY,316.5,5,80488.5
11/9/2022,AHPC,BUY,265.5,5,79161
11/9/2022,AKJCL,BUY,172,5,78301
11/9/2022,BARUN,BUY,209,5,77256
11/9/2022,CZBIL,BUY,186.2,5,76325
11/9/2022,DHPL,BUY,174,5,75455
11/9/2022,EBL,BUY,525,5,72830
11/9/2022,EDBL,BUY,301,5,71325
11/9/2022,HPPL,BUY,270.2,5,69974
11/9/2022,ICFC,BUY,440.1,5,67773.5
11/9/2022,JBBL,BUY,277.9,5,66384
11/9/2022,JOSHI,BUY,185.5,5,65456.5
11/9/2022,KSBBL,BUY,303.8,5,63937.5
11/9/2022,LBBL,BUY,353,5,62172.5
11/9/2022,MLBL,BUY,347,5,60437.5
11/9/2022,NHPC,BUY,196.4,5,59455.5
11/9/2022,NMB,BUY,241,5,58250.5
11/9/2022,PCBL,BUY,229.8,5,57101.5
11/9/2022,PROFL,BUY,265,5,55776.5
11/9/2022,SANIMA,BUY,257,5,54491.5
11/10/2022,ADBL,BUY,314,5,52921.5
11/10/2022,AHPC,BUY,256.5,5,51639
11/10/2022,AKJCL,BUY,169.4,5,50792
11/10/2022,BARUN,BUY,205,5,49767
11/10/2022,CIT,BUY,1849.1,5,40521.5
11/10/2022,CZBIL,BUY,184.6,5,39598.5
11/10/2022,DHPL,BUY,172.5,5,38736
11/10/2022,EBL,BUY,522.9,5,36121.5
11/10/2022,EDBL,BUY,301.1,5,34616
11/10/2022,HPPL,BUY,275,5,33241
11/10/2022,HURJA,BUY,209,5,32196
11/10/2022,ICFC,BUY,426,5,30066
11/10/2022,JBBL,BUY,270.1,5,28715.5
11/10/2022,JOSHI,BUY,179.1,5,27820
11/10/2022,KKHC,BUY,174,5,26950
11/10/2022,KSBBL,BUY,300,5,25450
11/10/2022,LBBL,BUY,344.8,5,23726
11/10/2022,MFIL,BUY,418,5,21636
11/10/2022,MLBL,BUY,343,5,19921
11/10/2022,NABIL,BUY,815,5,15846
11/10/2022,NHPC,BUY,192,5,14886
11/10/2022,NICA,BUY,660.1,5,11585.5
11/10/2022,NMB,BUY,239,5,10390.5
11/10/2022,PCBL,BUY,229,5,9245.5
11/10/2022,PROFL,BUY,263,5,7930.5
11/10/2022,SANIMA,BUY,255,5,6655.5
11/13/2022,ADBL,BUY,311.7,5,5097
11/13/2022,AHPC,BUY,261,5,3792
11/13/2022,AKJCL,BUY,165,5,2967
11/13/2022,BARUN,BUY,204.9,5,1942.5
11/13/2022,CZBIL,BUY,183.5,5,1025
11/13/2022,DHPL,BUY,169,5,180
11/14/2022,MFIL,SELL,427,5,2315
11/14/2022,MLBL,BUY,350,5,565
11/16/2022,EBL,SELL,527,5,3200
11/16/2022,EDBL,BUY,307,5,1665
11/16/2022,HPPL,BUY,255,5,390
11/16/2022,JBBL,SELL,281,5,1795
11/16/2022,JOSHI,BUY,180,5,895
11/16/2022,KKHC,SELL,179,5,1790
11/16/2022,KSBBL,BUY,307,5,255
11/16/2022,NICA,SELL,680,5,3655
11/16/2022,NMB,BUY,236,5,2475
11/16/2022,PCBL,BUY,227.4,5,1338
11/16/2022,PROFL,BUY,266,5,8
11/16/2022,SANIMA,SELL,262,5,1318
11/17/2022,ADBL,SELL,319.5,5,2915.5
11/17/2022,AHPC,SELL,278.7,5,4309
11/17/2022,AKJCL,SELL,178,5,5199
11/17/2022,BARUN,SELL,217.3,5,6285.5
11/17/2022,CIT,SELL,1885,5,15710.5
11/17/2022,CZBIL,SELL,186.8,5,16644.5
11/17/2022,DHPL,SELL,178.3,5,17536
11/17/2022,EBL,SELL,534,5,20206
11/17/2022,EDBL,BUY,307.8,5,18667
11/17/2022,HPPL,BUY,269,5,17322
11/17/2022,HURJA,BUY,209.5,5,16274.5
11/17/2022,ICFC,SELL,451,5,18529.5
11/17/2022,JBBL,SELL,289,5,19974.5
11/17/2022,JOSHI,SELL,189.7,5,20923
11/17/2022,KSBBL,SELL,312,5,22483
11/17/2022,LBBL,SELL,356,5,24263
11/17/2022,LICN,BUY,1310,5,17713
11/17/2022,MFIL,BUY,426,5,15583
11/17/2022,MLBL,SELL,353.5,5,17350.5
11/17/2022,NABIL,SELL,827.3,5,21487
11/17/2022,NHPC,SELL,204,5,22507
11/17/2022,NMB,BUY,240,5,21307
11/17/2022,PCBL,SELL,231.8,5,22466
11/17/2022,PROFL,SELL,279,5,23861
11/17/2022,SANIMA,SELL,264.7,5,25184.5
11/22/2022,ADBL,SELL,319,5,26779.5
11/22/2022,AHPC,SELL,275.9,5,28159
11/22/2022,AKJCL,SELL,176,5,29039
11/22/2022,BARUN,SELL,217.2,5,30125
11/22/2022,CZBIL,SELL,187,5,31060
11/22/2022,DHPL,SELL,176.1,5,31940.5
11/22/2022,EDBL,BUY,307,5,30405.5
11/22/2022,HPPL,BUY,264,5,29085.5
11/22/2022,HURJA,SELL,211,5,30140.5
11/22/2022,ICFC,SELL,447.9,5,32380
11/22/2022,JOSHI,BUY,184.9,5,31455.5
11/22/2022,KSBBL,SELL,308,5,32995.5
11/22/2022,LBBL,BUY,343.1,5,31280
11/22/2022,LICN,BUY,1304.9,5,24755.5
11/22/2022,MEGA,BUY,223,5,23640.5
11/22/2022,MFIL,BUY,422,5,21530.5
11/22/2022,MLBL,SELL,350,5,23280.5
11/22/2022,NHPC,SELL,207.9,5,24320
11/22/2022,NMB,SELL,241,5,25525
11/22/2022,PCBL,BUY,230,5,24375
11/22/2022,PROFL,SELL,284,5,25795
11/23/2022,ADBL,SELL,317,5,27380
11/23/2022,AHPC,SELL,272,5,28740
11/23/2022,AKJCL,SELL,174.9,5,29614.5
11/23/2022,BARUN,SELL,213.2,5,30680.5
11/23/2022,CZBIL,BUY,184.2,5,29759.5
11/23/2022,DHPL,SELL,177.9,5,30649
11/23/2022,EDBL,BUY,303.4,5,29132
11/23/2022,HPPL,BUY,256,5,27852
11/23/2022,HURJA,SELL,209.9,5,28901.5
11/23/2022,JOSHI,SELL,192,5,29861.5
11/23/2022,KSBBL,SELL,307.5,5,31399
11/23/2022,LBBL,BUY,340,5,29699
11/23/2022,LICN,SELL,1322,5,36309
11/23/2022,MEGA,BUY,220,5,35209
11/23/2022,MFIL,BUY,421,5,33104
11/23/2022,MLBL,BUY,345,5,31379
11/23/2022,NHPC,SELL,204.2,5,32400
11/23/2022,NMB,SELL,243,5,33615
11/23/2022,PCBL,SELL,230,5,34765
11/23/2022,PROFL,SELL,283,5,36180
11/24/2022,AHPC,SELL,275,5,37555
11/24/2022,BARUN,SELL,213.9,5,38624.5
11/24/2022,CZBIL,SELL,186.7,5,39558
11/24/2022,EDBL,SELL,308.9,5,41102.5
11/24/2022,HPPL,BUY,262,5,39792.5
11/24/2022,JOSHI,SELL,192,5,40752.5
11/24/2022,KSBBL,SELL,315,5,42327.5
11/24/2022,LBBL,BUY,337,5,40642.5
11/24/2022,LICN,SELL,1335,5,47317.5
11/24/2022,MEGA,BUY,219,5,46222.5
11/24/2022,MFIL,SELL,430,5,48372.5
11/24/2022,MLBL,SELL,347,5,50107.5
11/24/2022,NHPC,SELL,209,5,51152.5
11/24/2022,NMB,SELL,245,5,52377.5
11/24/2022,PCBL,SELL,232,5,53537.5
11/27/2022,AHPC,SELL,281,5,54942.5
11/27/2022,BARUN,SELL,216,5,56022.5
11/27/2022,CZBIL,SELL,186.2,5,56953.5
11/27/2022,EDBL,SELL,309.8,5,58502.5
11/27/2022,HPPL,SELL,264.3,5,59824
11/27/2022,JOSHI,SELL,194,5,60794
11/27/2022,LBBL,BUY,341.8,5,59085
11/27/2022,MEGA,BUY,217.5,5,57997.5
11/27/2022,MFIL,SELL,445,5,60222.5
11/27/2022,MLBL,SELL,356.9,5,62007
11/27/2022,NHPC,SELL,210.5,5,63059.5
11/27/2022,NMB,SELL,249.5,5,64307
11/27/2022,PCBL,SELL,234,5,65477
11/28/2022,ADBL,BUY,312.1,5,63916.5
11/28/2022,BARUN,BUY,212,5,62856.5
11/28/2022,CZBIL,SELL,185,5,63781.5
11/28/2022,EDBL,SELL,309,5,65326.5
11/28/2022,HPPL,BUY,261,5,64021.5
11/28/2022,LBBL,BUY,339,5,62326.5
11/28/2022,MEGA,BUY,216,5,61246.5
11/28/2022,MFIL,SELL,435.1,5,63422
11/28/2022,PCBL,BUY,228.5,5,62279.5
11/29/2022,ADBL,BUY,314.3,5,60708
11/29/2022,BARUN,BUY,211.9,5,59648.5
11/29/2022,CZBIL,BUY,184.9,5,58724
11/29/2022,EBL,BUY,471,5,56369
11/29/2022,EDBL,SELL,308.5,5,57911.5
11/29/2022,HPPL,BUY,258.1,5,56621
11/29/2022,LBBL,BUY,342.4,5,54909
11/29/2022,MEGA,BUY,216,5,53829
11/29/2022,PCBL,BUY,228.8,5,52685
11/30/2022,ADBL,SELL,317,5,54270
11/30/2022,BARUN,SELL,216.2,5,55351
11/30/2022,CZBIL,BUY,184,5,54431
11/30/2022,EBL,BUY,467,5,52096
11/30/2022,EDBL,SELL,308,5,53636
11/30/2022,HPPL,BUY,256.2,5,52355
11/30/2022,LBBL,BUY,337,5,50670
11/30/2022,MEGA,BUY,212.8,5,49606
11/30/2022,PCBL,BUY,227.7,5,48467.5
12/1/2022,ADBL,SELL,318,5,50057.5
12/1/2022,AHPC,BUY,275,5,48682.5
12/1/2022,BARUN,BUY,214,5,47612.5
12/1/2022,CZBIL,BUY,184.4,5,46690.5
12/1/2022,EBL,BUY,470.8,5,44336.5
12/1/2022,EDBL,SELL,308.4,5,45878.5
12/1/2022,HPPL,BUY,259,5,44583.5
12/1/2022,ICFC,BUY,445,5,42358.5
12/1/2022,KSBBL,BUY,312,5,40798.5
12/1/2022,LBBL,BUY,336.1,5,39118
12/1/2022,MEGA,BUY,215,5,38043
12/1/2022,PCBL,BUY,228,5,36903
12/4/2022,AHPC,SELL,277.1,5,38288.5
12/4/2022,AKJCL,BUY,177,5,37403.5
12/4/2022,BARUN,BUY,214,5,36333.5
12/4/2022,CZBIL,BUY,183.2,5,35417.5
12/4/2022,EBL,BUY,467.9,5,33078
12/4/2022,HPPL,BUY,257,5,31793
12/4/2022,HURJA,BUY,211,5,30738
12/4/2022,ICFC,BUY,443.9,5,28518.5
12/4/2022,JOSHI,BUY,190,5,27568.5
12/4/2022,KKHC,BUY,188.1,5,26628
12/4/2022,KSBBL,BUY,311,5,25073
12/4/2022,LBBL,BUY,336.5,5,23390.5
12/4/2022,MEGA,BUY,216,5,22310.5
12/4/2022,PCBL,BUY,228.4,5,21168.5
12/5/2022,ADBL,BUY,315,5,19593.5
12/5/2022,AHPC,BUY,272,5,18233.5
12/5/2022,AKJCL,BUY,171.5,5,17376
12/5/2022,BARUN,BUY,209.8,5,16327
12/5/2022,CZBIL,BUY,182.2,5,15416
12/5/2022,DHPL,BUY,178.9,5,14521.5
12/5/2022,EBL,BUY,461,5,12216.5
12/5/2022,HPPL,BUY,250,5,10966.5
12/5/2022,HURJA,BUY,209,5,9921.5
12/5/2022,ICFC,BUY,435,5,7746.5
12/5/2022,JBBL,BUY,284,5,6326.5
12/5/2022,JOSHI,BUY,185,5,5401.5
12/5/2022,KKHC,BUY,184,5,4481.5
12/5/2022,KSBBL,BUY,309,5,2936.5
12/5/2022,LBBL,BUY,329.1,5,1291
12/5/2022,MEGA,BUY,214.1,5,220.5
12/13/2022,JOSHI,SELL,188.7,5,1164
12/13/2022,KKHC,BUY,183,5,249
12/14/2022,JOSHI,SELL,189,5,1194
12/14/2022,KKHC,BUY,178.5,5,301.5
12/21/2022,KKHC,SELL,178.8,5,1195.5
12/21/2022,MEGA,BUY,190.4,5,243.5
12/22/2022,HURJA,SELL,200,5,1243.5
12/22/2022,JOSHI,BUY,181,5,338.5
12/26/2022,ADBL,SELL,315,5,1913.5
12/26/2022,AHPC,SELL,272.8,5,3277.5
12/26/2022,AKJCL,SELL,176,5,4157.5
12/26/2022,BARUN,SELL,202,5,5167.5
12/26/2022,CZBIL,SELL,181,5,6072.5
12/26/2022,DHPL,SELL,182,5,6982.5
12/26/2022,EBL,SELL,449,5,9227.5
12/26/2022,HPPL,SELL,239.6,5,10425.5
12/26/2022,HURJA,SELL,207,5,11460.5
12/26/2022,ICFC,SELL,433,5,13625.5
12/26/2022,JBBL,SELL,288.5,5,15068
12/26/2022,JOSHI,SELL,195,5,16043
12/26/2022,KKHC,SELL,186,5,16973
12/26/2022,KSBBL,SELL,308,5,18513
12/26/2022,LBBL,SELL,338.4,5,20205
12/26/2022,MEGA,SELL,196.5,5,21187.5
12/26/2022,MLBL,BUY,318,5,19597.5
12/26/2022,PCBL,BUY,218,5,18507.5
12/26/2022,RLI,SELL,330,5,20157.5
12/27/2022,AKJCL,SELL,187,5,21092.5
12/27/2022,BARUN,SELL,216.8,5,22176.5
12/27/2022,CZBIL,SELL,187,5,23111.5
12/27/2022,EBL,SELL,476.9,5,25496
12/27/2022,HPPL,SELL,260,5,26796
12/27/2022,ICFC,SELL,450,5,29046
12/27/2022,KKHC,SELL,198.6,5,30039
12/27/2022,KSBBL,SELL,312,5,31599
12/27/2022,LBBL,SELL,347,5,33334
12/27/2022,MEGA,SELL,204.6,5,34357
12/27/2022,MLBL,SELL,332,5,36017
12/27/2022,PCBL,SELL,226.9,5,37151.5
12/27/2022,RLI,SELL,352,5,38911.5
12/28/2022,BARUN,SELL,210,5,39961.5
12/28/2022,CZBIL,SELL,186,5,40891.5
12/28/2022,EBL,SELL,471,5,43246.5
12/28/2022,HPPL,SELL,259,5,44541.5
12/28/2022,ICFC,SELL,439,5,46736.5
12/28/2022,KKHC,SELL,194,5,47706.5
12/28/2022,KSBBL,SELL,309,5,49251.5
12/28/2022,LBBL,SELL,333,5,50916.5
12/28/2022,MEGA,SELL,203.1,5,51932
12/28/2022,PCBL,SELL,228.9,5,53076.5
12/29/2022,BARUN,SELL,220,5,54176.5
12/29/2022,CZBIL,SELL,191,5,55131.5
12/29/2022,EBL,SELL,480,5,57531.5
12/29/2022,HPPL,SELL,271.9,5,58891
12/29/2022,LBBL,SELL,345.3,5,60617.5
12/29/2022,MEGA,SELL,204.8,5,61641.5
12/29/2022,PCBL,SELL,223.1,5,62757
1/1/2023,BARUN,SELL,227,5,63892
1/1/2023,CZBIL,SELL,192,5,64852
1/1/2023,EBL,SELL,477,5,67237
1/1/2023,HPPL,SELL,279.9,5,68636.5
1/1/2023,LBBL,SELL,337.5,5,70324
1/1/2023,MEGA,SELL,205,5,71349
1/1/2023,PCBL,SELL,223.4,5,72466
1/2/2023,BARUN,SELL,228,5,73606
1/2/2023,CZBIL,SELL,194.2,5,74577
1/2/2023,HPPL,SELL,287.9,5,76016.5
1/2/2023,LBBL,SELL,342,5,77726.5
1/2/2023,MEGA,SELL,205,5,78751.5
1/2/2023,NABIL,BUY,739,5,75056.5
1/2/2023,PCBL,SELL,222.8,5,76170.5
1/3/2023,BARUN,SELL,225.6,5,77298.5
1/3/2023,CZBIL,SELL,193,5,78263.5
1/3/2023,HPPL,SELL,283,5,79678.5
1/3/2023,LBBL,SELL,338.4,5,81370.5
1/3/2023,MEGA,SELL,207,5,82405.5
1/3/2023,NABIL,BUY,736,5,78725.5
1/3/2023,PCBL,SELL,221,5,79830.5
1/4/2023,BARUN,SELL,238,5,81020.5
1/4/2023,CZBIL,SELL,196.9,5,82005
1/4/2023,HPPL,SELL,296,5,83485
1/4/2023,LBBL,SELL,356,5,85265
1/4/2023,MEGA,SELL,206.9,5,86299.5
1/4/2023,NABIL,BUY,736.9,5,82615
1/5/2023,BARUN,SELL,241.1,5,83820.5
1/5/2023,CZBIL,SELL,197.5,5,84808
1/5/2023,HPPL,SELL,295.1,5,86283.5
1/5/2023,LBBL,SELL,360,5,88083.5
1/5/2023,MEGA,SELL,205.9,5,89113
1/5/2023,NABIL,BUY,727,5,85478
1/5/2023,PCBL,BUY,219,5,84383
1/8/2023,CZBIL,SELL,198,5,85373
1/8/2023,HPPL,SELL,305.9,5,86902.5
1/8/2023,LBBL,SELL,360,5,88702.5
1/8/2023,MEGA,SELL,206.9,5,89737
1/8/2023,NABIL,BUY,719.1,5,86141.5
1/8/2023,PCBL,BUY,219,5,85046.5
1/9/2023,HPPL,SELL,336,5,86726.5
1/9/2023,LBBL,SELL,373,5,88591.5
1/9/2023,MEGA,SELL,217,5,89676.5
1/9/2023,NABIL,BUY,719,5,86081.5
1/9/2023,PCBL,SELL,229,5,87226.5
1/10/2023,HPPL,SELL,327.9,5,88866
1/10/2023,NABIL,BUY,719.2,5,85270
1/10/2023,PCBL,SELL,233,5,86435
1/12/2023,ADBL,BUY,330.2,5,84784
1/12/2023,HPPL,SELL,312,5,86344
1/12/2023,LICN,BUY,1558.4,5,78552
1/12/2023,MFIL,BUY,453,5,76287
1/12/2023,MLBL,BUY,350,5,74537
1/12/2023,NABIL,BUY,714,5,70967
1/17/2023,ADBL,BUY,328,5,69327
1/17/2023,HPPL,SELL,324,5,70947
1/17/2023,LICN,BUY,1563,5,63132
1/17/2023,MFIL,SELL,467,5,65467
1/17/2023,MLBL,SELL,359,5,67262
1/17/2023,NABIL,BUY,711,5,63707
1/18/2023,ADBL,BUY,324,5,62087
1/18/2023,EBL,BUY,510,5,59537
1/18/2023,HPPL,SELL,322.5,5,61149.5
1/18/2023,LICN,BUY,1551,5,53394.5
1/18/2023,NABIL,BUY,703.9,5,49875
1/18/2023,NMB,BUY,242,5,48665
1/18/2023,RLI,BUY,445,5,46440
1/19/2023,ADBL,BUY,324,5,44820
1/19/2023,CIT,BUY,2130,5,34170
1/19/2023,EBL,SELL,518,5,36760
1/19/2023,HPPL,SELL,327,5,38395
1/19/2023,LICN,BUY,1530,5,30745
1/19/2023,MFIL,BUY,462,5,28435
1/19/2023,NABIL,BUY,703.5,5,24917.5
1/19/2023,NMB,BUY,242,5,23707.5
1/19/2023,RLI,BUY,446,5,21477.5
1/23/2023,ADBL,BUY,312.1,5,19917
1/23/2023,CIT,BUY,2132,5,9257
1/23/2023,CZBIL,BUY,201,5,8252
1/23/2023,EDBL,BUY,357.9,5,6462.5
1/23/2023,HPPL,SELL,325,5,8087.5
1/23/2023,ICFC,BUY,472.2,5,5726.5
1/23/2023,JBBL,BUY,308,5,4186.5
1/23/2023,KSBBL,BUY,349,5,2441.5
1/23/2023,LBBL,BUY,364,5,621.5
1/23/2023,MFIL,SELL,469,5,2966.5
1/23/2023,MLBL,BUY,346.1,5,1236
1/23/2023,NMB,SELL,245.7,5,2464.5
1/23/2023,PROFL,BUY,343.8,5,745.5
1/24/2023,HPPL,SELL,323,5,2360.5
1/24/2023,ICFC,SELL,494,5,4830.5
1/24/2023,JBBL,BUY,309,5,3285.5
1/24/2023,KSBBL,BUY,350,5,1535.5
1/24/2023,NMB,SELL,247.9,5,2775
1/24/2023,PROFL,SELL,354.8,5,4549
1/24/2023,RLI,BUY,427,5,2414
1/25/2023,ADBL,BUY,311.2,5,858
1/25/2023,HPPL,SELL,342.1,5,2568.5
1/25/2023,JBBL,BUY,315,5,993.5
1/25/2023,LBBL,SELL,372.2,5,2854.5
1/25/2023,MLBL,BUY,352,5,1094.5
1/26/2023,CZBIL,BUY,197,5,109.5
1/26/2023,RLI,SELL,453,5,2374.5
1/26/2023,SANIMA,BUY,259,5,1079.5
1/29/2023,CZBIL,BUY,194.4,5,107.5
1/29/2023,RLI,SELL,457.8,5,2396.5
1/29/2023,SANIMA,SELL,260.8,5,3700.5
1/30/2023,ADBL,BUY,302.7,5,2187
1/30/2023,AHPC,BUY,334.9,5,512.5
2/7/2023,ADBL,SELL,304.4,5,2034.5
2/7/2023,AHPC,BUY,318,5,444.5
2/7/2023,CIT,SELL,2100,5,10944.5
2/7/2023,CZBIL,SELL,195.1,5,11920
2/7/2023,EDBL,SELL,360,5,13720
2/7/2023,JBBL,SELL,314,5,15290
2/7/2023,KSBBL,SELL,343,5,17005
2/7/2023,LICN,SELL,1529,5,24650
2/7/2023,MLBL,SELL,350.1,5,26400.5
2/7/2023,NABIL,BUY,691.9,5,22941
2/7/2023,RLI,SELL,442.6,5,25154
2/8/2023,ADBL,SELL,307,5,26689
2/8/2023,AHPC,BUY,316,5,25109
2/8/2023,CIT,SELL,2107.9,5,35648.5
2/8/2023,CZBIL,SELL,196,5,36628.5
2/8/2023,JBBL,SELL,311,5,38183.5
2/8/2023,KSBBL,SELL,336.3,5,39865
2/8/2023,LICN,SELL,1524.9,5,47489.5
2/8/2023,MLBL,SELL,352,5,49249.5
2/8/2023,NABIL,BUY,688,5,45809.5
2/8/2023,PCBL,BUY,217,5,44724.5
2/9/2023,ADBL,SELL,308,5,46264.5
2/9/2023,AHPC,SELL,320,5,47864.5
2/9/2023,CZBIL,SELL,195.3,5,48841
2/9/2023,JBBL,SELL,316,5,50421
2/9/2023,LICN,SELL,1525,5,58046
2/9/2023,NABIL,SELL,693,5,61511
2/9/2023,PCBL,BUY,215.9,5,60431.5
2/12/2023,ADBL,BUY,300.2,5,58930.5
2/12/2023,AHPC,BUY,303,5,57415.5
2/12/2023,AKJCL,BUY,240,5,56215.5
2/12/2023,CZBIL,BUY,190.7,5,55262
2/12/2023,DHPL,BUY,237,5,54077
2/12/2023,EDBL,BUY,349,5,52332
2/12/2023,HPPL,BUY,325.6,5,50704
2/12/2023,HURJA,BUY,384,5,48784
2/12/2023,JBBL,BUY,296,5,47304
2/12/2023,KSBBL,BUY,326,5,45674
2/12/2023,LICN,BUY,1489,5,38229
2/12/2023,MFIL,BUY,461,5,35924
2/12/2023,MLBL,BUY,337,5,34239
2/12/2023,NABIL,BUY,683,5,30824
2/12/2023,NHPC,BUY,252.2,5,29563
2/12/2023,NICA,BUY,820.9,5,25458.5
2/12/2023,NMB,BUY,238,5,24268.5
2/12/2023,PCBL,BUY,213,5,23203.5
2/12/2023,RLI,BUY,419,5,21108.5
2/14/2023,ADBL,BUY,298.5,5,19616
2/14/2023,AHPC,BUY,299,5,18121
2/14/2023,AKJCL,BUY,237.1,5,16935.5
2/14/2023,CZBIL,BUY,188.9,5,15991
2/14/2023,DHPL,BUY,236,5,14811
2/14/2023,EDBL,BUY,343.3,5,13094.5
2/14/2023,HPPL,BUY,320,5,11494.5
2/14/2023,HURJA,BUY,380,5,9594.5
2/14/2023,ICFC,BUY,463,5,7279.5
2/14/2023,JBBL,BUY,292,5,5819.5
2/14/2023,KKHC,BUY,252,5,4559.5
2/14/2023,KSBBL,BUY,326,5,2929.5
2/14/2023,LBBL,BUY,358.9,5,1135
2/14/2023,PCBL,BUY,212.8,5,71
2/15/2023,AHPC,SELL,311,5,1626
2/15/2023,AKJCL,BUY,233.5,5,458.5
2/22/2023,AHPC,SELL,312,5,2018.5
2/22/2023,AKJCL,BUY,239.7,5,820
2/22/2023,DHPL,SELL,241,5,2025
2/22/2023,EDBL,BUY,349.8,5,276
2/22/2023,KSBBL,SELL,329,5,1921
2/22/2023,LBBL,BUY,347.3,5,184.5
2/22/2023,NHPC,SELL,257,5,1469.5
2/22/2023,NMB,SELL,244.4,5,2691.5
2/22/2023,PCBL,BUY,212,5,1631.5
2/22/2023,SANIMA,BUY,237,5,446.5
2/27/2023,KKHC,SELL,253.8,5,1715.5
2/27/2023,KSBBL,BUY,322.9,5,101
2/28/2023,AHPC,SELL,306,5,1631
2/28/2023,AKJCL,BUY,229.7,5,482.5
3/7/2023,ADBL,SELL,291,5,1937.5
3/7/2023,AHPC,BUY,293,5,472.5
3/9/2023,ADBL,SELL,302,5,1982.5
3/9/2023,AHPC,SELL,304,5,3502.5
3/9/2023,AKJCL,SELL,231.9,5,4662
3/9/2023,CZBIL,SELL,189,5,5607
3/9/2023,DHPL,BUY,230.1,5,4456.5
3/9/2023,EDBL,SELL,335,5,6131.5
3/9/2023,HPPL,SELL,311.1,5,7687
3/9/2023,HURJA,SELL,376.3,5,9568.5
3/9/2023,ICFC,BUY,439,5,7373.5
3/9/2023,JBBL,SELL,282.7,5,8787
3/9/2023,KSBBL,SELL,323,5,10402
3/9/2023,LBBL,SELL,350,5,12152
3/9/2023,LICN,SELL,1418,5,19242
3/9/2023,MFIL,BUY,446.2,5,17011
3/9/2023,MLBL,SELL,322.9,5,18625.5
3/9/2023,NABIL,BUY,647,5,15390.5
3/9/2023,NICA,SELL,808,5,19430.5
3/9/2023,PCBL,BUY,204,5,18410.5
3/9/2023,RLI,SELL,413,5,20475.5
3/9/2023,SANIMA,SELL,246,5,21705.5
3/12/2023,ADBL,SELL,298.5,5,23198
3/12/2023,AHPC,SELL,303,5,24713
3/12/2023,AKJCL,SELL,228.4,5,25855
3/12/2023,CIT,BUY,2019,5,15760
3/12/2023,CZBIL,BUY,184,5,14840
3/12/2023,DHPL,SELL,229.9,5,15989.5
3/12/2023,EDBL,BUY,329,5,14344.5
3/12/2023,HPPL,BUY,304.9,5,12820
3/12/2023,HURJA,BUY,368,5,10980
3/12/2023,ICFC,BUY,434.8,5,8806
3/12/2023,JBBL,SELL,277.9,5,10195.5
3/12/2023,KSBBL,BUY,315,5,8620.5
3/12/2023,LBBL,SELL,341.9,5,10330
3/12/2023,LICN,BUY,1390,5,3380
3/12/2023,MFIL,BUY,443.1,5,1164.5
3/12/2023,NMB,BUY,224,5,44.5
3/13/2023,ADBL,SELL,299,5,1539.5
3/13/2023,AKJCL,BUY,225,5,414.5
3/14/2023,AKJCL,SELL,229,5,1559.5
3/14/2023,BARUN,BUY,263,5,244.5
3/14/2023,CIT,SELL,2034,5,10414.5
3/14/2023,CZBIL,BUY,182,5,9504.5
3/14/2023,DHPL,SELL,230,5,10654.5
3/14/2023,EDBL,BUY,324,5,9034.5
3/14/2023,HPPL,BUY,300,5,7534.5
3/14/2023,HURJA,BUY,362,5,5724.5
3/14/2023,ICFC,BUY,429.5,5,3577
3/14/2023,JBBL,BUY,274,5,2207
3/14/2023,KKHC,BUY,247,5,972
3/14/2023,MFIL,SELL,452,5,3232
3/14/2023,MLBL,BUY,315,5,1657
3/14/2023,NMB,BUY,220.7,5,553.5
3/15/2023,AKJCL,SELL,226,5,1683.5
3/15/2023,BARUN,BUY,260,5,383.5
3/15/2023,MFIL,SELL,444.9,5,2608
3/15/2023,MLBL,BUY,311.9,5,1048.5
3/15/2023,PCBL,BUY,202.5,5,36
3/16/2023,JBBL,SELL,274.9,5,1410.5
3/16/2023,KKHC,SELL,247,5,2645.5
3/16/2023,KSBBL,BUY,312.9,5,1081
3/16/2023,PCBL,SELL,203.3,5,2097.5
3/16/2023,PROFL,BUY,331,5,442.5
3/19/2023,AKJCL,SELL,227,5,1577.5
3/19/2023,BARUN,SELL,263,5,2892.5
3/19/2023,CZBIL,BUY,179,5,1997.5
3/19/2023,EDBL,BUY,315.9,5,418
3/19/2023,HURJA,SELL,363,5,2233
3/19/2023,ICFC,BUY,427,5,98
3/19/2023,MFIL,SELL,444.8,5,2322
3/19/2023,MLBL,BUY,310.3,5,770.5
3/20/2023,AKJCL,SELL,230.5,5,1923
3/20/2023,BARUN,SELL,271,5,3278
3/20/2023,CZBIL,BUY,180,5,2378
3/20/2023,EDBL,BUY,322,5,768
3/20/2023,HPPL,SELL,312,5,2328
3/20/2023,HURJA,BUY,360,5,528
3/20/2023,ICFC,SELL,433,5,2693
3/20/2023,KSBBL,SELL,316,5,4273
3/20/2023,LBBL,BUY,334.5,5,2600.5
3/20/2023,MLBL,SELL,316,5,4180.5
3/20/2023,NABIL,BUY,613,5,1115.5
3/20/2023,NMB,BUY,222,5,5.5
3/23/2023,NMB,SELL,229.9,5,1155
3/23/2023,PCBL,BUY,199,5,160
3/26/2023,NMB,SELL,226,5,1290
3/26/2023,PCBL,BUY,199.5,5,292.5
3/27/2023,HPPL,SELL,302,5,1802.5
3/27/2023,HURJA,BUY,342,5,92.5
3/27/2023,KSBBL,SELL,313,5,1657.5
3/27/2023,LBBL,BUY,331,5,2.5
3/27/2023,MLBL,SELL,315,5,1577.5
3/27/2023,NMB,SELL,226,5,2707.5
3/27/2023,PCBL,BUY,199,5,1712.5
3/27/2023,PROFL,BUY,321,5,107.5
3/28/2023,CZBIL,SELL,180,5,1007.5
3/28/2023,KSBBL,SELL,313,5,2572.5
3/28/2023,LBBL,BUY,330,5,922.5
3/28/2023,MLBL,SELL,316,5,2502.5
3/28/2023,NMB,BUY,223,5,1387.5
3/28/2023,PCBL,BUY,199.3,5,391
3/29/2023,LICN,SELL,1355,5,7166
3/29/2023,NABIL,SELL,609,5,10211
3/29/2023,NICA,BUY,689,5,6766
3/29/2023,NMB,SELL,223.8,5,7885
3/29/2023,PCBL,BUY,197.1,5,6899.5
3/29/2023,PROFL,BUY,317.3,5,5313
3/30/2023,ADBL,BUY,244.5,5,4090.5
3/30/2023,AHPC,BUY,298.9,5,2596
3/30/2023,AKJCL,BUY,222.5,5,1483.5
3/30/2023,BARUN,BUY,263,5,168.5
3/30/2023,LICN,SELL,1346,5,6898.5
3/30/2023,MFIL,BUY,438,5,4708.5
3/30/2023,MLBL,BUY,310.5,5,3156
3/30/2023,NABIL,BUY,603,5,141
4/4/2023,NICA,SELL,696.6,5,3624
4/4/2023,NMB,BUY,218,5,2534
4/4/2023,PCBL,BUY,194,5,1564
4/4/2023,PROFL,BUY,311,5,9
4/10/2023,NMB,SELL,227,5,1144
4/10/2023,PCBL,BUY,194,5,174
4/11/2023,AHPC,SELL,290.5,5,1626.5
4/11/2023,AKJCL,SELL,218.6,5,2719.5
4/11/2023,BARUN,BUY,254,5,1449.5
4/11/2023,CZBIL,SELL,174,5,2319.5
4/11/2023,DHPL,BUY,213,5,1254.5
4/11/2023,KKHC,BUY,227,5,119.5
4/11/2023,MLBL,SELL,310,5,1669.5
4/11/2023,NHPC,BUY,230,5,519.5
4/12/2023,ADBL,SELL,251,5,1774.5
4/12/2023,BARUN,SELL,268.2,5,3115.5
4/12/2023,CZBIL,SELL,184,5,4035.5
4/12/2023,DHPL,SELL,227,5,5170.5
4/12/2023,EDBL,SELL,307,5,6705.5
4/12/2023,HPPL,SELL,306.9,5,8240
4/12/2023,HURJA,SELL,330,5,9890
4/12/2023,ICFC,SELL,438,5,12080
4/12/2023,KKHC,SELL,248.2,5,13321
4/12/2023,LBBL,SELL,334,5,14991
4/12/2023,MFIL,SELL,461,5,17296
4/12/2023,NABIL,SELL,629,5,20441
4/12/2023,NHPC,SELL,245.8,5,21670
4/12/2023,PCBL,SELL,204.5,5,22692.5
4/12/2023,PROFL,SELL,328,5,24332.5
4/13/2023,ADBL,SELL,246,5,25562.5
4/13/2023,BARUN,SELL,260.9,5,26867
4/13/2023,CZBIL,SELL,182,5,27777
4/13/2023,EDBL,BUY,293.2,5,26311
4/13/2023,HURJA,SELL,323.4,5,27928
4/13/2023,ICFC,SELL,429,5,30073
4/13/2023,LBBL,SELL,325,5,31698
4/13/2023,NABIL,SELL,618.9,5,34792.5
4/13/2023,PCBL,SELL,202.8,5,35806.5
4/13/2023,PROFL,SELL,317.9,5,37396
4/16/2023,ADBL,SELL,247.5,5,38633.5
4/16/2023,CZBIL,SELL,180.8,5,39537.5
4/16/2023,EDBL,BUY,293,5,38072.5
4/16/2023,HURJA,SELL,321.1,5,39678
4/16/2023,ICFC,SELL,429,5,41823
4/16/2023,LBBL,SELL,323.2,5,43439
4/16/2023,NABIL,SELL,617,5,46524
4/16/2023,PCBL,SELL,200,5,47524
4/16/2023,PROFL,SELL,311.1,5,49079.5
4/17/2023,AKJCL,BUY,218.5,5,47987
4/17/2023,BARUN,BUY,256,5,46707
4/17/2023,DHPL,BUY,212,5,45647
4/17/2023,EDBL,BUY,288.2,5,44206
4/17/2023,HURJA,SELL,313,5,45771
4/17/2023,ICFC,SELL,417,5,47856
4/17/2023,LICN,BUY,1292,5,41396
4/17/2023,NABIL,SELL,616,5,44476
4/17/2023,NHPC,BUY,233,5,43311
4/17/2023,PCBL,SELL,197.9,5,44300.5
4/17/2023,PROFL,SELL,312,5,45860.5
4/18/2023,ADBL,BUY,240,5,44660.5
4/18/2023,AKJCL,BUY,216,5,43580.5
4/18/2023,BARUN,SELL,257,5,44865.5
4/18/2023,CIT,BUY,2015,5,34790.5
4/18/2023,DHPL,BUY,212.9,5,33726
4/18/2023,EDBL,SELL,292,5,35186
4/18/2023,HPPL,BUY,285.1,5,33760.5
4/18/2023,HURJA,BUY,307,5,32225.5
4/18/2023,ICFC,BUY,412,5,30165.5
4/18/2023,JBBL,BUY,266,5,28835.5
4/18/2023,KSBBL,BUY,301,5,27330.5
4/18/2023,LBBL,BUY,318,5,25740.5
4/18/2023,LICN,BUY,1285,5,19315.5
4/18/2023,MLBL,BUY,309.5,5,17768
4/18/2023,NABIL,SELL,616,5,20848
4/18/2023,NHPC,BUY,231,5,19693
4/18/2023,PCBL,SELL,197.2,5,20679
4/18/2023,SANIMA,BUY,238.2,5,19488
4/19/2023,ADBL,BUY,239,5,18293
4/19/2023,AKJCL,SELL,221.7,5,19401.5
4/19/2023,BARUN,BUY,255,5,18126.5
4/19/2023,CIT,BUY,2035,5,7951.5
4/19/2023,DHPL,SELL,216,5,9031.5
4/19/2023,EDBL,SELL,295,5,10506.5
4/19/2023,HPPL,SELL,292.7,5,11970
4/19/2023,HURJA,SELL,314,5,13540
4/19/2023,ICFC,SELL,419.5,5,15637.5
4/19/2023,JBBL,SELL,271,5,16992.5
4/19/2023,KSBBL,SELL,305,5,18517.5
4/19/2023,LBBL,SELL,323.9,5,20137
4/19/2023,LICN,BUY,1299.7,5,13638.5
4/19/2023,MLBL,SELL,312,5,15198.5
4/19/2023,NABIL,SELL,620,5,18298.5
4/19/2023,NHPC,SELL,235.5,5,19476
4/19/2023,PCBL,SELL,198.1,5,20466.5
4/19/2023,SANIMA,SELL,247.4,5,21703.5
4/20/2023,ADBL,BUY,239,5,20508.5
4/20/2023,AKJCL,SELL,223,5,21623.5
4/20/2023,BARUN,BUY,252,5,20363.5
4/20/2023,CIT,BUY,2020,5,10263.5
4/20/2023,DHPL,BUY,213,5,9198.5
4/20/2023,EDBL,BUY,289.9,5,7749
4/20/2023,HPPL,BUY,283.5,5,6331.5
4/20/2023,HURJA,BUY,305.2,5,4805.5
4/20/2023,ICFC,BUY,414,5,2735.5
4/20/2023,JBBL,BUY,266,5,1405.5
4/20/2023,KKHC,BUY,233,5,240.5
4/20/2023,LICN,SELL,1301,5,6745.5
4/20/2023,MFIL,BUY,436,5,4565.5
4/20/2023,MLBL,BUY,303,5,3050.5
4/20/2023,NABIL,SELL,620,5,6150.5
4/20/2023,NHPC,BUY,231.1,5,4995
4/20/2023,PCBL,BUY,196.9,5,4010.5
4/23/2023,ADBL,BUY,233.5,5,2843
4/23/2023,AHPC,BUY,291,5,1388
4/23/2023,BARUN,BUY,248.1,5,147.5
4/25/2023,DHPL,SELL,217.9,5,1237
4/25/2023,KKHC,BUY,234.6,5,64
4/25/2023,PCBL,SELL,200,5,1064
4/26/2023,CZBIL,BUY,173.9,5,194.5
4/26/2023,DHPL,SELL,216,5,1274.5
4/26/2023,KKHC,BUY,231,5,119.5
4/27/2023,LICN,SELL,1299,5,6614.5
4/27/2023,MFIL,BUY,432,5,4454.5
4/27/2023,MLBL,BUY,300,5,2954.5
4/27/2023,NHPC,BUY,226,5,1824.5
4/27/2023,PCBL,SELL,197.9,5,2814
4/27/2023,PROFL,BUY,304.7,5,1290.5
4/30/2023,ADBL,BUY,233,5,125.5
5/2/2023,MFIL,SELL,438,5,2315.5
5/2/2023,MLBL,BUY,295.9,5,836
5/3/2023,CIT,SELL,2023,5,10951
5/3/2023,CZBIL,BUY,171.4,5,10094
5/3/2023,DHPL,BUY,209,5,9049
5/3/2023,EDBL,BUY,280,5,7649
5/3/2023,HPPL,BUY,272.2,5,6288
5/3/2023,HURJA,BUY,271,5,4933
5/3/2023,ICFC,BUY,404,5,2913
5/3/2023,JBBL,BUY,254.4,5,1641
5/3/2023,JOSHI,BUY,260,5,341
5/4/2023,CIT,SELL,2028,5,10481
5/4/2023,CZBIL,BUY,172.5,5,9618.5
5/4/2023,DHPL,BUY,212,5,8558.5
5/4/2023,EDBL,BUY,281,5,7153.5
5/4/2023,HPPL,SELL,278.7,5,8547
5/4/2023,HURJA,BUY,275,5,7172
5/4/2023,ICFC,SELL,412.9,5,9236.5
5/4/2023,JBBL,BUY,258,5,7946.5
5/4/2023,JOSHI,BUY,264,5,6626.5
5/4/2023,KKHC,BUY,221.5,5,5519
5/4/2023,KSBBL,BUY,287.6,5,4081
5/4/2023,MFIL,BUY,432,5,1921
5/4/2023,MLBL,SELL,302,5,3431
5/4/2023,NABIL,BUY,598.9,5,436.5
5/9/2023,CIT,SELL,2016,5,10516.5
5/9/2023,CZBIL,BUY,169.6,5,9668.5
5/9/2023,DHPL,BUY,201.1,5,8663
5/9/2023,EBL,BUY,529,5,6018
5/9/2023,EDBL,BUY,280.1,5,4617.5
5/9/2023,HPPL,BUY,274,5,3247.5
5/9/2023,HURJA,BUY,258.8,5,1953.5
5/9/2023,JBBL,BUY,256,5,673.5
5/9/2023,KSBBL,SELL,296.8,5,2157.5
5/9/2023,MFIL,BUY,420,5,57.5
5/9/2023,MLBL,SELL,302,5,1567.5
5/9/2023,NHPC,BUY,205.9,5,538
5/10/2023,MLBL,SELL,300,5,2038
5/10/2023,NHPC,BUY,204,5,1018
5/10/2023,PCBL,BUY,194,5,48
5/11/2023,ADBL,SELL,239,5,1243
5/11/2023,AKJCL,BUY,201,5,238
5/11/2023,LICN,SELL,1275,5,6613
5/11/2023,MFIL,BUY,425,5,4488
5/11/2023,MLBL,BUY,296.7,5,3004.5
5/11/2023,NABIL,BUY,590,5,54.5
5/16/2023,ICFC,SELL,405,5,2079.5
5/16/2023,JBBL,BUY,252.9,5,815
5/17/2023,AHPC,SELL,279.1,5,2210.5
5/17/2023,AKJCL,SELL,205.9,5,3240
5/17/2023,BARUN,BUY,234,5,2070
5/17/2023,CZBIL,SELL,171.5,5,2927.5
5/17/2023,DHPL,SELL,204.9,5,3952
5/17/2023,EBL,BUY,528,5,1312
5/17/2023,EDBL,SELL,280,5,2712
5/17/2023,HPPL,BUY,269,5,1367
5/17/2023,HURJA,SELL,256,5,2647
5/17/2023,JBBL,SELL,259.9,5,3946.5
5/17/2023,JOSHI,SELL,263,5,5261.5
5/17/2023,KKHC,SELL,215,5,6336.5
5/17/2023,KSBBL,BUY,286,5,4906.5
5/17/2023,MFIL,SELL,427.4,5,7043.5
5/17/2023,MLBL,SELL,301,5,8548.5
5/17/2023,NABIL,BUY,590,5,5598.5
5/17/2023,NHPC,SELL,208.9,5,6643
5/17/2023,NICA,BUY,700,5,3143
5/17/2023,PCBL,BUY,192,5,2183
5/17/2023,PROFL,SELL,295,5,3658
5/17/2023,SANIMA,BUY,239.9,5,2458.5
5/18/2023,ADBL,SELL,231,5,3613.5
5/18/2023,BARUN,SELL,238,5,4803.5
5/18/2023,CZBIL,SELL,174.5,5,5676
5/18/2023,DHPL,SELL,205,5,6701
5/18/2023,EBL,SELL,546.7,5,9434.5
5/18/2023,EDBL,SELL,288.5,5,10877
5/18/2023,HPPL,SELL,281,5,12282
5/18/2023,HURJA,SELL,281.6,5,13690
5/18/2023,JBBL,SELL,267,5,15025
5/18/2023,JOSHI,SELL,272.9,5,16389.5
5/18/2023,KKHC,SELL,223,5,17504.5
5/18/2023,KSBBL,SELL,290,5,18954.5
5/18/2023,MFIL,SELL,434,5,21124.5
5/18/2023,NABIL,SELL,590,5,24074.5
5/18/2023,NHPC,SELL,215,5,25149.5
5/18/2023,NICA,SELL,708.5,5,28692
5/18/2023,NMB,BUY,234,5,27522
5/18/2023,PCBL,SELL,194.5,5,28494.5
5/18/2023,SANIMA,SELL,241,5,29699.5
5/21/2023,ADBL,BUY,230,5,28549.5
5/21/2023,BARUN,SELL,241,5,29754.5
5/21/2023,CZBIL,SELL,175,5,30629.5
5/21/2023,DHPL,SELL,209,5,31674.5
5/21/2023,EBL,SELL,540,5,34374.5
5/21/2023,EDBL,SELL,289,5,35819.5
5/21/2023,HPPL,SELL,278,5,37209.5
5/21/2023,HURJA,SELL,288,5,38649.5
5/21/2023,JBBL,SELL,267,5,39984.5
5/21/2023,KKHC,SELL,223,5,41099.5
5/21/2023,MFIL,SELL,433.2,5,43265.5
5/21/2023,NABIL,SELL,595.1,5,46241
5/21/2023,NHPC,SELL,212,5,47301
5/21/2023,NMB,BUY,233.8,5,46132
5/21/2023,PCBL,SELL,194.2,5,47103
5/22/2023,ADBL,BUY,230,5,45953
5/22/2023,BARUN,SELL,240,5,47153
5/22/2023,CZBIL,SELL,173.2,5,48019
5/22/2023,EDBL,SELL,287.2,5,49455
5/22/2023,HPPL,SELL,285.9,5,50884.5
5/22/2023,HURJA,SELL,290,5,52334.5
5/22/2023,JBBL,SELL,265.1,5,53660
5/22/2023,KKHC,SELL,221,5,54765
5/22/2023,MFIL,SELL,434,5,56935
5/22/2023,NABIL,SELL,599,5,59930
5/22/2023,NHPC,SELL,214,5,61000
5/22/2023,NMB,BUY,231.7,5,59841.5
5/22/2023,PCBL,SELL,193.5,5,60809
5/23/2023,ADBL,SELL,233.1,5,61974.5
5/23/2023,BARUN,SELL,247,5,63209.5
5/23/2023,EDBL,SELL,295,5,64684.5
5/23/2023,JBBL,SELL,273.5,5,66052
5/23/2023,NABIL,SELL,605.5,5,69079.5
5/23/2023,NHPC,SELL,227,5,70214.5
5/23/2023,NMB,SELL,236,5,71394.5
5/23/2023,PCBL,SELL,196.9,5,72379
5/24/2023,ADBL,SELL,234,5,73549
5/24/2023,EDBL,SELL,292,5,75009
5/24/2023,NABIL,SELL,606,5,78039
5/24/2023,NMB,SELL,235.5,5,79216.5
5/24/2023,PCBL,SELL,197.7,5,80205
5/28/2023,ADBL,SELL,232,5,81365
5/28/2023,EDBL,SELL,289.9,5,82814.5
5/28/2023,NABIL,SELL,601,5,85819.5
5/28/2023,NMB,BUY,234.2,5,84648.5
5/28/2023,PCBL,SELL,197.6,5,85636.5
5/30/2023,ADBL,BUY,228,5,84496.5
5/30/2023,AHPC,BUY,283,5,83081.5
5/30/2023,AKJCL,BUY,205.6,5,82053.5
5/30/2023,DHPL,BUY,199,5,81058.5
5/30/2023,EBL,BUY,534,5,78388.5
5/30/2023,EDBL,BUY,282,5,76978.5
5/30/2023,HPPL,BUY,272.5,5,75616
5/30/2023,HURJA,BUY,261.1,5,74310.5
5/30/2023,ICFC,BUY,407,5,72275.5
5/30/2023,JBBL,BUY,262,5,70965.5
5/30/2023,KKHC,BUY,211.5,5,69908
5/30/2023,LBBL,BUY,333.4,5,68241
5/30/2023,LICN,BUY,1308,5,61701
5/30/2023,MFIL,BUY,428,5,59561
5/30/2023,MLBL,BUY,297.9,5,58071.5
5/30/2023,NABIL,BUY,587.3,5,55135
5/30/2023,NHPC,BUY,210,5,54085
5/30/2023,NMB,BUY,228,5,52945
5/30/2023,PCBL,BUY,192.5,5,51982.5
5/30/2023,PROFL,BUY,286,5,50552.5
5/31/2023,ADBL,BUY,225,5,49427.5
5/31/2023,AHPC,BUY,275,5,48052.5
5/31/2023,AKJCL,BUY,201,5,47047.5
5/31/2023,BARUN,BUY,236,5,45867.5
5/31/2023,CIT,BUY,2111,5,35312.5
5/31/2023,CZBIL,BUY,171.9,5,34453
5/31/2023,DHPL,BUY,196,5,33473
5/31/2023,EBL,BUY,525.8,5,30844
5/31/2023,EDBL,BUY,271,5,29489
5/31/2023,HPPL,BUY,270,5,28139
5/31/2023,HURJA,BUY,263,5,26824
5/31/2023,ICFC,BUY,402.4,5,24812
5/31/2023,JBBL,BUY,255,5,23537
5/31/2023,JOSHI,BUY,268,5,22197
5/31/2023,KKHC,BUY,212.5,5,21134.5
5/31/2023,KSBBL,BUY,283,5,19719.5
5/31/2023,LBBL,BUY,328,5,18079.5
5/31/2023,LICN,BUY,1272,5,11719.5
5/31/2023,MFIL,BUY,418,5,9629.5
5/31/2023,MLBL,BUY,288.8,5,8185.5
5/31/2023,NABIL,BUY,581.5,5,5278
5/31/2023,NHPC,BUY,208,5,4238
5/31/2023,NICA,BUY,703,5,723
6/1/2023,JOSHI,SELL,286.6,5,2156
6/1/2023,KKHC,BUY,210.5,5,1103.5
6/1/2023,NHPC,BUY,211,5,48.5
6/1/2023,NICA,SELL,713.5,5,3616
6/1/2023,NMB,BUY,220.1,5,2515.5
6/1/2023,PCBL,BUY,192,5,1555.5
6/1/2023,PROFL,BUY,284,5,135.5
6/4/2023,AKJCL,SELL,217,5,1220.5
6/4/2023,BARUN,SELL,247,5,2455.5
6/4/2023,CZBIL,BUY,172.5,5,1593
6/4/2023,DHPL,SELL,205,5,2618
6/4/2023,EBL,SELL,540,5,5318
6/4/2023,EDBL,BUY,284,5,3898
6/4/2023,HPPL,BUY,280,5,2498
6/4/2023,HURJA,SELL,281.2,5,3904
6/4/2023,ICFC,SELL,419,5,5999
6/4/2023,JBBL,SELL,265.5,5,7326.5
6/4/2023,KKHC,BUY,219.5,5,6229
6/4/2023,KSBBL,SELL,297.6,5,7717
6/4/2023,LBBL,BUY,341,5,6012
6/4/2023,LICN,SELL,1341.9,5,12721.5
6/4/2023,MFIL,SELL,437.9,5,14911
6/4/2023,MLBL,SELL,304.4,5,16433
6/4/2023,NABIL,SELL,595.4,5,19410
6/4/2023,NHPC,SELL,221,5,20515
6/4/2023,NICA,BUY,712.6,5,16952
6/4/2023,NMB,SELL,230.6,5,18105
6/4/2023,PCBL,BUY,193,5,17140
6/4/2023,PROFL,SELL,295,5,18615
6/4/2023,SANIMA,BUY,241.9,5,17405.5
6/5/2023,ADBL,BUY,228,5,16265.5
6/5/2023,AHPC,SELL,289,5,17710.5
6/5/2023,AKJCL,SELL,213,5,18775.5
6/5/2023,BARUN,BUY,237,5,17590.5
6/5/2023,CIT,BUY,2162.1,5,6780
6/5/2023,CZBIL,BUY,171,5,5925
6/5/2023,DHPL,BUY,203,5,4910
6/5/2023,EBL,BUY,532,5,2250
6/5/2023,EDBL,BUY,277,5,865
6/5/2023,NHPC,SELL,221,5,1970
6/5/2023,NMB,BUY,226.8,5,836
6/6/2023,AHPC,SELL,295.1,5,2311.5
6/6/2023,BARUN,SELL,248,5,3551.5
6/6/2023,CIT,SELL,2184,5,14471.5
6/6/2023,CZBIL,BUY,170,5,13621.5
6/6/2023,DHPL,BUY,203,5,12606.5
6/6/2023,EBL,BUY,536,5,9926.5
6/6/2023,EDBL,BUY,282.8,5,8512.5
6/6/2023,HPPL,SELL,285.9,5,9942
6/6/2023,HURJA,BUY,278,5,8552
6/6/2023,ICFC,SELL,417.5,5,10639.5
6/6/2023,JBBL,BUY,264.1,5,9319
6/6/2023,KKHC,SELL,220,5,10419
6/6/2023,LBBL,SELL,341.4,5,12126
6/6/2023,LICN,SELL,1334.9,5,18800.5
6/6/2023,MFIL,BUY,430,5,16650.5
6/6/2023,MLBL,BUY,298,5,15160.5
6/6/2023,NABIL,BUY,591.7,5,12202
6/6/2023,NHPC,SELL,227,5,13337
6/6/2023,NICA,SELL,716,5,16917
6/6/2023,NMB,BUY,228.9,5,15772.5
6/6/2023,PCBL,BUY,191.7,5,14814
6/6/2023,PROFL,SELL,295,5,16289
6/6/2023,SANIMA,BUY,240.7,5,15085.5
6/7/2023,ADBL,BUY,228.1,5,13945
6/7/2023,CIT,SELL,2230,5,25095
6/7/2023,CZBIL,BUY,169,5,24250
6/7/2023,DHPL,BUY,201,5,23245
6/7/2023,EBL,BUY,533.9,5,20575.5
6/7/2023,EDBL,SELL,283.1,5,21991
6/7/2023,HPPL,SELL,287,5,23426
6/7/2023,HURJA,SELL,284,5,24846
6/7/2023,JBBL,SELL,267,5,26181
6/7/2023,JOSHI,BUY,278.5,5,24788.5
6/7/2023,KKHC,SELL,220.5,5,25891
6/7/2023,LBBL,SELL,348,5,27631
6/7/2023,MFIL,SELL,433,5,29796
6/7/2023,MLBL,BUY,300,5,28296
6/7/2023,NABIL,BUY,591.3,5,25339.5
6/7/2023,NICA,BUY,716.5,5,21757
6/7/2023,NMB,SELL,229.4,5,22904
6/7/2023,PCBL,BUY,191.9,5,21944.5
6/7/2023,SANIMA,BUY,239.5,5,20747
6/8/2023,ADBL,BUY,228,5,19607
6/8/2023,CZBIL,BUY,169,5,18762
6/8/2023,DHPL,BUY,200,5,17762
6/8/2023,EBL,BUY,534,5,15092
6/8/2023,EDBL,SELL,286,5,16522
6/8/2023,HPPL,SELL,292,5,17982
6/8/2023,HURJA,SELL,283,5,19397
6/8/2023,JBBL,SELL,267,5,20732
6/8/2023,JOSHI,BUY,270,5,19382
6/8/2023,KKHC,SELL,220,5,20482
6/8/2023,LBBL,SELL,353,5,22247
6/8/2023,MFIL,SELL,437,5,24432
6/8/2023,MLBL,SELL,308,5,25972
6/8/2023,NABIL,BUY,590.9,5,23017.5
6/8/2023,NICA,SELL,719,5,26612.5
6/8/2023,NMB,BUY,228,5,25472.5
6/8/2023,PCBL,BUY,190.8,5,24518.5
6/8/2023,SANIMA,BUY,239,5,23323.5
6/11/2023,ADBL,BUY,228.1,5,22183
6/11/2023,CZBIL,BUY,170.5,5,21330.5
6/11/2023,DHPL,SELL,204,5,22350.5
6/11/2023,EBL,SELL,534,5,25020.5
6/11/2023,EDBL,SELL,306,5,26550.5
6/11/2023,JOSHI,SELL,279.8,5,27949.5
6/11/2023,KKHC,SELL,222.5,5,29062
6/11/2023,MLBL,SELL,326,5,30692
6/11/2023,NABIL,SELL,594,5,33662
6/11/2023,NMB,BUY,227,5,32527
6/11/2023,PCBL,SELL,192.8,5,33491
6/11/2023,SANIMA,SELL,242.9,5,34705.5
6/12/2023,ADBL,SELL,230,5,35855.5
6/12/2023,CZBIL,SELL,171.8,5,36714.5
6/12/2023,DHPL,SELL,204,5,37734.5
6/12/2023,EBL,SELL,536,5,40414.5
6/12/2023,EDBL,SELL,311,5,41969.5
6/12/2023,JOSHI,BUY,278,5,40579.5
6/12/2023,MLBL,SELL,320,5,42179.5
6/12/2023,NABIL,SELL,597,5,45164.5
6/12/2023,NMB,SELL,227.5,5,46302
6/12/2023,PCBL,SELL,192.4,5,47264
6/12/2023,SANIMA,SELL,243,5,48479
6/13/2023,ADBL,SELL,231,5,49634
6/13/2023,CZBIL,SELL,173,5,50499
6/13/2023,DHPL,SELL,205.7,5,51527.5
6/13/2023,EBL,SELL,541,5,54232.5
6/13/2023,EDBL,SELL,319,5,55827.5
6/13/2023,JOSHI,SELL,280,5,57227.5
6/13/2023,NABIL,SELL,597,5,60212.5
6/13/2023,NHPC,BUY,221.1,5,59107
6/13/2023,NMB,SELL,227.5,5,60244.5
6/13/2023,PCBL,SELL,193,5,61209.5
6/13/2023,SANIMA,SELL,244.3,5,62431
6/14/2023,ADBL,SELL,233,5,63596
6/14/2023,CZBIL,SELL,176,5,64476
6/14/2023,DHPL,SELL,207,5,65511
6/14/2023,EBL,SELL,546,5,68241
6/14/2023,EDBL,SELL,316,5,69821
6/14/2023,JOSHI,BUY,279,5,68426
6/14/2023,NABIL,SELL,599,5,71421
6/14/2023,NHPC,SELL,226,5,72551
6/14/2023,NMB,SELL,229,5,73696
6/14/2023,PCBL,SELL,196.8,5,74680
6/14/2023,SANIMA,SELL,249.9,5,75929.5
6/15/2023,ADBL,SELL,231,5,77084.5
6/15/2023,AKJCL,BUY,216,5,76004.5
6/15/2023,CZBIL,SELL,175.5,5,76882
6/15/2023,DHPL,SELL,203.7,5,77900.5
6/15/2023,EBL,SELL,545.4,5,80627.5
6/15/2023,EDBL,SELL,312.8,5,82191.5
6/15/2023,HPPL,BUY,287.9,5,80752
6/15/2023,HURJA,BUY,284,5,79332
6/15/2023,JOSHI,SELL,282,5,80742
6/15/2023,NABIL,SELL,598,5,83732
6/15/2023,NHPC,BUY,223.1,5,82616.5
6/15/2023,NMB,BUY,228,5,81476.5
6/15/2023,PCBL,SELL,195,5,82451.5
6/18/2023,ADBL,SELL,232,5,83611.5
6/18/2023,AKJCL,BUY,217.9,5,82522
6/18/2023,CZBIL,SELL,174.1,5,83392.5
6/18/2023,DHPL,BUY,203,5,82377.5
6/18/2023,EDBL,SELL,320,5,83977.5
6/18/2023,HPPL,SELL,296,5,85457.5
6/18/2023,HURJA,BUY,287.4,5,84020.5
6/18/2023,JOSHI,SELL,294.6,5,85493.5
6/18/2023,NABIL,SELL,596,5,88473.5
6/18/2023,NHPC,BUY,199.8,5,87474.5
6/18/2023,NMB,BUY,226,5,86344.5
6/18/2023,PCBL,SELL,194.5,5,87317
6/19/2023,ADBL,SELL,230,5,88467
6/19/2023,AKJCL,BUY,215,5,87392
6/19/2023,CZBIL,SELL,174,5,88262
6/19/2023,DHPL,BUY,199.5,5,87264.5
6/19/2023,HPPL,BUY,291,5,85809.5
6/19/2023,HURJA,BUY,287.7,5,84371
6/19/2023,KKHC,BUY,223.5,5,83253.5
6/19/2023,NABIL,BUY,594,5,80283.5
6/19/2023,NHPC,BUY,199,5,79288.5
6/19/2023,NMB,BUY,223.7,5,78170
6/19/2023,PCBL,SELL,193.5,5,79137.5
6/20/2023,ADBL,BUY,230,5,77987.5
6/20/2023,AKJCL,BUY,211,5,76932.5
6/20/2023,CZBIL,BUY,172,5,76072.5
6/20/2023,DHPL,BUY,195,5,75097.5
6/20/2023,HPPL,BUY,289.5,5,73650
6/20/2023,HURJA,BUY,274.5,5,72277.5
6/20/2023,JOSHI,BUY,280,5,70877.5
6/20/2023,KKHC,BUY,219,5,69782.5
6/20/2023,NABIL,SELL,595.3,5,72759
6/20/2023,NHPC,BUY,195,5,71784
6/20/2023,NMB,SELL,229,5,72929
6/20/2023,PCBL,BUY,193,5,71964
6/21/2023,ADBL,BUY,229,5,70819
6/21/2023,AHPC,BUY,299.8,5,69320
6/21/2023,AKJCL,BUY,209,5,68275
6/21/2023,BARUN,BUY,257,5,66990
6/21/2023,CZBIL,BUY,171.9,5,66130.5
6/21/2023,DHPL,BUY,194.8,5,65156.5
6/21/2023,HPPL,BUY,281,5,63751.5
6/21/2023,HURJA,BUY,269.2,5,62405.5
6/21/2023,ICFC,BUY,462,5,60095.5
6/21/2023,JOSHI,BUY,273.9,5,58726
6/21/2023,KKHC,BUY,217.5,5,57638.5
6/21/2023,KSBBL,BUY,322.6,5,56025.5
6/21/2023,MFIL,BUY,462,5,53715.5
6/21/2023,NABIL,BUY,590.1,5,50765
6/21/2023,NHPC,BUY,190.9,5,49810.5
6/21/2023,NICA,BUY,750,5,46060.5
6/21/2023,NMB,BUY,226.5,5,44928
6/21/2023,PCBL,BUY,192.4,5,43966
6/22/2023,ADBL,BUY,228,5,42826
6/22/2023,AHPC,BUY,294.8,5,41352
6/22/2023,AKJCL,BUY,205.2,5,40326
6/22/2023,BARUN,BUY,257,5,39041
6/22/2023,CZBIL,BUY,169.2,5,38195
6/22/2023,DHPL,BUY,193,5,37230
6/22/2023,EBL,BUY,542,5,34520
6/22/2023,EDBL,BUY,317,5,32935
6/22/2023,HPPL,BUY,272,5,31575
6/22/2023,HURJA,BUY,265,5,30250
6/22/2023,ICFC,BUY,461.1,5,27944.5
6/22/2023,JOSHI,BUY,265.5,5,26617
6/22/2023,KKHC,BUY,212.9,5,25552.5
6/22/2023,KSBBL,BUY,322,5,23942.5
6/22/2023,LBBL,BUY,380,5,22042.5
6/22/2023,MFIL,BUY,465,5,19717.5
6/22/2023,MLBL,BUY,325,5,18092.5
6/22/2023,NABIL,BUY,588.5,5,15150
6/22/2023,NHPC,BUY,186.4,5,14218
6/22/2023,NICA,BUY,750,5,10468
6/22/2023,NMB,BUY,222.3,5,9356.5
6/22/2023,PCBL,BUY,192.9,5,8392
6/22/2023,SANIMA,BUY,245.3,5,7165.5
6/25/2023,ADBL,BUY,228,5,6025.5
6/25/2023,AHPC,BUY,296.5,5,4543
6/25/2023,AKJCL,BUY,207,5,3508
6/25/2023,BARUN,BUY,261,5,2203
6/25/2023,CZBIL,BUY,171,5,1348
6/25/2023,DHPL,BUY,195,5,373
6/25/2023,EBL,SELL,563,5,3188
6/25/2023,EDBL,SELL,327,5,4823
6/25/2023,HPPL,BUY,274.3,5,3451.5
6/25/2023,HURJA,SELL,290.9,5,4906
6/25/2023,ICFC,SELL,494.5,5,7378.5
6/25/2023,JOSHI,BUY,273.9,5,6009
6/25/2023,KKHC,BUY,218,5,4919
6/25/2023,KSBBL,SELL,337,5,6604
6/25/2023,LBBL,SELL,405,5,8629
6/25/2023,MFIL,SELL,498.5,5,11121.5
6/25/2023,MLBL,SELL,340,5,12821.5
6/25/2023,NABIL,BUY,587,5,9886.5
6/25/2023,NHPC,BUY,191,5,8931.5
6/25/2023,NICA,SELL,769,5,12776.5
6/25/2023,NMB,BUY,223,5,11661.5
6/25/2023,PCBL,BUY,192.9,5,10697
6/25/2023,SANIMA,SELL,249.5,5,11944.5
6/26/2023,ADBL,BUY,229.9,5,10795
6/26/2023,AHPC,BUY,288.1,5,9354.5
6/26/2023,AKJCL,BUY,204,5,8334.5
6/26/2023,BARUN,BUY,262,5,7024.5
6/26/2023,CZBIL,BUY,172.9,5,6160
6/26/2023,DHPL,SELL,204,5,7180
6/26/2023,HPPL,BUY,276,5,5800
6/26/2023,HURJA,SELL,285,5,7225
6/26/2023,ICFC,SELL,515.9,5,9804.5
6/26/2023,JOSHI,BUY,270,5,8454.5
6/26/2023,KKHC,BUY,220,5,7354.5
6/26/2023,KSBBL,SELL,341.7,5,9063
6/26/2023,MFIL,SELL,513,5,11628
6/26/2023,NABIL,BUY,586,5,8698
6/26/2023,NHPC,BUY,187,5,7763
6/26/2023,NICA,SELL,787,5,11698
6/26/2023,NMB,BUY,224,5,10578
6/26/2023,PCBL,BUY,191.7,5,9619.5
6/27/2023,ADBL,SELL,237.4,5,10806.5
6/27/2023,AHPC,BUY,289,5,9361.5
6/27/2023,AKJCL,BUY,210.9,5,8307
6/27/2023,BARUN,BUY,262.9,5,6992.5
6/27/2023,CZBIL,SELL,178.9,5,7887
6/27/2023,DHPL,SELL,204.9,5,8911.5
6/27/2023,HPPL,SELL,285,5,10336.5
6/27/2023,HURJA,SELL,287,5,11771.5
6/27/2023,JOSHI,SELL,291,5,13226.5
6/27/2023,KKHC,SELL,224.5,5,14349
6/27/2023,NABIL,SELL,608.9,5,17393.5
6/27/2023,NHPC,BUY,195.9,5,16414
6/27/2023,NMB,SELL,232,5,17574
6/27/2023,PCBL,SELL,198,5,18564
6/28/2023,ADBL,SELL,236.5,5,19746.5
6/28/2023,AHPC,BUY,284,5,18326.5
6/28/2023,AKJCL,BUY,205,5,17301.5
6/28/2023,BARUN,BUY,263,5,15986.5
6/28/2023,CZBIL,SELL,175.4,5,16863.5
6/28/2023,DHPL,BUY,198.5,5,15871
6/28/2023,HPPL,BUY,274.9,5,14496.5
6/28/2023,HURJA,BUY,272,5,13136.5
6/28/2023,JOSHI,BUY,275.2,5,11760.5
6/28/2023,KKHC,BUY,221,5,10655.5
6/28/2023,NABIL,SELL,606,5,13685.5
6/28/2023,NHPC,BUY,190,5,12735.5
6/28/2023,NMB,SELL,229,5,13880.5
6/28/2023,PCBL,SELL,196.5,5,14863
7/2/2023,ADBL,SELL,232.5,5,16025.5
7/2/2023,AHPC,BUY,273,5,14660.5
7/2/2023,AKJCL,BUY,199,5,13665.5
7/2/2023,BARUN,BUY,252,5,12405.5
7/2/2023,CZBIL,BUY,170.1,5,11555
7/2/2023,DHPL,BUY,194.4,5,10583
7/2/2023,EBL,BUY,554.5,5,7810.5
7/2/2023,EDBL,BUY,318.1,5,6220
7/2/2023,HPPL,BUY,269,5,4875
7/2/2023,HURJA,BUY,274,5,3505
7/2/2023,JBBL,BUY,288.1,5,2064.5
7/2/2023,JOSHI,BUY,267,5,729.5
7/3/2023,KKHC,SELL,220,5,1829.5
7/3/2023,KSBBL,BUY,320.9,5,225
7/4/2023,ADBL,SELL,234,5,1395
7/4/2023,AHPC,BUY,269.8,5,46
7/5/2023,ADBL,SELL,233,5,1211
7/5/2023,AKJCL,BUY,190,5,261
7/6/2023,JOSHI,SELL,277.7,5,1649.5
7/6/2023,KKHC,BUY,204,5,629.5
7/9/2023,NMB,SELL,226,5,1759.5
7/9/2023,PCBL,BUY,190,5,809.5
7/11/2023,EDBL,SELL,328,5,2449.5
7/11/2023,HPPL,SELL,293.7,5,3918
7/11/2023,HURJA,BUY,253.5,5,2650.5
7/11/2023,JBBL,SELL,302,5,4160.5
7/11/2023,JOSHI,BUY,258,5,2870.5
7/11/2023,KKHC,BUY,194.2,5,1899.5
7/11/2023,KSBBL,SELL,334,5,3569.5
7/11/2023,NABIL,BUY,583,5,654.5
7/11/2023,NMB,SELL,225.8,5,1783.5
7/11/2023,PCBL,BUY,188.4,5,841.5
7/12/2023,AHPC,SELL,263.9,5,2161
7/12/2023,AKJCL,SELL,200.4,5,3163
7/12/2023,BARUN,SELL,248,5,4403
7/12/2023,CZBIL,SELL,170.9,5,5257.5
7/12/2023,DHPL,SELL,194,5,6227.5
7/12/2023,EBL,SELL,559.9,5,9027
7/12/2023,HPPL,SELL,309,5,10572
7/12/2023,HURJA,SELL,270,5,11922
7/12/2023,JOSHI,SELL,272,5,13282
7/12/2023,KKHC,SELL,208.6,5,14325
7/12/2023,LICN,BUY,1603,5,6310
7/12/2023,NABIL,BUY,586,5,3380
7/12/2023,NHPC,SELL,182.1,5,4290.5
7/12/2023,NMB,BUY,223,5,3175.5
7/12/2023,PCBL,SELL,192.4,5,4137.5
7/12/2023,PROFL,BUY,429,5,1992.5
7/13/2023,ADBL,BUY,228.2,5,851.5
7/13/2023,AKJCL,SELL,195,5,1826.5
7/13/2023,BARUN,SELL,245,5,3051.5
7/13/2023,CZBIL,SELL,169,5,3896.5
7/13/2023,DHPL,SELL,190.2,5,4847.5
7/13/2023,HPPL,SELL,291,5,6302.5
7/13/2023,HURJA,SELL,272,5,7662.5
7/13/2023,JOSHI,SELL,268,5,9002.5
7/13/2023,KKHC,BUY,202,5,7992.5
7/13/2023,LICN,BUY,1566,5,162.5
7/13/2023,NABIL,SELL,590,5,3112.5
7/13/2023,NHPC,SELL,180.5,5,4015
7/13/2023,NMB,BUY,224,5,2895
7/13/2023,PCBL,SELL,191.7,5,3853.5
7/13/2023,PROFL,BUY,419,5,1758.5
7/13/2023,SANIMA,BUY,254,5,488.5
7/16/2023,ADBL,SELL,233.9,5,1658
7/16/2023,AHPC,BUY,255,5,383
7/16/2023,BARUN,SELL,249,5,1628
7/16/2023,CZBIL,SELL,173.1,5,2493.5
7/16/2023,DHPL,SELL,185,5,3418.5
7/16/2023,HPPL,SELL,285.9,5,4848
7/16/2023,HURJA,SELL,274,5,6218
7/16/2023,JOSHI,SELL,269,5,7563
7/16/2023,KKHC,BUY,203.6,5,6545
7/16/2023,NABIL,SELL,599.2,5,9541
7/16/2023,NHPC,SELL,177.9,5,10430.5
7/16/2023,NMB,SELL,226,5,11560.5
7/16/2023,PCBL,SELL,195,5,12535.5
7/16/2023,PROFL,BUY,408.9,5,10491
7/16/2023,SANIMA,SELL,260.5,5,11793.5
7/17/2023,ADBL,SELL,240,5,12993.5
7/17/2023,AHPC,SELL,259,5,14288.5
7/17/2023,AKJCL,SELL,195.9,5,15268
7/17/2023,BARUN,SELL,249.1,5,16513.5
7/17/2023,CZBIL,SELL,178.2,5,17404.5
7/17/2023,DHPL,SELL,190,5,18354.5
7/17/2023,HPPL,SELL,289,5,19799.5
7/17/2023,HURJA,SELL,274,5,21169.5
7/17/2023,JOSHI,SELL,268,5,22509.5
7/17/2023,KKHC,SELL,207.9,5,23549
7/17/2023,LICN,SELL,1599,5,31544
7/17/2023,NABIL,SELL,611,5,34599
7/17/2023,NHPC,SELL,179,5,35494
7/17/2023,NMB,SELL,234,5,36664
7/17/2023,PCBL,SELL,199.9,5,37663.5
7/17/2023,PROFL,BUY,419,5,35568.5
7/18/2023,ADBL,SELL,247,5,36803.5
7/18/2023,AHPC,SELL,261,5,38108.5
7/18/2023,AKJCL,SELL,193.5,5,39076
7/18/2023,BARUN,SELL,250,5,40326
7/18/2023,CZBIL,SELL,183,5,41241
7/18/2023,DHPL,SELL,188,5,42181
7/18/2023,HPPL,SELL,284.9,5,43605.5
7/18/2023,HURJA,BUY,264,5,42285.5
7/18/2023,JOSHI,BUY,261.8,5,40976.5
7/18/2023,KKHC,SELL,204,5,41996.5
7/18/2023,LICN,BUY,1590,5,34046.5
7/18/2023,NABIL,SELL,613,5,37111.5
7/18/2023,NHPC,SELL,178,5,38001.5
7/18/2023,NMB,SELL,235.6,5,39179.5
7/18/2023,PCBL,SELL,200.9,5,40184
7/18/2023,PROFL,SELL,435,5,42359
7/19/2023,AHPC,SELL,257,5,43644
7/19/2023,AKJCL,BUY,191.5,5,42686.5
7/19/2023,BARUN,SELL,248,5,43926.5
7/19/2023,DHPL,BUY,183,5,43011.5
7/19/2023,HPPL,BUY,280,5,41611.5
7/19/2023,HURJA,BUY,261.9,5,40302
7/19/2023,JOSHI,BUY,260,5,39002
7/19/2023,KKHC,BUY,203,5,37987
7/19/2023,LICN,BUY,1590,5,30037
7/19/2023,NABIL,SELL,616.8,5,33121
7/19/2023,NHPC,SELL,176,5,34001
7/19/2023,NMB,SELL,242,5,35211
7/19/2023,PCBL,SELL,210,5,36261
7/19/2023,PROFL,BUY,427,5,34126
7/20/2023,AHPC,SELL,255.1,5,35401.5
7/20/2023,AKJCL,BUY,192.9,5,34437
7/20/2023,BARUN,SELL,255.8,5,35716
7/20/2023,DHPL,BUY,184.1,5,34795.5
7/20/2023,HPPL,BUY,284,5,33375.5
7/20/2023,HURJA,BUY,264,5,32055.5
7/20/2023,ICFC,BUY,528,5,29415.5
7/20/2023,JOSHI,BUY,264,5,28095.5
7/20/2023,KKHC,BUY,200,5,27095.5
7/20/2023,LICN,BUY,1580,5,19195.5
7/20/2023,MFIL,BUY,554,5,16425.5
7/20/2023,NABIL,SELL,624,5,19545.5
7/20/2023,NHPC,SELL,176,5,20425.5
7/20/2023,NMB,SELL,239.6,5,21623.5
7/20/2023,PROFL,BUY,419.2,5,19527.5
7/23/2023,AHPC,SELL,262,5,20837.5
7/23/2023,AKJCL,SELL,196,5,21817.5
7/23/2023,DHPL,SELL,188,5,22757.5
7/23/2023,HPPL,SELL,291,5,24212.5
7/23/2023,HURJA,SELL,274,5,25582.5
7/23/2023,ICFC,SELL,535.8,5,28261.5
7/23/2023,JOSHI,SELL,270.2,5,29612.5
7/23/2023,KKHC,SELL,207.4,5,30649.5
7/23/2023,LICN,BUY,1575.1,5,22774
7/23/2023,MFIL,SELL,565,5,25599
7/23/2023,NABIL,SELL,649,5,28844
7/23/2023,NHPC,SELL,179.1,5,29739.5
7/23/2023,NMB,SELL,251.9,5,30999
7/23/2023,PROFL,SELL,428,5,33139
7/24/2023,AHPC,SELL,260,5,34439
7/24/2023,AKJCL,SELL,195,5,35414
7/24/2023,DHPL,BUY,185,5,34489
7/24/2023,HPPL,BUY,282,5,33079
7/24/2023,HURJA,SELL,269,5,34424
7/24/2023,ICFC,BUY,527,5,31789
7/24/2023,JOSHI,BUY,264,5,30469
7/24/2023,KKHC,SELL,208.9,5,31513.5
7/24/2023,LICN,BUY,1551,5,23758.5
7/24/2023,MFIL,BUY,555,5,20983.5
7/24/2023,NHPC,SELL,178,5,21873.5
7/24/2023,NMB,SELL,243,5,23088.5
7/24/2023,PROFL,SELL,435,5,25263.5
7/25/2023,AHPC,SELL,260,5,26563.5
7/25/2023,AKJCL,BUY,194,5,25593.5
7/25/2023,DHPL,BUY,185,5,24668.5
7/25/2023,HPPL,BUY,278,5,23278.5
7/25/2023,HURJA,BUY,267.9,5,21939
7/25/2023,ICFC,BUY,514,5,19369
7/25/2023,JOSHI,BUY,261.3,5,18062.5
7/25/2023,KKHC,SELL,206,5,19092.5
7/25/2023,LBBL,BUY,423,5,16977.5
7/25/2023,LICN,BUY,1550,5,9227.5
7/25/2023,MFIL,BUY,538.1,5,6537
7/25/2023,NHPC,BUY,176.6,5,5654
7/25/2023,NICA,BUY,794.5,5,1681.5
7/25/2023,PROFL,SELL,445,5,3906.5
7/26/2023,AHPC,BUY,256,5,2626.5
7/26/2023,AKJCL,BUY,193,5,1661.5
7/26/2023,DHPL,BUY,183,5,746.5
7/26/2023,PROFL,SELL,453.6,5,3014.5
7/27/2023,ADBL,BUY,250,5,1764.5
7/27/2023,AHPC,BUY,250.1,5,514
7/27/2023,PROFL,SELL,431,5,2669
7/30/2023,ADBL,BUY,246.8,5,1435
7/30/2023,AHPC,BUY,245,5,210
8/6/2023,ADBL,SELL,265,5,1535
8/6/2023,AHPC,BUY,227.1,5,399.5
8/7/2023,ADBL,SELL,258,5,1689.5
8/7/2023,AHPC,BUY,226,5,559.5
8/9/2023,HURJA,SELL,252,5,1819.5
8/9/2023,JOSHI,BUY,235,5,644.5
8/9/2023,LBBL,SELL,410,5,2694.5
8/9/2023,LICN,SELL,1487,5,10129.5
8/9/2023,MFIL,SELL,527,5,12764.5
8/9/2023,MLBL,BUY,326,5,11134.5
8/9/2023,NABIL,BUY,603,5,8119.5
8/9/2023,NHPC,BUY,162.5,5,7307
8/9/2023,NICA,SELL,785.9,5,11236.5
8/9/2023,NMB,BUY,228.1,5,10096
8/9/2023,PCBL,BUY,183,5,9181
8/9/2023,PROFL,BUY,345,5,7456
8/10/2023,AHPC,BUY,232,5,6296
8/10/2023,AKJCL,BUY,173,5,5431
8/10/2023,BARUN,BUY,226,5,4301
8/10/2023,CZBIL,BUY,186,5,3371
8/10/2023,DHPL,BUY,158.3,5,2579.5
8/10/2023,HPPL,BUY,254,5,1309.5
8/10/2023,HURJA,BUY,248.1,5,69
8/10/2023,ICFC,SELL,479.9,5,2468.5
8/10/2023,JOSHI,BUY,236,5,1288.5
8/10/2023,KKHC,BUY,190,5,338.5
8/10/2023,LICN,SELL,1516,5,7918.5
8/10/2023,MFIL,SELL,523.8,5,10537.5
8/10/2023,MLBL,BUY,324,5,8917.5
8/10/2023,NABIL,BUY,606.5,5,5885
8/10/2023,NHPC,BUY,160,5,5085
8/10/2023,NMB,BUY,226,5,3955
8/10/2023,PCBL,BUY,183.4,5,3038
8/10/2023,PROFL,BUY,333,5,1373
8/13/2023,AHPC,BUY,228.2,5,232
8/13/2023,CZBIL,SELL,190,5,1182
8/13/2023,DHPL,BUY,161,5,377
8/13/2023,HURJA,SELL,254,5,1647
8/13/2023,ICFC,SELL,481.9,5,4056.5
8/13/2023,JOSHI,BUY,230,5,2906.5
8/13/2023,KKHC,BUY,189.9,5,1957
8/13/2023,KSBBL,BUY,325,5,332
8/13/2023,LICN,SELL,1493,5,7797
8/13/2023,MLBL,BUY,325,5,6172
8/13/2023,NABIL,BUY,603.5,5,3154.5
8/13/2023,NHPC,BUY,159.1,5,2359
8/13/2023,NMB,BUY,228,5,1219
8/13/2023,PCBL,BUY,183,5,304
8/14/2023,LICN,SELL,1496.9,5,7788.5
8/14/2023,MLBL,BUY,325,5,6163.5
8/14/2023,NABIL,BUY,602.8,5,3149.5
8/14/2023,NHPC,BUY,157.1,5,2364
8/14/2023,NMB,BUY,230.3,5,1212.5
8/14/2023,PCBL,BUY,185,5,287.5
8/17/2023,LICN,SELL,1475,5,7662.5
8/17/2023,MFIL,BUY,518,5,5072.5
8/17/2023,MLBL,BUY,322,5,3462.5
8/17/2023,NABIL,BUY,593,5,497.5
8/20/2023,PCBL,SELL,185,5,1422.5
8/21/2023,ADBL,BUY,260.8,5,118.5
8/22/2023,ADBL,SELL,263,5,1433.5
8/22/2023,AHPC,BUY,210.1,5,383
8/22/2023,MFIL,SELL,525,5,3008
8/22/2023,MLBL,BUY,315,5,1433
8/22/2023,NHPC,BUY,148.8,5,689
8/22/2023,NMB,SELL,227.9,5,1828.5
8/22/2023,PCBL,SELL,185.1,5,2754
8/22/2023,PROFL,BUY,300.1,5,1253.5
8/23/2023,AHPC,SELL,218.5,5,2346
8/23/2023,AKJCL,SELL,165,5,3171
8/23/2023,BARUN,BUY,218,5,2081
8/23/2023,DHPL,SELL,159,5,2876
8/23/2023,HPPL,BUY,239.9,5,1676.5
8/23/2023,HURJA,BUY,231,5,521.5
8/23/2023,JOSHI,SELL,222,5,1631.5
8/23/2023,KKHC,SELL,182,5,2541.5
8/23/2023,KSBBL,SELL,319,5,4136.5
8/23/2023,LICN,SELL,1481,5,11541.5
8/23/2023,MLBL,SELL,321.1,5,13147
8/23/2023,NABIL,SELL,599,5,16142
8/23/2023,NHPC,SELL,155,5,16917
8/23/2023,NMB,BUY,226,5,15787
8/23/2023,PCBL,SELL,185,5,16712
8/23/2023,PROFL,BUY,313,5,15147
8/24/2023,ADBL,BUY,260.1,5,13846.5
8/24/2023,AHPC,BUY,211,5,12791.5
8/24/2023,AKJCL,BUY,161.1,5,11986
8/24/2023,BARUN,BUY,214,5,10916
8/24/2023,CZBIL,BUY,188,5,9976
8/24/2023,DHPL,SELL,157,5,10761
8/24/2023,EBL,BUY,612.3,5,7699.5
8/24/2023,EDBL,BUY,312.5,5,6137
8/24/2023,HPPL,BUY,234.6,5,4964
8/24/2023,HURJA,BUY,224.8,5,3840
8/24/2023,ICFC,BUY,464,5,1520
8/24/2023,JOSHI,BUY,213.8,5,451
8/28/2023,AKJCL,SELL,162.8,5,1265
8/28/2023,BARUN,BUY,214,5,195
8/28/2023,ICFC,SELL,469,5,2540
8/28/2023,JBBL,BUY,307,5,1005
8/28/2023,KKHC,BUY,169,5,160
8/29/2023,AKJCL,SELL,162.4,5,972
8/29/2023,CZBIL,BUY,183,5,57
8/29/2023,LICN,SELL,1440,5,7257
8/29/2023,MFIL,BUY,519.1,5,4661.5
8/29/2023,MLBL,BUY,311.5,5,3104
8/29/2023,NABIL,BUY,590,5,154
8/30/2023,MFIL,SELL,520,5,2754
8/30/2023,MLBL,BUY,311,5,1199
8/30/2023,NHPC,BUY,146.5,5,466.5
9/10/2023,EBL,SELL,603,5,3481.5
9/10/2023,EDBL,BUY,307.4,5,1944.5
9/10/2023,HPPL,BUY,215,5,869.5
9/10/2023,KKHC,BUY,164,5,49.5
9/10/2023,PROFL,SELL,289,5,1494.5
9/10/2023,SANIMA,BUY,293,5,29.5
9/11/2023,ADBL,SELL,263.9,5,1349
9/11/2023,AHPC,BUY,200,5,349
9/11/2023,BARUN,SELL,226,5,1479
9/11/2023,CZBIL,SELL,188,5,2419
9/11/2023,DHPL,BUY,141,5,1714
9/11/2023,EDBL,SELL,312,5,3274
9/11/2023,HPPL,SELL,223,5,4389
9/11/2023,HURJA,SELL,222,5,5499
9/11/2023,JBBL,SELL,302,5,7009
9/11/2023,JOSHI,BUY,200,5,6009
9/11/2023,KKHC,SELL,170,5,6859
9/11/2023,MLBL,SELL,315,5,8434
9/11/2023,NABIL,SELL,588.7,5,11377.5
9/11/2023,NHPC,BUY,139,5,10682.5
9/11/2023,NMB,BUY,220,5,9582.5
9/11/2023,PCBL,BUY,181.5,5,8675
9/11/2023,PROFL,SELL,314,5,10245
9/11/2023,SANIMA,SELL,299,5,11740
9/12/2023,AHPC,BUY,195,5,10765
9/12/2023,AKJCL,BUY,145.8,5,10036
9/12/2023,BARUN,SELL,220,5,11136
9/12/2023,CIT,BUY,2011.1,5,1080.5
9/12/2023,CZBIL,SELL,187.5,5,2018
9/12/2023,DHPL,BUY,140,5,1318
9/12/2023,HPPL,BUY,212.3,5,256.5
9/12/2023,PROFL,SELL,300.1,5,1757
9/13/2023,AHPC,SELL,207.7,5,2795.5
9/13/2023,AKJCL,SELL,154,5,3565.5
9/13/2023,BARUN,SELL,242,5,4775.5
9/13/2023,CIT,SELL,2029,5,14920.5
9/13/2023,DHPL,SELL,145.9,5,15650
9/13/2023,EDBL,SELL,317,5,17235
9/13/2023,HPPL,SELL,224,5,18355
9/13/2023,HURJA,SELL,218.5,5,19447.5
9/13/2023,JOSHI,SELL,203.1,5,20463
9/13/2023,KKHC,SELL,174,5,21333
9/13/2023,MLBL,SELL,319.5,5,22930.5
9/13/2023,NABIL,SELL,588,5,25870.5
9/13/2023,NHPC,SELL,144,5,26590.5
9/13/2023,NMB,BUY,218.9,5,25496
9/13/2023,PCBL,BUY,180.9,5,24591.5
9/13/2023,PROFL,SELL,308,5,26131.5
9/17/2023,AHPC,SELL,202,5,27141.5
9/17/2023,AKJCL,BUY,148,5,26401.5
9/17/2023,BARUN,SELL,228,5,27541.5
9/17/2023,CIT,BUY,2010.1,5,17491
9/17/2023,CZBIL,BUY,180.9,5,16586.5
9/17/2023,DHPL,BUY,143,5,15871.5
9/17/2023,EBL,BUY,586.1,5,12941
9/17/2023,HPPL,BUY,210.5,5,11888.5
9/17/2023,HURJA,BUY,208,5,10848.5
9/17/2023,ICFC,BUY,464,5,8528.5
9/17/2023,JBBL,BUY,298.9,5,7034
9/17/2023,JOSHI,BUY,195,5,6059
9/17/2023,KKHC,BUY,166,5,5229
9/17/2023,KSBBL,BUY,307,5,3694
9/17/2023,LBBL,BUY,384,5,1774
9/17/2023,MLBL,SELL,310,5,3324
9/17/2023,NABIL,SELL,593,5,6289
9/17/2023,NHPC,BUY,137,5,5604
9/17/2023,NMB,BUY,217.8,5,4515
9/17/2023,PCBL,BUY,180.6,5,3612
9/17/2023,SANIMA,BUY,289.5,5,2164.5
9/18/2023,AHPC,SELL,204,5,3184.5
9/18/2023,AKJCL,BUY,148,5,2444.5
9/18/2023,CZBIL,BUY,182,5,1534.5
9/18/2023,DHPL,SELL,144,5,2254.5
9/18/2023,EDBL,BUY,306.4,5,722.5
9/18/2023,HURJA,SELL,216.9,5,1807
9/18/2023,ICFC,SELL,468,5,4147
9/18/2023,JBBL,SELL,300,5,5647
9/18/2023,JOSHI,SELL,198.9,5,6641.5
9/18/2023,KKHC,BUY,167,5,5806.5
9/18/2023,KSBBL,SELL,307.4,5,7343.5
9/18/2023,LBBL,SELL,390,5,9293.5
9/18/2023,LICN,BUY,1396,5,2313.5
9/18/2023,MLBL,SELL,312.8,5,3877.5
9/18/2023,NABIL,SELL,591.1,5,6833
9/18/2023,NHPC,BUY,139.2,5,6137
9/18/2023,NMB,BUY,216,5,5057
9/18/2023,PCBL,BUY,180.4,5,4155
9/18/2023,SANIMA,BUY,288,5,2715
9/19/2023,AHPC,SELL,220,5,3815
9/19/2023,AKJCL,SELL,154.7,5,4588.5
9/19/2023,CIT,SELL,2020,5,14688.5
9/19/2023,CZBIL,SELL,185,5,15613.5
9/19/2023,DHPL,SELL,145,5,16338.5
9/19/2023,EBL,BUY,594,5,13368.5
9/19/2023,EDBL,SELL,316,5,14948.5
9/19/2023,HPPL,SELL,229,5,16093.5
9/19/2023,HURJA,SELL,234.5,5,17266
9/19/2023,JOSHI,SELL,207,5,18301
9/19/2023,KKHC,SELL,176.4,5,19183
9/19/2023,KSBBL,BUY,307,5,17648
9/19/2023,LICN,BUY,1400,5,10648
9/19/2023,MLBL,SELL,314,5,12218
9/19/2023,NABIL,SELL,589,5,15163
9/19/2023,NHPC,SELL,144,5,15883
9/19/2023,NMB,BUY,216.2,5,14802
9/19/2023,PCBL,SELL,183.5,5,15719.5
9/19/2023,SANIMA,BUY,289.1,5,14274
9/21/2023,AHPC,SELL,238.5,5,15466.5
9/21/2023,AKJCL,SELL,170.1,5,16317
9/21/2023,CZBIL,SELL,185,5,17242
9/21/2023,DHPL,SELL,159.5,5,18039.5
9/21/2023,EBL,BUY,589,5,15094.5
9/21/2023,HPPL,SELL,239,5,16289.5
9/21/2023,HURJA,SELL,247,5,17524.5
9/21/2023,JOSHI,SELL,224,5,18644.5
9/21/2023,KKHC,SELL,194,5,19614.5
9/21/2023,KSBBL,SELL,322,5,21224.5
9/21/2023,LICN,SELL,1440,5,28424.5
9/21/2023,MLBL,SELL,328.9,5,30069
9/21/2023,NHPC,SELL,158.4,5,30861
9/21/2023,NMB,SELL,219,5,31956
9/21/2023,PCBL,SELL,184.7,5,32879.5
9/21/2023,SANIMA,BUY,289.3,5,31433
9/24/2023,AHPC,SELL,228.5,5,32575.5
9/24/2023,AKJCL,SELL,167.1,5,33411
9/24/2023,CIT,BUY,2010,5,23361
9/24/2023,DHPL,SELL,156,5,24141
9/24/2023,EBL,BUY,584,5,21221
9/24/2023,HPPL,SELL,236.9,5,22405.5
9/24/2023,HURJA,SELL,234.9,5,23580
9/24/2023,JOSHI,SELL,219.3,5,24676.5
9/24/2023,KKHC,SELL,193.1,5,25642
9/24/2023,LICN,SELL,1425,5,32767
9/24/2023,MLBL,SELL,322,5,34377
9/24/2023,NHPC,SELL,155,5,35152
9/24/2023,NICA,BUY,797,5,31167
9/24/2023,NMB,SELL,218,5,32257
9/24/2023,PCBL,SELL,183.7,5,33175.5
9/24/2023,SANIMA,BUY,287,5,31740.5
9/25/2023,ADBL,BUY,260.5,5,30438
9/25/2023,AHPC,SELL,229.9,5,31587.5
9/25/2023,AKJCL,SELL,164,5,32407.5
9/25/2023,BARUN,BUY,233.9,5,31238
9/25/2023,CIT,BUY,2003,5,21223
9/25/2023,CZBIL,BUY,185,5,20298
9/25/2023,DHPL,SELL,155,5,21073
9/25/2023,EBL,BUY,580,5,18173
9/25/2023,HPPL,SELL,238,5,19363
9/25/2023,JOSHI,SELL,222.9,5,20477.5
9/25/2023,KKHC,SELL,189.3,5,21424
9/25/2023,LICN,BUY,1406,5,14394
9/25/2023,NHPC,SELL,154.9,5,15168.5
9/25/2023,NICA,BUY,792,5,11208.5
9/25/2023,NMB,BUY,217.1,5,10123
9/25/2023,PCBL,SELL,184,5,11043
9/25/2023,SANIMA,BUY,286,5,9613
9/26/2023,ADBL,BUY,260,5,8313
9/26/2023,AHPC,SELL,236,5,9493
9/26/2023,AKJCL,SELL,171,5,10348
9/26/2023,BARUN,SELL,244,5,11568
9/26/2023,CIT,BUY,2010,5,1518
9/26/2023,CZBIL,SELL,187.9,5,2457.5
9/26/2023,DHPL,SELL,160,5,3257.5
9/26/2023,EBL,BUY,579.7,5,359
9/26/2023,HPPL,SELL,246,5,1589
9/26/2023,JOSHI,SELL,226,5,2719
9/26/2023,KKHC,SELL,194.2,5,3690
9/26/2023,NHPC,SELL,162,5,4500
9/26/2023,NICA,BUY,788.6,5,557
9/26/2023,PCBL,SELL,185.4,5,1484
9/26/2023,SANIMA,BUY,284.7,5,60.5
9/27/2023,AHPC,SELL,230,5,1210.5
9/27/2023,AKJCL,SELL,167,5,2045.5
9/27/2023,DHPL,SELL,159,5,2840.5
9/27/2023,HPPL,SELL,238,5,4030.5
9/27/2023,JOSHI,SELL,223,5,5145.5
9/27/2023,KKHC,SELL,187,5,6080.5
9/27/2023,LBBL,BUY,399,5,4085.5
9/27/2023,NHPC,SELL,157,5,4870.5
9/27/2023,NICA,BUY,777.4,5,983.5
10/1/2023,AHPC,SELL,223.8,5,2102.5
10/1/2023,AKJCL,SELL,162.4,5,2914.5
10/1/2023,BARUN,BUY,230,5,1764.5
10/1/2023,DHPL,BUY,150,5,1014.5
10/1/2023,KKHC,BUY,181,5,109.5
10/1/2023,NHPC,SELL,151.6,5,867.5
10/2/2023,ADBL,SELL,260.3,5,2169
10/2/2023,AHPC,SELL,229.6,5,3317
10/2/2023,AKJCL,SELL,163,5,4132
10/2/2023,BARUN,BUY,234,5,2962
10/2/2023,CZBIL,BUY,180.1,5,2061.5
10/2/2023,DHPL,BUY,151,5,1306.5
10/2/2023,HPPL,BUY,231,5,151.5
10/2/2023,LBBL,SELL,400,5,2151.5
10/2/2023,NHPC,SELL,154.9,5,2926
10/2/2023,NMB,BUY,215.6,5,1848
10/2/2023,PCBL,BUY,182.9,5,933.5
10/3/2023,ADBL,SELL,261.8,5,2242.5
10/3/2023,AHPC,BUY,226,5,1112.5
10/3/2023,AKJCL,BUY,163,5,297.5
10/4/2023,AHPC,SELL,232,5,1457.5
10/4/2023,AKJCL,BUY,161.5,5,650
10/4/2023,DHPL,SELL,156.1,5,1430.5
10/4/2023,HPPL,BUY,232.9,5,266
10/4/2023,PCBL,SELL,184,5,1186
10/5/2023,AHPC,BUY,226.6,5,53
10/9/2023,HPPL,SELL,233.8,5,1222
10/9/2023,HURJA,BUY,230.3,5,70.5
10/11/2023,KKHC,SELL,182,5,980.5
10/11/2023,NHPC,BUY,144,5,260.5
10/17/2023,CZBIL,SELL,177,5,1145.5
10/17/2023,DHPL,BUY,144,5,425.5
10/18/2023,AKJCL,SELL,155,5,1200.5
10/18/2023,BARUN,SELL,219,5,2295.5
10/18/2023,CIT,SELL,1905,5,11820.5
10/18/2023,DHPL,BUY,147,5,11085.5
10/18/2023,EBL,SELL,479,5,13480.5
10/18/2023,EDBL,BUY,314.1,5,11910
10/18/2023,HPPL,BUY,220,5,10810
10/18/2023,HURJA,BUY,225,5,9685
10/18/2023,JOSHI,BUY,203.2,5,8669
10/18/2023,KKHC,SELL,181,5,9574
10/18/2023,KSBBL,BUY,301,5,8069
10/18/2023,LBBL,BUY,380,5,6169
10/18/2023,NHPC,BUY,145,5,5444
10/18/2023,NICA,BUY,538,5,2754
10/18/2023,NMB,SELL,212,5,3814
10/18/2023,PROFL,BUY,294,5,2344
10/18/2023,SANIMA,BUY,244.9,5,1119.5
10/19/2023,AHPC,BUY,214.1,5,49
10/19/2023,BARUN,SELL,218.7,5,1142.5
10/19/2023,CIT,SELL,1920,5,10742.5
10/19/2023,DHPL,BUY,144.2,5,10021.5
10/19/2023,EBL,SELL,483.9,5,12441
10/19/2023,EDBL,SELL,318.8,5,14035
10/19/2023,HPPL,BUY,223,5,12920
10/19/2023,HURJA,SELL,228.8,5,14064
10/19/2023,JOSHI,SELL,204,5,15084
10/19/2023,KKHC,BUY,172.5,5,14221.5
10/19/2023,KSBBL,BUY,300.1,5,12721
10/19/2023,LBBL,SELL,381.6,5,14629
10/19/2023,LICN,SELL,1349,5,21374
10/19/2023,NHPC,BUY,140.1,5,20673.5
10/19/2023,NICA,SELL,542.5,5,23386
10/19/2023,NMB,BUY,209,5,22341
10/19/2023,PROFL,BUY,285.2,5,20915
10/19/2023,SANIMA,SELL,248.8,5,22159
10/29/2023,AHPC,BUY,209.8,5,21110
10/29/2023,AKJCL,BUY,149,5,20365
10/29/2023,BARUN,BUY,210.9,5,19310.5
10/29/2023,CIT,SELL,1894,5,28780.5
10/29/2023,DHPL,BUY,142.5,5,28068
10/29/2023,EBL,SELL,471,5,30423
10/29/2023,HPPL,BUY,222,5,29313
10/29/2023,HURJA,BUY,221,5,28208
10/29/2023,ICFC,BUY,455,5,25933
10/29/2023,JBBL,BUY,285.5,5,24505.5
10/29/2023,JOSHI,BUY,196,5,23525.5
10/29/2023,KKHC,BUY,171.1,5,22670
10/29/2023,KSBBL,BUY,298.5,5,21177.5
10/29/2023,LBBL,BUY,373.3,5,19311
10/29/2023,LICN,BUY,1325,5,12686
10/29/2023,MLBL,BUY,301,5,11181
10/29/2023,NHPC,BUY,129,5,10536
10/29/2023,NICA,BUY,533.6,5,7868
10/29/2023,NMB,BUY,206.5,5,6835.5
10/29/2023,PROFL,BUY,290,5,5385.5
10/29/2023,SANIMA,SELL,241.9,5,6595
10/30/2023,AHPC,BUY,212,5,5535
10/30/2023,AKJCL,BUY,152,5,4775
10/30/2023,BARUN,BUY,215,5,3700
10/30/2023,CZBIL,BUY,171.5,5,2842.5
10/30/2023,DHPL,SELL,145.7,5,3571
10/30/2023,EBL,SELL,469.7,5,5919.5
10/30/2023,EDBL,BUY,316,5,4339.5
10/30/2023,HPPL,BUY,220,5,3239.5
10/30/2023,HURJA,SELL,229.9,5,4389
10/30/2023,ICFC,BUY,456,5,2109
10/30/2023,JBBL,SELL,291,5,3564
10/30/2023,JOSHI,SELL,204.1,5,4584.5
10/30/2023,KKHC,BUY,168,5,3744.5
10/30/2023,KSBBL,BUY,298,5,2254.5
10/30/2023,LBBL,BUY,375.9,5,375
10/30/2023,LICN,SELL,1331.9,5,7034.5
10/30/2023,MLBL,SELL,305,5,8559.5
10/30/2023,NHPC,BUY,133,5,7894.5
10/30/2023,NICA,SELL,536.2,5,10575.5
10/30/2023,NMB,BUY,207,5,9540.5
10/30/2023,PROFL,BUY,292.5,5,8078
10/30/2023,SANIMA,SELL,242.5,5,9290.5
10/31/2023,ADBL,BUY,251.7,5,8032
10/31/2023,AHPC,BUY,205.1,5,7006.5
10/31/2023,AKJCL,BUY,150,5,6256.5
10/31/2023,BARUN,BUY,212,5,5196.5
10/31/2023,CZBIL,BUY,170,5,4346.5
10/31/2023,DHPL,BUY,144.1,5,3626
10/31/2023,EBL,SELL,469,5,5971
10/31/2023,EDBL,BUY,311,5,4416
10/31/2023,HPPL,BUY,213,5,3351
10/31/2023,HURJA,SELL,228,5,4491
10/31/2023,ICFC,BUY,450,5,2241
10/31/2023,JBBL,BUY,288.6,5,798
10/31/2023,NHPC,BUY,131,5,143
11/1/2023,EBL,SELL,468,5,2483
11/1/2023,EDBL,BUY,310.1,5,932.5
11/1/2023,KKHC,BUY,170,5,82.5
11/6/2023,DHPL,SELL,144,5,802.5
11/6/2023,NHPC,BUY,129.4,5,155.5
11/7/2023,AHPC,SELL,207,5,1190.5
11/7/2023,AKJCL,BUY,148.1,5,450
11/7/2023,KSBBL,SELL,297.2,5,1936
11/7/2023,LBBL,SELL,381.9,5,3845.5
11/7/2023,NABIL,BUY,569.9,5,996
11/7/2023,NHPC,BUY,129,5,351
11/7/2023,NMB,SELL,207.2,5,1387
11/7/2023,PROFL,SELL,287,5,2822
11/7/2023,SANIMA,SELL,239.5,5,4019.5
11/8/2023,ADBL,BUY,246.5,5,2787
11/8/2023,AHPC,SELL,206,5,3817
11/8/2023,AKJCL,SELL,149.5,5,4564.5
11/8/2023,BARUN,BUY,204.9,5,3540
11/8/2023,CZBIL,BUY,162.6,5,2727
11/8/2023,DHPL,SELL,143.5,5,3444.5
11/8/2023,EBL,BUY,457,5,1159.5
11/8/2023,HPPL,BUY,201,5,154.5
11/8/2023,ICFC,SELL,446,5,2384.5
11/8/2023,JBBL,BUY,277,5,999.5
11/8/2023,JOSHI,BUY,192.2,5,38.5
11/8/2023,KKHC,SELL,170,5,888.5
11/8/2023,LBBL,SELL,376.5,5,2771
11/8/2023,MLBL,BUY,299,5,1276
11/8/2023,NHPC,BUY,128.5,5,633.5
11/8/2023,NMB,SELL,207.6,5,1671.5
11/8/2023,PROFL,BUY,286,5,241.5
11/9/2023,AHPC,SELL,205,5,1266.5
11/9/2023,AKJCL,BUY,148,5,526.5
11/9/2023,EBL,SELL,461.9,5,2836
11/9/2023,EDBL,BUY,295,5,1361
11/9/2023,HPPL,BUY,204.9,5,336.5
11/9/2023,KKHC,SELL,170.1,5,1187
11/9/2023,NHPC,BUY,128,5,547
11/20/2023,AHPC,SELL,208,5,1587
11/20/2023,AKJCL,BUY,148.1,5,846.5
11/20/2023,CZBIL,BUY,161.8,5,37.5
11/20/2023,KKHC,SELL,180.9,5,942
11/20/2023,MLBL,SELL,306,5,2472
11/20/2023,NHPC,BUY,127.9,5,1832.5
11/20/2023,NMB,SELL,207,5,2867.5
11/20/2023,PROFL,BUY,280,5,1467.5
11/20/2023,SANIMA,SELL,237.1,5,2653
11/21/2023,ADBL,BUY,239,5,1458
11/21/2023,AHPC,BUY,202,5,448
11/21/2023,KKHC,SELL,178,5,1338
11/21/2023,NHPC,BUY,126.8,5,704
11/21/2023,SANIMA,SELL,236.4,5,1886
11/22/2023,ADBL,SELL,245,5,3111
11/22/2023,AHPC,SELL,207,5,4146
11/22/2023,AKJCL,BUY,146.1,5,3415.5
11/22/2023,BARUN,BUY,199,5,2420.5
11/22/2023,CZBIL,SELL,163,5,3235.5
11/22/2023,DHPL,BUY,138,5,2545.5
11/22/2023,EDBL,SELL,304,5,4065.5
11/22/2023,HPPL,BUY,202,5,3055.5
11/22/2023,HURJA,BUY,216,5,1975.5
11/22/2023,JBBL,BUY,271,5,620.5
11/22/2023,KKHC,SELL,172.2,5,1481.5
11/22/2023,KSBBL,BUY,288.2,5,40.5
11/22/2023,SANIMA,SELL,237,5,1225.5
11/23/2023,ADBL,SELL,245,5,2450.5
11/23/2023,AHPC,SELL,211,5,3505.5
11/23/2023,AKJCL,SELL,149,5,4250.5
11/23/2023,BARUN,BUY,201,5,3245.5
11/23/2023,CZBIL,SELL,166,5,4075.5
11/23/2023,DHPL,SELL,143,5,4790.5
11/23/2023,EDBL,SELL,309.9,5,6340
11/23/2023,HPPL,SELL,206,5,7370
11/23/2023,HURJA,SELL,219,5,8465
11/23/2023,ICFC,BUY,434,5,6295
11/23/2023,JBBL,SELL,279,5,7690
11/23/2023,JOSHI,SELL,191.9,5,8649.5
11/23/2023,KSBBL,SELL,296,5,10129.5
11/23/2023,NABIL,BUY,515,5,7554.5
11/23/2023,NHPC,SELL,131.9,5,8214
11/23/2023,NICA,SELL,504,5,10734
11/23/2023,NMB,BUY,205,5,9709
11/23/2023,PROFL,SELL,284,5,11129
11/23/2023,SANIMA,BUY,236.9,5,9944.5
11/26/2023,ADBL,BUY,242,5,8734.5
11/26/2023,AKJCL,SELL,154.2,5,9505.5
11/26/2023,BARUN,SELL,208.6,5,10548.5
11/26/2023,CZBIL,SELL,168.5,5,11391
11/26/2023,DHPL,SELL,148,5,12131
11/26/2023,EDBL,SELL,316,5,13711
11/26/2023,HPPL,SELL,212,5,14771
11/26/2023,ICFC,SELL,452,5,17031
11/26/2023,JBBL,SELL,287,5,18466
11/26/2023,JOSHI,SELL,197,5,19451
11/26/2023,KSBBL,SELL,303,5,20966
11/26/2023,NABIL,BUY,533.4,5,18299
11/26/2023,NHPC,SELL,134.2,5,18970
11/26/2023,NICA,SELL,518,5,21560
11/26/2023,NMB,SELL,208.9,5,22604.5
11/26/2023,PROFL,SELL,298.5,5,24097
11/26/2023,SANIMA,SELL,243,5,25312
11/27/2023,ADBL,SELL,244,5,26532
11/27/2023,AKJCL,SELL,149.2,5,27278
11/27/2023,BARUN,SELL,209,5,28323
11/27/2023,CZBIL,SELL,165.3,5,29149.5
11/27/2023,DHPL,SELL,149.3,5,29896
11/27/2023,EDBL,SELL,305.1,5,31421.5
11/27/2023,HPPL,SELL,210,5,32471.5
11/27/2023,ICFC,SELL,444,5,34691.5
11/27/2023,JBBL,SELL,280,5,36091.5
11/27/2023,JOSHI,SELL,196,5,37071.5
11/27/2023,KSBBL,SELL,302,5,38581.5
11/27/2023,NABIL,BUY,526,5,35951.5
11/27/2023,NHPC,SELL,134,5,36621.5
11/27/2023,NICA,SELL,513,5,39186.5
11/27/2023,NMB,SELL,207,5,40221.5
11/27/2023,PROFL,SELL,292,5,41681.5
11/27/2023,SANIMA,SELL,240,5,42881.5
11/28/2023,ADBL,BUY,242,5,41671.5
11/28/2023,AKJCL,SELL,151.9,5,42431
11/28/2023,BARUN,SELL,206,5,43461
11/28/2023,CZBIL,BUY,163,5,42646
11/28/2023,DHPL,SELL,145.2,5,43372
11/28/2023,EDBL,BUY,301.4,5,41865
11/28/2023,HPPL,SELL,209,5,42910
11/28/2023,ICFC,SELL,453.9,5,45179.5
11/28/2023,JOSHI,SELL,195,5,46154.5
11/28/2023,KSBBL,SELL,298,5,47644.5
11/28/2023,NABIL,BUY,517,5,45059.5
11/28/2023,NHPC,SELL,134,5,45729.5
11/28/2023,NICA,SELL,511,5,48284.5
11/28/2023,NMB,BUY,205,5,47259.5
11/28/2023,PROFL,SELL,291,5,48714.5
11/29/2023,ADBL,BUY,241.8,5,47505.5
11/29/2023,AHPC,BUY,208,5,46465.5
11/29/2023,AKJCL,SELL,150,5,47215.5
11/29/2023,BARUN,SELL,208.7,5,48259
11/29/2023,CZBIL,SELL,165,5,49084
11/29/2023,EDBL,SELL,303,5,50599
11/29/2023,HPPL,BUY,203.1,5,49583.5
11/29/2023,HURJA,BUY,219,5,48488.5
11/29/2023,JBBL,BUY,274,5,47118.5
11/29/2023,JOSHI,BUY,188.5,5,46176
11/29/2023,NABIL,BUY,511.9,5,43616.5
11/29/2023,NHPC,SELL,132,5,44276.5
11/29/2023,NMB,BUY,204.3,5,43255
11/29/2023,PROFL,SELL,287.5,5,44692.5
11/30/2023,ADBL,BUY,239,5,43497.5
11/30/2023,AHPC,BUY,204.6,5,42474.5
11/30/2023,AKJCL,BUY,148.7,5,41731
11/30/2023,BARUN,BUY,200,5,40731
11/30/2023,CZBIL,BUY,164,5,39911
11/30/2023,DHPL,BUY,142,5,39201
11/30/2023,EDBL,BUY,299,5,37706
11/30/2023,HPPL,BUY,203.6,5,36688
11/30/2023,HURJA,BUY,215,5,35613
11/30/2023,JBBL,BUY,273,5,34248
11/30/2023,JOSHI,BUY,184.8,5,33324
11/30/2023,KKHC,BUY,176.4,5,32442
11/30/2023,KSBBL,BUY,292,5,30982
11/30/2023,MFIL,BUY,515,5,28407
11/30/2023,MLBL,BUY,304.8,5,26883
11/30/2023,NABIL,BUY,508.9,5,24338.5
11/30/2023,NHPC,BUY,128.4,5,23696.5
11/30/2023,NICA,BUY,500,5,21196.5
11/30/2023,NMB,BUY,198.5,5,20204
11/30/2023,PROFL,BUY,282,5,18794
11/30/2023,SANIMA,BUY,237.9,5,17604.5
12/3/2023,ADBL,BUY,239,5,16409.5
12/3/2023,AHPC,BUY,205,5,15384.5
12/3/2023,AKJCL,BUY,147,5,14649.5
12/3/2023,BARUN,SELL,209.9,5,15699
12/3/2023,CZBIL,BUY,162,5,14889
12/3/2023,DHPL,BUY,142.7,5,14175.5
12/3/2023,EBL,BUY,471.9,5,11816
12/3/2023,EDBL,BUY,297.1,5,10330.5
12/3/2023,HPPL,BUY,203,5,9315.5
12/3/2023,HURJA,BUY,217.9,5,8226
12/3/2023,JBBL,BUY,273,5,6861
12/3/2023,JOSHI,BUY,188.9,5,5916.5
12/3/2023,KKHC,BUY,182,5,5006.5
12/3/2023,KSBBL,BUY,294.1,5,3536
12/3/2023,LBBL,BUY,379.2,5,1640
12/3/2023,MLBL,BUY,304,5,120
12/4/2023,BARUN,SELL,212.7,5,1183.5
12/4/2023,CZBIL,BUY,161,5,378.5
12/4/2023,HPPL,SELL,208.9,5,1423
12/4/2023,HURJA,BUY,216,5,343
12/5/2023,BARUN,SELL,213,5,1408
12/5/2023,CZBIL,BUY,160.9,5,603.5
12/5/2023,NHPC,SELL,134,5,1273.5
12/5/2023,NMB,BUY,194.7,5,300
12/6/2023,NHPC,SELL,132.6,5,963
12/6/2023,PCBL,BUY,187.5,5,25.5
12/7/2023,AHPC,SELL,208.9,5,1070
12/7/2023,AKJCL,BUY,148,5,330
12/7/2023,EBL,SELL,475,5,2705
12/7/2023,EDBL,SELL,302,5,4215
12/7/2023,HPPL,BUY,200.3,5,3213.5
12/7/2023,HURJA,SELL,219,5,4308.5
12/7/2023,ICFC,BUY,443,5,2093.5
12/7/2023,JBBL,BUY,274,5,723.5
12/7/2023,KSBBL,SELL,297,5,2208.5
12/7/2023,LBBL,BUY,379,5,313.5
12/7/2023,NHPC,SELL,135.9,5,993
12/7/2023,NMB,BUY,196.2,5,12
12/10/2023,ADBL,SELL,248.5,5,1254.5
12/10/2023,AHPC,SELL,217.1,5,2340
12/10/2023,AKJCL,SELL,160,5,3140
12/10/2023,CZBIL,SELL,170,5,3990
12/10/2023,DHPL,SELL,148.5,5,4732.5
12/10/2023,EDBL,SELL,320.2,5,6333.5
12/10/2023,HPPL,SELL,220,5,7433.5
12/10/2023,HURJA,SELL,240.7,5,8637
12/10/2023,ICFC,SELL,474,5,11007
12/10/2023,JBBL,SELL,297,5,12492
12/10/2023,JOSHI,SELL,209,5,13537
12/10/2023,KKHC,SELL,200.7,5,14540.5
12/10/2023,KSBBL,SELL,318,5,16130.5
12/10/2023,LBBL,SELL,408,5,18170.5
12/10/2023,MFIL,SELL,513,5,20735.5
12/10/2023,MLBL,SELL,316,5,22315.5
12/10/2023,NABIL,SELL,528.5,5,24958
12/10/2023,NHPC,SELL,147.8,5,25697
12/10/2023,NICA,SELL,524,5,28317
12/10/2023,NMB,SELL,208,5,29357
12/10/2023,PCBL,SELL,199.9,5,30356.5
12/10/2023,PROFL,SELL,305,5,31881.5
12/10/2023,SANIMA,SELL,253,5,33146.5
12/11/2023,ADBL,SELL,246,5,34376.5
12/11/2023,AHPC,SELL,219.9,5,35476
12/11/2023,AKJCL,SELL,159,5,36271
12/11/2023,CZBIL,SELL,170.1,5,37121.5
12/11/2023,DHPL,SELL,150,5,37871.5
12/11/2023,HPPL,SELL,219,5,38966.5
12/11/2023,HURJA,SELL,235,5,40141.5
12/11/2023,JBBL,SELL,287,5,41576.5
12/11/2023,JOSHI,SELL,210.1,5,42627
12/11/2023,KKHC,SELL,199.1,5,43622.5
12/11/2023,LBBL,SELL,398,5,45612.5
12/11/2023,MLBL,SELL,315,5,47187.5
12/11/2023,NABIL,SELL,522,5,49797.5
12/11/2023,NHPC,SELL,146.9,5,50532
12/11/2023,NMB,SELL,211.5,5,51589.5
12/12/2023,ADBL,SELL,245.4,5,52816.5
12/12/2023,AKJCL,SELL,169,5,53661.5
12/12/2023,CZBIL,SELL,173.9,5,54531
12/12/2023,HPPL,SELL,229.9,5,55680.5
12/12/2023,HURJA,SELL,243,5,56895.5
12/12/2023,JBBL,SELL,294.9,5,58370
12/12/2023,JOSHI,SELL,219,5,59465
12/12/2023,NABIL,SELL,521.2,5,62071
12/12/2023,NHPC,SELL,146.6,5,62804
12/12/2023,NMB,SELL,208,5,63844
12/13/2023,ADBL,SELL,246.7,5,65077.5
12/13/2023,AKJCL,SELL,172.5,5,65940
12/13/2023,CZBIL,SELL,175.4,5,66817
12/13/2023,HPPL,SELL,230.8,5,67971
12/13/2023,JBBL,SELL,300,5,69471
12/13/2023,NABIL,SELL,521,5,72076
12/13/2023,NHPC,SELL,150,5,72826
12/13/2023,NMB,SELL,209.2,5,73872
12/14/2023,ADBL,SELL,248,5,75112
12/14/2023,AKJCL,SELL,189,5,76057
12/14/2023,HPPL,SELL,234.5,5,77229.5
12/14/2023,NABIL,SELL,522.8,5,79843.5
12/14/2023,NHPC,SELL,156.9,5,80628
12/14/2023,NMB,SELL,208.2,5,81669
12/17/2023,AKJCL,SELL,207.2,5,82705
12/17/2023,HPPL,SELL,249.3,5,83951.5
12/17/2023,NABIL,BUY,513,5,81386.5
12/17/2023,NHPC,SELL,169,5,82231.5
12/17/2023,NICA,BUY,501,5,79726.5
12/17/2023,NMB,SELL,203,5,80741.5
12/18/2023,AKJCL,SELL,215,5,81816.5
12/18/2023,HPPL,SELL,229.7,5,82965
12/18/2023,NABIL,BUY,513,5,80400
12/18/2023,NICA,SELL,515,5,82975
12/18/2023,NMB,SELL,209,5,84020
12/19/2023,AKJCL,SELL,217,5,85105
12/19/2023,HPPL,SELL,243,5,86320
12/19/2023,NABIL,SELL,518,5,88910
12/19/2023,NMB,SELL,214.2,5,89981
12/20/2023,HPPL,SELL,249.9,5,91230.5
12/20/2023,NABIL,SELL,520,5,93830.5
12/20/2023,NMB,SELL,213,5,94895.5
12/21/2023,EDBL,BUY,339,5,93200.5
12/21/2023,HPPL,SELL,238,5,94390.5
12/21/2023,HURJA,BUY,253.3,5,93124
12/21/2023,LBBL,BUY,408,5,91084
12/21/2023,NABIL,SELL,523,5,93699
12/21/2023,NMB,BUY,208.9,5,92654.5
12/21/2023,PROFL,BUY,315,5,91079.5
12/24/2023,BARUN,BUY,235,5,89904.5
12/24/2023,EBL,BUY,521,5,87299.5
12/24/2023,EDBL,BUY,330,5,85649.5
12/24/2023,HURJA,BUY,259.5,5,84352
12/24/2023,ICFC,BUY,485.4,5,81925
12/24/2023,JBBL,BUY,296.6,5,80442
12/24/2023,LBBL,SELL,410,5,82492
12/24/2023,MLBL,BUY,330.3,5,80840.5
12/24/2023,NABIL,BUY,515,5,78265.5
12/24/2023,NMB,BUY,209.1,5,77220
12/24/2023,PROFL,BUY,313.2,5,75654
12/24/2023,SANIMA,BUY,258,5,74364
12/27/2023,ADBL,BUY,249.6,5,73116
12/27/2023,AHPC,BUY,235,5,71941
12/27/2023,AKJCL,BUY,200,5,70941
12/27/2023,BARUN,BUY,234,5,69771
12/27/2023,CZBIL,BUY,179.7,5,68872.5
12/27/2023,DHPL,BUY,168,5,68032.5
12/27/2023,EBL,BUY,509,5,65487.5
12/27/2023,EDBL,BUY,333,5,63822.5
12/27/2023,HPPL,BUY,229.5,5,62675
12/27/2023,HURJA,BUY,255,5,61400
12/27/2023,ICFC,BUY,481,5,58995
12/27/2023,JBBL,BUY,294,5,57525
12/27/2023,JOSHI,BUY,220.3,5,56423.5
12/27/2023,KKHC,BUY,206.2,5,55392.5
12/27/2023,KSBBL,BUY,327,5,53757.5
12/27/2023,LBBL,BUY,402,5,51747.5
12/27/2023,LICN,BUY,1475,5,44372.5
12/27/2023,MFIL,BUY,545,5,41647.5
12/27/2023,MLBL,BUY,331,5,39992.5
12/27/2023,NABIL,BUY,508,5,37452.5
12/27/2023,NHPC,BUY,158,5,36662.5
12/27/2023,NMB,BUY,206,5,35632.5
12/27/2023,PCBL,BUY,201,5,34627.5
12/27/2023,PROFL,BUY,311.5,5,33070
12/27/2023,SANIMA,BUY,257,5,31785
12/28/2023,ADBL,BUY,247,5,30550
12/28/2023,AHPC,BUY,230.6,5,29397
12/28/2023,AKJCL,BUY,200,5,28397
12/28/2023,BARUN,BUY,229.5,5,27249.5
12/28/2023,CZBIL,BUY,179,5,26354.5
12/28/2023,DHPL,BUY,170,5,25504.5
12/28/2023,EBL,BUY,510,5,22954.5
12/28/2023,EDBL,BUY,337,5,21269.5
12/28/2023,HPPL,BUY,232,5,20109.5
12/28/2023,HURJA,BUY,251.8,5,18850.5
12/28/2023,ICFC,BUY,484,5,16430.5
12/28/2023,JBBL,BUY,294.9,5,14956
12/28/2023,JOSHI,BUY,222,5,13846
12/28/2023,KKHC,SELL,213,5,14911
12/28/2023,KSBBL,BUY,325,5,13286
12/28/2023,LBBL,BUY,400,5,11286
12/28/2023,LICN,BUY,1450,5,4036
12/28/2023,MFIL,BUY,533.2,5,1370
12/28/2023,NHPC,BUY,155,5,595
12/28/2023,PCBL,SELL,202,5,1605
12/28/2023,PROFL,BUY,312,5,45
1/3/2024,DHPL,SELL,181.5,5,952.5
1/3/2024,NHPC,SELL,162,5,1762.5
1/3/2024,NMB,BUY,201,5,757.5
1/4/2024,AHPC,SELL,236.6,5,1940.5
1/4/2024,AKJCL,BUY,199,5,945.5
1/4/2024,CZBIL,BUY,173,5,80.5
1/4/2024,DHPL,SELL,186,5,1010.5
1/4/2024,HPPL,SELL,237,5,2195.5
1/4/2024,HURJA,SELL,263.2,5,3511.5
1/4/2024,ICFC,BUY,463.9,5,1192
1/4/2024,JOSHI,BUY,214,5,122
1/4/2024,NHPC,SELL,161.9,5,931.5
1/7/2024,AHPC,SELL,252.9,5,2196
1/7/2024,AKJCL,BUY,200.1,5,1195.5
1/7/2024,BARUN,SELL,234.2,5,2366.5
1/7/2024,CZBIL,BUY,168.6,5,1523.5
1/7/2024,HPPL,SELL,238,5,2713.5
1/7/2024,HURJA,SELL,266.8,5,4047.5
1/7/2024,ICFC,BUY,459.5,5,1750
1/7/2024,JBBL,BUY,285,5,325
1/8/2024,AKJCL,SELL,203,5,1340
1/8/2024,BARUN,SELL,250,5,2590
1/8/2024,CZBIL,BUY,169.5,5,1742.5
1/8/2024,EDBL,BUY,331,5,87.5
1/8/2024,HURJA,SELL,279.9,5,1487
1/8/2024,JBBL,SELL,293,5,2952
1/8/2024,JOSHI,SELL,227,5,4087
1/8/2024,KSBBL,SELL,330,5,5737
1/8/2024,LBBL,BUY,384,5,3817
1/8/2024,MFIL,BUY,529,5,1172
1/8/2024,NMB,BUY,197.1,5,186.5
1/8/2024,PROFL,SELL,313,5,1751.5
1/8/2024,SANIMA,BUY,244.9,5,527
1/9/2024,AKJCL,SELL,203,5,1542
1/9/2024,BARUN,SELL,239.7,5,2740.5
1/9/2024,CZBIL,BUY,169.7,5,1892
1/9/2024,EBL,SELL,512,5,4452
1/9/2024,EDBL,SELL,353.9,5,6221.5
1/9/2024,HURJA,SELL,287,5,7656.5
1/9/2024,ICFC,SELL,490,5,10106.5
1/9/2024,JBBL,SELL,310,5,11656.5
1/9/2024,JOSHI,SELL,227,5,12791.5
1/9/2024,KSBBL,SELL,349.9,5,14541
1/9/2024,LBBL,SELL,404,5,16561
1/9/2024,LICN,BUY,1415,5,9486
1/9/2024,MFIL,SELL,534.8,5,12160
1/9/2024,MLBL,SELL,337.9,5,13849.5
1/9/2024,NABIL,BUY,490,5,11399.5
1/9/2024,NHPC,BUY,157,5,10614.5
1/9/2024,NICA,BUY,507,5,8079.5
1/9/2024,NMB,BUY,196.6,5,7096.5
1/9/2024,PROFL,SELL,336,5,8776.5
1/9/2024,SANIMA,BUY,249,5,7531.5
1/10/2024,ADBL,BUY,245,5,6306.5
1/10/2024,AKJCL,SELL,199,5,7301.5
1/10/2024,CZBIL,BUY,174,5,6431.5
1/10/2024,EBL,SELL,519.9,5,9031
1/10/2024,EDBL,SELL,352.1,5,10791.5
1/10/2024,HPPL,BUY,233.1,5,9626
1/10/2024,ICFC,SELL,499.9,5,12125.5
1/10/2024,JBBL,SELL,308,5,13665.5
1/10/2024,JOSHI,SELL,229,5,14810.5
1/10/2024,LBBL,SELL,401.1,5,16816
1/10/2024,LICN,BUY,1415,5,9741
1/10/2024,MFIL,SELL,537,5,12426
1/10/2024,MLBL,SELL,350,5,14176
1/10/2024,NABIL,BUY,492,5,11716
1/10/2024,NHPC,BUY,157,5,10931
1/10/2024,NICA,SELL,518,5,13521
1/10/2024,NMB,BUY,199.5,5,12523.5
1/10/2024,PROFL,SELL,330,5,14173.5
1/10/2024,SANIMA,SELL,256,5,15453.5
1/11/2024,ADBL,BUY,245,5,14228.5
1/11/2024,AKJCL,SELL,201.6,5,15236.5
1/11/2024,CZBIL,BUY,172.9,5,14372
1/11/2024,EBL,SELL,519,5,16967
1/11/2024,EDBL,SELL,360,5,18767
1/11/2024,HPPL,SELL,240,5,19967
1/11/2024,ICFC,SELL,497,5,22452
1/11/2024,JBBL,SELL,306.4,5,23984
1/11/2024,LBBL,SELL,395.1,5,25959.5
1/11/2024,LICN,BUY,1391.6,5,19001.5
1/11/2024,MFIL,SELL,532,5,21661.5
1/11/2024,NABIL,BUY,493,5,19196.5
1/11/2024,NHPC,BUY,156.9,5,18412
1/11/2024,NMB,BUY,199,5,17417
1/11/2024,PROFL,SELL,327,5,19052
1/11/2024,SANIMA,SELL,256,5,20332
1/14/2024,ADBL,SELL,245.9,5,21561.5
1/14/2024,CZBIL,BUY,172.1,5,20701
1/14/2024,EDBL,SELL,370.9,5,22555.5
1/14/2024,ICFC,SELL,502.9,5,25070
1/14/2024,LICN,SELL,1425,5,32195
1/14/2024,NABIL,SELL,494.5,5,34667.5
1/14/2024,NHPC,SELL,165.6,5,35495.5
1/14/2024,NMB,SELL,201.5,5,36503
1/14/2024,SANIMA,SELL,258,5,37793
1/16/2024,ADBL,SELL,246.8,5,39027
1/16/2024,CZBIL,SELL,182,5,39937
1/16/2024,EDBL,SELL,377,5,41822
1/16/2024,ICFC,SELL,515,5,44397
1/16/2024,LICN,SELL,1440,5,51597
1/16/2024,NABIL,SELL,501,5,54102
1/16/2024,NHPC,SELL,174,5,54972
1/16/2024,NMB,SELL,205.9,5,56001.5
1/16/2024,SANIMA,SELL,265.5,5,57329
1/17/2024,ADBL,SELL,247,5,58564
1/17/2024,CZBIL,SELL,182,5,59474
1/17/2024,LICN,SELL,1421,5,66579
1/17/2024,NABIL,SELL,504,5,69099
1/17/2024,NHPC,SELL,169.1,5,69944.5
1/17/2024,NMB,SELL,209.1,5,70990
1/18/2024,ADBL,SELL,247,5,72225
1/18/2024,CIT,BUY,2195,5,61250
1/18/2024,CZBIL,SELL,181.9,5,62159.5
1/18/2024,LICN,SELL,1424,5,69279.5
1/18/2024,NABIL,SELL,498,5,71769.5
1/18/2024,NICA,BUY,509,5,69224.5
1/18/2024,NMB,SELL,208,5,70264.5
1/21/2024,ADBL,BUY,243.9,5,69045
1/21/2024,CIT,BUY,2170.1,5,58194.5
1/21/2024,CZBIL,SELL,178,5,59084.5
1/21/2024,ICFC,BUY,486.1,5,56654
1/21/2024,JBBL,BUY,308,5,55114
1/21/2024,LICN,BUY,1414,5,48044
1/21/2024,MFIL,BUY,522,5,45434
1/21/2024,MLBL,BUY,335,5,43759
1/21/2024,NABIL,BUY,493,5,41294
1/21/2024,NICA,BUY,496.1,5,38813.5
1/21/2024,NMB,BUY,198.1,5,37823
1/21/2024,PROFL,BUY,325.4,5,36196
1/21/2024,SANIMA,BUY,255,5,34921
1/22/2024,ADBL,BUY,244,5,33701
1/22/2024,CIT,BUY,2125,5,23076
1/22/2024,CZBIL,BUY,174,5,22206
1/22/2024,EBL,BUY,523,5,19591
1/22/2024,EDBL,BUY,358,5,17801
1/22/2024,ICFC,BUY,482,5,15391
1/22/2024,JBBL,BUY,301,5,13886
1/22/2024,KSBBL,BUY,345,5,12161
1/22/2024,LBBL,BUY,404,5,10141
1/22/2024,LICN,BUY,1393.8,5,3172
1/22/2024,MFIL,BUY,515,5,597
1/25/2024,EBL,SELL,530.1,5,3247.5
1/25/2024,EDBL,BUY,358,5,1457.5
1/25/2024,HPPL,BUY,279.8,5,58.5
1/29/2024,ADBL,SELL,246.5,5,1291
1/29/2024,AHPC,BUY,209.1,5,245.5
1/29/2024,KSBBL,SELL,351,5,2000.5
1/29/2024,LICN,SELL,1409,5,9045.5
1/29/2024,MFIL,SELL,526,5,11675.5
1/29/2024,MLBL,BUY,338.3,5,9984
1/29/2024,NABIL,BUY,488,5,7544
1/29/2024,NICA,BUY,479.7,5,5145.5
1/29/2024,NMB,BUY,197.4,5,4158.5
1/29/2024,PCBL,BUY,207.4,5,3121.5
1/29/2024,PROFL,BUY,325,5,1496.5
1/29/2024,SANIMA,BUY,248,5,256.5
1/30/2024,ADBL,SELL,245.5,5,1484
1/30/2024,AHPC,BUY,216.8,5,400
1/30/2024,HPPL,SELL,292.9,5,1864.5
1/30/2024,ICFC,SELL,486,5,4294.5
1/30/2024,JBBL,SELL,307.9,5,5834
1/30/2024,LBBL,BUY,409,5,3789
1/30/2024,MFIL,BUY,521.1,5,1183.5
1/30/2024,NMB,BUY,196,5,203.5
1/31/2024,LICN,SELL,1403.5,5,7221
1/31/2024,MFIL,BUY,513,5,4656
1/31/2024,MLBL,BUY,329,5,3011
1/31/2024,NABIL,BUY,484.6,5,588
2/4/2024,ICFC,SELL,482,5,2998
2/4/2024,JBBL,BUY,298.9,5,1503.5
2/4/2024,JOSHI,BUY,248.9,5,259
2/5/2024,CIT,SELL,2097,5,10744
2/5/2024,CZBIL,BUY,165.9,5,9914.5
2/5/2024,DHPL,BUY,210,5,8864.5
2/5/2024,EBL,BUY,528,5,6224.5
2/5/2024,EDBL,BUY,348,5,4484.5
2/5/2024,HPPL,BUY,277.5,5,3097
2/5/2024,ICFC,BUY,477.6,5,709
2/5/2024,JBBL,SELL,301.5,5,2216.5
2/5/2024,JOSHI,SELL,273.7,5,3585
2/5/2024,KKHC,BUY,238,5,2395
2/5/2024,LBBL,BUY,393,5,430
2/5/2024,LICN,SELL,1397,5,7415
2/5/2024,MFIL,BUY,513.5,5,4847.5
2/5/2024,MLBL,SELL,336,5,6527.5
2/5/2024,NABIL,BUY,475,5,4152.5
2/5/2024,NHPC,BUY,168,5,3312.5
2/5/2024,NICA,BUY,474.9,5,938
2/6/2024,CIT,SELL,2100.1,5,11438.5
2/6/2024,CZBIL,BUY,167.5,5,10601
2/6/2024,DHPL,BUY,211,5,9546
2/6/2024,EBL,BUY,529,5,6901
2/6/2024,EDBL,SELL,358.9,5,8695.5
2/6/2024,HPPL,BUY,282,5,7285.5
2/6/2024,ICFC,SELL,484,5,9705.5
2/6/2024,JBBL,BUY,300.7,5,8202
2/6/2024,KKHC,SELL,240,5,9402
2/6/2024,LBBL,BUY,396,5,7422
2/6/2024,LICN,BUY,1390,5,472
2/6/2024,MLBL,SELL,338,5,2162
2/6/2024,NHPC,BUY,168.3,5,1320.5
2/6/2024,NICA,SELL,477.8,5,3709.5
2/6/2024,NMB,BUY,192,5,2749.5
2/6/2024,PCBL,BUY,204,5,1729.5
2/6/2024,PROFL,BUY,319,5,134.5
2/7/2024,CIT,SELL,2110,5,10684.5
2/7/2024,CZBIL,BUY,168.4,5,9842.5
2/7/2024,DHPL,BUY,210,5,8792.5
2/7/2024,EBL,SELL,533.9,5,11462
2/7/2024,EDBL,SELL,360,5,13262
2/7/2024,HPPL,BUY,279.1,5,11866.5
2/7/2024,JBBL,BUY,301,5,10361.5
2/7/2024,LBBL,SELL,400.1,5,12362
2/7/2024,LICN,SELL,1398.5,5,19354.5
2/7/2024,MFIL,BUY,515.1,5,16779
2/7/2024,MLBL,SELL,334.5,5,18451.5
2/7/2024,NABIL,BUY,475.1,5,16076
2/7/2024,NHPC,BUY,168.9,5,15231.5
2/7/2024,NICA,SELL,479,5,17626.5
2/7/2024,NMB,BUY,192,5,16666.5
2/7/2024,PCBL,BUY,203,5,15651.5
2/7/2024,PROFL,BUY,319,5,14056.5
2/7/2024,SANIMA,SELL,246,5,15286.5
2/8/2024,ADBL,BUY,242,5,14076.5
2/8/2024,AHPC,BUY,206.8,5,13042.5
2/8/2024,AKJCL,BUY,229.1,5,11897
2/8/2024,BARUN,BUY,273,5,10532
2/8/2024,CZBIL,SELL,169,5,11377
2/8/2024,DHPL,BUY,212.7,5,10313.5
2/8/2024,EBL,BUY,527.5,5,7676
2/8/2024,EDBL,SELL,367,5,9511
2/8/2024,HPPL,SELL,291,5,10966
2/8/2024,JBBL,SELL,306.9,5,12500.5
2/8/2024,LBBL,SELL,400,5,14500.5
2/8/2024,LICN,BUY,1390,5,7550.5
2/8/2024,MFIL,BUY,514,5,4980.5
2/8/2024,NABIL,BUY,476.5,5,2598
2/8/2024,NHPC,BUY,169,5,1753
2/8/2024,NMB,BUY,192.8,5,789
2/8/2024,PCBL,SELL,204.5,5,1811.5
2/8/2024,PROFL,BUY,319.7,5,213
2/8/2024,SANIMA,SELL,249,5,1458
2/11/2024,ADBL,BUY,236.8,5,274
2/11/2024,AKJCL,SELL,232,5,1434
2/11/2024,BARUN,BUY,271.4,5,77
2/11/2024,HPPL,SELL,285,5,1502
2/11/2024,JBBL,SELL,308,5,3042
2/11/2024,LBBL,SELL,399,5,5037
2/11/2024,MFIL,BUY,513,5,2472
2/11/2024,NABIL,BUY,475,5,97
2/11/2024,PCBL,SELL,204.7,5,1120.5
2/11/2024,PROFL,SELL,319.7,5,2719
2/12/2024,ADBL,BUY,238,5,1529
2/12/2024,AHPC,SELL,209.4,5,2576
2/12/2024,BARUN,BUY,274,5,1206
2/12/2024,CZBIL,BUY,167.3,5,369.5
2/12/2024,DHPL,SELL,215.2,5,1445.5
2/12/2024,HPPL,SELL,298,5,2935.5
2/12/2024,JBBL,SELL,309.8,5,4484.5
2/12/2024,LBBL,SELL,401,5,6489.5
2/12/2024,MFIL,SELL,517.5,5,9077
2/12/2024,NABIL,BUY,477,5,6692
2/12/2024,NHPC,SELL,172,5,7552
2/12/2024,NICA,BUY,450.1,5,5301.5
2/12/2024,NMB,BUY,191,5,4346.5
2/12/2024,PCBL,BUY,202.5,5,3334
2/12/2024,PROFL,SELL,321,5,4939
2/13/2024,ADBL,BUY,231.3,5,3782.5
2/13/2024,AHPC,BUY,204,5,2762.5
2/13/2024,BARUN,BUY,272,5,1402.5
2/13/2024,CZBIL,BUY,167,5,567.5
2/14/2024,EBL,SELL,527,5,3202.5
2/14/2024,MFIL,SELL,527.1,5,5838
2/14/2024,NABIL,BUY,465.5,5,3510.5
2/14/2024,NHPC,BUY,166,5,2680.5
2/14/2024,NICA,BUY,443,5,465.5
2/14/2024,PROFL,SELL,338.9,5,2160
2/14/2024,SANIMA,BUY,245,5,935
2/15/2024,CZBIL,BUY,165.2,5,109
2/15/2024,MFIL,SELL,519.4,5,2706
2/15/2024,MLBL,BUY,336.1,5,1025.5
2/15/2024,NHPC,BUY,166,5,195.5
2/18/2024,DHPL,SELL,217,5,1280.5
2/18/2024,NHPC,BUY,162,5,470.5
2/20/2024,DHPL,SELL,214.9,5,1545
2/20/2024,HURJA,BUY,305,5,20
2/21/2024,HURJA,SELL,335.5,5,1697.5
2/21/2024,JBBL,BUY,297.8,5,208.5
2/26/2024,MFIL,SELL,515,5,2783.5
2/26/2024,MLBL,BUY,322,5,1173.5
2/26/2024,NHPC,BUY,153,5,408.5
3/4/2024,ADBL,SELL,237.4,5,1595.5
3/4/2024,AHPC,SELL,193.8,5,2564.5
3/4/2024,AKJCL,BUY,217,5,1479.5
3/4/2024,BARUN,SELL,266,5,2809.5
3/4/2024,CZBIL,SELL,169.9,5,3659
3/4/2024,DHPL,BUY,197.6,5,2671
3/4/2024,EBL,SELL,524,5,5291
3/4/2024,JBBL,SELL,304.9,5,6815.5
3/4/2024,LICN,SELL,1352.5,5,13578
3/4/2024,MFIL,SELL,508,5,16118
3/4/2024,MLBL,SELL,333.5,5,17785.5
3/4/2024,NABIL,SELL,458.3,5,20077
3/4/2024,NHPC,SELL,166,5,20907
3/4/2024,NICA,SELL,435,5,23082
3/4/2024,NMB,SELL,184.9,5,24006.5
3/4/2024,PCBL,SELL,195.9,5,24986
3/4/2024,PROFL,SELL,325,5,26611
3/4/2024,SANIMA,SELL,244,5,27831
3/5/2024,ADBL,SELL,229.5,5,28978.5
3/5/2024,AHPC,SELL,189.6,5,29926.5
3/5/2024,AKJCL,SELL,221,5,31031.5
3/5/2024,BARUN,BUY,248,5,29791.5
3/5/2024,CZBIL,SELL,166,5,30621.5
3/5/2024,DHPL,SELL,199.1,5,31617
3/5/2024,EDBL,BUY,342.2,5,29906
3/5/2024,HPPL,BUY,271.9,5,28546.5
3/5/2024,HURJA,BUY,294,5,27076.5
3/5/2024,ICFC,BUY,484,5,24656.5
3/5/2024,JBBL,BUY,291,5,23201.5
3/5/2024,JOSHI,BUY,346,5,21471.5
3/5/2024,KKHC,BUY,243,5,20256.5
3/5/2024,LBBL,BUY,380,5,18356.5
3/5/2024,MFIL,BUY,497.5,5,15869
3/5/2024,MLBL,BUY,319,5,14274
3/5/2024,NABIL,SELL,446,5,16504
3/5/2024,NHPC,SELL,162,5,17314
3/5/2024,NICA,BUY,416.9,5,15229.5
3/5/2024,NMB,SELL,180,5,16129.5
3/5/2024,PCBL,BUY,192.4,5,15167.5
3/5/2024,PROFL,BUY,308,5,13627.5
3/6/2024,ADBL,BUY,228.3,5,12486
3/6/2024,AHPC,SELL,185.8,5,13415
3/6/2024,BARUN,BUY,251,5,12160
3/6/2024,CZBIL,SELL,164,5,12980
3/6/2024,DHPL,SELL,201.9,5,13989.5
3/6/2024,EDBL,SELL,348,5,15729.5
3/6/2024,HPPL,SELL,276.5,5,17112
3/6/2024,HURJA,SELL,304.9,5,18636.5
3/6/2024,ICFC,BUY,479,5,16241.5
3/6/2024,JBBL,SELL,292.9,5,17706
3/6/2024,JOSHI,BUY,376,5,15826
3/6/2024,KKHC,BUY,244,5,14606
3/6/2024,KSBBL,BUY,343,5,12891
3/6/2024,LBBL,BUY,378,5,11001
3/6/2024,MFIL,SELL,507,5,13536
3/6/2024,MLBL,BUY,320,5,11936
3/6/2024,NABIL,SELL,442,5,14146
3/6/2024,NHPC,SELL,160,5,14946
3/6/2024,NICA,SELL,418,5,17036
3/6/2024,NMB,SELL,181.4,5,17943
3/6/2024,PCBL,BUY,192,5,16983
3/6/2024,PROFL,SELL,315,5,18558
3/7/2024,ADBL,BUY,228.1,5,17417.5
3/7/2024,BARUN,SELL,253.8,5,18686.5
3/7/2024,ICFC,BUY,482.9,5,16272
3/7/2024,JOSHI,BUY,363,5,14457
3/7/2024,KKHC,SELL,248,5,15697
3/7/2024,KSBBL,SELL,344.9,5,17421.5
3/7/2024,LBBL,SELL,385,5,19346.5
3/7/2024,LICN,BUY,1325.1,5,12721
3/7/2024,MFIL,SELL,512.5,5,15283.5
3/7/2024,MLBL,BUY,320.2,5,13682.5
3/7/2024,NABIL,SELL,445.5,5,15910
3/7/2024,NHPC,SELL,161,5,16715
3/7/2024,NICA,SELL,421.9,5,18824.5
3/7/2024,NMB,SELL,181.6,5,19732.5
3/7/2024,PCBL,SELL,192.8,5,20696.5
3/7/2024,PROFL,BUY,309.5,5,19149
3/10/2024,ADBL,SELL,231,5,20304
3/10/2024,BARUN,SELL,252.8,5,21568
3/10/2024,CZBIL,SELL,164.2,5,22389
3/10/2024,ICFC,SELL,493,5,24854
3/10/2024,JOSHI,BUY,342,5,23144
3/10/2024,KKHC,SELL,245,5,24369
3/10/2024,LBBL,SELL,386.1,5,26299.5
3/10/2024,LICN,SELL,1370,5,33149.5
3/10/2024,MFIL,SELL,515.2,5,35725.5
3/10/2024,MLBL,SELL,327,5,37360.5
3/10/2024,NABIL,SELL,449.8,5,39609.5
3/10/2024,NHPC,SELL,162.5,5,40422
3/10/2024,NICA,SELL,420,5,42522
3/10/2024,NMB,SELL,183.7,5,43440.5
3/10/2024,PCBL,SELL,195,5,44415.5
3/10/2024,PROFL,SELL,315,5,45990.5
3/12/2024,ADBL,SELL,239.7,5,47189
3/12/2024,BARUN,SELL,256,5,48469
3/12/2024,CZBIL,SELL,169.2,5,49315
3/12/2024,ICFC,SELL,506,5,51845
3/12/2024,JOSHI,BUY,337,5,50160
3/12/2024,MLBL,SELL,339.9,5,51859.5
3/12/2024,NABIL,SELL,469,5,54204.5
3/12/2024,NHPC,SELL,165,5,55029.5
3/12/2024,NICA,SELL,433.5,5,57197
3/12/2024,NMB,SELL,197.7,5,58185.5
3/12/2024,PCBL,SELL,200.9,5,59190
3/12/2024,PROFL,SELL,323.3,5,60806.5
3/13/2024,ADBL,SELL,236,5,61986.5
3/13/2024,BARUN,BUY,252,5,60726.5
3/13/2024,CZBIL,SELL,167.1,5,61562
3/13/2024,ICFC,SELL,513,5,64127
3/13/2024,JOSHI,BUY,329,5,62482
3/13/2024,MLBL,SELL,339,5,64177
3/13/2024,NABIL,SELL,473,5,66542
3/13/2024,NHPC,SELL,163.2,5,67358
3/13/2024,NMB,SELL,195.9,5,68337.5
3/14/2024,ADBL,SELL,233.5,5,69505
3/14/2024,BARUN,BUY,251,5,68250
3/14/2024,CZBIL,SELL,165.4,5,69077
3/14/2024,HPPL,BUY,278.3,5,67685.5
3/14/2024,JOSHI,BUY,338,5,65995.5
3/14/2024,MLBL,SELL,330,5,67645.5
3/14/2024,NABIL,SELL,471.9,5,70005
3/14/2024,NMB,SELL,189.8,5,70954
3/17/2024,AHPC,BUY,183,5,70039
3/17/2024,AKJCL,BUY,222,5,68929
3/17/2024,BARUN,BUY,247,5,67694
3/17/2024,CZBIL,BUY,165,5,66869
3/17/2024,DHPL,BUY,199,5,65874
3/17/2024,HPPL,BUY,271.1,5,64518.5
3/17/2024,JOSHI,BUY,334,5,62848.5
3/17/2024,NABIL,SELL,464,5,65168.5
3/17/2024,NHPC,BUY,159.6,5,64370.5
3/17/2024,NICA,BUY,418,5,62280.5
3/17/2024,NMB,SELL,194.3,5,63252
3/18/2024,AHPC,BUY,184.2,5,62331
3/18/2024,AKJCL,BUY,222,5,61221
3/18/2024,BARUN,BUY,247.6,5,59983
3/18/2024,CIT,BUY,2125,5,49358
3/18/2024,CZBIL,BUY,165.9,5,48528.5
3/18/2024,DHPL,SELL,202,5,49538.5
3/18/2024,HPPL,BUY,276.9,5,48154
3/18/2024,HURJA,BUY,299.7,5,46655.5
3/18/2024,JOSHI,BUY,336,5,44975.5
3/18/2024,KKHC,BUY,245.2,5,43749.5
3/18/2024,NABIL,SELL,461,5,46054.5
3/18/2024,NHPC,BUY,159.7,5,45256
3/18/2024,NICA,BUY,418.2,5,43165
3/18/2024,NMB,SELL,189,5,44110
3/18/2024,SANIMA,BUY,244,5,42890
3/19/2024,AHPC,BUY,181.7,5,41981.5
3/19/2024,AKJCL,BUY,222,5,40871.5
3/19/2024,BARUN,BUY,246.1,5,39641
3/19/2024,CIT,BUY,2122,5,29031
3/19/2024,CZBIL,BUY,163,5,28216
3/19/2024,EBL,BUY,512.8,5,25652
3/19/2024,HPPL,BUY,275,5,24277
3/19/2024,HURJA,BUY,295,5,22802
3/19/2024,JOSHI,SELL,345,5,24527
3/19/2024,KKHC,BUY,246.5,5,23294.5
3/19/2024,LBBL,BUY,386.2,5,21363.5
3/19/2024,NABIL,SELL,460,5,23663.5
3/19/2024,NHPC,BUY,156.1,5,22883
3/19/2024,NICA,BUY,417.2,5,20797
3/19/2024,NMB,SELL,188.5,5,21739.5
3/19/2024,SANIMA,BUY,241,5,20534.5
3/20/2024,AHPC,BUY,181.7,5,19626
3/20/2024,AKJCL,BUY,221.5,5,18518.5
3/20/2024,BARUN,BUY,245,5,17293.5
3/20/2024,CIT,BUY,2118,5,6703.5
3/20/2024,CZBIL,BUY,164.7,5,5880
3/20/2024,DHPL,BUY,201,5,4875
3/20/2024,EBL,BUY,514.1,5,2304.5
3/20/2024,HPPL,BUY,272,5,944.5
3/20/2024,NHPC,BUY,156.9,5,160
3/26/2024,JOSHI,SELL,354,5,1930
3/26/2024,KKHC,BUY,239.9,5,730.5
3/27/2024,JOSHI,SELL,359,5,2525.5
3/27/2024,KKHC,BUY,240,5,1325.5
3/27/2024,NHPC,BUY,153,5,560.5
3/28/2024,CIT,SELL,2129,5,11205.5
3/28/2024,CZBIL,BUY,160.5,5,10403
3/28/2024,DHPL,BUY,194,5,9433
3/28/2024,EBL,BUY,503.7,5,6914.5
3/28/2024,EDBL,BUY,357,5,5129.5
3/28/2024,HPPL,BUY,266.7,5,3796
3/28/2024,HURJA,SELL,315.7,5,5374.5
3/28/2024,ICFC,BUY,505.4,5,2847.5
3/28/2024,JBBL,BUY,292,5,1387.5
3/28/2024,JOSHI,SELL,347,5,3122.5
3/28/2024,KKHC,BUY,240,5,1922.5
3/28/2024,KSBBL,BUY,359,5,127.5
3/31/2024,BARUN,SELL,246.5,5,1360
3/31/2024,CZBIL,BUY,160,5,560
3/31/2024,HPPL,SELL,272.1,5,1920.5
3/31/2024,HURJA,SELL,315,5,3495.5
3/31/2024,ICFC,BUY,497,5,1010.5
3/31/2024,NHPC,BUY,150,5,260.5
4/1/2024,HPPL,SELL,273.9,5,1630
4/1/2024,JBBL,BUY,288.9,5,185.5
4/4/2024,HPPL,SELL,273,5,1550.5
4/4/2024,HURJA,BUY,295,5,75.5
4/7/2024,CIT,SELL,2108,5,10615.5
4/7/2024,CZBIL,BUY,158.4,5,9823.5
4/7/2024,DHPL,SELL,195,5,10798.5
4/7/2024,EBL,SELL,500,5,13298.5
4/7/2024,EDBL,SELL,356,5,15078.5
4/7/2024,HPPL,SELL,271,5,16433.5
4/7/2024,HURJA,BUY,293,5,14968.5
4/7/2024,ICFC,SELL,518.2,5,17559.5
4/7/2024,JBBL,SELL,297,5,19044.5
4/7/2024,JOSHI,BUY,333,5,17379.5
4/7/2024,KKHC,BUY,230,5,16229.5
4/7/2024,KSBBL,SELL,357.9,5,18019
4/7/2024,LBBL,SELL,381.6,5,19927
4/7/2024,LICN,BUY,1340.1,5,13226.5
4/7/2024,NABIL,BUY,438,5,11036.5
4/7/2024,NHPC,BUY,149.3,5,10290
4/7/2024,NICA,BUY,397,5,8305
4/7/2024,NMB,BUY,175.9,5,7425.5
4/7/2024,PCBL,BUY,190,5,6475.5
4/7/2024,SANIMA,SELL,238.5,5,7668
4/9/2024,ADBL,BUY,227.5,5,6530.5
4/9/2024,AHPC,SELL,175.8,5,7409.5
4/9/2024,AKJCL,BUY,216.1,5,6329
4/9/2024,BARUN,BUY,238,5,5139
4/9/2024,CIT,SELL,2115,5,15714
4/9/2024,CZBIL,BUY,158.6,5,14921
4/9/2024,DHPL,BUY,194,5,13951
4/9/2024,EBL,SELL,503.9,5,16470.5
4/9/2024,HPPL,SELL,274.8,5,17844.5
4/9/2024,HURJA,BUY,295.1,5,16369
4/9/2024,ICFC,SELL,532.9,5,19033.5
4/9/2024,JBBL,SELL,299,5,20528.5
4/9/2024,JOSHI,BUY,335,5,18853.5
4/9/2024,KKHC,BUY,230,5,17703.5
4/9/2024,LICN,SELL,1369,5,24548.5
4/9/2024,NABIL,SELL,439,5,26743.5
4/9/2024,NHPC,SELL,152,5,27503.5
4/9/2024,NICA,BUY,398.8,5,25509.5
4/9/2024,NMB,BUY,177.2,5,24623.5
4/9/2024,PCBL,BUY,189.9,5,23674
4/9/2024,SANIMA,SELL,242,5,24884
4/10/2024,ADBL,BUY,227,5,23749
4/10/2024,AHPC,SELL,174,5,24619
4/10/2024,AKJCL,BUY,215,5,23544
4/10/2024,BARUN,BUY,239,5,22349
4/10/2024,CIT,BUY,2105,5,11824
4/10/2024,CZBIL,BUY,159,5,11029
4/10/2024,DHPL,BUY,194,5,10059
4/10/2024,EBL,SELL,505,5,12584
4/10/2024,HPPL,SELL,273,5,13949
4/10/2024,HURJA,BUY,292.9,5,12484.5
4/10/2024,JOSHI,BUY,333,5,10819.5
4/10/2024,KKHC,SELL,249,5,12064.5
4/10/2024,MFIL,BUY,505,5,9539.5
4/10/2024,NABIL,BUY,438,5,7349.5
4/10/2024,NHPC,SELL,151.5,5,8107
4/10/2024,NICA,BUY,395,5,6132
4/10/2024,NMB,BUY,177.1,5,5246.5
4/10/2024,PCBL,BUY,190,5,4296.5
4/14/2024,ADBL,BUY,226.1,5,3166
4/14/2024,AHPC,BUY,171.3,5,2309.5
4/14/2024,AKJCL,BUY,214,5,1239.5
4/14/2024,BARUN,SELL,241.1,5,2445
4/14/2024,CIT,SELL,2108,5,12985
4/14/2024,CZBIL,BUY,159,5,12190
4/14/2024,DHPL,BUY,193,5,11225
4/14/2024,HURJA,BUY,289.2,5,9779
4/14/2024,JBBL,BUY,291,5,8324
4/14/2024,JOSHI,SELL,338,5,10014
4/14/2024,KKHC,SELL,246.3,5,11245.5
4/14/2024,LBBL,BUY,374,5,9375.5
4/14/2024,MFIL,SELL,511.1,5,11931
4/14/2024,MLBL,BUY,321.2,5,10325
4/14/2024,NABIL,SELL,438,5,12515
4/14/2024,NHPC,BUY,148.6,5,11772
4/14/2024,NICA,BUY,395,5,9797
4/14/2024,NMB,BUY,176,5,8917
4/14/2024,PCBL,SELL,192.9,5,9881.5
4/14/2024,SANIMA,BUY,236,5,8701.5
4/15/2024,ADBL,BUY,225,5,7576.5
4/15/2024,AHPC,BUY,169.5,5,6729
4/15/2024,AKJCL,BUY,211,5,5674
4/15/2024,BARUN,BUY,240.1,5,4473.5
4/15/2024,CZBIL,BUY,156.8,5,3689.5
4/15/2024,DHPL,SELL,198,5,4679.5
4/15/2024,HPPL,BUY,270,5,3329.5
4/15/2024,HURJA,BUY,292,5,1869.5
4/15/2024,JBBL,BUY,289,5,424.5
4/15/2024,JOSHI,SELL,335.5,5,2102
4/15/2024,KKHC,BUY,228,5,962
4/15/2024,NHPC,BUY,146.2,5,231
4/16/2024,DHPL,SELL,206,5,1261
4/16/2024,KKHC,BUY,225.4,5,134
4/18/2024,DHPL,SELL,205,5,1159
4/18/2024,JOSHI,SELL,345,5,2884
4/18/2024,KKHC,SELL,243.3,5,4100.5
4/18/2024,KSBBL,BUY,343.4,5,2383.5
4/18/2024,LBBL,BUY,365.1,5,558
4/21/2024,ADBL,SELL,233,5,1723
4/21/2024,AHPC,BUY,166.5,5,890.5
4/21/2024,BARUN,SELL,239.8,5,2089.5
4/21/2024,CZBIL,BUY,156.8,5,1305.5
4/21/2024,DHPL,SELL,202,5,2315.5
4/21/2024,EDBL,BUY,353,5,550.5
4/21/2024,JOSHI,SELL,355,5,2325.5
4/21/2024,KKHC,BUY,230,5,1175.5
4/21/2024,NHPC,SELL,148,5,1915.5
4/21/2024,NICA,BUY,373,5,50.5
4/21/2024,PCBL,SELL,191.8,5,1009.5
4/22/2024,ADBL,SELL,229.4,5,2156.5
4/22/2024,AHPC,BUY,166.5,5,1324
4/22/2024,AKJCL,BUY,211.5,5,266.5
4/22/2024,JOSHI,SELL,359,5,2061.5
4/22/2024,KKHC,BUY,231,5,906.5
4/22/2024,NHPC,BUY,145.6,5,178.5
4/22/2024,PCBL,SELL,191.9,5,1138
4/24/2024,ADBL,SELL,229.5,5,2285.5
4/24/2024,AHPC,BUY,163.2,5,1469.5
4/24/2024,AKJCL,BUY,210,5,419.5
4/24/2024,JOSHI,SELL,348,5,2159.5
4/24/2024,KKHC,BUY,228,5,1019.5
4/24/2024,NHPC,BUY,146.3,5,288
4/25/2024,ADBL,SELL,230,5,1438
4/25/2024,AHPC,BUY,162,5,628
4/28/2024,EDBL,SELL,362.7,5,2441.5
4/28/2024,HPPL,BUY,259,5,1146.5
4/28/2024,HURJA,SELL,290.1,5,2597
4/28/2024,JBBL,BUY,285,5,1172
4/28/2024,KKHC,BUY,224,5,52
4/28/2024,KSBBL,SELL,361,5,1857
4/28/2024,LBBL,SELL,375,5,3732
4/28/2024,MLBL,SELL,323,5,5347
4/28/2024,NABIL,BUY,427,5,3212
4/28/2024,NHPC,BUY,145.8,5,2483
4/28/2024,NICA,BUY,351.6,5,725
4/29/2024,HURJA,SELL,289.5,5,2172.5
4/29/2024,JBBL,SELL,291,5,3627.5
4/29/2024,JOSHI,BUY,340,5,1927.5
4/29/2024,KKHC,BUY,223,5,812.5
4/29/2024,LBBL,SELL,378,5,2702.5
4/29/2024,NABIL,BUY,429,5,557.5
4/29/2024,SANIMA,SELL,233.1,5,1723
4/30/2024,AHPC,SELL,165.8,5,2552
4/30/2024,AKJCL,SELL,214,5,3622
4/30/2024,BARUN,SELL,236,5,4802
4/30/2024,CZBIL,SELL,157,5,5587
4/30/2024,HPPL,SELL,264,5,6907
4/30/2024,HURJA,SELL,290.8,5,8361
4/30/2024,JBBL,SELL,305,5,9886
4/30/2024,JOSHI,BUY,335.1,5,8210.5
4/30/2024,KKHC,BUY,225,5,7085.5
4/30/2024,LICN,BUY,1318.9,5,491
4/30/2024,NABIL,SELL,431.5,5,2648.5
4/30/2024,NHPC,SELL,149,5,3393.5
4/30/2024,NICA,BUY,363,5,1578.5
4/30/2024,NMB,SELL,173.4,5,2445.5
5/2/2024,AHPC,SELL,166,5,3275.5
5/2/2024,AKJCL,SELL,211.9,5,4335
5/2/2024,BARUN,BUY,231.5,5,3177.5
5/2/2024,CZBIL,BUY,155.5,5,2400
5/2/2024,HPPL,SELL,260,5,3700
5/2/2024,HURJA,SELL,287.6,5,5138
5/2/2024,JBBL,SELL,294.6,5,6611
5/2/2024,JOSHI,BUY,331.2,5,4955
5/2/2024,KKHC,BUY,225,5,3830
5/2/2024,NABIL,SELL,429.5,5,5977.5
5/2/2024,NHPC,SELL,146.5,5,6710
5/2/2024,NICA,BUY,357,5,4925
5/2/2024,NMB,SELL,173.6,5,5793
5/5/2024,AHPC,BUY,162,5,4983
5/5/2024,AKJCL,BUY,208,5,3943
5/5/2024,BARUN,BUY,225.8,5,2814
5/5/2024,CZBIL,SELL,155.9,5,3593.5
5/5/2024,DHPL,BUY,199.3,5,2597
5/5/2024,EBL,BUY,500,5,97
5/6/2024,DHPL,SELL,209.1,5,1142.5
5/6/2024,KKHC,BUY,224,5,22.5
5/12/2024,CZBIL,SELL,156,5,802.5
5/12/2024,NHPC,BUY,144,5,82.5
5/12/2024,NICA,SELL,352,5,1842.5
5/12/2024,NMB,SELL,171,5,2697.5
5/12/2024,PROFL,BUY,341,5,992.5
5/13/2024,AHPC,BUY,158,5,202.5
5/13/2024,BARUN,SELL,226,5,1332.5
5/13/2024,CZBIL,SELL,161.5,5,2140
5/13/2024,DHPL,BUY,195,5,1165
5/13/2024,EBL,SELL,509.9,5,3714.5
5/13/2024,HURJA,SELL,304.1,5,5235
5/13/2024,ICFC,BUY,517,5,2650
5/13/2024,JOSHI,BUY,310,5,1100
5/13/2024,KKHC,BUY,219,5,5
5/13/2024,LICN,SELL,1281,5,6410
5/13/2024,MFIL,BUY,505.2,5,3884
5/13/2024,NHPC,SELL,145.1,5,4609.5
5/13/2024,NICA,SELL,363,5,6424.5
5/13/2024,NMB,SELL,176.9,5,7309
5/13/2024,PROFL,SELL,342,5,9019
5/14/2024,AHPC,SELL,165.9,5,9848.5
5/14/2024,AKJCL,SELL,210,5,10898.5
5/14/2024,BARUN,SELL,235.5,5,12076
5/14/2024,CZBIL,SELL,162,5,12886
5/14/2024,DHPL,BUY,202.5,5,11873.5
5/14/2024,HURJA,SELL,290,5,13323.5
5/14/2024,ICFC,BUY,518,5,10733.5
5/14/2024,JOSHI,BUY,320,5,9133.5
5/14/2024,KKHC,SELL,226.3,5,10265
5/14/2024,MFIL,BUY,505,5,7740
5/14/2024,NHPC,SELL,148.6,5,8483
5/14/2024,NICA,SELL,365.5,5,10310.5
5/14/2024,NMB,SELL,179.9,5,11210
5/15/2024,AHPC,SELL,165,5,12035
5/15/2024,AKJCL,SELL,207,5,13070
5/15/2024,BARUN,SELL,231.9,5,14229.5
5/15/2024,CZBIL,SELL,161.9,5,15039
5/15/2024,DHPL,BUY,198.9,5,14044.5
5/15/2024,ICFC,BUY,513.2,5,11478.5
5/15/2024,JOSHI,BUY,310.1,5,9928
5/15/2024,KKHC,SELL,223,5,11043
5/15/2024,MFIL,BUY,508,5,8503
5/15/2024,NHPC,SELL,148,5,9243
5/15/2024,NICA,SELL,358,5,11033
5/15/2024,NMB,SELL,178.1,5,11923.5
5/15/2024,PROFL,BUY,338,5,10233.5
5/16/2024,AHPC,SELL,162,5,11043.5
5/16/2024,AKJCL,BUY,203.1,5,10028
5/16/2024,BARUN,SELL,235,5,11203
5/16/2024,CZBIL,SELL,158,5,11993
5/16/2024,DHPL,BUY,196.8,5,11009
5/16/2024,ICFC,BUY,511,5,8454
5/16/2024,JOSHI,BUY,308,5,6914
5/16/2024,KKHC,BUY,220,5,5814
5/16/2024,KSBBL,BUY,371,5,3959
5/16/2024,LBBL,BUY,372,5,2099
5/16/2024,MLBL,BUY,328,5,459
5/16/2024,NHPC,SELL,146,5,1189
5/16/2024,NICA,SELL,360.1,5,2989.5
5/16/2024,NMB,SELL,179.6,5,3887.5
5/16/2024,PROFL,BUY,336.9,5,2203
5/19/2024,AHPC,SELL,162.1,5,3013.5
5/19/2024,AKJCL,SELL,207.1,5,4049
5/19/2024,BARUN,SELL,236,5,5229
5/19/2024,CZBIL,SELL,164,5,6049
5/19/2024,DHPL,BUY,198,5,5059
5/19/2024,ICFC,BUY,514,5,2489
5/19/2024,JOSHI,BUY,311,5,934
5/19/2024,KKHC,SELL,223.8,5,2053
5/19/2024,KSBBL,BUY,373.6,5,185
5/19/2024,LBBL,SELL,385,5,2110
5/19/2024,MFIL,SELL,510,5,4660
5/19/2024,MLBL,SELL,330.7,5,6313.5
5/19/2024,NHPC,SELL,146,5,7043.5
5/19/2024,NICA,SELL,385,5,8968.5
5/19/2024,PROFL,SELL,339.9,5,10668
5/20/2024,AHPC,SELL,164,5,11488
5/20/2024,AKJCL,SELL,208,5,12528
5/20/2024,BARUN,SELL,235,5,13703
5/20/2024,CZBIL,SELL,172,5,14563
5/20/2024,DHPL,BUY,198.2,5,13572
5/20/2024,ICFC,BUY,510,5,11022
5/20/2024,JOSHI,BUY,307,5,9487
5/20/2024,KKHC,SELL,223.5,5,10604.5
5/20/2024,KSBBL,SELL,378,5,12494.5
5/20/2024,MFIL,SELL,511,5,15049.5
5/20/2024,NHPC,SELL,148,5,15789.5
5/20/2024,NICA,SELL,419.9,5,17889
5/20/2024,PROFL,BUY,337.8,5,16200
5/21/2024,AHPC,BUY,161,5,15395
5/21/2024,AKJCL,SELL,209.8,5,16444
5/21/2024,BARUN,SELL,242,5,17654
5/21/2024,CZBIL,SELL,174.8,5,18528
5/21/2024,DHPL,SELL,202,5,19538
5/21/2024,ICFC,SELL,524.9,5,22162.5
5/21/2024,JOSHI,BUY,312,5,20602.5
5/21/2024,KKHC,SELL,226.9,5,21737
5/21/2024,KSBBL,SELL,377.6,5,23625
5/21/2024,MFIL,SELL,510,5,26175
5/21/2024,NHPC,SELL,149,5,26920
5/21/2024,NICA,SELL,429.5,5,29067.5
5/21/2024,PROFL,SELL,352,5,30827.5
5/22/2024,AHPC,SELL,163.8,5,31646.5
5/22/2024,AKJCL,SELL,208,5,32686.5
5/22/2024,BARUN,SELL,241,5,33891.5
5/22/2024,CZBIL,SELL,179,5,34786.5
5/22/2024,DHPL,BUY,198,5,33796.5
5/22/2024,HURJA,BUY,284,5,32376.5
5/22/2024,ICFC,SELL,517.8,5,34965.5
5/22/2024,JOSHI,BUY,305.2,5,33439.5
5/22/2024,KKHC,SELL,223,5,34554.5
5/22/2024,NHPC,SELL,149,5,35299.5
5/22/2024,NICA,SELL,452.9,5,37564
5/22/2024,PROFL,SELL,344,5,39284
5/26/2024,AHPC,SELL,164.8,5,40108
5/26/2024,AKJCL,BUY,206,5,39078
5/26/2024,BARUN,SELL,238,5,40268
5/26/2024,CZBIL,SELL,176.9,5,41152.5
5/26/2024,DHPL,BUY,194.5,5,40180
5/26/2024,EDBL,BUY,389.1,5,38234.5
5/26/2024,HPPL,BUY,257.5,5,36947
5/26/2024,HURJA,BUY,280,5,35547
5/26/2024,ICFC,BUY,511.2,5,32991
5/26/2024,JBBL,BUY,293.8,5,31522
5/26/2024,JOSHI,BUY,301.4,5,30015
5/26/2024,KKHC,SELL,224,5,31135
5/26/2024,MLBL,BUY,329,5,29490
5/26/2024,NHPC,BUY,147,5,28755
5/26/2024,NICA,SELL,435.1,5,30930.5
5/26/2024,PROFL,BUY,336,5,29250.5
5/27/2024,AHPC,BUY,162.6,5,28437.5
5/27/2024,AKJCL,BUY,205.5,5,27410
5/27/2024,CZBIL,SELL,179,5,28305
5/27/2024,DHPL,BUY,195,5,27330
5/27/2024,EDBL,BUY,391,5,25375
5/27/2024,HPPL,SELL,260,5,26675
5/27/2024,HURJA,BUY,279,5,25280
5/27/2024,ICFC,BUY,515,5,22705
5/27/2024,JBBL,BUY,295.8,5,21226
5/27/2024,JOSHI,BUY,306,5,19696
5/27/2024,KKHC,SELL,224.7,5,20819.5
5/27/2024,MFIL,BUY,506.5,5,18287
5/27/2024,MLBL,BUY,331,5,16632
5/27/2024,NHPC,BUY,146.9,5,15897.5
5/27/2024,NICA,SELL,428,5,18037.5
5/27/2024,PROFL,BUY,339.8,5,16338.5
5/29/2024,AHPC,BUY,161.3,5,15532
5/29/2024,AKJCL,BUY,204.9,5,14507.5
5/29/2024,BARUN,BUY,231.2,5,13351.5
5/29/2024,CIT,BUY,2136.1,5,2671
5/29/2024,CZBIL,SELL,175,5,3546
5/29/2024,DHPL,BUY,191,5,2591
5/29/2024,EDBL,BUY,385,5,666
5/30/2024,BARUN,SELL,239,5,1861
5/30/2024,CZBIL,BUY,170.2,5,1010
5/30/2024,DHPL,BUY,190,5,60
5/30/2024,JOSHI,SELL,307.7,5,1598.5
5/30/2024,KKHC,BUY,219.1,5,503
6/2/2024,ICFC,SELL,519,5,3098
6/2/2024,JBBL,BUY,292,5,1638
6/2/2024,JOSHI,BUY,306,5,108
6/2/2024,PROFL,SELL,350.1,5,1858.5
6/2/2024,SANIMA,BUY,253,5,593.5
6/3/2024,ICFC,SELL,518.9,5,3188
6/3/2024,JBBL,BUY,288.1,5,1747.5
6/3/2024,JOSHI,BUY,305,5,222.5
6/3/2024,PROFL,SELL,356,5,2002.5
6/3/2024,SANIMA,BUY,252.2,5,741.5
6/4/2024,MFIL,SELL,508.9,5,3286
6/4/2024,MLBL,BUY,324,5,1666
6/4/2024,NHPC,SELL,147.2,5,2402
6/4/2024,NICA,BUY,415.5,5,324.5
6/9/2024,CIT,SELL,2128.2,5,10965.5
6/9/2024,CZBIL,BUY,166,5,10135.5
6/9/2024,DHPL,BUY,187.2,5,9199.5
6/9/2024,EBL,BUY,527,5,6564.5
6/9/2024,EDBL,BUY,375,5,4689.5
6/9/2024,HPPL,BUY,251.2,5,3433.5
6/9/2024,HURJA,BUY,273.8,5,2064.5
6/9/2024,JBBL,BUY,285,5,639.5
6/10/2024,DHPL,SELL,193.2,5,1605.5
6/10/2024,EBL,SELL,529.3,5,4252
6/10/2024,EDBL,BUY,375.9,5,2372.5
6/10/2024,HPPL,SELL,260,5,3672.5
6/10/2024,HURJA,BUY,275,5,2297.5
6/10/2024,JBBL,BUY,285.8,5,868.5
6/10/2024,JOSHI,SELL,305,5,2393.5
6/10/2024,KKHC,SELL,220,5,3493.5
6/10/2024,LBBL,BUY,379,5,1598.5
6/10/2024,NHPC,BUY,143.5,5,881
6/11/2024,AHPC,SELL,159.3,5,1677.5
6/11/2024,AKJCL,SELL,211,5,2732.5
6/11/2024,CZBIL,SELL,171,5,3587.5
6/11/2024,DHPL,SELL,201.6,5,4595.5
6/11/2024,EDBL,SELL,382,5,6505.5
6/11/2024,HURJA,SELL,284,5,7925.5
6/11/2024,ICFC,SELL,517.9,5,10515
6/11/2024,JBBL,SELL,289.5,5,11962.5
6/11/2024,JOSHI,SELL,317,5,13547.5
6/11/2024,KKHC,SELL,229.8,5,14696.5
6/11/2024,LBBL,SELL,386.5,5,16629
6/11/2024,MLBL,SELL,324.5,5,18251.5
6/11/2024,NABIL,BUY,478,5,15861.5
6/11/2024,NHPC,SELL,146.3,5,16593
6/11/2024,NICA,SELL,418,5,18683
6/11/2024,NMB,BUY,197,5,17698
6/11/2024,SANIMA,SELL,253,5,18963
6/12/2024,AHPC,SELL,158.8,5,19757
6/12/2024,AKJCL,SELL,209,5,20802
6/12/2024,CZBIL,SELL,170.2,5,21653
6/12/2024,DHPL,SELL,199,5,22648
6/12/2024,EDBL,BUY,378.9,5,20753.5
6/12/2024,HURJA,SELL,287.1,5,22189
6/12/2024,ICFC,SELL,523.9,5,24808.5
6/12/2024,JBBL,SELL,290,5,26258.5
6/12/2024,JOSHI,SELL,309.8,5,27807.5
6/12/2024,KKHC,SELL,228,5,28947.5
6/12/2024,MLBL,SELL,325.9,5,30577
6/12/2024,NABIL,SELL,483,5,32992
6/12/2024,NHPC,SELL,147,5,33727
6/12/2024,NMB,BUY,197,5,32742
6/12/2024,SANIMA,SELL,256,5,34022
6/13/2024,AHPC,SELL,156.3,5,34803.5
6/13/2024,AKJCL,SELL,210,5,35853.5
6/13/2024,CZBIL,SELL,170,5,36703.5
6/13/2024,DHPL,SELL,196.8,5,37687.5
6/13/2024,EDBL,SELL,391,5,39642.5
6/13/2024,HURJA,SELL,292,5,41102.5
6/13/2024,ICFC,SELL,534,5,43772.5
6/13/2024,JBBL,SELL,293.1,5,45238
6/13/2024,JOSHI,SELL,303.2,5,46754
6/13/2024,KKHC,SELL,232.2,5,47915
6/13/2024,MLBL,SELL,329,5,49560
6/13/2024,NABIL,BUY,479.1,5,47164.5
6/13/2024,NMB,BUY,194.9,5,46190
6/13/2024,SANIMA,BUY,252,5,44930
6/16/2024,AHPC,SELL,157.9,5,45719.5
6/16/2024,AKJCL,SELL,216.9,5,46804
6/16/2024,CIT,BUY,2125,5,36179
6/16/2024,CZBIL,BUY,168,5,35339
6/16/2024,DHPL,SELL,210,5,36389
6/16/2024,EBL,BUY,530,5,33739
6/16/2024,EDBL,SELL,384,5,35659
6/16/2024,HURJA,SELL,304,5,37179
6/16/2024,ICFC,SELL,525.4,5,39806
6/16/2024,JBBL,SELL,288.8,5,41250
6/16/2024,JOSHI,BUY,300,5,39750
6/16/2024,KKHC,SELL,238,5,40940
6/16/2024,KSBBL,BUY,372,5,39080
6/16/2024,LICN,BUY,1360,5,32280
6/16/2024,NABIL,BUY,475,5,29905
6/16/2024,NMB,BUY,193,5,28940
6/16/2024,SANIMA,BUY,250.5,5,27687.5
6/18/2024,ADBL,BUY,261.5,5,26380
6/18/2024,AKJCL,SELL,213.6,5,27448
6/18/2024,CIT,BUY,2116,5,16868
6/18/2024,CZBIL,BUY,164.5,5,16045.5
6/18/2024,DHPL,SELL,220.2,5,17146.5
6/18/2024,EBL,SELL,531.7,5,19805
6/18/2024,EDBL,SELL,384,5,21725
6/18/2024,HURJA,SELL,299,5,23220
6/18/2024,JBBL,BUY,286.6,5,21787
6/18/2024,JOSHI,BUY,300,5,20287
6/18/2024,KKHC,SELL,234,5,21457
6/18/2024,KSBBL,BUY,371,5,19602
6/18/2024,LICN,BUY,1354,5,12832
6/18/2024,MLBL,BUY,323,5,11217
6/18/2024,NABIL,BUY,469,5,8872
6/18/2024,NICA,BUY,404,5,6852
6/18/2024,NMB,BUY,190.2,5,5901
6/18/2024,PCBL,BUY,198.1,5,4910.5
6/18/2024,SANIMA,BUY,248.1,5,3670
6/19/2024,ADBL,SELL,263,5,4985
6/19/2024,AKJCL,SELL,215.4,5,6062
6/19/2024,CZBIL,BUY,167,5,5227
6/19/2024,DHPL,SELL,215.1,5,6302.5
6/19/2024,EBL,BUY,528.9,5,3658
6/19/2024,EDBL,BUY,379,5,1763
6/19/2024,JBBL,BUY,286,5,333
6/19/2024,KKHC,SELL,234,5,1503
6/19/2024,LICN,SELL,1382,5,8413
6/19/2024,MLBL,BUY,323.7,5,6794.5
6/19/2024,NABIL,BUY,472,5,4434.5
6/19/2024,NICA,BUY,404,5,2414.5
6/19/2024,NMB,BUY,193.7,5,1446
6/19/2024,PCBL,BUY,197.6,5,458
6/20/2024,AKJCL,SELL,212,5,1518
6/20/2024,CZBIL,BUY,164.3,5,696.5
6/20/2024,DHPL,SELL,209,5,1741.5
6/20/2024,JBBL,BUY,286,5,311.5
6/20/2024,KKHC,SELL,231.8,5,1470.5
6/20/2024,NHPC,BUY,144.8,5,746.5
6/23/2024,DHPL,SELL,203.8,5,1765.5
6/23/2024,JBBL,BUY,284.7,5,342
6/24/2024,MLBL,SELL,326,5,1972
6/24/2024,NHPC,BUY,142.4,5,1260
6/24/2024,NMB,BUY,190,5,310
6/25/2024,DHPL,SELL,209.9,5,1359.5
6/25/2024,EDBL,SELL,386.9,5,3294
6/25/2024,JBBL,SELL,289,5,4739
6/25/2024,JOSHI,BUY,295.4,5,3262
6/25/2024,KKHC,BUY,231,5,2107
6/25/2024,KSBBL,SELL,373,5,3972
6/25/2024,LBBL,BUY,382.5,5,2059.5
6/25/2024,LICN,SELL,1377,5,8944.5
6/25/2024,MLBL,SELL,324.8,5,10568.5
6/25/2024,NABIL,BUY,458.2,5,8277.5
6/25/2024,NHPC,BUY,142.8,5,7563.5
6/25/2024,NICA,BUY,398.1,5,5573
6/25/2024,NMB,BUY,189.8,5,4624
6/25/2024,PCBL,BUY,195,5,3649
6/25/2024,SANIMA,BUY,247.1,5,2413.5
6/26/2024,ADBL,BUY,263,5,1098.5
6/26/2024,AHPC,BUY,152,5,338.5
6/30/2024,KSBBL,SELL,370,5,2188.5
6/30/2024,LBBL,BUY,370.2,5,337.5
7/1/2024,ADBL,SELL,267.5,5,1675
7/1/2024,AHPC,BUY,150,5,925
7/1/2024,CZBIL,SELL,166.1,5,1755.5
7/1/2024,DHPL,BUY,204,5,735.5
7/1/2024,EDBL,SELL,384.8,5,2659.5
7/1/2024,JBBL,BUY,285,5,1234.5
7/1/2024,KKHC,BUY,222,5,124.5
7/1/2024,NICA,SELL,400,5,2124.5
7/1/2024,NMB,SELL,191,5,3079.5
7/1/2024,PCBL,BUY,195.8,5,2100.5
7/1/2024,SANIMA,BUY,246,5,870.5
7/2/2024,AHPC,SELL,155.1,5,1646
7/2/2024,CIT,SELL,2115.1,5,12221.5
7/2/2024,CZBIL,SELL,169.4,5,13068.5
7/2/2024,DHPL,SELL,209,5,14113.5
7/2/2024,EBL,SELL,537,5,16798.5
7/2/2024,EDBL,SELL,391.1,5,18754
7/2/2024,HURJA,BUY,281,5,17349
7/2/2024,JBBL,SELL,290,5,18799
7/2/2024,JOSHI,SELL,292,5,20259
7/2/2024,KKHC,BUY,225,5,19134
7/2/2024,LBBL,SELL,384,5,21054
7/2/2024,NABIL,SELL,477.1,5,23439.5
7/2/2024,NHPC,SELL,145.6,5,24167.5
7/2/2024,NICA,SELL,418,5,26257.5
7/2/2024,NMB,SELL,195,5,27232.5
7/2/2024,PCBL,SELL,202,5,28242.5
7/2/2024,SANIMA,SELL,253.5,5,29510
7/3/2024,AHPC,SELL,154,5,30280
7/3/2024,AKJCL,BUY,207,5,29245
7/3/2024,BARUN,BUY,300,5,27745
7/3/2024,CIT,SELL,2136,5,38425
7/3/2024,CZBIL,SELL,176,5,39305
7/3/2024,DHPL,BUY,205,5,38280
7/3/2024,HPPL,BUY,290,5,36830
7/3/2024,HURJA,BUY,269,5,35485
7/3/2024,JBBL,SELL,299.9,5,36984.5
7/3/2024,JOSHI,BUY,288,5,35544.5
7/3/2024,KKHC,BUY,222,5,34434.5
7/3/2024,LBBL,SELL,390,5,36384.5
7/3/2024,NABIL,SELL,484,5,38804.5
7/3/2024,NHPC,SELL,143,5,39519.5
7/3/2024,NICA,SELL,420,5,41619.5
7/3/2024,NMB,SELL,196.2,5,42600.5
7/3/2024,PCBL,SELL,201.4,5,43607.5
7/3/2024,SANIMA,SELL,260,5,44907.5
7/4/2024,AKJCL,SELL,227.7,5,46046
7/4/2024,BARUN,BUY,296.9,5,44561.5
7/4/2024,CIT,BUY,1920,5,34961.5
7/4/2024,CZBIL,SELL,176,5,35841.5
7/4/2024,DHPL,SELL,205,5,36866.5
7/4/2024,HPPL,BUY,288,5,35426.5
7/4/2024,HURJA,BUY,195,5,34451.5
7/4/2024,JBBL,SELL,312,5,36011.5
7/4/2024,JOSHI,SELL,294,5,37481.5
7/4/2024,KKHC,SELL,229,5,38626.5
7/4/2024,NABIL,SELL,487,5,41061.5
7/4/2024,NHPC,SELL,143.1,5,41777
7/4/2024,NMB,SELL,197.9,5,42766.5
7/4/2024,PCBL,SELL,202,5,43776.5
7/4/2024,SANIMA,SELL,260,5,45076.5
7/7/2024,BARUN,BUY,298.9,5,43582
7/7/2024,CIT,BUY,1917,5,33997
7/7/2024,CZBIL,SELL,178.5,5,34889.5
7/7/2024,DHPL,SELL,205,5,35914.5
7/7/2024,HPPL,BUY,291,5,34459.5
7/7/2024,HURJA,BUY,188,5,33519.5
7/7/2024,JBBL,SELL,314,5,35089.5
7/7/2024,JOSHI,SELL,297.8,5,36578.5
7/7/2024,KKHC,SELL,229,5,37723.5
7/7/2024,NABIL,SELL,487,5,40158.5
7/7/2024,NMB,SELL,200,5,41158.5
7/7/2024,PCBL,SELL,203,5,42173.5
7/7/2024,SANIMA,SELL,262.4,5,43485.5
7/8/2024,BARUN,BUY,295,5,42010.5
7/8/2024,CIT,BUY,1898,5,32520.5
7/8/2024,CZBIL,SELL,176.5,5,33403
7/8/2024,HPPL,BUY,282.7,5,31989.5
7/8/2024,HURJA,BUY,187,5,31054.5
7/8/2024,JBBL,SELL,309.8,5,32603.5
7/8/2024,JOSHI,SELL,293.5,5,34071
7/8/2024,KKHC,SELL,228,5,35211
7/8/2024,NABIL,SELL,490,5,37661
7/8/2024,NMB,SELL,198,5,38651
7/8/2024,SANIMA,SELL,260.3,5,39952.5
7/9/2024,BARUN,BUY,293,5,38487.5
7/9/2024,CIT,BUY,1902,5,28977.5
7/9/2024,HPPL,BUY,282.5,5,27565
7/9/2024,HURJA,BUY,185,5,26640
7/9/2024,JBBL,SELL,320,5,28240
7/9/2024,JOSHI,SELL,293.4,5,29707
7/9/2024,KKHC,SELL,228,5,30847
7/9/2024,NMB,SELL,202,5,31857
7/10/2024,BARUN,BUY,300,5,30357
7/10/2024,CIT,BUY,1905,5,20832
7/10/2024,HPPL,BUY,286,5,19402
7/10/2024,HURJA,BUY,190,5,18452
7/10/2024,JOSHI,SELL,291.6,5,19910
7/10/2024,KKHC,SELL,230,5,21060
7/10/2024,NMB,SELL,206.9,5,22094.5
7/11/2024,BARUN,BUY,299,5,20599.5
7/11/2024,CIT,BUY,1910,5,11049.5
7/11/2024,HPPL,SELL,293.9,5,12519
7/11/2024,HURJA,BUY,188.2,5,11578
7/11/2024,JOSHI,SELL,299.4,5,13075
7/14/2024,BARUN,SELL,304,5,14595
7/14/2024,CIT,BUY,1921,5,4990
7/14/2024,HPPL,SELL,299,5,6485
7/14/2024,HURJA,BUY,196.1,5,5504.5
7/14/2024,JOSHI,SELL,304.5,5,7027
7/15/2024,AKJCL,BUY,220,5,5927
7/15/2024,BARUN,BUY,296,5,4447
7/15/2024,HPPL,SELL,306,5,5977
7/15/2024,HURJA,BUY,195,5,5002
7/15/2024,JOSHI,SELL,298.1,5,6492.5
7/16/2024,AKJCL,BUY,162.8,5,5678.5
7/16/2024,BARUN,SELL,325.6,5,7306.5
7/16/2024,CIT,SELL,1974,5,17176.5
7/16/2024,HPPL,SELL,323,5,18791.5
7/16/2024,HURJA,SELL,213,5,19856.5
7/16/2024,JOSHI,SELL,319,5,21451.5
7/17/2024,AKJCL,BUY,179,5,20556.5
7/17/2024,BARUN,SELL,343.1,5,22272
7/17/2024,CIT,SELL,1998,5,32262
7/17/2024,HPPL,SELL,324,5,33882
7/17/2024,HURJA,SELL,213,5,34947
7/17/2024,JOSHI,SELL,327.2,5,36583
7/18/2024,AKJCL,BUY,196.9,5,35598.5
7/18/2024,BARUN,SELL,344.7,5,37322
7/18/2024,CIT,SELL,2022,5,47432
7/18/2024,HPPL,SELL,325,5,49057
7/18/2024,HURJA,SELL,213,5,50122
7/18/2024,JOSHI,SELL,326,5,51752
7/21/2024,AKJCL,BUY,199,5,50757
7/21/2024,BARUN,SELL,335.9,5,52436.5
7/21/2024,CIT,SELL,2105,5,62961.5
7/21/2024,HURJA,SELL,224.9,5,64086
7/21/2024,JOSHI,SELL,326,5,65716
7/22/2024,AKJCL,SELL,205,5,66741
7/22/2024,BARUN,SELL,333,5,68406
7/22/2024,CIT,SELL,2100,5,78906
7/22/2024,HURJA,SELL,225.9,5,80035.5
7/22/2024,JOSHI,SELL,324,5,81655.5
7/23/2024,AKJCL,SELL,207.7,5,82694
7/23/2024,BARUN,SELL,349.9,5,84443.5
7/23/2024,CIT,SELL,2164,5,95263.5
7/23/2024,HURJA,SELL,248.4,5,96505.5
7/23/2024,JOSHI,SELL,338,5,98195.5
7/24/2024,AKJCL,SELL,202,5,99205.5
7/24/2024,BARUN,SELL,354,5,100975.5
7/24/2024,CIT,SELL,2129,5,111620.5
7/24/2024,HURJA,SELL,242,5,112830.5
7/24/2024,JOSHI,SELL,331,5,114485.5
7/25/2024,AKJCL,SELL,200,5,115485.5
7/25/2024,HURJA,SELL,235,5,116660.5
7/28/2024,AKJCL,SELL,202.1,5,117671
7/28/2024,HURJA,SELL,235,5,118846
7/29/2024,DHPL,BUY,234,5,117676
7/29/2024,HURJA,SELL,229,5,118821
7/29/2024,JOSHI,BUY,318.5,5,117228.5
7/30/2024,DHPL,BUY,235,5,116053.5
7/30/2024,JOSHI,BUY,322,5,114443.5
7/31/2024,DHPL,SELL,258.5,5,115736
7/31/2024,JOSHI,SELL,330.2,5,117387
8/1/2024,DHPL,SELL,259.5,5,118684.5
8/1/2024,EDBL,BUY,524,5,116064.5
8/1/2024,HURJA,BUY,234,5,114894.5
8/1/2024,JOSHI,SELL,336,5,116574.5
8/1/2024,NICA,BUY,517,5,113989.5
8/5/2024,EDBL,BUY,527,5,111354.5
8/5/2024,HURJA,BUY,233,5,110189.5
8/5/2024,NICA,BUY,495.9,5,107710
8/5/2024,NMB,BUY,259.1,5,106414.5
8/6/2024,AKJCL,BUY,195.4,5,105437.5
8/6/2024,BARUN,BUY,369,5,103592.5
8/6/2024,CZBIL,BUY,231,5,102437.5
8/6/2024,DHPL,BUY,237.9,5,101248
8/6/2024,EDBL,BUY,490.1,5,98797.5
8/6/2024,HPPL,BUY,342,5,97087.5
8/6/2024,HURJA,BUY,219,5,95992.5
8/6/2024,ICFC,BUY,679,5,92597.5
8/6/2024,JBBL,BUY,352,5,90837.5
8/6/2024,JOSHI,BUY,324,5,89217.5
8/6/2024,KKHC,BUY,273,5,87852.5
8/6/2024,KSBBL,BUY,485,5,85427.5
8/6/2024,LBBL,BUY,462,5,83117.5
8/6/2024,LICN,BUY,1655,5,74842.5
8/6/2024,MFIL,BUY,692.5,5,71380
8/6/2024,MLBL,BUY,413,5,69315
8/6/2024,NHPC,BUY,192.9,5,68350.5
8/6/2024,NICA,BUY,474.4,5,65978.5
8/6/2024,NMB,BUY,238,5,64788.5
8/6/2024,PCBL,BUY,273,5,63423.5
8/6/2024,SANIMA,BUY,310,5,61873.5
8/7/2024,AKJCL,BUY,199,5,60878.5
8/7/2024,BARUN,SELL,377,5,62763.5
8/7/2024,CZBIL,BUY,239.5,5,61566
8/7/2024,DHPL,SELL,247,5,62801
8/7/2024,EDBL,BUY,516.8,5,60217
8/7/2024,HPPL,SELL,360,5,62017
8/7/2024,HURJA,BUY,225,5,60892
8/7/2024,ICFC,BUY,723,5,57277
8/7/2024,JBBL,BUY,366.5,5,55444.5
8/7/2024,JOSHI,SELL,335,5,57119.5
8/7/2024,KKHC,SELL,285,5,58544.5
8/7/2024,KSBBL,SELL,496,5,61024.5
8/7/2024,LBBL,SELL,479,5,63419.5
8/7/2024,LICN,SELL,1700,5,71919.5
8/7/2024,MFIL,SELL,735,5,75594.5
8/7/2024,MLBL,SELL,441,5,77799.5
8/7/2024,NHPC,SELL,203,5,78814.5
8/7/2024,NICA,BUY,483,5,76399.5
8/7/2024,NMB,BUY,241,5,75194.5
8/7/2024,PCBL,BUY,279.4,5,73797.5
8/7/2024,SANIMA,BUY,329,5,72152.5
8/8/2024,AKJCL,BUY,198,5,71162.5
8/8/2024,CZBIL,BUY,233,5,69997.5
8/8/2024,DHPL,BUY,240,5,68797.5
8/8/2024,EDBL,BUY,520.4,5,66195.5
8/8/2024,HPPL,BUY,351.1,5,64440
8/8/2024,HURJA,SELL,232.5,5,65602.5
8/8/2024,ICFC,BUY,710,5,62052.5
8/8/2024,JBBL,BUY,360,5,60252.5
8/8/2024,LBBL,BUY,477,5,57867.5
8/8/2024,NABIL,BUY,630,5,54717.5
8/8/2024,NICA,BUY,487,5,52282.5
8/8/2024,NMB,BUY,236.9,5,51098
8/8/2024,PCBL,BUY,276,5,49718
8/8/2024,SANIMA,BUY,328,5,48078
8/11/2024,AKJCL,SELL,217.8,5,49167
8/11/2024,CZBIL,BUY,243,5,47952
8/11/2024,DHPL,SELL,261,5,49257
8/11/2024,EDBL,SELL,539.9,5,51956.5
8/11/2024,HPPL,SELL,370,5,53806.5
8/11/2024,HURJA,SELL,243.2,5,55022.5
8/11/2024,ICFC,BUY,725,5,51397.5
8/11/2024,JBBL,SELL,374,5,53267.5
8/11/2024,LBBL,SELL,494,5,55737.5
8/11/2024,NABIL,BUY,639.1,5,52542
8/11/2024,NICA,BUY,504.3,5,50020.5
8/11/2024,NMB,BUY,249.1,5,48775
8/11/2024,PCBL,SELL,291.8,5,50234
8/11/2024,SANIMA,BUY,338.5,5,48541.5
8/12/2024,AKJCL,SELL,239.5,5,49739
8/12/2024,CZBIL,SELL,254,5,51009
8/12/2024,EDBL,SELL,539,5,53704
8/12/2024,HURJA,SELL,260,5,55004
8/12/2024,ICFC,SELL,756,5,58784
8/12/2024,JBBL,SELL,386,5,60714
8/12/2024,NABIL,SELL,646.9,5,63948.5
8/12/2024,NICA,SELL,525,5,66573.5
8/12/2024,NMB,SELL,258,5,67863.5
8/12/2024,PCBL,SELL,296.4,5,69345.5
8/12/2024,SANIMA,SELL,347.4,5,71082.5
8/13/2024,AKJCL,SELL,246.7,5,72316
8/13/2024,BARUN,BUY,386,5,70386
8/13/2024,CZBIL,SELL,254,5,71656
8/13/2024,EDBL,BUY,525.5,5,69028.5
8/13/2024,HURJA,SELL,260,5,70328.5
8/13/2024,ICFC,SELL,781,5,74233.5
8/13/2024,JBBL,SELL,381,5,76138.5
8/13/2024,NABIL,SELL,647.9,5,79378
8/13/2024,NICA,SELL,516,5,81958
8/13/2024,NMB,BUY,255.1,5,80682.5
8/13/2024,PCBL,SELL,297,5,82167.5
8/13/2024,SANIMA,SELL,349,5,83912.5
8/14/2024,BARUN,SELL,392,5,85872.5
8/14/2024,CZBIL,SELL,260,5,87172.5
8/14/2024,EDBL,SELL,549,5,89917.5
8/14/2024,ICFC,SELL,838,5,94107.5
8/14/2024,NICA,SELL,520,5,96707.5
8/14/2024,NMB,SELL,257,5,97992.5
8/14/2024,SANIMA,SELL,347.1,5,99728
8/15/2024,CZBIL,SELL,277.5,5,101115.5
8/15/2024,EDBL,SELL,561,5,103920.5
8/15/2024,ICFC,SELL,821,5,108025.5
8/15/2024,NICA,SELL,545.1,5,110751
8/15/2024,NMB,SELL,281.2,5,112157
8/15/2024,SANIMA,SELL,367,5,113992
8/18/2024,EDBL,SELL,549,5,116737
8/18/2024,NICA,SELL,537.7,5,119425.5
8/18/2024,NMB,SELL,280.6,5,120828.5
8/21/2024,BARUN,BUY,388.1,5,118888
8/21/2024,EDBL,SELL,545,5,121613
8/21/2024,MLBL,BUY,454,5,119343
8/21/2024,NICA,SELL,530,5,121993
8/21/2024,NMB,SELL,279.1,5,123388.5
8/22/2024,BARUN,BUY,388,5,121448.5
8/22/2024,MLBL,SELL,485,5,123873.5
8/22/2024,NMB,SELL,283,5,125288.5
8/25/2024,ADBL,BUY,399,5,123293.5
8/25/2024,AKJCL,BUY,235,5,122118.5
8/25/2024,BARUN,BUY,380,5,120218.5
8/25/2024,DHPL,BUY,267,5,118883.5
8/25/2024,HURJA,BUY,252.5,5,117621
8/25/2024,KKHC,BUY,305,5,116096
8/25/2024,NABIL,BUY,636.9,5,112911.5
8/25/2024,NHPC,BUY,249,5,111666.5
8/25/2024,NICA,BUY,516,5,109086.5
8/25/2024,PROFL,BUY,707.9,5,105547
8/27/2024,ADBL,BUY,382,5,103637
8/27/2024,AHPC,BUY,306,5,102107
8/27/2024,AKJCL,BUY,219,5,101012
8/27/2024,BARUN,BUY,352,5,99252
8/27/2024,CIT,BUY,2414.9,5,87177.5
8/27/2024,CZBIL,BUY,250,5,85927.5
8/27/2024,DHPL,BUY,255,5,84652.5
8/27/2024,HPPL,BUY,396.4,5,82670.5
8/27/2024,HURJA,BUY,235,5,81495.5
8/27/2024,ICFC,BUY,804,5,77475.5
8/27/2024,JOSHI,BUY,347,5,75740.5
8/27/2024,KKHC,BUY,286.6,5,74307.5
8/27/2024,KSBBL,BUY,511,5,71752.5
8/27/2024,LBBL,BUY,512,5,69192.5
8/27/2024,MFIL,BUY,782.1,5,65282
8/27/2024,MLBL,BUY,438,5,63092
8/27/2024,NABIL,BUY,605.6,5,60064
8/27/2024,NHPC,BUY,229.9,5,58914.5
8/27/2024,NICA,BUY,497,5,56429.5
8/27/2024,NMB,BUY,261.9,5,55120
8/27/2024,PCBL,BUY,288.5,5,53677.5
8/27/2024,PROFL,BUY,668,5,50337.5
8/27/2024,SANIMA,BUY,351,5,48582.5
8/28/2024,ADBL,BUY,382.5,5,46670
8/28/2024,AHPC,BUY,308,5,45130
8/28/2024,AKJCL,BUY,226.5,5,43997.5
8/28/2024,BARUN,BUY,360,5,42197.5
8/28/2024,CIT,BUY,2391.1,5,30242
8/28/2024,CZBIL,BUY,249,5,28997
8/28/2024,DHPL,BUY,248.5,5,27754.5
8/28/2024,HPPL,BUY,394,5,25784.5
8/28/2024,HURJA,BUY,241,5,24579.5
8/28/2024,ICFC,BUY,792,5,20619.5
8/28/2024,JBBL,BUY,392.9,5,18655
8/28/2024,JOSHI,BUY,338.9,5,16960.5
8/28/2024,KKHC,BUY,290.9,5,15506
8/28/2024,KSBBL,BUY,510.2,5,12955
8/28/2024,LBBL,BUY,510,5,10405
8/28/2024,MFIL,BUY,780,5,6505
8/28/2024,MLBL,BUY,439,5,4310
8/28/2024,NABIL,BUY,616,5,1230
8/28/2024,NHPC,BUY,236,5,50
9/1/2024,HPPL,SELL,423,5,2165
9/1/2024,HURJA,BUY,239,5,970
9/2/2024,AHPC,SELL,322.6,5,2583
9/2/2024,AKJCL,BUY,237,5,1398
9/2/2024,CZBIL,BUY,248,5,158
9/2/2024,HPPL,SELL,463,5,2473
9/2/2024,HURJA,BUY,253,5,1208
9/2/2024,ICFC,SELL,817,5,5293
9/2/2024,JBBL,SELL,398.1,5,7283.5
9/2/2024,JOSHI,BUY,350,5,5533.5
9/2/2024,KKHC,BUY,298.8,5,4039.5
9/2/2024,KSBBL,SELL,525.3,5,6666
9/2/2024,LBBL,BUY,515,5,4091
9/2/2024,MFIL,BUY,790,5,141
9/2/2024,NHPC,SELL,248.6,5,1384
9/2/2024,NMB,BUY,261.6,5,76
9/3/2024,AKJCL,SELL,238,5,1266
9/3/2024,CZBIL,BUY,247,5,31
9/3/2024,KSBBL,SELL,529,5,2676
9/3/2024,LBBL,SELL,523.1,5,5291.5
9/3/2024,MFIL,BUY,782,5,1381.5
9/3/2024,NHPC,SELL,255,5,2656.5
9/3/2024,NICA,BUY,498,5,166.5
9/12/2024,AKJCL,SELL,224,5,1286.5
9/12/2024,CZBIL,SELL,240,5,2486.5
9/12/2024,DHPL,SELL,254.9,5,3761
9/12/2024,EBL,BUY,705,5,236
9/12/2024,JOSHI,SELL,329,5,1881
9/12/2024,KKHC,BUY,266,5,551
9/12/2024,NMB,SELL,250,5,1801
9/12/2024,PCBL,BUY,270,5,451
9/12/2024,PROFL,SELL,647,5,3686
9/12/2024,SANIMA,BUY,331.2,5,2030
9/15/2024,ADBL,BUY,360,5,230
9/15/2024,CZBIL,SELL,237,5,1415
9/15/2024,DHPL,SELL,253,5,2680
9/15/2024,HPPL,BUY,339,5,985
9/16/2024,EBL,SELL,709,5,4530
9/16/2024,EDBL,BUY,641.8,5,1321
9/16/2024,HURJA,BUY,219,5,226
9/18/2024,CZBIL,SELL,235,5,1401
9/18/2024,DHPL,BUY,241,5,196
9/18/2024,NMB,SELL,250,5,1446
9/18/2024,PCBL,SELL,273,5,2811
9/18/2024,SANIMA,BUY,326.1,5,1180.5
9/22/2024,AKJCL,BUY,207.1,5,145
9/22/2024,CZBIL,SELL,233,5,1310
9/22/2024,DHPL,BUY,245,5,85
9/22/2024,PCBL,SELL,274,5,1455
9/22/2024,SANIMA,SELL,330,5,3105
9/23/2024,ADBL,BUY,354,5,1335
9/23/2024,AHPC,BUY,263.9,5,15.5
9/23/2024,EDBL,SELL,679,5,3410.5
9/23/2024,HPPL,BUY,301.3,5,1904
9/23/2024,HURJA,BUY,210,5,854
9/23/2024,NABIL,SELL,568,5,3694
9/23/2024,NHPC,BUY,213,5,2629
9/23/2024,NICA,BUY,444.5,5,406.5
9/25/2024,ADBL,SELL,359,5,2201.5
9/25/2024,AHPC,BUY,265,5,876.5
9/25/2024,SANIMA,SELL,327.6,5,2514.5
9/26/2024,ADBL,SELL,357,5,4299.5
9/26/2024,AHPC,BUY,255,5,3024.5
9/26/2024,AKJCL,BUY,195,5,2049.5
9/26/2024,BARUN,BUY,326.5,5,417
9/26/2024,KKHC,SELL,256.7,5,1700.5
9/26/2024,NHPC,BUY,203.8,5,681.5
9/26/2024,SANIMA,SELL,330.6,5,2334.5
9/29/2024,ADBL,BUY,352.3,5,573
9/29/2024,KKHC,SELL,258,5,1863
9/29/2024,NHPC,BUY,198.3,5,871.5
9/30/2024,ADBL,SELL,357.5,5,2659
9/30/2024,AHPC,BUY,259,5,1364
9/30/2024,AKJCL,BUY,192.5,5,401.5
9/30/2024,KKHC,SELL,259.8,5,1700.5
9/30/2024,NHPC,BUY,204,5,680.5
10/1/2024,ADBL,SELL,370.1,5,2531
10/1/2024,AHPC,SELL,281.4,5,3938
10/1/2024,AKJCL,SELL,209.9,5,4987.5
10/1/2024,BARUN,SELL,351,5,6742.5
10/1/2024,CIT,SELL,2191,5,17697.5
10/1/2024,DHPL,SELL,238,5,18887.5
10/1/2024,EBL,BUY,615,5,15812.5
10/1/2024,HPPL,SELL,318.9,5,17407
10/1/2024,HURJA,SELL,218,5,18497
10/1/2024,ICFC,SELL,730.4,5,22149
10/1/2024,JOSHI,BUY,290,5,20699
10/1/2024,KKHC,SELL,272,5,22059
10/1/2024,KSBBL,BUY,450,5,19809
10/1/2024,LBBL,SELL,474,5,22179
10/1/2024,MFIL,SELL,692.3,5,25640.5
10/1/2024,MLBL,SELL,410,5,27690.5
10/1/2024,NABIL,SELL,568,5,30530.5
10/1/2024,NHPC,SELL,222.9,5,31645
10/1/2024,NICA,SELL,458.7,5,33938.5
10/1/2024,PROFL,SELL,586.3,5,36870
10/2/2024,ADBL,SELL,369,5,38715
10/2/2024,AHPC,SELL,270,5,40065
10/2/2024,AKJCL,SELL,205.1,5,41090.5
10/2/2024,BARUN,SELL,350,5,42840.5
10/2/2024,CIT,SELL,2170,5,53690.5
10/2/2024,DHPL,BUY,229,5,52545.5
10/2/2024,EBL,BUY,603,5,49530.5
10/2/2024,HPPL,SELL,313,5,51095.5
10/2/2024,HURJA,SELL,215,5,52170.5
10/2/2024,JOSHI,BUY,286,5,50740.5
10/2/2024,KKHC,SELL,266,5,52070.5
10/2/2024,KSBBL,BUY,446,5,49840.5
10/2/2024,LBBL,SELL,476,5,52220.5
10/2/2024,MFIL,SELL,698,5,55710.5
10/2/2024,MLBL,SELL,399,5,57705.5
10/2/2024,NABIL,SELL,565,5,60530.5
10/2/2024,NHPC,SELL,216,5,61610.5
10/2/2024,NICA,SELL,462,5,63920.5
10/6/2024,ADBL,SELL,378,5,65810.5
10/6/2024,AHPC,SELL,276,5,67190.5
10/6/2024,AKJCL,SELL,213,5,68255.5
10/6/2024,BARUN,SELL,358,5,70045.5
10/6/2024,DHPL,SELL,239.4,5,71242.5
10/6/2024,EBL,BUY,603,5,68227.5
10/6/2024,HURJA,SELL,218.1,5,69318
10/6/2024,JOSHI,SELL,292,5,70778
10/6/2024,KSBBL,BUY,457,5,68493
10/6/2024,MFIL,SELL,740,5,72193
10/6/2024,NHPC,SELL,220,5,73293
10/6/2024,NICA,SELL,474,5,75663
10/7/2024,AHPC,SELL,278,5,77053
10/7/2024,AKJCL,SELL,216,5,78133
10/7/2024,BARUN,SELL,357,5,79918
10/7/2024,DHPL,SELL,246,5,81148
10/7/2024,EBL,SELL,612.7,5,84211.5
10/7/2024,HURJA,SELL,225.8,5,85340.5
10/7/2024,JOSHI,SELL,316.6,5,86923.5
10/7/2024,KSBBL,SELL,466,5,89253.5
10/7/2024,MFIL,SELL,738,5,92943.5
10/7/2024,NHPC,SELL,226.4,5,94075.5
10/7/2024,NICA,SELL,475,5,96450.5
10/8/2024,AHPC,SELL,274.9,5,97825
10/8/2024,AKJCL,SELL,212,5,98885
10/8/2024,BARUN,SELL,354,5,100655
10/8/2024,DHPL,SELL,250,5,101905
10/8/2024,EBL,SELL,613.5,5,104972.5
10/8/2024,HURJA,SELL,222.6,5,106085.5
10/8/2024,JOSHI,SELL,316,5,107665.5
10/8/2024,KSBBL,SELL,462.9,5,109980
10/8/2024,NHPC,SELL,222,5,111090
10/9/2024,BARUN,SELL,356,5,112870
10/9/2024,EBL,SELL,613.1,5,115935.5
10/9/2024,EDBL,BUY,648,5,112695.5
10/9/2024,HURJA,SELL,220,5,113795.5
10/9/2024,JOSHI,SELL,318,5,115385.5
10/9/2024,KSBBL,SELL,462,5,117695.5
10/9/2024,LICN,BUY,2099,5,107200.5
10/9/2024,SANIMA,BUY,342.3,5,105489
10/15/2024,EDBL,SELL,656,5,108769
10/15/2024,HURJA,SELL,222,5,109879
10/15/2024,KKHC,BUY,264,5,108559
10/15/2024,LICN,BUY,2101,5,98054
10/15/2024,SANIMA,SELL,345.2,5,99780
10/16/2024,KKHC,SELL,274,5,101150
10/16/2024,LICN,SELL,2115.1,5,111725.5
10/17/2024,EDBL,BUY,650,5,108475.5
10/17/2024,LICN,SELL,2120,5,119075.5
10/17/2024,SANIMA,BUY,348,5,117335.5
10/20/2024,AKJCL,BUY,213,5,116270.5
10/20/2024,DHPL,BUY,247,5,115035.5
10/20/2024,EDBL,BUY,643.1,5,111820
10/20/2024,JBBL,BUY,355,5,110045
10/20/2024,KKHC,BUY,262.9,5,108730.5
10/20/2024,KSBBL,BUY,458,5,106440.5
10/20/2024,LBBL,BUY,483,5,104025.5
10/20/2024,LICN,BUY,2079,5,93630.5
10/20/2024,MFIL,BUY,723,5,90015.5
10/20/2024,MLBL,BUY,409.5,5,87968
10/20/2024,NHPC,BUY,224,5,86848
10/20/2024,SANIMA,BUY,340.5,5,85145.5
10/21/2024,ADBL,BUY,377.6,5,83257.5
10/21/2024,AHPC,BUY,265.1,5,81932
10/21/2024,AKJCL,BUY,208.4,5,80890
10/21/2024,CIT,BUY,2190,5,69940
10/21/2024,DHPL,BUY,237.6,5,68752
10/21/2024,EBL,BUY,606.1,5,65721.5
10/21/2024,EDBL,BUY,647,5,62486.5
10/21/2024,HPPL,BUY,315.1,5,60911
10/21/2024,HURJA,BUY,219,5,59816
10/21/2024,ICFC,BUY,731,5,56161
10/21/2024,JBBL,BUY,347,5,54426
10/21/2024,JOSHI,BUY,302,5,52916
10/21/2024,KKHC,BUY,258.9,5,51621.5
10/21/2024,KSBBL,BUY,446.1,5,49391
10/21/2024,LBBL,BUY,473.4,5,47024
10/21/2024,LICN,BUY,2043,5,36809
10/21/2024,MFIL,BUY,698,5,33319
10/21/2024,MLBL,BUY,400,5,31319
10/21/2024,NABIL,BUY,585.5,5,28391.5
10/21/2024,NHPC,BUY,220,5,27291.5
10/21/2024,NICA,BUY,469.2,5,24945.5
10/21/2024,PCBL,BUY,283.3,5,23529
10/21/2024,PROFL,BUY,620,5,20429
10/21/2024,SANIMA,BUY,334,5,18759
10/22/2024,ADBL,BUY,378.1,5,16868.5
10/22/2024,AHPC,BUY,267.6,5,15530.5
10/22/2024,AKJCL,BUY,212,5,14470.5
10/22/2024,CIT,BUY,2195,5,3495.5
10/22/2024,CZBIL,BUY,252,5,2235.5
10/22/2024,DHPL,BUY,241,5,1030.5
10/22/2024,HURJA,SELL,224.6,5,2153.5
10/22/2024,JBBL,BUY,354.1,5,383
10/22/2024,PCBL,SELL,294,5,1853
10/22/2024,PROFL,SELL,648,5,5093
10/22/2024,SANIMA,BUY,336.2,5,3412
10/23/2024,ADBL,BUY,367,5,1577
10/23/2024,AHPC,BUY,266,5,247
10/23/2024,ICFC,SELL,823.9,5,4366.5
10/23/2024,JBBL,BUY,354,5,2596.5
10/23/2024,JOSHI,BUY,308.9,5,1052
10/23/2024,MFIL,SELL,768,5,4892
10/23/2024,MLBL,BUY,398,5,2902
10/23/2024,NHPC,BUY,220.1,5,1801.5
10/23/2024,NMB,BUY,263.9,5,482
10/24/2024,MFIL,SELL,755.1,5,4257.5
10/24/2024,MLBL,BUY,397.7,5,2269
10/24/2024,NHPC,BUY,220,5,1169
10/27/2024,AKJCL,BUY,207.5,5,131.5
10/28/2024,AHPC,SELL,277,5,1516.5
10/28/2024,AKJCL,BUY,210.8,5,462.5
10/28/2024,HPPL,SELL,334.7,5,2136
10/28/2024,HURJA,BUY,222,5,1026
10/28/2024,JBBL,SELL,358,5,2816
10/28/2024,JOSHI,BUY,309,5,1271
10/28/2024,KKHC,SELL,267,5,2606
10/28/2024,KSBBL,BUY,453,5,341
10/28/2024,NHPC,SELL,227,5,1476
10/28/2024,NMB,BUY,260.9,5,171.5
10/29/2024,AHPC,SELL,279.9,5,1571
10/29/2024,AKJCL,SELL,216.5,5,2653.5
10/29/2024,CZBIL,BUY,242,5,1443.5
10/29/2024,DHPL,SELL,252,5,2703.5
10/29/2024,EDBL,SELL,655,5,5978.5
10/29/2024,HURJA,SELL,225,5,7103.5
10/29/2024,JBBL,SELL,364,5,8923.5
10/29/2024,JOSHI,SELL,316,5,10503.5
10/29/2024,KKHC,SELL,285,5,11928.5
10/29/2024,KSBBL,SELL,459,5,14223.5
10/29/2024,LBBL,SELL,484,5,16643.5
10/29/2024,LICN,BUY,1250,5,10393.5
10/29/2024,MLBL,SELL,405.8,5,12422.5
10/29/2024,NABIL,BUY,591.8,5,9463.5
10/29/2024,NHPC,SELL,231.5,5,10621
10/29/2024,NICA,BUY,450.9,5,8366.5
10/29/2024,NMB,BUY,262,5,7056.5
10/29/2024,PCBL,BUY,287,5,5621.5
10/29/2024,SANIMA,BUY,329,5,3976.5
10/30/2024,ADBL,BUY,371.5,5,2119
10/30/2024,AHPC,SELL,275,5,3494
10/30/2024,AKJCL,SELL,213,5,4559
10/30/2024,CZBIL,BUY,236.5,5,3376.5
10/30/2024,DHPL,SELL,248,5,4616.5
10/30/2024,EBL,BUY,603.9,5,1597
10/30/2024,EDBL,SELL,720,5,5197
10/30/2024,HURJA,BUY,217,5,4112
10/30/2024,JBBL,SELL,357.1,5,5897.5
10/30/2024,JOSHI,SELL,315,5,7472.5
10/30/2024,KSBBL,SELL,459,5,9767.5
10/30/2024,LBBL,SELL,481,5,12172.5
10/30/2024,LICN,BUY,1190,5,6222.5
10/30/2024,MLBL,BUY,397,5,4237.5
10/30/2024,NABIL,BUY,576,5,1357.5
10/30/2024,NHPC,SELL,227.8,5,2496.5
10/30/2024,NICA,BUY,445.8,5,267.5
11/5/2024,AKJCL,SELL,211.5,5,1325
11/5/2024,CZBIL,BUY,232,5,165
11/5/2024,DHPL,SELL,251,5,1420
11/5/2024,EDBL,SELL,677,5,4805
11/5/2024,HURJA,BUY,215.1,5,3729.5
11/5/2024,JBBL,SELL,357,5,5514.5
11/5/2024,JOSHI,SELL,313,5,7079.5
11/5/2024,KSBBL,SELL,456,5,9359.5
11/5/2024,LICN,BUY,1200,5,3359.5
11/5/2024,MLBL,BUY,397.5,5,1372
11/5/2024,NHPC,SELL,226.9,5,2506.5
11/5/2024,NICA,BUY,444,5,286.5
11/6/2024,AKJCL,SELL,212,5,1346.5
11/6/2024,CZBIL,BUY,232,5,186.5
11/6/2024,MLBL,SELL,403.2,5,2202.5
11/6/2024,NICA,BUY,440,5,2.5
11/6/2024,SANIMA,SELL,328,5,1642.5
11/10/2024,ADBL,SELL,369.9,5,3492
11/10/2024,AKJCL,SELL,225,5,4617
11/10/2024,CIT,SELL,2225,5,15742
11/10/2024,CZBIL,SELL,238,5,16932
11/10/2024,EBL,SELL,607.9,5,19971.5
11/10/2024,HURJA,SELL,223,5,21086.5
11/10/2024,LICN,BUY,1185,5,15161.5
11/10/2024,MLBL,SELL,415.5,5,17239
11/10/2024,NABIL,BUY,570,5,14389
11/10/2024,NICA,SELL,449.8,5,16638
11/10/2024,NMB,SELL,264,5,17958
11/10/2024,PCBL,BUY,284.5,5,16535.5
11/10/2024,SANIMA,SELL,326,5,18165.5
11/11/2024,ADBL,SELL,370,5,20015.5
11/11/2024,CIT,SELL,2236,5,31195.5
11/11/2024,CZBIL,SELL,242,5,32405.5
11/11/2024,EBL,SELL,619,5,35500.5
11/11/2024,HURJA,SELL,225.5,5,36628
11/11/2024,ICFC,BUY,804.7,5,32604.5
11/11/2024,LICN,BUY,1220,5,26504.5
11/11/2024,MLBL,SELL,415,5,28579.5
11/11/2024,NABIL,BUY,569,5,25734.5
11/11/2024,NICA,SELL,454,5,28004.5
11/11/2024,NMB,SELL,268,5,29344.5
11/11/2024,PCBL,SELL,284,5,30764.5
11/11/2024,SANIMA,SELL,327,5,32399.5
11/12/2024,ADBL,SELL,369,5,34244.5
11/12/2024,AKJCL,BUY,212.9,5,33180
11/12/2024,CZBIL,SELL,241.1,5,34385.5
11/12/2024,ICFC,BUY,798,5,30395.5
11/12/2024,LICN,BUY,1233,5,24230.5
11/12/2024,MLBL,SELL,416.8,5,26314.5
11/12/2024,NABIL,BUY,566.2,5,23483.5
11/12/2024,NICA,SELL,457,5,25768.5
11/12/2024,NMB,SELL,268,5,27108.5
11/12/2024,PCBL,SELL,283,5,28523.5
11/12/2024,SANIMA,BUY,323,5,26908.5
11/13/2024,ADBL,BUY,367.2,5,25072.5
11/13/2024,AKJCL,BUY,210,5,24022.5
11/13/2024,CZBIL,BUY,236,5,22842.5
11/13/2024,ICFC,SELL,806.3,5,26874
11/13/2024,LICN,SELL,1221,5,32979
11/13/2024,MLBL,SELL,422,5,35089
11/13/2024,NABIL,BUY,561,5,32284
11/13/2024,NHPC,BUY,227.4,5,31147
11/13/2024,NICA,SELL,451.7,5,33405.5
11/13/2024,NMB,BUY,261,5,32100.5
11/13/2024,PCBL,BUY,278.3,5,30709
11/13/2024,SANIMA,BUY,321.5,5,29101.5
11/14/2024,ADBL,BUY,365.1,5,27276
11/14/2024,AKJCL,BUY,211.1,5,26220.5
11/14/2024,CZBIL,BUY,236,5,25040.5
11/14/2024,EDBL,BUY,666,5,21710.5
11/14/2024,ICFC,BUY,800,5,17710.5
11/14/2024,LICN,SELL,1220,5,23810.5
11/14/2024,NABIL,BUY,562,5,21000.5
11/14/2024,NHPC,BUY,228.7,5,19857
11/14/2024,NICA,BUY,445.1,5,17631.5
11/14/2024,NMB,BUY,260,5,16331.5
11/14/2024,PCBL,SELL,282.6,5,17744.5
11/14/2024,SANIMA,BUY,322.8,5,16130.5
11/17/2024,ADBL,BUY,363,5,14315.5
11/17/2024,AKJCL,BUY,214.8,5,13241.5
11/17/2024,CZBIL,BUY,235,5,12066.5
11/17/2024,EBL,BUY,608,5,9026.5
11/17/2024,EDBL,BUY,660,5,5726.5
11/17/2024,ICFC,BUY,791,5,1771.5
11/17/2024,LICN,SELL,1220,5,7871.5
11/17/2024,NABIL,BUY,562.1,5,5061
11/17/2024,NHPC,SELL,233.9,5,6230.5
11/17/2024,NICA,BUY,440.3,5,4029
11/17/2024,NMB,SELL,263.3,5,5345.5
11/17/2024,SANIMA,BUY,323,5,3730.5
11/19/2024,ADBL,BUY,359.1,5,1935
11/19/2024,AHPC,BUY,284.4,5,513
11/20/2024,AKJCL,SELL,215,5,1588
11/20/2024,CZBIL,BUY,232,5,428
11/20/2024,EBL,SELL,609.9,5,3477.5
11/20/2024,EDBL,BUY,669,5,132.5
11/20/2024,LICN,SELL,1211.9,5,6192
11/20/2024,MFIL,BUY,773,5,2327
11/20/2024,NHPC,BUY,227,5,1192
11/21/2024,AKJCL,BUY,211.1,5,136.5
11/26/2024,AHPC,SELL,285,5,1561.5
11/26/2024,AKJCL,SELL,212,5,2621.5
11/26/2024,CZBIL,SELL,233.7,5,3790
11/26/2024,EDBL,BUY,639,5,595
11/26/2024,NHPC,SELL,232,5,1755
11/26/2024,NMB,SELL,261,5,3060
11/26/2024,PCBL,BUY,271.6,5,1702
11/26/2024,SANIMA,BUY,318,5,112
11/27/2024,AKJCL,SELL,213,5,1177
11/27/2024,CZBIL,SELL,237,5,2362
11/27/2024,EDBL,SELL,669.9,5,5711.5
11/27/2024,ICFC,BUY,775,5,1836.5
11/27/2024,LICN,SELL,1295,5,8311.5
11/27/2024,MFIL,SELL,785,5,12236.5
11/27/2024,NABIL,BUY,548,5,9496.5
11/27/2024,NHPC,SELL,233,5,10661.5
11/27/2024,NICA,SELL,436.9,5,12846
11/27/2024,PCBL,BUY,274,5,11476
11/27/2024,SANIMA,SELL,320,5,13076
11/28/2024,ADBL,SELL,360,5,14876
11/28/2024,AKJCL,BUY,211,5,13821
11/28/2024,BARUN,BUY,426.2,5,11690
11/28/2024,CZBIL,BUY,232,5,10530
11/28/2024,EDBL,SELL,682.9,5,13944.5
11/28/2024,ICFC,BUY,761,5,10139.5
11/28/2024,LICN,SELL,1400,5,17139.5
11/28/2024,MFIL,BUY,768,5,13299.5
11/28/2024,NABIL,BUY,540,5,10599.5
11/28/2024,NICA,SELL,435.3,5,12776
11/28/2024,PCBL,BUY,272,5,11416
11/28/2024,PROFL,BUY,710.9,5,7861.5
11/28/2024,SANIMA,SELL,323,5,9476.5
12/1/2024,ADBL,BUY,355.6,5,7698.5
12/1/2024,AHPC,BUY,278,5,6308.5
12/1/2024,AKJCL,BUY,208,5,5268.5
12/1/2024,BARUN,SELL,434,5,7438.5
12/1/2024,CZBIL,BUY,227,5,6303.5
12/1/2024,DHPL,BUY,266,5,4973.5
12/1/2024,EBL,BUY,605.6,5,1945.5
12/1/2024,EDBL,SELL,749,5,5690.5
12/1/2024,ICFC,BUY,752.1,5,1930
12/1/2024,KKHC,BUY,293,5,465
12/1/2024,LICN,SELL,1335,5,7140
12/1/2024,MFIL,BUY,755,5,3365
12/1/2024,NABIL,BUY,536,5,685
12/1/2024,SANIMA,SELL,319.2,5,2281
12/2/2024,ADBL,BUY,352.4,5,519
12/2/2024,AKJCL,SELL,212,5,1579
12/2/2024,CZBIL,BUY,223.7,5,460.5
12/2/2024,DHPL,SELL,284,5,1880.5
12/2/2024,EDBL,SELL,716,5,5460.5
12/2/2024,ICFC,BUY,745,5,1735.5
12/2/2024,KKHC,SELL,322.3,5,3347
12/2/2024,LICN,SELL,1460,5,10647
12/2/2024,MFIL,BUY,757,5,6862
12/2/2024,NABIL,BUY,534,5,4192
12/2/2024,NICA,BUY,427.9,5,2052.5
12/2/2024,NMB,BUY,253,5,787.5
12/2/2024,SANIMA,SELL,318.6,5,2380.5
12/3/2024,ADBL,BUY,351.6,5,622.5
12/3/2024,AKJCL,SELL,213,5,1687.5
12/3/2024,CZBIL,BUY,226,5,557.5
12/3/2024,PROFL,SELL,711,5,4112.5
12/3/2024,SANIMA,BUY,317,5,2527.5
12/4/2024,ADBL,BUY,352,5,767.5
12/4/2024,AKJCL,SELL,223.8,5,1886.5
12/4/2024,CZBIL,BUY,224,5,766.5
12/5/2024,AKJCL,SELL,217,5,1851.5
12/5/2024,CZBIL,BUY,223.7,5,733
12/11/2024,CZBIL,SELL,226.9,5,1867.5
12/11/2024,EBL,SELL,599.9,5,4867
12/11/2024,EDBL,BUY,677.5,5,1479.5
12/11/2024,HURJA,BUY,246,5,249.5
12/11/2024,NABIL,SELL,528,5,2889.5
12/11/2024,NHPC,BUY,229,5,1744.5
12/11/2024,NMB,BUY,248,5,504.5
12/11/2024,PCBL,SELL,262.2,5,1815.5
12/11/2024,SANIMA,SELL,316,5,3395.5
12/12/2024,ADBL,BUY,333,5,1730.5
12/12/2024,AHPC,BUY,265.1,5,405
12/12/2024,PCBL,SELL,264.9,5,1729.5
12/12/2024,SANIMA,BUY,310.9,5,175
12/16/2024,NHPC,SELL,232.4,5,1337
12/16/2024,NMB,BUY,241.6,5,129
12/16/2024,PCBL,SELL,259,5,1424
12/17/2024,AHPC,BUY,254,5,154
12/23/2024,CZBIL,SELL,217.9,5,1243.5
12/23/2024,HURJA,BUY,231,5,88.5
12/24/2024,ADBL,SELL,326.9,5,1723
12/24/2024,AHPC,BUY,253.5,5,455.5
12/24/2024,CZBIL,SELL,219.5,5,1553
12/24/2024,HURJA,BUY,232.6,5,390
12/24/2024,NMB,SELL,247,5,1625
12/24/2024,SANIMA,BUY,301,5,120
12/26/2024,ADBL,SELL,333.8,5,1789
12/26/2024,AHPC,BUY,253.7,5,520.5
12/26/2024,CZBIL,SELL,223.9,5,1640
12/26/2024,DHPL,BUY,309,5,95
12/26/2024,NICA,SELL,403,5,2110
12/26/2024,NMB,SELL,248.8,5,3354
12/26/2024,PROFL,BUY,632,5,194
12/26/2024,SANIMA,SELL,307,5,1729
12/29/2024,ADBL,SELL,333.9,5,3398.5
12/29/2024,AHPC,BUY,249,5,2153.5
12/29/2024,AKJCL,BUY,197,5,1168.5
12/29/2024,CZBIL,SELL,221.9,5,2278
12/29/2024,DHPL,BUY,300.3,5,776.5
12/29/2024,NMB,SELL,246,5,2006.5
12/29/2024,PCBL,BUY,258.2,5,715.5
12/31/2024,CZBIL,SELL,219.1,5,1811
12/31/2024,DHPL,BUY,288,5,371
12/31/2024,PCBL,SELL,259,5,1666
12/31/2024,SANIMA,BUY,299.9,5,166.5
1/1/2025,CZBIL,SELL,220,5,1266.5
1/1/2025,HURJA,BUY,221.6,5,158.5
1/2/2025,CZBIL,SELL,220,5,1258.5
1/2/2025,HURJA,BUY,224,5,138.5
1/5/2025,HURJA,SELL,229.6,5,1286.5
1/5/2025,NHPC,BUY,210.2,5,235.5
1/6/2025,AHPC,SELL,258,5,1525.5
1/6/2025,AKJCL,SELL,204,5,2545.5
1/6/2025,CZBIL,BUY,218,5,1455.5
1/6/2025,DHPL,SELL,306,5,2985.5
1/6/2025,EDBL,SELL,595,5,5960.5
1/6/2025,HURJA,SELL,237,5,7145.5
1/6/2025,ICFC,SELL,666,5,10475.5
1/6/2025,JOSHI,BUY,447,5,8240.5
1/6/2025,LBBL,BUY,475,5,5865.5
1/6/2025,LICN,BUY,1134,5,195.5
1/6/2025,NHPC,SELL,226,5,1325.5
1/6/2025,NMB,BUY,243.6,5,107.5
1/6/2025,SANIMA,SELL,302,5,1617.5
1/7/2025,ADBL,BUY,303,5,102.5
1/7/2025,AHPC,SELL,261.2,5,1408.5
1/7/2025,CZBIL,BUY,215.1,5,333
1/7/2025,DHPL,SELL,305.7,5,1861.5
1/7/2025,HURJA,SELL,236,5,3041.5
1/7/2025,ICFC,SELL,676,5,6421.5
1/7/2025,JOSHI,BUY,445,5,4196.5
1/7/2025,KSBBL,BUY,434,5,2026.5
1/7/2025,MFIL,SELL,665,5,5351.5
1/7/2025,MLBL,BUY,376,5,3471.5
1/7/2025,NABIL,BUY,500,5,971.5
1/7/2025,PROFL,SELL,626.2,5,4102.5
1/7/2025,SANIMA,BUY,297,5,2617.5
1/8/2025,ADBL,BUY,302.1,5,1107
1/8/2025,AHPC,SELL,259.8,5,2406
1/8/2025,CZBIL,BUY,215.9,5,1326.5
1/8/2025,DHPL,SELL,306,5,2856.5
1/8/2025,HURJA,SELL,235,5,4031.5
1/8/2025,ICFC,SELL,708,5,7571.5
1/8/2025,JOSHI,BUY,429,5,5426.5
1/8/2025,KSBBL,SELL,442,5,7636.5
1/8/2025,LBBL,SELL,478,5,10026.5
1/8/2025,LICN,BUY,1120,5,4426.5
1/8/2025,MFIL,SELL,693,5,7891.5
1/8/2025,MLBL,SELL,388,5,9831.5
1/8/2025,NABIL,BUY,498.9,5,7337
1/8/2025,NICA,BUY,387,5,5402
1/8/2025,NMB,BUY,240,5,4202
1/8/2025,PCBL,BUY,254,5,2932
1/8/2025,SANIMA,BUY,296,5,1452
1/9/2025,AHPC,SELL,257,5,2737
1/9/2025,CZBIL,BUY,215.5,5,1659.5
1/9/2025,HURJA,SELL,235.9,5,2839
1/9/2025,ICFC,SELL,685,5,6264
1/9/2025,JOSHI,BUY,423,5,4149
1/9/2025,LBBL,BUY,466,5,1819
1/9/2025,MFIL,SELL,672,5,5179
1/9/2025,NABIL,BUY,495.5,5,2701.5
1/9/2025,NICA,BUY,383.4,5,784.5
1/19/2025,JOSHI,SELL,441,5,2989.5
1/19/2025,KKHC,BUY,393.9,5,1020
1/19/2025,LBBL,SELL,483,5,3435
1/19/2025,MFIL,BUY,633,5,270
1/19/2025,SANIMA,SELL,299.8,5,1769
1/20/2025,ADBL,BUY,285,5,344
1/20/2025,NMB,SELL,239.3,5,1540.5
1/20/2025,PCBL,BUY,243.5,5,323
1/21/2025,NMB,SELL,240,5,1523
1/21/2025,PCBL,BUY,242,5,313
1/22/2025,AHPC,SELL,258.3,5,1604.5
1/22/2025,CZBIL,BUY,207.4,5,567.5
1/22/2025,JOSHI,SELL,427,5,2702.5
1/22/2025,KKHC,BUY,377,5,817.5
1/22/2025,PCBL,SELL,246,5,2047.5
1/22/2025,SANIMA,SELL,298,5,3537.5
1/23/2025,ADBL,SELL,289,5,4982.5
1/23/2025,AHPC,SELL,262,5,6292.5
1/23/2025,AKJCL,BUY,196,5,5312.5
1/23/2025,CZBIL,BUY,207,5,4277.5
1/23/2025,DHPL,BUY,310,5,2727.5
1/23/2025,JBBL,BUY,352,5,967.5
1/23/2025,SANIMA,SELL,299,5,2462.5
1/26/2025,ADBL,SELL,287.6,5,3900.5
1/26/2025,AKJCL,SELL,197,5,4885.5
1/26/2025,CZBIL,BUY,206,5,3855.5
1/26/2025,DHPL,BUY,308,5,2315.5
1/26/2025,JBBL,BUY,348.1,5,575
1/28/2025,ADBL,SELL,286,5,2005
1/28/2025,CZBIL,BUY,205,5,980
1/28/2025,ICFC,SELL,631,5,4135
1/28/2025,JBBL,SELL,361.2,5,5941
1/28/2025,JOSHI,BUY,415,5,3866
1/28/2025,KKHC,BUY,385,5,1941
1/28/2025,NICA,BUY,357,5,156
2/2/2025,ADBL,SELL,294.9,5,1630.5
2/2/2025,CZBIL,SELL,210.1,5,2681
2/2/2025,DHPL,SELL,319,5,4276
2/2/2025,ICFC,SELL,653,5,7541
2/2/2025,JBBL,SELL,369,5,9386
2/2/2025,JOSHI,BUY,412,5,7326
2/2/2025,KKHC,SELL,381.9,5,9235.5
2/2/2025,LICN,SELL,1100,5,14735.5
2/2/2025,MFIL,SELL,644.9,5,17960
2/2/2025,NABIL,SELL,491.4,5,20417
2/2/2025,NICA,SELL,367,5,22252
2/2/2025,PCBL,SELL,246,5,23482
2/2/2025,PROFL,BUY,547,5,20747
2/2/2025,SANIMA,SELL,298.5,5,22239.5
2/3/2025,ADBL,SELL,299,5,23734.5
2/3/2025,CIT,BUY,1985,5,13809.5
2/3/2025,CZBIL,SELL,213,5,14874.5
2/3/2025,DHPL,SELL,313,5,16439.5
2/3/2025,ICFC,SELL,650,5,19689.5
2/3/2025,JOSHI,BUY,410.8,5,17635.5
2/3/2025,KKHC,BUY,380,5,15735.5
2/3/2025,LICN,SELL,1123,5,21350.5
2/3/2025,NABIL,SELL,495.9,5,23830
2/3/2025,NICA,SELL,372,5,25690
2/3/2025,PCBL,SELL,246,5,26920
2/3/2025,PROFL,BUY,538,5,24230
2/3/2025,SANIMA,SELL,298.8,5,25724
2/4/2025,ADBL,SELL,297,5,27209
2/4/2025,CIT,BUY,1984,5,17289
2/4/2025,CZBIL,SELL,211,5,18344
2/4/2025,JOSHI,SELL,451.8,5,20603
2/4/2025,KKHC,SELL,401,5,22608
2/4/2025,MFIL,BUY,626,5,19478
2/4/2025,NABIL,SELL,493,5,21943
2/4/2025,NICA,SELL,369.3,5,23789.5
2/4/2025,PROFL,BUY,525,5,21164.5
2/4/2025,SANIMA,SELL,296.9,5,22649
2/5/2025,ADBL,SELL,297.2,5,24135
2/5/2025,CIT,BUY,1987,5,14200
2/5/2025,CZBIL,SELL,210.4,5,15252
2/5/2025,JOSHI,SELL,445,5,17477
2/5/2025,KKHC,SELL,402.9,5,19491.5
2/5/2025,MFIL,SELL,648,5,22731.5
2/5/2025,NABIL,SELL,490,5,25181.5
2/5/2025,NICA,SELL,365,5,27006.5
2/5/2025,PROFL,SELL,565,5,29831.5
2/6/2025,ADBL,SELL,298,5,31321.5
2/6/2025,AHPC,BUY,263.5,5,30004
2/6/2025,CIT,BUY,1970,5,20154
2/6/2025,CZBIL,BUY,208.1,5,19113.5
2/6/2025,JOSHI,SELL,436,5,21293.5
2/6/2025,KKHC,SELL,394.5,5,23266
2/6/2025,NABIL,BUY,486.7,5,20832.5
2/6/2025,PROFL,SELL,570,5,23682.5
2/6/2025,SANIMA,BUY,295,5,22207.5
2/9/2025,ADBL,SELL,295,5,23682.5
2/9/2025,AHPC,SELL,267.8,5,25021.5
2/9/2025,CIT,BUY,1965,5,15196.5
2/9/2025,CZBIL,SELL,208.5,5,16239
2/9/2025,JBBL,BUY,355,5,14464
2/9/2025,JOSHI,SELL,425,5,16589
2/9/2025,KSBBL,BUY,441,5,14384
2/9/2025,LBBL,BUY,447,5,12149
2/9/2025,MLBL,BUY,398,5,10159
2/9/2025,NABIL,BUY,486.3,5,7727.5
2/9/2025,NHPC,BUY,220.5,5,6625
2/9/2025,NMB,BUY,242.1,5,5414.5
2/9/2025,PCBL,BUY,242.2,5,4203.5
2/9/2025,PROFL,SELL,574,5,7073.5
2/9/2025,SANIMA,BUY,292.9,5,5609
2/10/2025,AHPC,BUY,262.5,5,4296.5
2/10/2025,CZBIL,BUY,208.2,5,3255.5
2/10/2025,DHPL,BUY,314.4,5,1683.5
2/10/2025,NABIL,SELL,490,5,4133.5
2/10/2025,NHPC,BUY,217.6,5,3045.5
2/10/2025,NMB,BUY,241,5,1840.5
2/10/2025,PCBL,BUY,240.6,5,637.5
2/11/2025,CZBIL,SELL,209.5,5,1685
2/11/2025,DHPL,SELL,317,5,3270
2/11/2025,HURJA,BUY,254.9,5,1995.5
2/11/2025,JBBL,BUY,357,5,210.5
2/11/2025,KSBBL,SELL,454,5,2480.5
2/11/2025,LBBL,BUY,454,5,210.5
2/11/2025,MLBL,SELL,412.9,5,2275
2/11/2025,NHPC,BUY,218,5,1185
2/12/2025,AKJCL,BUY,203.6,5,167
2/12/2025,CZBIL,SELL,209.5,5,1214.5
2/12/2025,HURJA,SELL,260.1,5,2515
2/12/2025,JBBL,BUY,358.9,5,720.5
2/13/2025,AKJCL,SELL,205,5,1745.5
2/13/2025,CZBIL,BUY,207,5,710.5
2/16/2025,CZBIL,SELL,209.5,5,1758
2/16/2025,HURJA,BUY,255.9,5,478.5
2/16/2025,NHPC,SELL,222.9,5,1593
2/16/2025,NMB,SELL,245,5,2818
2/16/2025,PCBL,SELL,245.9,5,4047.5
2/16/2025,SANIMA,SELL,297,5,5532.5
2/17/2025,AHPC,BUY,265,5,4207.5
2/17/2025,BARUN,BUY,478.5,5,1815
2/17/2025,CZBIL,SELL,215.5,5,2892.5
2/17/2025,HURJA,BUY,253.6,5,1624.5
2/17/2025,JBBL,SELL,363.9,5,3444
2/17/2025,JOSHI,BUY,428.6,5,1301
2/17/2025,NABIL,SELL,494,5,3771
2/17/2025,NHPC,SELL,221.8,5,4880
2/17/2025,NMB,SELL,250.2,5,6131
2/17/2025,PCBL,SELL,253,5,7396
2/17/2025,SANIMA,SELL,303.3,5,8912.5
2/18/2025,AHPC,BUY,263,5,7597.5
2/18/2025,AKJCL,BUY,205,5,6572.5
2/18/2025,BARUN,BUY,474.8,5,4198.5
2/18/2025,CIT,SELL,1997,5,14183.5
2/18/2025,CZBIL,SELL,214.8,5,15257.5
2/18/2025,HURJA,BUY,252.9,5,13993
2/18/2025,JBBL,SELL,359.1,5,15788.5
2/18/2025,JOSHI,BUY,424,5,13668.5
2/18/2025,KKHC,BUY,371.9,5,11809
2/18/2025,KSBBL,BUY,450,5,9559
2/18/2025,LBBL,SELL,458,5,11849
2/18/2025,MLBL,BUY,407,5,9814
2/18/2025,NABIL,SELL,496,5,12294
2/18/2025,NHPC,BUY,218.2,5,11203
2/20/2025,AHPC,BUY,260,5,9903
2/20/2025,AKJCL,BUY,202.9,5,8888.5
2/20/2025,BARUN,BUY,466,5,6558.5
2/20/2025,CIT,SELL,1990,5,16508.5
2/20/2025,CZBIL,SELL,214.4,5,17580.5
2/20/2025,HURJA,BUY,249,5,16335.5
2/20/2025,ICFC,BUY,662,5,13025.5
2/20/2025,JBBL,BUY,357.9,5,11236
2/20/2025,JOSHI,BUY,417,5,9151
2/20/2025,KKHC,BUY,375,5,7276
2/20/2025,KSBBL,BUY,450,5,5026
2/20/2025,LBBL,BUY,454,5,2756
2/20/2025,MLBL,BUY,401.1,5,750.5
2/20/2025,NABIL,SELL,494.9,5,3225
2/20/2025,NHPC,BUY,217,5,2140
2/23/2025,ADBL,BUY,294,5,670
2/23/2025,CIT,SELL,1975,5,10545
2/23/2025,CZBIL,SELL,213.1,5,11610.5
2/23/2025,EDBL,BUY,760,5,7810.5
2/23/2025,HPPL,BUY,600,5,4810.5
2/23/2025,HURJA,BUY,246.6,5,3577.5
2/23/2025,ICFC,BUY,660,5,277.5
2/23/2025,LBBL,SELL,456,5,2557.5
2/23/2025,MLBL,BUY,391,5,602.5
2/23/2025,NABIL,SELL,489.9,5,3052
2/23/2025,NHPC,BUY,218.6,5,1959
2/24/2025,ADBL,BUY,293.9,5,489.5
2/24/2025,AKJCL,SELL,205,5,1514.5
2/24/2025,CZBIL,SELL,214.4,5,2586.5
2/24/2025,HURJA,BUY,251,5,1331.5
2/24/2025,LBBL,SELL,456.5,5,3614
2/24/2025,MFIL,BUY,640,5,414
2/24/2025,NHPC,SELL,219,5,1509
2/25/2025,ADBL,BUY,293.1,5,43.5
2/25/2025,CIT,SELL,1973.3,5,9910
2/25/2025,EDBL,BUY,753,5,6145
2/25/2025,HPPL,BUY,590,5,3195
2/25/2025,HURJA,BUY,251.3,5,1938.5
2/25/2025,JBBL,BUY,353.7,5,170
2/27/2025,ADBL,SELL,303,5,1685
2/27/2025,AHPC,SELL,268.1,5,3025.5
2/27/2025,AKJCL,SELL,217.9,5,4115
2/27/2025,BARUN,SELL,486,5,6545
2/27/2025,CIT,SELL,1995.9,5,16524.5
2/27/2025,EDBL,BUY,735.3,5,12848
2/27/2025,HPPL,BUY,590,5,9898
2/27/2025,HURJA,SELL,261.9,5,11207.5
2/27/2025,ICFC,BUY,655,5,7932.5
2/27/2025,JBBL,SELL,360.2,5,9733.5
2/27/2025,JOSHI,BUY,414.5,5,7661
2/27/2025,KKHC,BUY,376,5,5781
2/27/2025,KSBBL,SELL,455,5,8056
2/27/2025,MFIL,BUY,642,5,4846
2/27/2025,MLBL,BUY,400,5,2846
2/27/2025,NABIL,SELL,501.8,5,5355
2/27/2025,NHPC,SELL,228,5,6495
2/27/2025,PROFL,BUY,602,5,3485
3/2/2025,ADBL,SELL,309,5,5030
3/2/2025,AHPC,SELL,288,5,6470
3/2/2025,BARUN,SELL,491,5,8925
3/2/2025,EDBL,BUY,744,5,5205
3/2/2025,HPPL,BUY,603.9,5,2185.5
3/2/2025,HURJA,SELL,268,5,3525.5
3/2/2025,ICFC,SELL,675.8,5,6904.5
3/2/2025,JBBL,SELL,375.4,5,8781.5
3/2/2025,JOSHI,SELL,424.9,5,10906
3/2/2025,KKHC,SELL,384,5,12826
3/2/2025,KSBBL,SELL,469,5,15171
3/2/2025,MFIL,SELL,675,5,18546
3/2/2025,MLBL,SELL,412,5,20606
3/2/2025,NABIL,SELL,519,5,23201
3/2/2025,NHPC,SELL,236.5,5,24383.5
3/2/2025,PROFL,SELL,622.3,5,27495
3/3/2025,ADBL,SELL,309,5,29040
3/3/2025,AHPC,SELL,280.7,5,30443.5
3/3/2025,BARUN,SELL,484,5,32863.5
3/3/2025,EDBL,BUY,730,5,29213.5
3/3/2025,HPPL,BUY,595,5,26238.5
3/3/2025,HURJA,SELL,260.2,5,27539.5
3/3/2025,ICFC,SELL,678,5,30929.5
3/3/2025,JBBL,SELL,367,5,32764.5
3/3/2025,JOSHI,BUY,419,5,30669.5
3/3/2025,KKHC,SELL,380,5,32569.5
3/3/2025,MFIL,SELL,667,5,35904.5
3/3/2025,MLBL,SELL,403.6,5,37922.5
3/3/2025,NABIL,SELL,515,5,40497.5
3/3/2025,NHPC,SELL,228.6,5,41640.5
3/4/2025,AHPC,SELL,276,5,43020.5
3/4/2025,EDBL,BUY,721,5,39415.5
3/4/2025,HPPL,SELL,615,5,42490.5
3/4/2025,HURJA,SELL,258.4,5,43782.5
3/4/2025,ICFC,BUY,663,5,40467.5
3/4/2025,JOSHI,BUY,416.9,5,38383
3/4/2025,KKHC,SELL,388,5,40323
3/4/2025,MLBL,SELL,404,5,42343
3/4/2025,NABIL,SELL,507,5,44878
3/4/2025,PROFL,BUY,606.2,5,41847
3/5/2025,EDBL,BUY,719,5,38252
3/5/2025,HPPL,SELL,640,5,41452
3/5/2025,HURJA,SELL,257.6,5,42740
3/5/2025,ICFC,BUY,654,5,39470
3/5/2025,JOSHI,BUY,411,5,37415
3/5/2025,LICN,BUY,1260,5,31115
3/5/2025,MLBL,BUY,397.8,5,29126
3/5/2025,NABIL,BUY,499,5,26631
3/5/2025,PROFL,BUY,590,5,23681
3/5/2025,SANIMA,BUY,309.4,5,22134
3/6/2025,EDBL,BUY,712.9,5,18569.5
3/6/2025,HPPL,SELL,630.2,5,21720.5
3/6/2025,HURJA,SELL,260,5,23020.5
3/6/2025,ICFC,BUY,651,5,19765.5
3/6/2025,JOSHI,BUY,410,5,17715.5
3/6/2025,LICN,BUY,1180,5,11815.5
3/6/2025,MFIL,BUY,650,5,8565.5
3/6/2025,MLBL,SELL,429,5,10710.5
3/6/2025,NABIL,BUY,498.1,5,8220
3/6/2025,PROFL,BUY,595.9,5,5240.5
3/6/2025,SANIMA,BUY,309.3,5,3694
3/9/2025,ADBL,BUY,297,5,2209
3/9/2025,AHPC,BUY,267,5,874
3/9/2025,HPPL,SELL,615,5,3949
3/9/2025,HURJA,BUY,252.3,5,2687.5
3/9/2025,JBBL,BUY,360.7,5,884
3/9/2025,MLBL,SELL,422,5,2994
3/9/2025,NABIL,BUY,495,5,519
3/10/2025,HPPL,SELL,615,5,3594
3/10/2025,HURJA,BUY,249.5,5,2346.5
3/10/2025,JBBL,BUY,358,5,556.5
3/11/2025,JBBL,SELL,370,5,2406.5
3/11/2025,JOSHI,BUY,396,5,426.5
3/12/2025,JBBL,SELL,367.9,5,2266
3/12/2025,JOSHI,BUY,393,5,301
3/27/2025,AHPC,SELL,254.52,5,1573.6
3/27/2025,AKJCL,BUY,204.07,5,553.25
3/27/2025,LICN,SELL,1027.1,5,5688.75
3/27/2025,MFIL,SELL,614.11,5,8759.3
3/27/2025,MLBL,BUY,405.76,5,6730.5
3/27/2025,NABIL,BUY,485.09,5,4305.05
3/27/2025,NHPC,BUY,208.8,5,3261.05
3/27/2025,NICA,BUY,369.68,5,1412.65
3/27/2025,PCBL,BUY,251.77,5,153.8
3/27/2025,PROFL,SELL,544.58,5,2876.7
3/27/2025,SANIMA,BUY,300.92,5,1372.1
3/30/2025,ADBL,SELL,287.3,5,2808.6
3/30/2025,AKJCL,SELL,207.03,5,3843.75
3/30/2025,DHPL,BUY,401.04,5,1838.55
3/30/2025,HURJA,SELL,245.32,5,3065.15
3/30/2025,ICFC,SELL,620.44,5,6167.35
3/30/2025,JBBL,BUY,344.6,5,4444.35
3/30/2025,JOSHI,SELL,393.26,5,6410.65
3/30/2025,LBBL,BUY,428.95,5,4265.9
3/30/2025,LICN,SELL,1028.7,5,9409.4
3/30/2025,MLBL,BUY,405.28,5,7383
3/30/2025,NABIL,SELL,485.96,5,9812.8
3/30/2025,NHPC,SELL,212.59,5,10875.75
3/30/2025,NICA,SELL,376.42,5,12757.85
3/30/2025,PCBL,SELL,253.28,5,14024.25
3/30/2025,PROFL,SELL,558.71,5,16817.8
3/30/2025,SANIMA,SELL,302.11,5,18328.35
4/1/2025,AHPC,BUY,252.49,5,17065.9
4/1/2025,DHPL,SELL,403.08,5,19081.3
4/1/2025,EBL,BUY,600.63,5,16078.15
4/1/2025,EDBL,BUY,635.93,5,12898.5
4/1/2025,HURJA,SELL,242.4,5,14110.5
4/1/2025,ICFC,BUY,608.11,5,11069.95
4/1/2025,JBBL,BUY,340.41,5,9367.9
4/1/2025,JOSHI,SELL,383.79,5,11286.85
4/1/2025,KSBBL,BUY,434.2,5,9115.85
4/1/2025,LBBL,BUY,424.82,5,6991.75
4/1/2025,MFIL,BUY,606.54,5,3959.05
4/1/2025,MLBL,BUY,396.97,5,1974.2
4/1/2025,PROFL,SELL,545.76,5,4703
4/1/2025,SANIMA,BUY,299.21,5,3206.95
4/2/2025,AHPC,SELL,253.76,5,4475.75
4/2/2025,DHPL,BUY,398.88,5,2481.35
4/2/2025,HURJA,SELL,241.97,5,3691.2
4/2/2025,ICFC,SELL,617.01,5,6776.25
4/2/2025,JBBL,BUY,342.17,5,5065.4
4/2/2025,JOSHI,SELL,382.09,5,6975.85
4/2/2025,KSBBL,BUY,433.55,5,4808.1
4/2/2025,LBBL,BUY,424.49,5,2685.65
4/2/2025,MFIL,SELL,613.57,5,5753.5
4/2/2025,MLBL,BUY,396.34,5,3771.8
4/2/2025,NABIL,SELL,485.26,5,6198.1
4/2/2025,SANIMA,BUY,299.8,5,4699.1
4/3/2025,AKJCL,BUY,203.16,5,3683.3
4/3/2025,DHPL,BUY,394.65,5,1710.05
4/3/2025,EBL,SELL,605.34,5,4736.75
4/3/2025,EDBL,BUY,629.36,5,1589.95
4/3/2025,JBBL,SELL,342.11,5,3300.5
4/3/2025,JOSHI,SELL,374.09,5,5170.95
4/3/2025,KSBBL,SELL,438.03,5,7361.1
4/3/2025,LBBL,SELL,423.83,5,9480.25
4/3/2025,LICN,BUY,1004.36,5,4458.45
4/3/2025,MFIL,BUY,608.59,5,1415.5
4/3/2025,NABIL,SELL,488.73,5,3859.15
4/3/2025,NHPC,BUY,207.8,5,2820.15
4/3/2025,SANIMA,SELL,302.75,5,4333.9
4/7/2025,AHPC,BUY,251.07,5,3078.55
4/7/2025,AKJCL,BUY,201.48,5,2071.15
4/7/2025,DHPL,BUY,386.17,5,140.3
4/7/2025,JOSHI,SELL,371.45,5,1997.55
4/7/2025,KKHC,BUY,340.68,5,294.15
4/7/2025,NABIL,SELL,486.97,5,2729
4/7/2025,NHPC,BUY,205.55,5,1701.25
4/7/2025,SANIMA,SELL,299.96,5,3201.05
4/8/2025,AHPC,BUY,251.51,5,1943.5
4/8/2025,AKJCL,BUY,202.23,5,932.35
4/8/2025,JOSHI,SELL,373.06,5,2797.65
4/8/2025,KKHC,BUY,339.18,5,1101.75
4/8/2025,NHPC,BUY,206.53,5,69.1
4/9/2025,JOSHI,SELL,384.66,5,1992.4
4/9/2025,KKHC,SELL,343.85,5,3711.65
4/9/2025,KSBBL,SELL,440.95,5,5916.4
4/9/2025,LBBL,SELL,422.1,5,8026.9
4/9/2025,LICN,BUY,985.6,5,3098.9
4/9/2025,MFIL,BUY,599.31,5,102.35
4/9/2025,NABIL,SELL,486.27,5,2533.7
4/9/2025,NHPC,BUY,207.09,5,1498.25
4/9/2025,NMB,BUY,251.73,5,239.6
4/10/2025,DHPL,SELL,407.83,5,2278.75
4/10/2025,HURJA,BUY,235.73,5,1100.1
4/10/2025,JOSHI,SELL,387.52,5,3037.7
4/10/2025,KKHC,SELL,346.26,5,4769
4/10/2025,LBBL,SELL,425.44,5,6896.2
4/10/2025,LICN,BUY,984.99,5,1971.25
4/10/2025,MLBL,BUY,386.89,5,36.8
4/10/2025,NABIL,SELL,485.97,5,2466.65
4/10/2025,NHPC,BUY,206.48,5,1434.25
4/10/2025,NMB,BUY,251.52,5,176.65
4/13/2025,JOSHI,SELL,381.18,5,2082.55
4/13/2025,KKHC,BUY,341.35,5,375.8
4/13/2025,NABIL,SELL,486.97,5,2810.65
4/13/2025,NHPC,BUY,206.86,5,1776.35
4/13/2025,NMB,BUY,251.13,5,520.7
4/13/2025,SANIMA,SELL,300.9,5,2025.2
4/15/2025,ADBL,BUY,288.45,5,582.95
4/15/2025,AHPC,SELL,259.29,5,1879.4
4/15/2025,AKJCL,SELL,203.37,5,2896.25
4/15/2025,DHPL,BUY,393.52,5,928.65
4/15/2025,EDBL,SELL,636.61,5,4111.7
4/15/2025,HURJA,SELL,238.79,5,5305.65
4/15/2025,ICFC,BUY,600.64,5,2302.45
4/15/2025,JBBL,SELL,340.53,5,4005.1
4/15/2025,JOSHI,BUY,380.02,5,2105
4/15/2025,KKHC,SELL,346.81,5,3839.05
4/15/2025,MFIL,BUY,601.53,5,831.4
4/15/2025,MLBL,SELL,395.61,5,2809.45
4/15/2025,NABIL,SELL,487.96,5,5249.25
4/15/2025,NHPC,SELL,210.76,5,6303.05
4/15/2025,NMB,BUY,252.34,5,5041.35
4/15/2025,PCBL,BUY,251.56,5,3783.55
4/15/2025,PROFL,BUY,538.33,5,1091.9
4/15/2025,SANIMA,SELL,303.14,5,2607.6
4/16/2025,ADBL,BUY,289.97,5,1157.75
4/16/2025,AHPC,SELL,264.61,5,2480.8
4/16/2025,AKJCL,SELL,207.68,5,3519.2
4/16/2025,CZBIL,BUY,209.73,5,2470.55
4/16/2025,DHPL,BUY,393.88,5,501.15
4/16/2025,EDBL,SELL,661.03,5,3806.3
4/16/2025,ICFC,BUY,599.71,5,807.75
4/16/2025,JBBL,SELL,342,5,2517.75
4/16/2025,JOSHI,SELL,389.46,5,4465.05
4/16/2025,MFIL,BUY,601.53,5,1457.4
4/16/2025,MLBL,SELL,394.99,5,3432.35
4/16/2025,NHPC,SELL,215.85,5,4511.6
4/16/2025,NMB,SELL,254.39,5,5783.55
4/16/2025,PCBL,SELL,252.54,5,7046.25
4/16/2025,PROFL,BUY,533.24,5,4380.05
4/17/2025,ADBL,SELL,291.96,5,5839.85
4/17/2025,AKJCL,SELL,209.87,5,6889.2
4/17/2025,CZBIL,SELL,212.68,5,7952.6
4/17/2025,DHPL,BUY,385.08,5,6027.2
4/17/2025,EDBL,SELL,658.22,5,9318.3
4/17/2025,ICFC,SELL,603.74,5,12337
4/17/2025,JOSHI,SELL,394.88,5,14311.4
4/17/2025,LICN,BUY,967.08,5,9476
4/17/2025,MFIL,SELL,609.25,5,12522.25
4/17/2025,MLBL,SELL,399.54,5,14519.95
4/17/2025,NHPC,SELL,222.9,5,15634.45
4/17/2025,NMB,SELL,258.18,5,16925.35
4/17/2025,PROFL,BUY,533.67,5,14257
4/20/2025,ADBL,BUY,290.92,5,12802.4
4/20/2025,CZBIL,BUY,209.51,5,11754.85
4/20/2025,DHPL,BUY,379.15,5,9859.1
4/20/2025,EDBL,SELL,632.54,5,13021.8
4/20/2025,HPPL,BUY,618.91,5,9927.25
4/20/2025,ICFC,BUY,598.33,5,6935.6
4/20/2025,LBBL,BUY,411.65,5,4877.35
4/20/2025,LICN,BUY,967.31,5,40.8
4/20/2025,NHPC,SELL,217.55,5,1128.55
4/21/2025,CZBIL,BUY,208.56,5,85.75
4/21/2025,NHPC,SELL,220.81,5,1189.8
4/22/2025,CZBIL,BUY,204.94,5,165.1
4/22/2025,ICFC,SELL,600,5,3165.1
4/22/2025,JBBL,BUY,334.87,5,1490.75
4/22/2025,NHPC,SELL,223.27,5,2607.1
4/22/2025,NICA,BUY,365.22,5,781
4/28/2025,MFIL,SELL,597.28,5,3767.4
4/28/2025,MLBL,BUY,375.75,5,1888.65
4/28/2025,NICA,BUY,352.89,5,124.2
4/30/2025,HPPL,SELL,604.56,5,3147
4/30/2025,ICFC,BUY,581.63,5,238.85
5/6/2025,LBBL,SELL,393.63,5,2207
5/6/2025,MLBL,BUY,363.27,5,390.65
5/7/2025,ADBL,SELL,286.33,5,1822.3
5/7/2025,CZBIL,SELL,207.05,5,2857.55
5/7/2025,DHPL,SELL,354.63,5,4630.7
5/7/2025,EDBL,BUY,590.02,5,1680.6
5/7/2025,ICFC,SELL,595.11,5,4656.15
5/7/2025,JBBL,SELL,330.74,5,6309.85
5/7/2025,LICN,BUY,923.81,5,1690.8
5/7/2025,MFIL,SELL,591.98,5,4650.7
5/7/2025,MLBL,SELL,377.32,5,6537.3
5/7/2025,NICA,SELL,358.27,5,8328.65
5/7/2025,NMB,SELL,240.7,5,9532.15
5/7/2025,PROFL,SELL,505.71,5,12060.7
5/8/2025,ADBL,SELL,287.17,5,13496.55
5/8/2025,BARUN,BUY,540.93,5,10791.9
5/8/2025,CIT,BUY,1921.63,5,1183.75
5/8/2025,CZBIL,SELL,203.37,5,2200.6
5/8/2025,DHPL,SELL,364.73,5,4024.25
5/8/2025,EDBL,BUY,587.47,5,1086.9
5/8/2025,ICFC,SELL,653.1,5,4352.4
5/8/2025,MFIL,SELL,632.2,5,7513.4
5/8/2025,MLBL,SELL,378.68,5,9406.8
5/8/2025,NICA,SELL,352.29,5,11168.25
5/8/2025,NMB,SELL,239.03,5,12363.4
5/8/2025,PROFL,SELL,525.66,5,14991.7
5/11/2025,BARUN,BUY,542.63,5,12278.55
5/11/2025,CIT,BUY,1923.77,5,2659.7
5/11/2025,CZBIL,SELL,202.02,5,3669.8
5/11/2025,DHPL,SELL,364.93,5,5494.45
5/11/2025,EDBL,SELL,594.92,5,8469.05
5/11/2025,HPPL,BUY,508.14,5,5928.35
5/11/2025,ICFC,SELL,626.82,5,9062.45
5/11/2025,LICN,SELL,938.68,5,13755.85
5/11/2025,MLBL,SELL,387.01,5,15690.9
5/11/2025,NICA,BUY,349.98,5,13941
5/11/2025,PCBL,BUY,237.97,5,12751.15
5/11/2025,PROFL,SELL,507.09,5,15286.6
5/13/2025,ADBL,BUY,282.06,5,13876.3
5/13/2025,AHPC,BUY,294.91,5,12401.75
5/13/2025,AKJCL,BUY,209.86,5,11352.45
5/13/2025,BARUN,BUY,530.74,5,8698.75
5/13/2025,CZBIL,BUY,199.47,5,7701.4
5/13/2025,DHPL,SELL,369.67,5,9549.75
5/13/2025,EBL,BUY,615.86,5,6470.45
5/13/2025,EDBL,SELL,602.32,5,9482.05
5/13/2025,HPPL,BUY,526.1,5,6851.55
5/13/2025,ICFC,SELL,610.27,5,9902.9
5/13/2025,LICN,SELL,973.5,5,14770.4
5/13/2025,MLBL,SELL,395.26,5,16746.7
5/13/2025,NHPC,BUY,223.93,5,15627.05
5/13/2025,NICA,BUY,347.21,5,13891
5/13/2025,NMB,BUY,236.36,5,12709.2
5/13/2025,PCBL,BUY,237.86,5,11519.9
5/13/2025,PROFL,BUY,496.93,5,9035.25
5/14/2025,ADBL,BUY,281.08,5,7629.85
5/14/2025,AHPC,BUY,284.73,5,6206.2
5/14/2025,AKJCL,BUY,206.59,5,5173.25
5/14/2025,BARUN,BUY,525.2,5,2547.25
5/14/2025,CZBIL,BUY,197.81,5,1558.2
5/14/2025,DHPL,SELL,362.7,5,3371.7
5/14/2025,EBL,BUY,613.82,5,302.6
5/14/2025,EDBL,SELL,613.2,5,3368.6
5/14/2025,HPPL,BUY,506.93,5,833.95
5/14/2025,ICFC,SELL,611.83,5,3893.1
5/14/2025,LICN,SELL,964.41,5,8715.15
5/14/2025,NHPC,BUY,220.76,5,7611.35
5/14/2025,NICA,BUY,346.24,5,5880.15
5/14/2025,NMB,BUY,235.86,5,4700.85
5/14/2025,PCBL,BUY,236.93,5,3516.2
5/14/2025,PROFL,BUY,493.14,5,1050.5
5/15/2025,AKJCL,BUY,205.45,5,23.25
5/15/2025,DHPL,SELL,355.05,5,1798.5
5/15/2025,EDBL,SELL,596.1,5,4779
5/15/2025,HPPL,BUY,499.71,5,2280.45
5/15/2025,HURJA,BUY,255.37,5,1003.6
5/15/2025,LICN,SELL,948.89,5,5748.05
5/15/2025,NHPC,BUY,220.01,5,4648
5/15/2025,NICA,BUY,341.58,5,2940.1
5/15/2025,NMB,BUY,234.78,5,1766.2
5/15/2025,PCBL,BUY,234.5,5,593.7
5/19/2025,ADBL,SELL,282.78,5,2007.6
5/19/2025,AHPC,BUY,283.9,5,588.1
5/19/2025,CZBIL,SELL,201.08,5,1593.5
5/19/2025,EBL,SELL,623.15,5,4709.25
5/19/2025,EDBL,SELL,591.4,5,7666.25
5/19/2025,HPPL,BUY,492.95,5,5201.5
5/19/2025,HURJA,BUY,250.84,5,3947.3
5/19/2025,JOSHI,BUY,381.91,5,2037.75
5/19/2025,KKHC,BUY,344.32,5,316.15
5/19/2025,NMB,SELL,238.14,5,1506.85
5/19/2025,PCBL,SELL,243.68,5,2725.25
5/19/2025,PROFL,BUY,493.47,5,257.9
5/20/2025,ADBL,SELL,289.4,5,1704.9
5/20/2025,AHPC,BUY,293.56,5,237.1
5/20/2025,AKJCL,SELL,211.63,5,1295.25
5/20/2025,BARUN,SELL,539.77,5,3994.1
5/20/2025,CIT,SELL,1923.76,5,13612.9
5/20/2025,CZBIL,SELL,206.07,5,14643.25
5/20/2025,EBL,SELL,629.31,5,17789.8
5/20/2025,EDBL,SELL,603.99,5,20809.75
5/20/2025,HPPL,BUY,508.99,5,18264.8
5/20/2025,HURJA,BUY,260.52,5,16962.2
5/20/2025,JOSHI,SELL,405.36,5,18989
5/20/2025,KKHC,SELL,352,5,20749
5/20/2025,LICN,BUY,930.47,5,16096.65
5/20/2025,NHPC,SELL,226.83,5,17230.8
5/20/2025,NICA,BUY,341.04,5,15525.6
5/20/2025,NMB,SELL,244.63,5,16748.75
5/20/2025,PCBL,SELL,250.73,5,18002.4
5/20/2025,PROFL,SELL,504.84,5,20526.6
5/21/2025,AHPC,BUY,289.76,5,19077.8
5/21/2025,AKJCL,BUY,207.94,5,18038.1
5/21/2025,BARUN,BUY,530.49,5,15385.65
5/21/2025,CIT,SELL,1931.59,5,25043.6
5/21/2025,EDBL,SELL,608.91,5,28088.15
5/21/2025,HPPL,BUY,501.65,5,25579.9
5/21/2025,HURJA,BUY,255.48,5,24302.5
5/21/2025,JOSHI,BUY,396.03,5,22322.35
5/21/2025,KKHC,BUY,350.48,5,20569.95
5/21/2025,LICN,BUY,931.07,5,15914.6
5/21/2025,NHPC,BUY,221.66,5,14806.3
5/21/2025,NICA,BUY,344.08,5,13085.9
5/21/2025,NMB,SELL,242,5,14295.9
5/21/2025,PCBL,SELL,247.35,5,15532.65
5/21/2025,PROFL,SELL,500.13,5,18033.3
5/22/2025,AHPC,BUY,283.26,5,16617
5/22/2025,AKJCL,BUY,206.15,5,15586.25
5/22/2025,BARUN,BUY,516.13,5,13005.6
5/22/2025,DHPL,BUY,347.39,5,11268.65
5/22/2025,EDBL,SELL,602.99,5,14283.6
5/22/2025,HPPL,BUY,492.47,5,11821.25
5/22/2025,HURJA,BUY,250.46,5,10568.95
5/22/2025,ICFC,BUY,617.7,5,7480.45
5/22/2025,JOSHI,BUY,390.24,5,5529.25
5/22/2025,KKHC,BUY,347.12,5,3793.65
5/22/2025,NHPC,BUY,219.4,5,2696.65
5/22/2025,NICA,SELL,370.91,5,4551.2
5/22/2025,PCBL,SELL,254.26,5,5822.5
5/22/2025,PROFL,BUY,498.19,5,3331.55
5/25/2025,AHPC,BUY,279.51,5,1934
5/25/2025,AKJCL,BUY,207.47,5,896.65
5/25/2025,NICA,SELL,364.6,5,2719.65
5/25/2025,PROFL,SELL,497.75,5,5208.4
5/26/2025,AHPC,BUY,279.78,5,3809.5
5/26/2025,AKJCL,BUY,207.15,5,2773.75
5/26/2025,BARUN,BUY,509.5,5,226.25
5/26/2025,NICA,SELL,362.83,5,2040.4
5/26/2025,PROFL,SELL,499.04,5,4535.6
5/27/2025,AHPC,BUY,278.94,5,3140.9
5/27/2025,AKJCL,BUY,206.6,5,2107.9
5/27/2025,DHPL,SELL,354.04,5,3878.1
5/27/2025,EDBL,BUY,586.3,5,946.6
5/27/2025,NICA,SELL,361.45,5,2753.85
5/27/2025,PROFL,BUY,493.53,5,286.2
5/28/2025,AHPC,SELL,290.73,5,1739.85
5/28/2025,AKJCL,SELL,208.23,5,2781
5/28/2025,BARUN,BUY,518.95,5,186.25
5/28/2025,HURJA,SELL,253.03,5,1451.4
5/28/2025,JOSHI,SELL,393.26,5,3417.7
5/28/2025,KKHC,SELL,345.83,5,5146.85
5/28/2025,LICN,BUY,911.46,5,589.55
5/28/2025,NICA,SELL,371.62,5,2447.65
5/28/2025,PROFL,SELL,499.17,5,4943.5
6/2/2025,AHPC,SELL,293.23,5,6409.65
6/2/2025,AKJCL,SELL,207.6,5,7447.65
6/2/2025,BARUN,BUY,510.42,5,4895.55
6/2/2025,DHPL,BUY,336.07,5,3215.2
6/2/2025,EDBL,BUY,583.44,5,298
6/2/2025,JOSHI,SELL,392.57,5,2260.85
6/2/2025,KKHC,BUY,345.13,5,535.2
6/2/2025,NICA,SELL,369.69,5,2383.65
6/3/2025,ADBL,BUY,291.42,5,926.55
6/3/2025,AHPC,SELL,289.02,5,2371.65
6/3/2025,AKJCL,BUY,205.97,5,1341.8
6/3/2025,HURJA,BUY,246.11,5,111.25
6/4/2025,AHPC,SELL,286.93,5,1545.9
6/4/2025,AKJCL,BUY,205.34,5,519.2
6/5/2025,AHPC,SELL,295.85,5,1998.45
6/5/2025,AKJCL,BUY,205.65,5,970.2
6/5/2025,HPPL,SELL,497.08,5,3455.6
6/5/2025,HURJA,BUY,249.15,5,2209.85
6/5/2025,JBBL,BUY,326.04,5,579.65
6/8/2025,AHPC,SELL,301.59,5,2087.6
6/8/2025,AKJCL,BUY,205.05,5,1062.35
6/8/2025,CZBIL,BUY,207.6,5,24.35
6/8/2025,HPPL,SELL,536.61,5,2707.4
6/8/2025,HURJA,SELL,254.3,5,3978.9
6/8/2025,ICFC,BUY,600.2,5,977.9
6/9/2025,AHPC,SELL,300.77,5,2481.75
6/9/2025,AKJCL,SELL,207.43,5,3518.9
6/9/2025,BARUN,BUY,309.85,5,1969.65
6/9/2025,CZBIL,BUY,209.31,5,923.1
6/9/2025,HPPL,SELL,544.86,5,3647.4
6/9/2025,HURJA,SELL,256.4,5,4929.4
6/9/2025,ICFC,BUY,601.76,5,1920.6
6/9/2025,JBBL,BUY,327.78,5,281.7
6/9/2025,KKHC,SELL,346.17,5,2012.55
6/9/2025,NHPC,SELL,219.49,5,3110
6/9/2025,NICA,BUY,349.81,5,1360.95
6/9/2025,NMB,BUY,241.62,5,152.85
6/10/2025,AHPC,SELL,305.66,5,1681.15
6/10/2025,AKJCL,SELL,209.24,5,2727.35
6/10/2025,BARUN,BUY,309.94,5,1177.65
6/10/2025,CZBIL,BUY,210.31,5,126.1
6/10/2025,HPPL,SELL,559.51,5,2923.65
6/10/2025,HURJA,SELL,260.98,5,4228.55
6/10/2025,ICFC,SELL,622.57,5,7341.4
6/10/2025,JBBL,SELL,331.04,5,8996.6
6/10/2025,KKHC,SELL,349.69,5,10745.05
6/10/2025,LICN,BUY,905.71,5,6216.5
6/10/2025,NABIL,BUY,491.77,5,3757.65
6/10/2025,NHPC,SELL,221.55,5,4865.4
6/10/2025,NICA,BUY,350.1,5,3114.9
6/10/2025,NMB,BUY,241.97,5,1905.05
6/10/2025,PCBL,BUY,244.52,5,682.45
6/11/2025,AHPC,SELL,310.18,5,2233.35
6/11/2025,AKJCL,SELL,209.7,5,3281.85
6/11/2025,BARUN,BUY,323.79,5,1662.9
6/11/2025,CZBIL,BUY,207.32,5,626.3
6/11/2025,HPPL,SELL,540.34,5,3328
6/11/2025,HURJA,SELL,259.55,5,4625.75
6/11/2025,ICFC,SELL,614.09,5,7696.2
6/11/2025,JBBL,BUY,326.7,5,6062.7
6/11/2025,KKHC,BUY,342.58,5,4349.8
6/11/2025,LBBL,BUY,446.01,5,2119.75
6/11/2025,NHPC,SELL,220.25,5,3221
6/11/2025,NICA,BUY,347.71,5,1482.45
6/11/2025,NMB,BUY,243.48,5,265.05
6/12/2025,AKJCL,SELL,208.2,5,1306.05
6/12/2025,CZBIL,BUY,206.91,5,271.5
6/12/2025,HPPL,SELL,557.1,5,3057
6/12/2025,HURJA,SELL,259.8,5,4356
6/12/2025,ICFC,SELL,617.2,5,7442
6/12/2025,JBBL,BUY,324.71,5,5818.45
6/12/2025,KKHC,BUY,342.29,5,4107
6/12/2025,KSBBL,BUY,448.69,5,1863.55
6/12/2025,NHPC,SELL,220.31,5,2965.1
6/12/2025,NICA,BUY,347.74,5,1226.4
6/12/2025,NMB,BUY,241.82,5,17.3
6/15/2025,AKJCL,SELL,213.55,5,1085.05
6/15/2025,CZBIL,BUY,205.39,5,58.1
6/15/2025,HPPL,SELL,568.36,5,2899.9
6/15/2025,HURJA,SELL,255.16,5,4175.7
6/15/2025,JBBL,BUY,325.46,5,2548.4
6/15/2025,KKHC,SELL,347.79,5,4287.35
6/15/2025,KSBBL,BUY,448.98,5,2042.45
6/15/2025,MLBL,BUY,386.34,5,110.75
6/16/2025,AKJCL,SELL,211.96,5,1170.55
6/16/2025,BARUN,SELL,374.79,5,3044.5
6/16/2025,CZBIL,BUY,208.28,5,2003.1
6/16/2025,DHPL,BUY,322.48,5,390.7
6/16/2025,HPPL,SELL,568.45,5,3232.95
6/16/2025,JBBL,BUY,322.6,5,1619.95
6/16/2025,KKHC,SELL,351.52,5,3377.55
6/16/2025,KSBBL,BUY,448.63,5,1134.4
6/16/2025,MLBL,SELL,387.38,5,3071.3
6/16/2025,NABIL,BUY,490.59,5,618.35
6/17/2025,AKJCL,SELL,209.72,5,1666.95
6/17/2025,BARUN,SELL,366.7,5,3500.45
6/17/2025,CZBIL,BUY,205.75,5,2471.7
6/17/2025,DHPL,BUY,320.99,5,866.75
6/17/2025,KSBBL,SELL,449.35,5,3113.5
6/17/2025,LBBL,BUY,435.27,5,937.15
6/18/2025,AKJCL,SELL,211.23,5,1993.3
6/18/2025,BARUN,SELL,387.92,5,3932.9
6/18/2025,CZBIL,BUY,203.14,5,2917.2
6/18/2025,DHPL,SELL,328.82,5,4561.3
6/18/2025,EBL,BUY,637.73,5,1372.65
6/18/2025,NMB,BUY,238.41,5,180.6
6/19/2025,AKJCL,SELL,218.06,5,1270.9
6/19/2025,BARUN,SELL,371.75,5,3129.65
6/19/2025,CZBIL,BUY,202.24,5,2118.45
6/19/2025,DHPL,SELL,337.17,5,3804.3
6/19/2025,EBL,BUY,636.45,5,622.05
6/19/2025,LICN,SELL,907.08,5,5157.45
6/19/2025,MFIL,BUY,586.19,5,2226.5
6/19/2025,MLBL,BUY,383.25,5,310.25
6/22/2025,BARUN,SELL,363.27,5,2126.6
6/22/2025,CZBIL,BUY,200.35,5,1124.85
6/22/2025,LICN,SELL,911.68,5,5683.25
6/22/2025,MFIL,BUY,581.52,5,2775.65
6/22/2025,MLBL,BUY,377.94,5,885.95
6/23/2025,BARUN,SELL,382.42,5,2798.05
6/23/2025,CZBIL,BUY,201.6,5,1790.05
6/23/2025,DHPL,SELL,325.67,5,3418.4
6/23/2025,EBL,BUY,634.42,5,246.3
6/23/2025,LICN,SELL,907.22,5,4782.4
6/23/2025,MFIL,BUY,582.08,5,1872
6/23/2025,NHPC,BUY,213.73,5,803.35
6/24/2025,BARUN,SELL,370.54,5,2656.05
6/24/2025,CZBIL,BUY,203.59,5,1638.1
6/24/2025,HURJA,BUY,253.27,5,371.75
6/24/2025,LICN,SELL,903.11,5,4887.3
6/24/2025,MFIL,BUY,578.55,5,1994.55
6/24/2025,MLBL,BUY,372.85,5,130.3
6/25/2025,LICN,SELL,905.3,5,4656.8
6/25/2025,MFIL,BUY,577.77,5,1767.95
6/25/2025,NHPC,BUY,212.11,5,707.4
6/26/2025,BARUN,SELL,401.88,5,2716.8
6/26/2025,CZBIL,BUY,201.99,5,1706.85
6/26/2025,HURJA,BUY,253.43,5,439.7
6/26/2025,PCBL,SELL,237.82,5,1628.8
6/29/2025,ADBL,SELL,286.67,5,3062.15
6/29/2025,AHPC,BUY,284.37,5,1640.3
6/29/2025,AKJCL,BUY,209.82,5,591.2
6/29/2025,BARUN,SELL,417.75,5,2679.95
6/29/2025,CZBIL,SELL,207.98,5,3719.85
6/29/2025,EBL,SELL,643.87,5,6939.2
6/29/2025,EDBL,SELL,565.89,5,9768.65
6/29/2025,HPPL,BUY,527.86,5,7129.35
6/29/2025,HURJA,BUY,254.17,5,5858.5
6/29/2025,ICFC,BUY,599.68,5,2860.1
6/29/2025,JBBL,SELL,320.09,5,4460.55
6/29/2025,JOSHI,BUY,327.47,5,2823.2
6/29/2025,KSBBL,SELL,446.41,5,5055.25
6/29/2025,LBBL,BUY,423.64,5,2937.05
6/29/2025,LICN,SELL,908.36,5,7478.85
6/29/2025,MFIL,BUY,578.79,5,4584.9
6/29/2025,MLBL,BUY,378.47,5,2692.55
6/29/2025,NABIL,SELL,489.82,5,5141.65
6/29/2025,NHPC,BUY,212.48,5,4079.25
6/29/2025,NICA,SELL,343.92,5,5798.85
6/29/2025,NMB,SELL,243.23,5,7015
6/29/2025,PROFL,BUY,477,5,4630
6/30/2025,AHPC,BUY,284.4,5,3208
6/30/2025,AKJCL,BUY,210.61,5,2154.95
6/30/2025,BARUN,SELL,412.48,5,4217.35
6/30/2025,CZBIL,SELL,207.33,5,5254
6/30/2025,DHPL,BUY,324.83,5,3629.85
6/30/2025,EBL,SELL,642.5,5,6842.35
6/30/2025,EDBL,SELL,565.28,5,9668.75
6/30/2025,HPPL,BUY,518.65,5,7075.5
6/30/2025,HURJA,BUY,253.35,5,5808.75
6/30/2025,ICFC,BUY,602.2,5,2797.75
6/30/2025,JBBL,SELL,321.81,5,4406.8
6/30/2025,JOSHI,BUY,326.78,5,2772.9
6/30/2025,KSBBL,SELL,453.05,5,5038.15
6/30/2025,LBBL,SELL,430.48,5,7190.55
6/30/2025,LICN,BUY,856.27,5,2909.2
6/30/2025,MFIL,SELL,583.39,5,5826.15
6/30/2025,MLBL,SELL,381.73,5,7734.8
6/30/2025,NABIL,SELL,491.81,5,10193.85
6/30/2025,NHPC,BUY,211.31,5,9137.3
6/30/2025,NICA,SELL,340.78,5,10841.2
6/30/2025,NMB,SELL,243.95,5,12060.95
6/30/2025,PROFL,BUY,475.34,5,9684.25
7/1/2025,AHPC,SELL,288.04,5,11124.45
7/1/2025,AKJCL,BUY,211.53,5,10066.8
7/1/2025,BARUN,SELL,447.18,5,12302.7
7/1/2025,CZBIL,SELL,208.6,5,13345.7
7/1/2025,DHPL,BUY,325.29,5,11719.25
7/1/2025,EBL,SELL,643.42,5,14936.35
7/1/2025,HPPL,BUY,524.62,5,12313.25
7/1/2025,HURJA,BUY,256.34,5,11031.55
7/1/2025,ICFC,SELL,606.53,5,14064.2
7/1/2025,JBBL,SELL,325.92,5,15693.8
7/1/2025,JOSHI,BUY,342,5,13983.8
7/1/2025,LBBL,SELL,435.95,5,16163.55
7/1/2025,LICN,BUY,878.09,5,11773.1
7/1/2025,MFIL,SELL,584.49,5,14695.55
7/1/2025,MLBL,SELL,387.32,5,16632.15
7/1/2025,NHPC,SELL,215.28,5,17708.55
7/1/2025,NICA,SELL,346.22,5,19439.65
7/1/2025,NMB,SELL,246.61,5,20672.7
7/1/2025,PROFL,BUY,478,5,18282.7
7/2/2025,AHPC,SELL,289.56,5,19730.5
7/2/2025,AKJCL,BUY,210.63,5,18677.35
7/2/2025,CZBIL,SELL,211.38,5,19734.25
7/2/2025,DHPL,SELL,330.37,5,21386.1
7/2/2025,HPPL,BUY,522.53,5,18773.45
7/2/2025,HURJA,BUY,254.39,5,17501.5
7/2/2025,ICFC,SELL,614.96,5,20576.3
7/2/2025,JBBL,SELL,332.36,5,22238.1
7/2/2025,JOSHI,BUY,338.35,5,20546.35
7/2/2025,LBBL,SELL,446.85,5,22780.6
7/2/2025,LICN,BUY,889.53,5,18332.95
7/2/2025,MFIL,SELL,591.41,5,21290
7/2/2025,MLBL,SELL,393.28,5,23256.4
7/2/2025,NHPC,SELL,215.05,5,24331.65
7/2/2025,NICA,SELL,352.39,5,26093.6
7/2/2025,NMB,SELL,250.08,5,27344
7/2/2025,PROFL,SELL,492.72,5,29807.6
7/3/2025,AKJCL,BUY,209.44,5,28760.4
7/3/2025,CZBIL,SELL,212.36,5,29822.2
7/3/2025,DHPL,SELL,330.57,5,31475.05
7/3/2025,HPPL,BUY,520.02,5,28874.95
7/3/2025,HURJA,BUY,252.9,5,27610.45
7/3/2025,JBBL,SELL,337.49,5,29297.9
7/3/2025,JOSHI,BUY,333.18,5,27632
7/3/2025,LICN,SELL,916.57,5,32214.85
7/3/2025,MFIL,SELL,607.71,5,35253.4
7/3/2025,MLBL,SELL,398.56,5,37246.2
7/3/2025,NHPC,SELL,213.8,5,38315.2
7/3/2025,NMB,SELL,253.3,5,39581.7
7/3/2025,PROFL,SELL,507.61,5,42119.75
7/6/2025,AHPC,BUY,283.74,5,40701.05
7/6/2025,AKJCL,BUY,208.24,5,39659.85
7/6/2025,CZBIL,SELL,213.16,5,40725.65
7/6/2025,DHPL,BUY,324.34,5,39103.95
7/6/2025,HPPL,BUY,513.02,5,36538.85
7/6/2025,HURJA,BUY,251.8,5,35279.85
7/6/2025,JOSHI,BUY,325.27,5,33653.5
7/6/2025,LICN,SELL,900.43,5,38155.65
7/6/2025,MFIL,SELL,624.49,5,41278.1
7/6/2025,NHPC,BUY,212.38,5,40216.2
7/6/2025,PROFL,SELL,514.94,5,42790.9
7/7/2025,AHPC,BUY,283.33,5,41374.25
7/7/2025,AKJCL,BUY,205.99,5,40344.3
7/7/2025,CZBIL,SELL,211.66,5,41402.6
7/7/2025,DHPL,BUY,321.44,5,39795.4
7/7/2025,HPPL,BUY,502.11,5,37284.85
7/7/2025,HURJA,BUY,249.51,5,36037.3
7/7/2025,JOSHI,BUY,324.99,5,34412.35
7/7/2025,LICN,BUY,883.77,5,29993.5
7/7/2025,MFIL,SELL,601.19,5,32999.45
7/7/2025,NHPC,BUY,211.65,5,31941.2
7/8/2025,AHPC,BUY,283.65,5,30522.95
7/8/2025,AKJCL,BUY,207.91,5,29483.4
7/8/2025,CZBIL,SELL,210.44,5,30535.6
7/8/2025,DHPL,BUY,323.97,5,28915.75
7/8/2025,HPPL,BUY,500.97,5,26410.9
7/8/2025,HURJA,BUY,250.05,5,25160.65
7/8/2025,JOSHI,BUY,325.56,5,23532.85
7/8/2025,LBBL,BUY,429.47,5,21385.5
7/8/2025,LICN,BUY,885.2,5,16959.5
7/8/2025,MLBL,BUY,380.31,5,15057.95
7/8/2025,NHPC,BUY,210.8,5,14003.95
7/8/2025,NICA,BUY,346.83,5,12269.8
7/9/2025,AHPC,SELL,287.12,5,13705.4
7/9/2025,AKJCL,BUY,208.34,5,12663.7
7/9/2025,CZBIL,SELL,215.37,5,13740.55
7/9/2025,DHPL,BUY,322.4,5,12128.55
7/9/2025,HPPL,BUY,506.56,5,9595.75
7/9/2025,HURJA,BUY,250.41,5,8343.7
7/9/2025,JOSHI,BUY,326.68,5,6710.3
7/9/2025,LBBL,BUY,431.43,5,4553.15
7/9/2025,LICN,SELL,894.18,5,9024.05
7/9/2025,MLBL,SELL,385.67,5,10952.4
7/9/2025,NHPC,BUY,212.19,5,9891.45
7/9/2025,NICA,SELL,360.46,5,11693.75
7/10/2025,AHPC,BUY,284.04,5,10273.55
7/10/2025,AKJCL,BUY,206.84,5,9239.35
7/10/2025,CZBIL,SELL,220.98,5,10344.25
7/10/2025,DHPL,BUY,323.65,5,8726
7/10/2025,HPPL,BUY,505.81,5,6196.95
7/10/2025,HURJA,BUY,247.53,5,4959.3
7/10/2025,JOSHI,BUY,326.41,5,3327.25
7/10/2025,LBBL,SELL,442.44,5,5539.45
7/10/2025,LICN,BUY,889.91,5,1089.9
7/10/2025,NHPC,BUY,212.26,5,28.6
7/13/2025,CZBIL,SELL,228.09,5,1169.05
7/13/2025,JOSHI,SELL,331.69,5,2827.5
7/13/2025,KKHC,BUY,291,5,1372.5
7/13/2025,LBBL,SELL,453,5,3637.5
7/13/2025,NHPC,SELL,213.52,5,4705.1
7/14/2025,AHPC,BUY,284.14,5,3284.4
7/14/2025,AKJCL,BUY,207.12,5,2248.8
7/14/2025,BARUN,BUY,416.7,5,165.3
7/14/2025,CZBIL,SELL,219.55,5,1263.05
7/14/2025,HURJA,BUY,247.96,5,23.25
7/14/2025,JOSHI,SELL,346.37,5,1755.1
7/14/2025,KKHC,BUY,299.66,5,256.8
7/15/2025,AHPC,SELL,290.35,5,1708.55
7/15/2025,AKJCL,SELL,208.52,5,2751.15
7/15/2025,BARUN,BUY,424.72,5,627.55
7/15/2025,CZBIL,SELL,223.98,5,1747.45
7/15/2025,DHPL,BUY,322.61,5,134.4
7/15/2025,HURJA,SELL,251.52,5,1392
7/15/2025,JOSHI,SELL,346.76,5,3125.8
7/15/2025,KKHC,BUY,293.45,5,1658.55
7/15/2025,NHPC,SELL,212.89,5,2723
7/16/2025,AHPC,SELL,291.69,5,4181.45
7/16/2025,AKJCL,SELL,208.2,5,5222.45
7/16/2025,BARUN,BUY,418.13,5,3131.8
7/16/2025,CZBIL,SELL,228.28,5,4273.2
7/16/2025,DHPL,BUY,323.83,5,2654.05
7/16/2025,HPPL,BUY,496.29,5,172.6
7/16/2025,HURJA,SELL,250.92,5,1427.2
7/16/2025,JOSHI,SELL,346.79,5,3161.15
7/16/2025,KKHC,BUY,291.34,5,1704.45
7/16/2025,NHPC,SELL,213.83,5,2773.6
7/17/2025,AHPC,SELL,301.43,5,4280.75
7/17/2025,AKJCL,SELL,216.61,5,5363.8
7/17/2025,BARUN,BUY,420.95,5,3259.05
7/17/2025,DHPL,SELL,337.66,5,4947.35
7/17/2025,HPPL,SELL,524.19,5,7568.3
7/17/2025,HURJA,SELL,260.41,5,8870.35
7/17/2025,JOSHI,SELL,354.52,5,10642.95
7/17/2025,KKHC,BUY,297.81,5,9153.9
7/17/2025,LICN,SELL,914.46,5,13726.2
7/17/2025,NHPC,SELL,219.88,5,14825.6
7/20/2025,AHPC,SELL,299.22,5,16321.7
7/20/2025,AKJCL,SELL,214.16,5,17392.5
7/20/2025,BARUN,BUY,413.07,5,15327.15
7/20/2025,DHPL,SELL,336.69,5,17010.6
7/20/2025,HPPL,SELL,518.31,5,19602.15
7/20/2025,HURJA,SELL,257.67,5,20890.5
7/20/2025,JOSHI,SELL,358.89,5,22684.95
7/20/2025,KKHC,BUY,300.82,5,21180.85
7/20/2025,LICN,SELL,927.3,5,25817.35
7/20/2025,NHPC,SELL,221.48,5,26924.75
7/21/2025,AKJCL,SELL,215.16,5,28000.55
7/21/2025,BARUN,BUY,404.61,5,25977.5
7/21/2025,DHPL,SELL,332.48,5,27639.9
7/21/2025,HPPL,SELL,514.65,5,30213.15
7/21/2025,HURJA,SELL,258.03,5,31503.3
7/21/2025,JOSHI,SELL,345.26,5,33229.6
7/21/2025,KKHC,BUY,300.76,5,31725.8
7/21/2025,LICN,SELL,931.6,5,36383.8
7/21/2025,NHPC,SELL,220.12,5,37484.4
7/22/2025,AKJCL,SELL,218.31,5,38575.95
7/22/2025,BARUN,BUY,405.63,5,36547.8
7/22/2025,DHPL,SELL,340.65,5,38251.05
7/22/2025,HPPL,SELL,539.6,5,40949.05
7/22/2025,HURJA,SELL,262.55,5,42261.8
7/22/2025,JOSHI,SELL,352.84,5,44026
7/22/2025,KKHC,BUY,302.81,5,42511.95
7/23/2025,AKJCL,SELL,224.33,5,43633.6
7/23/2025,BARUN,BUY,413.87,5,41564.25
7/23/2025,DHPL,SELL,351.26,5,43320.55
7/23/2025,HPPL,SELL,543.04,5,46035.75
7/23/2025,HURJA,SELL,268.59,5,47378.7
7/23/2025,JOSHI,BUY,343.06,5,45663.4
7/23/2025,KKHC,BUY,299.95,5,44163.65
7/24/2025,AKJCL,SELL,228.59,5,45306.6
7/24/2025,BARUN,BUY,412.68,5,43243.2
7/24/2025,DHPL,SELL,348.66,5,44986.5
7/24/2025,HPPL,SELL,544.15,5,47707.25
7/24/2025,HURJA,SELL,269.37,5,49054.1
7/24/2025,JOSHI,BUY,341.88,5,47344.7
7/24/2025,KKHC,BUY,296.5,5,45862.2
7/24/2025,NICA,BUY,404.97,5,43837.35
7/27/2025,AKJCL,SELL,222.15,5,44948.1
7/27/2025,BARUN,BUY,405.64,5,42919.9
7/27/2025,DHPL,SELL,341.37,5,44626.75
7/27/2025,HPPL,SELL,538.72,5,47320.35
7/27/2025,HURJA,SELL,264.6,5,48643.35
7/27/2025,JOSHI,BUY,337.63,5,46955.2
7/27/2025,KKHC,BUY,290.39,5,45503.25
7/27/2025,NICA,BUY,400.35,5,43501.5
7/28/2025,ADBL,BUY,331.79,5,41842.55
7/28/2025,AKJCL,SELL,224.48,5,42964.95
7/28/2025,BARUN,BUY,403.13,5,40949.3
7/28/2025,EBL,BUY,736.35,5,37267.55
7/28/2025,HPPL,SELL,535.83,5,39946.7
7/28/2025,HURJA,SELL,264.11,5,41267.25
7/28/2025,JOSHI,BUY,341.22,5,39561.15
7/28/2025,KKHC,BUY,288.26,5,38119.85
7/28/2025,NABIL,BUY,540.43,5,35417.7
7/28/2025,NICA,BUY,396.3,5,33436.2
7/28/2025,NMB,BUY,270.66,5,32082.9
7/28/2025,PCBL,BUY,277.72,5,30694.3
7/29/2025,ADBL,SELL,335.35,5,32371.05
7/29/2025,AKJCL,SELL,222.78,5,33484.95
7/29/2025,BARUN,BUY,397.15,5,31499.2
7/29/2025,EBL,BUY,736.48,5,27816.8
7/29/2025,HPPL,SELL,534.62,5,30489.9
7/29/2025,HURJA,SELL,263.64,5,31808.1
7/29/2025,JOSHI,BUY,342.24,5,30096.9
7/29/2025,KKHC,BUY,290.07,5,28646.55
7/29/2025,NABIL,SELL,548.55,5,31389.3
7/29/2025,NICA,BUY,400.89,5,29384.85
7/29/2025,NMB,SELL,272.5,5,30747.35
7/29/2025,PCBL,BUY,278.71,5,29353.8
7/30/2025,ADBL,BUY,332.08,5,27693.4
7/30/2025,AHPC,BUY,310.13,5,26142.75
7/30/2025,AKJCL,BUY,217.82,5,25053.65
7/30/2025,BARUN,BUY,398.31,5,23062.1
7/30/2025,DHPL,BUY,332.58,5,21399.2
7/30/2025,EBL,BUY,722.16,5,17788.4
7/30/2025,HPPL,BUY,517.11,5,15202.85
7/30/2025,HURJA,BUY,257.35,5,13916.1
7/30/2025,JOSHI,BUY,339.22,5,12220
7/30/2025,KKHC,BUY,283.32,5,10803.4
7/30/2025,LICN,BUY,929.3,5,6156.9
7/30/2025,MLBL,BUY,436.31,5,3975.35
7/30/2025,NABIL,BUY,545.18,5,1249.45
7/30/2025,NHPC,BUY,220.19,5,148.5
7/31/2025,JOSHI,SELL,345.7,5,1877
7/31/2025,KKHC,BUY,278.48,5,484.6
8/7/2025,BARUN,SELL,391.41,5,2441.65
8/7/2025,CZBIL,BUY,224.8,5,1317.65
8/7/2025,HURJA,BUY,250.7,5,64.15
8/7/2025,KKHC,SELL,279.44,5,1461.35
8/7/2025,NHPC,BUY,215.95,5,381.6
8/11/2025,ADBL,SELL,334.44,5,2053.8
8/11/2025,AHPC,BUY,296.97,5,568.95
8/11/2025,KKHC,SELL,278.02,5,1959.05
8/11/2025,NHPC,BUY,214.21,5,888
8/13/2025,BARUN,SELL,378.32,5,2779.6
8/13/2025,CZBIL,BUY,212.95,5,1714.85
8/13/2025,DHPL,BUY,305.4,5,187.85
8/13/2025,EBL,SELL,715.14,5,3763.55
8/13/2025,EDBL,BUY,625.37,5,636.7
8/13/2025,HPPL,SELL,512.13,5,3197.35
8/13/2025,HURJA,BUY,239.82,5,1998.25
8/13/2025,JBBL,BUY,346.53,5,265.6
8/14/2025,BARUN,SELL,377.82,5,2154.7
8/14/2025,CZBIL,BUY,211.37,5,1097.85
8/14/2025,EBL,SELL,715.69,5,4676.3
8/14/2025,EDBL,BUY,622.63,5,1563.15
8/14/2025,HPPL,SELL,513.17,5,4129
8/14/2025,HURJA,BUY,238.86,5,2934.7
8/14/2025,JBBL,BUY,345.75,5,1205.95
8/14/2025,NHPC,BUY,211.9,5,146.45
8/17/2025,EBL,SELL,719.87,5,3745.8
8/17/2025,EDBL,BUY,620.16,5,645
8/18/2025,AHPC,SELL,296.48,5,2127.4
8/18/2025,AKJCL,BUY,206.22,5,1096.3
8/18/2025,CZBIL,BUY,210.36,5,44.5
8/18/2025,DHPL,SELL,316.1,5,1625
8/18/2025,HURJA,BUY,237.59,5,437.05
8/19/2025,AHPC,SELL,300.16,5,1937.85
8/19/2025,AKJCL,BUY,206.37,5,906
8/19/2025,DHPL,SELL,319.85,5,2505.25
8/19/2025,HURJA,BUY,239.55,5,1307.5
8/19/2025,NHPC,BUY,211.04,5,252.3
8/19/2025,PCBL,SELL,255.31,5,1528.85
8/20/2025,AKJCL,BUY,205.13,5,503.2
8/20/2025,EDBL,SELL,628.24,5,3644.4
8/20/2025,HPPL,BUY,497.01,5,1159.35
8/20/2025,NHPC,BUY,210.55,5,106.6
8/20/2025,PCBL,SELL,254.91,5,1381.15
8/21/2025,AKJCL,BUY,205.11,5,355.6
8/25/2025,NABIL,SELL,522.58,5,2968.5
8/25/2025,NHPC,BUY,208.09,5,1928.05
8/25/2025,NICA,BUY,344.34,5,206.35
8/27/2025,AKJCL,SELL,207.85,5,1245.6
8/27/2025,CZBIL,SELL,211.08,5,2301
8/27/2025,EDBL,SELL,646.66,5,5534.3
8/27/2025,HPPL,SELL,501.18,5,8040.2
8/27/2025,HURJA,SELL,241.35,5,9246.95
8/27/2025,JBBL,SELL,347.68,5,10985.35
8/27/2025,JOSHI,BUY,308.04,5,9445.15
8/27/2025,KKHC,BUY,257.94,5,8155.45
8/27/2025,LICN,SELL,873.81,5,12524.5
8/27/2025,MLBL,SELL,409.21,5,14570.55
8/27/2025,NHPC,SELL,211.37,5,15627.4
8/27/2025,NICA,SELL,351.44,5,17384.6
8/28/2025,ADBL,BUY,327.55,5,15746.85
8/28/2025,AHPC,BUY,291.63,5,14288.7
8/28/2025,AKJCL,BUY,204.08,5,13268.3
8/28/2025,BARUN,BUY,357.29,5,11481.85
8/28/2025,CIT,BUY,1925.61,5,1853.8
8/28/2025,CZBIL,SELL,209.24,5,2900
8/28/2025,DHPL,BUY,314.18,5,1329.1
8/28/2025,EDBL,SELL,640.49,5,4531.55
8/28/2025,HPPL,BUY,494.85,5,2057.3
8/28/2025,HURJA,SELL,237.78,5,3246.2
8/28/2025,JBBL,SELL,336.45,5,4928.45
8/28/2025,JOSHI,BUY,306.28,5,3397.05
8/28/2025,KKHC,BUY,256.24,5,2115.85
8/28/2025,NHPC,BUY,207.22,5,1079.75
8/28/2025,NICA,SELL,351.32,5,2836.35
8/28/2025,PCBL,BUY,255.1,5,1560.85
8/31/2025,AHPC,BUY,287.29,5,124.4
9/1/2025,CZBIL,SELL,208.78,5,1168.3
9/1/2025,HURJA,BUY,233.49,5,0.85
9/1/2025,NICA,SELL,350.02,5,1750.95
9/1/2025,PCBL,BUY,254.04,5,480.75
9/21/2025,AHPC,SELL,288.85,5,1925
9/21/2025,AKJCL,BUY,190.3,5,973.5
9/21/2025,DHPL,SELL,298.99,5,2468.45
9/21/2025,HPPL,BUY,453.64,5,200.25
9/21/2025,KKHC,SELL,243.83,5,1419.4
9/21/2025,NHPC,BUY,196.4,5,437.4
9/23/2025,AHPC,SELL,291.9,5,1896.9
9/23/2025,AKJCL,SELL,199.9,5,2896.4
9/23/2025,BARUN,SELL,333,5,4561.4
9/23/2025,CIT,SELL,1917,5,14146.4
9/23/2025,CZBIL,SELL,206,5,15176.4
9/23/2025,EBL,BUY,712,5,11616.4
9/23/2025,HPPL,BUY,465.1,5,9290.9
9/23/2025,HURJA,SELL,233.8,5,10459.9
9/23/2025,JOSHI,SELL,315.8,5,12038.9
9/23/2025,KKHC,SELL,247.5,5,13276.4
9/23/2025,KSBBL,BUY,525.5,5,10648.9
9/23/2025,LBBL,BUY,519.1,5,8053.4
9/23/2025,LICN,BUY,839,5,3858.4
9/23/2025,MFIL,BUY,661,5,553.4
9/23/2025,NHPC,SELL,205.5,5,1580.9
9/23/2025,PCBL,SELL,251.3,5,2837.4
9/23/2025,SANIMA,BUY,343,5,1122.4
9/24/2025,AKJCL,SELL,195.3,5,2098.9
9/24/2025,BARUN,BUY,327,5,463.9
9/24/2025,JOSHI,SELL,319,5,2058.9
9/24/2025,KKHC,SELL,242,5,3268.9
9/24/2025,KSBBL,BUY,475,5,893.9
9/24/2025,NHPC,SELL,200.1,5,1894.4
9/24/2025,NICA,BUY,334,5,224.4
9/25/2025,AKJCL,SELL,195,5,1199.4
9/25/2025,CZBIL,BUY,204,5,179.4
9/25/2025,HURJA,SELL,227,5,1314.4
9/25/2025,JOSHI,SELL,317,5,2899.4
9/25/2025,KKHC,SELL,241,5,4104.4
9/25/2025,KSBBL,BUY,473.5,5,1736.9
9/25/2025,NHPC,SELL,200,5,2736.9
9/25/2025,NICA,BUY,331.2,5,1080.9
9/25/2025,PCBL,SELL,248.9,5,2325.4
9/25/2025,SANIMA,BUY,332.9,5,660.9
9/28/2025,ADBL,SELL,319.5,5,2258.4
9/28/2025,AKJCL,SELL,196.5,5,3240.9
9/28/2025,BARUN,SELL,337,5,4925.9
9/28/2025,CZBIL,SELL,210,5,5975.9
9/28/2025,EBL,SELL,720,5,9575.9
9/28/2025,HPPL,SELL,466,5,11905.9
9/28/2025,HURJA,SELL,230.2,5,13056.9
9/28/2025,JOSHI,SELL,314,5,14626.9
9/28/2025,KKHC,SELL,244,5,15846.9
9/28/2025,KSBBL,BUY,466,5,13516.9
9/28/2025,LBBL,BUY,503.9,5,10997.4
9/28/2025,LICN,SELL,840,5,15197.4
9/28/2025,MFIL,BUY,648,5,11957.4
9/28/2025,NHPC,SELL,200,5,12957.4
9/28/2025,NICA,BUY,334,5,11287.4
9/28/2025,SANIMA,BUY,335,5,9612.4
10/7/2025,AKJCL,SELL,192.9,5,10576.9
10/7/2025,BARUN,SELL,326.5,5,12209.4
10/7/2025,DHPL,BUY,291,5,10754.4
10/7/2025,EDBL,BUY,597,5,7769.4
10/7/2025,HPPL,BUY,448,5,5529.4
10/7/2025,HURJA,BUY,222.9,5,4414.9
10/7/2025,ICFC,BUY,650,5,1164.9
10/7/2025,JOSHI,SELL,305.6,5,2692.9
10/7/2025,KKHC,SELL,242.5,5,3905.4
10/7/2025,KSBBL,BUY,449,5,1660.4
10/7/2025,MFIL,SELL,654,5,4930.4
10/7/2025,NHPC,BUY,196.1,5,3949.9
10/7/2025,NICA,BUY,330.2,5,2298.9
10/7/2025,NMB,BUY,243.4,5,1081.9
10/8/2025,AKJCL,BUY,189,5,136.9
10/8/2025,JOSHI,SELL,299,5,1631.9
10/8/2025,KKHC,BUY,233,5,466.9
10/9/2025,AKJCL,SELL,192.5,5,1429.4
10/9/2025,BARUN,SELL,325,5,3054.4
10/9/2025,DHPL,BUY,289,5,1609.4
10/9/2025,HURJA,BUY,220,5,509.4
10/9/2025,JOSHI,SELL,305.9,5,2038.9
10/9/2025,KKHC,BUY,235,5,863.9
10/9/2025,NHPC,SELL,198,5,1853.9
10/9/2025,NICA,BUY,328,5,213.9
10/13/2025,DHPL,SELL,300.9,5,1718.4
10/13/2025,HURJA,BUY,217.5,5,630.9
10/14/2025,DHPL,SELL,294.8,5,2104.9
10/14/2025,HURJA,BUY,213.5,5,1037.4
10/14/2025,NHPC,BUY,190,5,87.4
10/16/2025,HPPL,SELL,465,5,2412.4
10/16/2025,HURJA,BUY,206,5,1382.4
10/16/2025,KKHC,BUY,221,5,277.4
10/19/2025,HPPL,SELL,511,5,2832.4
10/19/2025,HURJA,BUY,208.7,5,1788.9
10/19/2025,JBBL,BUY,307.9,5,249.4
10/26/2025,HPPL,SELL,550,5,2999.4
10/26/2025,HURJA,BUY,209,5,1954.4
10/26/2025,JBBL,BUY,306,5,424.4
10/28/2025,AKJCL,SELL,193.8,5,1393.4
10/28/2025,BARUN,SELL,320,5,2993.4
10/28/2025,EDBL,SELL,618,5,6083.4
10/28/2025,HPPL,SELL,515,5,8658.4
10/28/2025,HURJA,SELL,217,5,9743.4
10/28/2025,ICFC,SELL,620.4,5,12845.4
10/28/2025,JBBL,SELL,318.5,5,14437.9
10/28/2025,JOSHI,SELL,304.9,5,15962.4
10/28/2025,KKHC,SELL,234,5,17132.4
10/28/2025,KSBBL,SELL,436,5,19312.4
10/28/2025,LBBL,SELL,491,5,21767.4
10/28/2025,MFIL,BUY,575,5,18892.4
10/28/2025,NABIL,BUY,509,5,16347.4
10/28/2025,NHPC,SELL,192,5,17307.4
10/28/2025,NICA,SELL,324,5,18927.4
10/28/2025,NMB,SELL,242,5,20137.4
10/28/2025,SANIMA,SELL,314,5,21707.4
10/29/2025,BARUN,SELL,317,5,23292.4
10/29/2025,CIT,BUY,1850,5,14042.4
10/29/2025,EBL,BUY,625,5,10917.4
10/29/2025,HURJA,SELL,216,5,11997.4
10/29/2025,ICFC,BUY,615,5,8922.4
10/29/2025,JBBL,SELL,317.9,5,10511.9
10/29/2025,JOSHI,SELL,297.3,5,11998.4
10/29/2025,KKHC,SELL,257.4,5,13285.4
10/29/2025,KSBBL,SELL,434.8,5,15459.4
10/29/2025,LBBL,SELL,479,5,17854.4
10/29/2025,MFIL,BUY,572.9,5,14989.9
10/29/2025,NABIL,BUY,507,5,12454.9
10/29/2025,NHPC,SELL,192,5,13414.9
10/29/2025,NICA,BUY,319,5,11819.9
10/29/2025,SANIMA,SELL,318,5,13409.9
10/30/2025,BARUN,SELL,322,5,15019.9
10/30/2025,CIT,SELL,1849.5,5,24267.4
10/30/2025,EBL,BUY,625,5,21142.4
10/30/2025,HURJA,SELL,223.8,5,22261.4
10/30/2025,ICFC,SELL,630,5,25411.4
10/30/2025,KKHC,SELL,273,5,26776.4
10/30/2025,KSBBL,SELL,438,5,28966.4
10/30/2025,MFIL,SELL,585.9,5,31895.9
10/30/2025,NABIL,BUY,506,5,29365.9
10/30/2025,NHPC,SELL,194,5,30335.9
10/30/2025,NICA,SELL,321,5,31940.9
10/30/2025,SANIMA,SELL,318.9,5,33535.4
11/2/2025,BARUN,SELL,332.5,5,35197.9
11/2/2025,EBL,BUY,630.1,5,32047.4
11/2/2025,HURJA,SELL,237,5,33232.4
11/2/2025,KKHC,SELL,260,5,34532.4
11/2/2025,KSBBL,SELL,445.9,5,36761.9
11/2/2025,MFIL,SELL,603,5,39776.9
11/2/2025,NABIL,SELL,511.1,5,42332.4
11/2/2025,NHPC,SELL,202,5,43342.4
11/2/2025,NICA,SELL,323.9,5,44961.9
11/3/2025,BARUN,SELL,339.9,5,46661.4
11/3/2025,CZBIL,BUY,202,5,45651.4
11/3/2025,EBL,SELL,633,5,48816.4
11/3/2025,HURJA,SELL,231,5,49971.4
11/3/2025,KKHC,SELL,251.9,5,51230.9
11/3/2025,KSBBL,SELL,441.7,5,53439.4
11/3/2025,MFIL,SELL,596,5,56419.4
11/3/2025,NABIL,SELL,513.1,5,58984.9
11/3/2025,NHPC,SELL,197,5,59969.9
11/3/2025,NICA,SELL,324,5,61589.9
11/4/2025,ADBL,BUY,312,5,60029.9
11/4/2025,BARUN,SELL,334,5,61699.9
11/4/2025,CIT,BUY,1838,5,52509.9
11/4/2025,CZBIL,BUY,202.2,5,51498.9
11/4/2025,EBL,SELL,631,5,54653.9
11/4/2025,HPPL,BUY,490,5,52203.9
11/4/2025,HURJA,SELL,227,5,53338.9
11/4/2025,KKHC,SELL,256.8,5,54622.9
11/4/2025,NABIL,SELL,511.1,5,57178.4
11/4/2025,NICA,SELL,321,5,58783.4
11/5/2025,ADBL,SELL,315,5,60358.4
11/5/2025,BARUN,SELL,331.9,5,62017.9
11/5/2025,CIT,BUY,1845,5,52792.9
11/5/2025,CZBIL,BUY,200,5,51792.9
11/5/2025,DHPL,BUY,291,5,50337.9
11/5/2025,EBL,BUY,628.2,5,47196.9
11/5/2025,HPPL,BUY,491,5,44741.9
11/5/2025,HURJA,SELL,228,5,45881.9
11/5/2025,KKHC,SELL,253,5,47146.9
11/5/2025,NICA,SELL,322.5,5,48759.4
11/6/2025,AKJCL,BUY,190.4,5,47807.4
11/6/2025,BARUN,SELL,337,5,49492.4
11/6/2025,CIT,BUY,1849.9,5,40242.9
11/6/2025,CZBIL,BUY,200,5,39242.9
11/6/2025,DHPL,SELL,293.5,5,40710.4
11/6/2025,EBL,BUY,623,5,37595.4
11/6/2025,HPPL,BUY,484,5,35175.4
11/6/2025,HURJA,SELL,223.5,5,36292.9
11/6/2025,KKHC,SELL,251,5,37547.9
11/6/2025,KSBBL,BUY,429.8,5,35398.9
11/6/2025,NABIL,BUY,507.3,5,32862.4
11/6/2025,NHPC,BUY,193,5,31897.4
11/6/2025,NICA,SELL,322,5,33507.4
11/9/2025,AHPC,BUY,282,5,32097.4
11/9/2025,AKJCL,BUY,187,5,31162.4
11/9/2025,CIT,BUY,1840,5,21962.4
11/9/2025,CZBIL,BUY,194.2,5,20991.4
11/9/2025,DHPL,BUY,287,5,19556.4
11/9/2025,EBL,SELL,628.5,5,22698.9
11/9/2025,EDBL,BUY,593,5,19733.9
11/9/2025,HPPL,BUY,464.5,5,17411.4
11/9/2025,HURJA,BUY,220,5,16311.4
11/9/2025,ICFC,BUY,632,5,13151.4
11/9/2025,JBBL,BUY,318,5,11561.4
11/9/2025,KKHC,BUY,245,5,10336.4
11/9/2025,KSBBL,BUY,423,5,8221.4
11/9/2025,LBBL,BUY,464,5,5901.4
11/9/2025,LICN,BUY,848,5,1661.4
11/9/2025,NHPC,BUY,191,5,706.4
11/10/2025,EBL,SELL,633,5,3871.4
11/10/2025,EDBL,BUY,596.1,5,890.9
11/11/2025,EBL,SELL,633.3,5,4057.4
11/11/2025,EDBL,BUY,603,5,1042.4
11/11/2025,LICN,SELL,855,5,5317.4
11/11/2025,MFIL,BUY,575.1,5,2441.9
11/11/2025,MLBL,BUY,375,5,566.9
11/13/2025,HPPL,SELL,499,5,3061.9
11/13/2025,HURJA,BUY,220,5,1961.9
11/13/2025,JBBL,BUY,315.3,5,385.4
11/16/2025,HPPL,SELL,489,5,2830.4
11/16/2025,HURJA,BUY,222.5,5,1717.9
11/16/2025,JBBL,BUY,309.5,5,170.4
11/17/2025,DHPL,SELL,291,5,1625.4
11/17/2025,HPPL,SELL,489.6,5,4073.4
11/17/2025,HURJA,SELL,224.2,5,5194.4
11/17/2025,ICFC,BUY,617,5,2109.4
11/17/2025,JBBL,BUY,311.7,5,550.9
11/17/2025,KKHC,SELL,249,5,1795.9
11/17/2025,KSBBL,SELL,427,5,3930.9
11/17/2025,LBBL,BUY,450.1,5,1680.4
11/17/2025,NABIL,SELL,508,5,4220.4
11/17/2025,NHPC,BUY,189,5,3275.4
11/17/2025,NICA,BUY,307.5,5,1737.9
11/17/2025,NMB,BUY,235.5,5,560.4
11/18/2025,AHPC,SELL,281,5,1965.4
11/18/2025,AKJCL,SELL,188.1,5,2905.9
11/18/2025,CZBIL,BUY,190,5,1955.9
11/18/2025,EDBL,SELL,603,5,4970.9
11/18/2025,HPPL,BUY,476,5,2590.9
11/18/2025,HURJA,SELL,227.2,5,3726.9
11/18/2025,ICFC,SELL,630,5,6876.9
11/18/2025,JBBL,BUY,316,5,5296.9
11/18/2025,KKHC,SELL,253,5,6561.9
11/18/2025,KSBBL,SELL,429.2,5,8707.9
11/18/2025,LBBL,BUY,458.9,5,6413.4
11/18/2025,LICN,BUY,851,5,2158.4
11/18/2025,MLBL,SELL,383.9,5,4077.9
11/18/2025,NABIL,BUY,507.1,5,1542.4
11/18/2025,NHPC,BUY,190.2,5,591.4
11/19/2025,AKJCL,SELL,187.1,5,1526.9
11/19/2025,CZBIL,BUY,189,5,581.9
11/19/2025,HURJA,SELL,224,5,1701.9
11/19/2025,JBBL,BUY,313.3,5,135.4
11/19/2025,KKHC,SELL,251.5,5,1392.9
11/19/2025,NABIL,SELL,507,5,3927.9
11/19/2025,NHPC,BUY,187.9,5,2988.4
11/19/2025,NICA,BUY,306.9,5,1453.9
11/19/2025,NMB,BUY,234.6,5,280.9
11/20/2025,ICFC,SELL,624,5,3400.9
11/20/2025,JBBL,BUY,313,5,1835.9
11/20/2025,KKHC,SELL,251.4,5,3092.9
11/20/2025,LBBL,BUY,447.1,5,857.4
11/20/2025,LICN,SELL,850,5,5107.4
11/20/2025,MFIL,BUY,574.9,5,2232.9
11/20/2025,MLBL,BUY,377,5,347.9
11/20/2025,NMB,SELL,237,5,1532.9
11/20/2025,SANIMA,BUY,298.5,5,40.4
11/23/2025,CIT,SELL,1854,5,9310.4
11/23/2025,CZBIL,BUY,186.8,5,8376.4
11/23/2025,EDBL,SELL,599,5,11371.4
11/23/2025,HPPL,BUY,479.4,5,8974.4
11/23/2025,HURJA,SELL,230.3,5,10125.9
11/23/2025,JBBL,SELL,321,5,11730.9
11/23/2025,KKHC,SELL,256,5,13010.9
11/23/2025,LBBL,SELL,466,5,15340.9
11/23/2025,MFIL,SELL,587,5,18275.9
11/23/2025,MLBL,SELL,384.8,5,20199.9
11/23/2025,NHPC,SELL,193.7,5,21168.4
11/23/2025,NICA,BUY,309,5,19623.4
11/23/2025,NMB,SELL,243,5,20838.4
11/23/2025,SANIMA,SELL,301.2,5,22344.4
11/24/2025,BARUN,BUY,340.1,5,20643.9
11/24/2025,CIT,SELL,1869.7,5,29992.4
11/24/2025,CZBIL,SELL,191.5,5,30949.9
11/24/2025,EDBL,SELL,600.2,5,33950.9
11/24/2025,HPPL,BUY,482,5,31540.9
11/24/2025,HURJA,SELL,233,5,32705.9
11/24/2025,JBBL,SELL,327.8,5,34344.9
11/24/2025,LBBL,SELL,473.5,5,36712.4
11/24/2025,MFIL,SELL,602,5,39722.4
11/24/2025,NHPC,SELL,195.9,5,40701.9
11/24/2025,NICA,SELL,316.9,5,42286.4
11/25/2025,BARUN,SELL,348.2,5,44027.4
11/25/2025,CIT,SELL,1865,5,53352.4
11/25/2025,CZBIL,SELL,194.9,5,54326.9
11/25/2025,HPPL,BUY,480,5,51926.9
11/25/2025,HURJA,SELL,234.7,5,53100.4
11/25/2025,JBBL,SELL,323.9,5,54719.9
11/25/2025,LBBL,SELL,466,5,57049.9
11/25/2025,NHPC,SELL,196,5,58029.9
11/25/2025,NICA,SELL,320,5,59629.9
11/26/2025,CIT,SELL,1880,5,69029.9
11/26/2025,CZBIL,SELL,196,5,70009.9
11/26/2025,HPPL,BUY,478.1,5,67619.4
11/26/2025,JBBL,SELL,324.5,5,69241.9
11/26/2025,LBBL,SELL,463,5,71556.9
11/26/2025,NHPC,SELL,194.9,5,72531.4
11/26/2025,NICA,SELL,326,5,74161.4
11/27/2025,CZBIL,SELL,200,5,75161.4
11/27/2025,HPPL,BUY,480.3,5,72759.9
11/27/2025,JBBL,SELL,328,5,74399.9
11/27/2025,JOSHI,BUY,344.1,5,72679.4
11/27/2025,LBBL,BUY,457,5,70394.4
11/27/2025,NHPC,SELL,197.8,5,71383.4
11/27/2025,NICA,SELL,334.9,5,73057.9
11/30/2025,ADBL,BUY,307,5,71522.9
11/30/2025,BARUN,BUY,333.9,5,69853.4
11/30/2025,CZBIL,SELL,199.6,5,70851.4
11/30/2025,EDBL,BUY,587,5,67916.4
11/30/2025,HPPL,BUY,480,5,65516.4
11/30/2025,HURJA,BUY,227.7,5,64377.9
11/30/2025,JBBL,SELL,324.7,5,66001.4
11/30/2025,JOSHI,BUY,319,5,64406.4
11/30/2025,KKHC,BUY,248,5,63166.4
11/30/2025,LBBL,BUY,449,5,60921.4
11/30/2025,PROFL,BUY,460,5,58621.4
12/1/2025,ADBL,BUY,303.9,5,57101.9
12/1/2025,AKJCL,BUY,190,5,56151.9
12/1/2025,BARUN,BUY,337,5,54466.9
12/1/2025,CZBIL,SELL,196,5,55446.9
12/1/2025,EBL,BUY,650,5,52196.9
12/1/2025,EDBL,BUY,591,5,49241.9
12/1/2025,HPPL,SELL,489,5,51686.9
12/1/2025,HURJA,BUY,227.1,5,50551.4
12/1/2025,JBBL,SELL,326.8,5,52185.4
12/1/2025,JOSHI,BUY,316,5,50605.4
12/1/2025,KKHC,BUY,250,5,49355.4
12/1/2025,LBBL,BUY,452.5,5,47092.9
12/1/2025,NHPC,BUY,192,5,46132.9
12/1/2025,PCBL,BUY,250.1,5,44882.4
12/1/2025,PROFL,BUY,463.9,5,42562.9
12/2/2025,ADBL,BUY,301,5,41057.9
12/2/2025,AKJCL,BUY,188.3,5,40116.4
12/2/2025,BARUN,BUY,337,5,38431.4
12/2/2025,CZBIL,BUY,193.1,5,37465.9
12/2/2025,EBL,BUY,643,5,34250.9
12/2/2025,EDBL,BUY,586.3,5,31319.4
12/2/2025,HPPL,SELL,484.9,5,33743.9
12/2/2025,HURJA,BUY,227.5,5,32606.4
12/2/2025,JOSHI,BUY,325,5,30981.4
12/2/2025,KKHC,BUY,247,5,29746.4
12/2/2025,LBBL,BUY,450,5,27496.4
12/2/2025,LICN,BUY,901.5,5,22988.9
12/2/2025,MLBL,BUY,383.9,5,21069.4
12/2/2025,NHPC,BUY,191.9,5,20109.9
12/2/2025,PCBL,BUY,248.4,5,18867.9
12/2/2025,PROFL,BUY,464.9,5,16543.4
12/3/2025,ADBL,BUY,298.2,5,15052.4
12/3/2025,AHPC,BUY,281.5,5,13644.9
12/3/2025,AKJCL,BUY,187.5,5,12707.4
12/3/2025,BARUN,BUY,332,5,11047.4
12/3/2025,CIT,BUY,1860,5,1747.4
12/3/2025,CZBIL,SELL,196,5,2727.4
12/3/2025,DHPL,BUY,300,5,1227.4
12/3/2025,HURJA,BUY,226.2,5,96.4
12/3/2025,PROFL,SELL,474.5,5,2468.9
12/7/2025,ADBL,BUY,298.9,5,974.4
12/7/2025,AKJCL,BUY,186.9,5,39.9
12/7/2025,CZBIL,SELL,194.9,5,1014.4
12/7/2025,NHPC,BUY,189.9,5,64.9
12/11/2025,EBL,SELL,646,5,3294.9
12/11/2025,EDBL,BUY,580,5,394.9
12/11/2025,LICN,SELL,917,5,4979.9
12/11/2025,MLBL,BUY,377.6,5,3091.9
12/11/2025,NABIL,BUY,495,5,616.9
12/14/2025,EBL,SELL,645.1,5,3842.4
12/14/2025,EDBL,BUY,574.4,5,970.4
12/14/2025,NHPC,BUY,186.3,5,38.9
12/14/2025,PCBL,SELL,247.6,5,1276.9
12/15/2025,AKJCL,BUY,183,5,361.9
12/15/2025,PCBL,SELL,249,5,1606.9
12/15/2025,SANIMA,BUY,310,5,56.9
12/16/2025,AHPC,SELL,281,5,1461.9
12/16/2025,AKJCL,BUY,184,5,541.9
12/16/2025,BARUN,SELL,325,5,2166.9
12/16/2025,CZBIL,BUY,189.8,5,1217.9
12/16/2025,EDBL,SELL,581,5,4122.9
12/16/2025,HPPL,BUY,465,5,1797.9
12/16/2025,HURJA,BUY,222,5,687.9
12/16/2025,LBBL,SELL,471.9,5,3047.4
12/16/2025,MLBL,SELL,384.9,5,4971.9
12/16/2025,NABIL,BUY,499,5,2476.9
12/16/2025,NHPC,SELL,189.5,5,3424.4
12/16/2025,PROFL,BUY,460,5,1124.4
12/16/2025,SANIMA,SELL,311,5,2679.4
12/17/2025,ADBL,SELL,294,5,4149.4
12/17/2025,AKJCL,BUY,183.2,5,3233.4
12/17/2025,BARUN,BUY,322.9,5,1618.9
12/17/2025,CZBIL,BUY,189.6,5,670.9
12/17/2025,DHPL,SELL,297,5,2155.9
12/17/2025,HPPL,SELL,467.3,5,4492.4
12/17/2025,HURJA,SELL,224.7,5,5615.9
12/17/2025,JOSHI,BUY,296.5,5,4133.4
12/17/2025,KKHC,BUY,224.8,5,3009.4
12/17/2025,LBBL,SELL,469.8,5,5358.4
12/17/2025,MLBL,SELL,386.4,5,7290.4
12/17/2025,NABIL,SELL,499.9,5,9789.9
12/17/2025,NHPC,SELL,189,5,10734.9
12/17/2025,PROFL,SELL,465,5,13059.9
12/18/2025,ADBL,BUY,292,5,11599.9
12/18/2025,AHPC,BUY,278.6,5,10206.9
12/18/2025,AKJCL,BUY,182.4,5,9294.9
12/18/2025,BARUN,BUY,316.1,5,7714.4
12/18/2025,CZBIL,BUY,190,5,6764.4
12/18/2025,DHPL,BUY,294.9,5,5289.9
12/18/2025,EDBL,BUY,577,5,2404.9
12/18/2025,HPPL,BUY,461,5,99.9
12/18/2025,LBBL,SELL,467.9,5,2439.4
12/18/2025,NABIL,SELL,499,5,4934.4
12/18/2025,NHPC,BUY,187,5,3999.4
12/18/2025,NICA,BUY,317,5,2414.4
12/18/2025,PROFL,BUY,454,5,144.4
12/21/2025,AKJCL,SELL,186.9,5,1078.9
12/21/2025,CZBIL,BUY,190,5,128.9
12/21/2025,HPPL,SELL,465.4,5,2455.9
12/21/2025,HURJA,BUY,219,5,1360.9
12/21/2025,KKHC,BUY,216,5,280.9
12/21/2025,LBBL,SELL,474.5,5,2653.4
12/21/2025,NHPC,BUY,185,5,1728.4
12/21/2025,NICA,BUY,317,5,143.4
12/22/2025,HPPL,SELL,481.8,5,2552.4
12/22/2025,HURJA,BUY,218,5,1462.4
12/22/2025,JOSHI,BUY,276,5,82.4
12/23/2025,CZBIL,SELL,191.6,5,1040.4
12/23/2025,HPPL,SELL,480,5,3440.4
12/23/2025,HURJA,BUY,218,5,2350.4
12/23/2025,JOSHI,BUY,272.2,5,989.4
12/23/2025,NHPC,BUY,183,5,74.4
12/24/2025,BARUN,SELL,318,5,1664.4
12/24/2025,CZBIL,SELL,191.5,5,2621.9
12/24/2025,DHPL,BUY,288,5,1181.9
12/24/2025,HPPL,SELL,472,5,3541.9
12/24/2025,HURJA,BUY,219.7,5,2443.4
12/24/2025,JBBL,BUY,318,5,853.4
12/24/2025,NHPC,SELL,190.8,5,1807.4
12/24/2025,NICA,SELL,321,5,3412.4
12/24/2025,NMB,BUY,235.1,5,2236.9
12/24/2025,PROFL,BUY,440,5,36.9
12/28/2025,ADBL,SELL,297,5,1521.9
12/28/2025,AHPC,SELL,278,5,2911.9
12/28/2025,AKJCL,SELL,186.7,5,3845.4
12/28/2025,BARUN,SELL,321,5,5450.4
12/28/2025,CZBIL,SELL,195.1,5,6425.9
12/28/2025,DHPL,SELL,294,5,7895.9
12/28/2025,EDBL,SELL,585,5,10820.9
12/28/2025,HPPL,SELL,476,5,13200.9
12/28/2025,HURJA,SELL,225.8,5,14329.9
12/28/2025,JBBL,SELL,326.9,5,15964.4
12/28/2025,JOSHI,SELL,290,5,17414.4
12/28/2025,KKHC,SELL,222.4,5,18526.4
12/28/2025,LICN,BUY,893,5,14061.4
12/28/2025,MLBL,BUY,363.4,5,12244.4
12/28/2025,NHPC,SELL,193.9,5,13213.9
12/28/2025,NICA,SELL,335,5,14888.9
12/28/2025,NMB,BUY,240,5,13688.9
12/28/2025,PROFL,SELL,454,5,15958.9
12/29/2025,ADBL,SELL,294.4,5,17430.9
12/29/2025,AHPC,BUY,275,5,16055.9
12/29/2025,AKJCL,SELL,186.9,5,16990.4
12/29/2025,BARUN,SELL,318.8,5,18584.4
12/29/2025,CIT,SELL,1837,5,27769.4
12/29/2025,CZBIL,SELL,195.8,5,28748.4
12/29/2025,DHPL,SELL,295.9,5,30227.9
12/29/2025,EDBL,SELL,589,5,33172.9
12/29/2025,HPPL,BUY,468,5,30832.9
12/29/2025,HURJA,SELL,224,5,31952.9
12/29/2025,JOSHI,SELL,286.4,5,33384.9
12/29/2025,KKHC,BUY,217,5,32299.9
12/29/2025,LBBL,BUY,465,5,29974.9
12/29/2025,LICN,BUY,895,5,25499.9
12/29/2025,MLBL,BUY,367,5,23664.9
12/29/2025,NHPC,SELL,190,5,24614.9
12/29/2025,NMB,BUY,237,5,23429.9
12/29/2025,PROFL,SELL,453,5,25694.9
12/31/2025,ADBL,SELL,298,5,27184.9
12/31/2025,AHPC,SELL,277.4,5,28571.9
12/31/2025,AKJCL,SELL,192.4,5,29533.9
12/31/2025,BARUN,SELL,318,5,31123.9
12/31/2025,CZBIL,SELL,197,5,32108.9
12/31/2025,EDBL,SELL,577.4,5,34995.9
12/31/2025,HPPL,BUY,469,5,32650.9
12/31/2025,HURJA,SELL,224.5,5,33773.4
12/31/2025,JOSHI,SELL,286.1,5,35203.9
12/31/2025,KKHC,BUY,217,5,34118.9
12/31/2025,LBBL,BUY,458,5,31828.9
12/31/2025,LICN,SELL,905,5,36353.9
12/31/2025,MLBL,BUY,365.5,5,34526.4
12/31/2025,NABIL,BUY,496.7,5,32042.9
12/31/2025,NHPC,SELL,190.9,5,32997.4
12/31/2025,NMB,BUY,238.2,5,31806.4
12/31/2025,PROFL,SELL,453.8,5,34075.4
1/1/2026,ADBL,SELL,295,5,35550.4
1/1/2026,AHPC,BUY,273.9,5,34180.9
1/1/2026,AKJCL,SELL,193,5,35145.9
1/1/2026,BARUN,BUY,313.9,5,33576.4
1/1/2026,DHPL,BUY,291.6,5,32118.4
1/1/2026,EBL,BUY,652,5,28858.4
1/1/2026,EDBL,SELL,576.9,5,31742.9
1/1/2026,HPPL,BUY,462.1,5,29432.4
1/1/2026,HURJA,BUY,221.1,5,28326.9
1/1/2026,ICFC,BUY,627,5,25191.9
1/1/2026,JOSHI,BUY,281,5,23786.9
1/1/2026,KKHC,BUY,214.1,5,22716.4
1/1/2026,LBBL,BUY,460,5,20416.4
1/1/2026,LICN,BUY,887,5,15981.4
1/1/2026,MLBL,BUY,359,5,14186.4
1/1/2026,NABIL,BUY,492,5,11726.4
1/1/2026,NHPC,BUY,187.9,5,10786.9
1/1/2026,NMB,BUY,238.8,5,9592.9
1/1/2026,PROFL,SELL,450,5,11842.9
1/4/2026,ADBL,BUY,292,5,10382.9
1/4/2026,AHPC,BUY,259,5,9087.9
1/4/2026,AKJCL,SELL,190.8,5,10041.9
1/4/2026,BARUN,BUY,313.7,5,8473.4
1/4/2026,DHPL,BUY,289,5,7028.4
1/4/2026,EBL,BUY,650,5,3778.4
1/4/2026,EDBL,BUY,573,5,913.4
1/4/2026,ICFC,SELL,630,5,4063.4
1/4/2026,JOSHI,BUY,280.8,5,2659.4
1/4/2026,KKHC,BUY,213.8,5,1590.4
1/4/2026,NHPC,BUY,186,5,660.4
1/5/2026,ADBL,SELL,293,5,2125.4
1/5/2026,AHPC,BUY,260.5,5,822.9
1/5/2026,AKJCL,SELL,192.6,5,1785.9
1/5/2026,BARUN,SELL,318,5,3375.9
1/5/2026,DHPL,BUY,290.1,5,1925.4
1/5/2026,EBL,SELL,654,5,5195.4
1/5/2026,EDBL,SELL,590,5,8145.4
1/5/2026,HPPL,BUY,468,5,5805.4
1/5/2026,HURJA,SELL,223,5,6920.4
1/5/2026,JOSHI,SELL,286.5,5,8352.9
1/5/2026,KKHC,BUY,215.5,5,7275.4
1/5/2026,LBBL,SELL,486,5,9705.4
1/5/2026,LICN,BUY,861,5,5400.4
1/5/2026,MLBL,SELL,366,5,7230.4
1/5/2026,NABIL,BUY,489.5,5,4782.9
1/5/2026,NHPC,SELL,188.8,5,5726.9
1/5/2026,NMB,BUY,236.1,5,4546.4
1/5/2026,PCBL,BUY,238.5,5,3353.9
1/6/2026,ADBL,SELL,297.4,5,4840.9
1/6/2026,AHPC,BUY,258.4,5,3548.9
1/6/2026,AKJCL,SELL,197,5,4533.9
1/6/2026,BARUN,SELL,320.8,5,6137.9
1/6/2026,DHPL,SELL,292.2,5,7598.9
1/6/2026,EBL,SELL,656,5,10878.9
1/6/2026,EDBL,SELL,599.9,5,13878.4
1/6/2026,HPPL,BUY,466.5,5,11545.9
1/6/2026,HURJA,SELL,222.8,5,12659.9
1/6/2026,JOSHI,SELL,289,5,14104.9
1/6/2026,KKHC,BUY,215.2,5,13028.9
1/6/2026,LBBL,SELL,487,5,15463.9
1/6/2026,LICN,BUY,866.1,5,11133.4
1/6/2026,MLBL,SELL,370,5,12983.4
1/6/2026,NABIL,BUY,489.5,5,10535.9
1/6/2026,NHPC,BUY,188,5,9595.9
1/6/2026,NMB,BUY,240,5,8395.9
1/6/2026,PCBL,BUY,239,5,7200.9
1/7/2026,AHPC,BUY,256.9,5,5916.4
1/7/2026,BARUN,SELL,319.6,5,7514.4
1/7/2026,DHPL,BUY,291,5,6059.4
1/7/2026,HPPL,BUY,461.4,5,3752.4
1/7/2026,HURJA,BUY,221,5,2647.4
1/7/2026,JOSHI,SELL,284,5,4067.4
1/7/2026,KKHC,BUY,215.9,5,2987.9
1/7/2026,LBBL,SELL,474,5,5357.9
1/7/2026,LICN,BUY,858.4,5,1065.9
1/7/2026,MLBL,SELL,367,5,2900.9
1/7/2026,NABIL,BUY,489,5,455.9
1/8/2026,DHPL,SELL,294,5,1925.9
1/8/2026,HURJA,SELL,223.5,5,3043.4
1/8/2026,JOSHI,BUY,282.7,5,1629.9
1/8/2026,KKHC,SELL,225.9,5,2759.4
1/8/2026,MLBL,SELL,367,5,4594.4
1/8/2026,NABIL,BUY,489,5,2149.4
1/8/2026,NHPC,SELL,190.3,5,3100.9
1/8/2026,NMB,SELL,239,5,4295.9
1/8/2026,PCBL,BUY,237,5,3110.9
1/12/2026,AHPC,BUY,254,5,1840.9
1/12/2026,BARUN,BUY,317,5,255.9
1/12/2026,HURJA,SELL,223,5,1370.9
1/12/2026,KKHC,SELL,223.5,5,2488.4
1/12/2026,MLBL,BUY,362,5,678.4
1/12/2026,NMB,SELL,239.9,5,1877.9
1/12/2026,PCBL,BUY,237.1,5,692.4
1/13/2026,BARUN,SELL,321,5,2297.4
1/13/2026,CZBIL,BUY,196,5,1317.4
1/13/2026,HPPL,SELL,474,5,3687.4
1/13/2026,HURJA,BUY,221.1,5,2581.9
1/13/2026,JOSHI,SELL,285,5,4006.9
1/13/2026,KKHC,SELL,221.9,5,5116.4
1/13/2026,LICN,BUY,852.4,5,854.4
1/13/2026,MLBL,SELL,367.9,5,2693.9
1/13/2026,NABIL,BUY,488.1,5,253.4
1/13/2026,NHPC,SELL,190.4,5,1205.4
1/13/2026,NMB,SELL,239,5,2400.4
1/13/2026,PCBL,BUY,239.9,5,1200.9
1/14/2026,CZBIL,BUY,193,5,235.9
1/14/2026,HPPL,SELL,478.5,5,2628.4
1/14/2026,HURJA,BUY,222,5,1518.4
1/14/2026,JOSHI,BUY,284,5,98.4
1/14/2026,KKHC,SELL,219.9,5,1197.9
1/14/2026,NHPC,BUY,187.8,5,258.9
1/14/2026,NMB,SELL,239,5,1453.9
1/14/2026,PCBL,BUY,239,5,258.9
1/18/2026,AHPC,SELL,264,5,1578.9
1/18/2026,CZBIL,BUY,196.8,5,594.9
1/18/2026,DHPL,SELL,295,5,2069.9
1/18/2026,HPPL,SELL,484,5,4489.9
1/18/2026,HURJA,SELL,225.8,5,5618.9
1/18/2026,JOSHI,SELL,285,5,7043.9
1/18/2026,KKHC,SELL,222,5,8153.9
1/18/2026,LICN,SELL,866.5,5,12486.4
1/18/2026,NABIL,SELL,490.8,5,14940.4
1/18/2026,NHPC,SELL,190,5,15890.4
1/18/2026,NICA,BUY,339,5,14195.4
1/18/2026,NMB,SELL,238.8,5,15389.4
1/18/2026,PCBL,BUY,240,5,14189.4
1/20/2026,AHPC,SELL,268.4,5,15531.4
1/20/2026,CIT,BUY,1775,5,6656.4
1/20/2026,CZBIL,SELL,197.7,5,7644.9
1/20/2026,DHPL,SELL,302,5,9154.9
1/20/2026,HPPL,SELL,480.1,5,11555.4
1/20/2026,HURJA,SELL,231.5,5,12712.9
1/20/2026,JOSHI,SELL,290,5,14162.9
1/20/2026,KKHC,SELL,226.7,5,15296.4
1/20/2026,LICN,SELL,878,5,19686.4
1/20/2026,NABIL,SELL,496.5,5,22168.9
1/20/2026,NHPC,SELL,203.9,5,23188.4
1/20/2026,NICA,SELL,346,5,24918.4
1/20/2026,NMB,SELL,240.5,5,26120.9
1/20/2026,PCBL,SELL,245.6,5,27348.9
1/21/2026,AHPC,SELL,266.7,5,28682.4
1/21/2026,CIT,SELL,1776.9,5,37566.9
1/21/2026,CZBIL,SELL,198,5,38556.9
1/21/2026,HPPL,SELL,475.1,5,40932.4
1/21/2026,HURJA,SELL,229.9,5,42081.9
1/21/2026,JOSHI,SELL,286.7,5,43515.4
1/21/2026,KKHC,SELL,227.8,5,44654.4
1/21/2026,LICN,SELL,870.2,5,49005.4
1/21/2026,NABIL,SELL,496.1,5,51485.9
1/21/2026,NICA,BUY,342,5,49775.9
1/21/2026,NMB,SELL,242.5,5,50988.4
1/21/2026,PCBL,SELL,246.4,5,52220.4
1/22/2026,AHPC,SELL,267,5,53555.4
1/22/2026,CZBIL,SELL,198,5,54545.4
1/22/2026,HPPL,SELL,477.1,5,56930.9
1/22/2026,HURJA,SELL,237.5,5,58118.4
1/22/2026,JOSHI,SELL,300,5,59618.4
1/22/2026,KKHC,SELL,230.2,5,60769.4
1/22/2026,LICN,SELL,874.9,5,65143.9
1/22/2026,NABIL,SELL,493.1,5,67609.4
1/22/2026,NICA,BUY,341.9,5,65899.9
1/22/2026,PCBL,SELL,245,5,67124.9
1/25/2026,AHPC,SELL,279,5,68519.9
1/25/2026,HPPL,SELL,485,5,70944.9
1/25/2026,HURJA,SELL,246,5,72174.9
1/25/2026,KKHC,SELL,239,5,73369.9
1/25/2026,LICN,SELL,888,5,77809.9
1/25/2026,NABIL,SELL,497.2,5,80295.9
1/25/2026,NICA,SELL,351.2,5,82051.9
1/25/2026,PCBL,SELL,246.2,5,83282.9
